element_id,discipline,category,family,type,level,base_level,top_level,mark,system_name,system_type,service_type,classification,assembly_code,assembly_description,material,size,width,height,length,depth,area,volume,takt_id
1798373,Architecture,Furniture,Furniture_Figueras-Seating_Minispace_5064,5064,,,,,,,,,,,Figueras - Plastic - Black; Figueras - Textile - Valencia1048; Figueras - Wood - AmericanOakOP04; Figueras - Metal - Silver,,"1' - 11 19/32""","2' - 8 11/16""","5' - 5 11/32""","1' - 7 9/32""",66 SF,6.05 CF,
1798385,Architecture,Furniture,Furniture_Figueras-Seating_Minispace_5064,5064,,,,,,,,,,,Figueras - Plastic - Black; Figueras - Textile - Valencia1048; Figueras - Wood - AmericanOakOP04; Figueras - Metal - Silver,,"1' - 11 19/32""","2' - 8 11/16""","5' - 5 11/32""","1' - 7 9/32""",66 SF,6.05 CF,
1798518,Architecture,Furniture,Furniture_Figueras-Seating_Minispace_5064,5064,,,,,,,,,,,Figueras - Plastic - Black; Figueras - Textile - Valencia1048; Figueras - Wood - AmericanOakOP04; Figueras - Metal - Silver,,"1' - 11 19/32""","2' - 8 11/16""","5' - 5 11/32""","1' - 7 9/32""",66 SF,6.05 CF,
1798523,Architecture,Furniture,Furniture_Figueras-Seating_Minispace_5064,5064,,,,,,,,,,,Figueras - Plastic - Black; Figueras - Textile - Valencia1048; Figueras - Wood - AmericanOakOP04; Figueras - Metal - Silver,,"1' - 11 19/32""","2' - 8 11/16""","5' - 5 11/32""","1' - 7 9/32""",66 SF,6.05 CF,
1798525,Architecture,Furniture,Furniture_Figueras-Seating_Minispace_5064,5064,,,,,,,,,,,Figueras - Plastic - Black; Figueras - Textile - Valencia1048; Figueras - Wood - AmericanOakOP04; Figueras - Metal - Silver,,"1' - 11 19/32""","2' - 8 11/16""","5' - 5 11/32""","1' - 7 9/32""",66 SF,6.05 CF,
1798527,Architecture,Furniture,Furniture_Figueras-Seating_Minispace_5064,5064,,,,,,,,,,,Figueras - Plastic - Black; Figueras - Textile - Valencia1048; Figueras - Wood - AmericanOakOP04; Figueras - Metal - Silver,,"1' - 11 19/32""","2' - 8 11/16""","5' - 5 11/32""","1' - 7 9/32""",66 SF,6.05 CF,
1798776,Architecture,Furniture,Furniture_Figueras-Seating_Minispace_5064,5064,,,,,,,,,,,Figueras - Plastic - Black; Figueras - Textile - Valencia1048; Figueras - Wood - AmericanOakOP04; Figueras - Metal - Silver,,"1' - 11 19/32""","2' - 8 11/16""","5' - 5 11/32""","1' - 7 9/32""",66 SF,6.05 CF,
1798779,Architecture,Furniture,Furniture_Figueras-Seating_Minispace_5064,5064,,,,,,,,,,,Figueras - Plastic - Black; Figueras - Textile - Valencia1048; Figueras - Wood - AmericanOakOP04; Figueras - Metal - Silver,,"1' - 11 19/32""","2' - 8 11/16""","5' - 5 11/32""","1' - 7 9/32""",66 SF,6.05 CF,
1798781,Architecture,Furniture,Furniture_Figueras-Seating_Minispace_5064,5064,,,,,,,,,,,Figueras - Plastic - Black; Figueras - Textile - Valencia1048; Figueras - Wood - AmericanOakOP04; Figueras - Metal - Silver,,"1' - 11 19/32""","2' - 8 11/16""","5' - 5 11/32""","1' - 7 9/32""",66 SF,6.05 CF,
1798783,Architecture,Furniture,Furniture_Figueras-Seating_Minispace_5064,5064,,,,,,,,,,,Figueras - Plastic - Black; Figueras - Textile - Valencia1048; Figueras - Wood - AmericanOakOP04; Figueras - Metal - Silver,,"1' - 11 19/32""","2' - 8 11/16""","5' - 5 11/32""","1' - 7 9/32""",66 SF,6.05 CF,
1799149,Architecture,Furniture,Furniture_Figueras-Seating_Minispace_5064,5064,,,,,,,,,,,Figueras - Plastic - Black; Figueras - Textile - Valencia1048; Figueras - Wood - AmericanOakOP04; Figueras - Metal - Silver,,"1' - 11 19/32""","2' - 8 11/16""","5' - 5 11/32""","1' - 7 9/32""",66 SF,6.05 CF,
1799152,Architecture,Furniture,Furniture_Figueras-Seating_Minispace_5064,5064,,,,,,,,,,,Figueras - Plastic - Black; Figueras - Textile - Valencia1048; Figueras - Wood - AmericanOakOP04; Figueras - Metal - Silver,,"1' - 11 19/32""","2' - 8 11/16""","5' - 5 11/32""","1' - 7 9/32""",66 SF,6.05 CF,
1799154,Architecture,Furniture,Furniture_Figueras-Seating_Minispace_5064,5064,,,,,,,,,,,Figueras - Plastic - Black; Figueras - Textile - Valencia1048; Figueras - Wood - AmericanOakOP04; Figueras - Metal - Silver,,"1' - 11 19/32""","2' - 8 11/16""","5' - 5 11/32""","1' - 7 9/32""",66 SF,6.05 CF,
1799156,Architecture,Furniture,Furniture_Figueras-Seating_Minispace_5064,5064,,,,,,,,,,,Figueras - Plastic - Black; Figueras - Textile - Valencia1048; Figueras - Wood - AmericanOakOP04; Figueras - Metal - Silver,,"1' - 11 19/32""","2' - 8 11/16""","5' - 5 11/32""","1' - 7 9/32""",66 SF,6.05 CF,
1799378,Architecture,Furniture,Furniture_Figueras-Seating_Minispace_5064,5064,,,,,,,,,,,Figueras - Plastic - Black; Figueras - Textile - Valencia1048; Figueras - Wood - AmericanOakOP04; Figueras - Metal - Silver,,"1' - 11 19/32""","2' - 8 11/16""","5' - 5 11/32""","1' - 7 9/32""",66 SF,6.05 CF,
1799381,Architecture,Furniture,Furniture_Figueras-Seating_Minispace_5064,5064,,,,,,,,,,,Figueras - Plastic - Black; Figueras - Textile - Valencia1048; Figueras - Wood - AmericanOakOP04; Figueras - Metal - Silver,,"1' - 11 19/32""","2' - 8 11/16""","5' - 5 11/32""","1' - 7 9/32""",66 SF,6.05 CF,
1799383,Architecture,Furniture,Furniture_Figueras-Seating_Minispace_5064,5064,,,,,,,,,,,Figueras - Plastic - Black; Figueras - Textile - Valencia1048; Figueras - Wood - AmericanOakOP04; Figueras - Metal - Silver,,"1' - 11 19/32""","2' - 8 11/16""","5' - 5 11/32""","1' - 7 9/32""",66 SF,6.05 CF,
1799385,Architecture,Furniture,Furniture_Figueras-Seating_Minispace_5064,5064,,,,,,,,,,,Figueras - Plastic - Black; Figueras - Textile - Valencia1048; Figueras - Wood - AmericanOakOP04; Figueras - Metal - Silver,,"1' - 11 19/32""","2' - 8 11/16""","5' - 5 11/32""","1' - 7 9/32""",66 SF,6.05 CF,
1799526,Architecture,Furniture,Furniture_Figueras-Seating_Minispace_5064,5064,,,,,,,,,,,Figueras - Plastic - Black; Figueras - Textile - Valencia1048; Figueras - Wood - AmericanOakOP04; Figueras - Metal - Silver,,"1' - 11 19/32""","2' - 8 11/16""","5' - 5 11/32""","1' - 7 9/32""",66 SF,6.05 CF,
1799529,Architecture,Furniture,Furniture_Figueras-Seating_Minispace_5064,5064,,,,,,,,,,,Figueras - Plastic - Black; Figueras - Textile - Valencia1048; Figueras - Wood - AmericanOakOP04; Figueras - Metal - Silver,,"1' - 11 19/32""","2' - 8 11/16""","5' - 5 11/32""","1' - 7 9/32""",66 SF,6.05 CF,
1799531,Architecture,Furniture,Furniture_Figueras-Seating_Minispace_5064,5064,,,,,,,,,,,Figueras - Plastic - Black; Figueras - Textile - Valencia1048; Figueras - Wood - AmericanOakOP04; Figueras - Metal - Silver,,"1' - 11 19/32""","2' - 8 11/16""","5' - 5 11/32""","1' - 7 9/32""",66 SF,6.05 CF,
1799533,Architecture,Furniture,Furniture_Figueras-Seating_Minispace_5064,5064,,,,,,,,,,,Figueras - Plastic - Black; Figueras - Textile - Valencia1048; Figueras - Wood - AmericanOakOP04; Figueras - Metal - Silver,,"1' - 11 19/32""","2' - 8 11/16""","5' - 5 11/32""","1' - 7 9/32""",66 SF,6.05 CF,
1799545,Architecture,Furniture,Furniture_Figueras-Seating_Minispace_5064,5064,,,,,,,,,,,Figueras - Plastic - Black; Figueras - Textile - Valencia1048; Figueras - Wood - AmericanOakOP04; Figueras - Metal - Silver,,"1' - 11 19/32""","2' - 8 11/16""","5' - 5 11/32""","1' - 7 9/32""",66 SF,6.05 CF,
1799548,Architecture,Furniture,Furniture_Figueras-Seating_Minispace_5064,5064,,,,,,,,,,,Figueras - Plastic - Black; Figueras - Textile - Valencia1048; Figueras - Wood - AmericanOakOP04; Figueras - Metal - Silver,,"1' - 11 19/32""","2' - 8 11/16""","5' - 5 11/32""","1' - 7 9/32""",66 SF,6.05 CF,
1799550,Architecture,Furniture,Furniture_Figueras-Seating_Minispace_5064,5064,,,,,,,,,,,Figueras - Plastic - Black; Figueras - Textile - Valencia1048; Figueras - Wood - AmericanOakOP04; Figueras - Metal - Silver,,"1' - 11 19/32""","2' - 8 11/16""","5' - 5 11/32""","1' - 7 9/32""",66 SF,6.05 CF,
1799552,Architecture,Furniture,Furniture_Figueras-Seating_Minispace_5064,5064,,,,,,,,,,,Figueras - Plastic - Black; Figueras - Textile - Valencia1048; Figueras - Wood - AmericanOakOP04; Figueras - Metal - Silver,,"1' - 11 19/32""","2' - 8 11/16""","5' - 5 11/32""","1' - 7 9/32""",66 SF,6.05 CF,
1805573,Architecture,Furniture,Furniture_Figueras-Seating_Minispace_5064,5064,,,,,,,,,,,Figueras - Plastic - Black; Figueras - Textile - Valencia1048; Figueras - Wood - AmericanOakOP04; Figueras - Metal - Silver,,"1' - 11 19/32""","2' - 8 11/16""","5' - 5 11/32""","1' - 7 9/32""",66 SF,6.05 CF,
1805575,Architecture,Furniture,Furniture_Figueras-Seating_Minispace_5064,5064,,,,,,,,,,,Figueras - Plastic - Black; Figueras - Textile - Valencia1048; Figueras - Wood - AmericanOakOP04; Figueras - Metal - Silver,,"1' - 11 19/32""","2' - 8 11/16""","5' - 5 11/32""","1' - 7 9/32""",66 SF,6.05 CF,
1805577,Architecture,Furniture,Furniture_Figueras-Seating_Minispace_5064,5064,,,,,,,,,,,Figueras - Plastic - Black; Figueras - Textile - Valencia1048; Figueras - Wood - AmericanOakOP04; Figueras - Metal - Silver,,"1' - 11 19/32""","2' - 8 11/16""","5' - 5 11/32""","1' - 7 9/32""",66 SF,6.05 CF,
1806120,Architecture,Furniture,Furniture_Figueras-Seating_Minispace_5064,5064,,,,,,,,,,,Figueras - Plastic - Black; Figueras - Textile - Valencia1048; Figueras - Wood - AmericanOakOP04; Figueras - Metal - Silver,,"1' - 11 19/32""","2' - 8 11/16""","5' - 5 11/32""","1' - 7 9/32""",66 SF,6.05 CF,
1806124,Architecture,Furniture,Furniture_Figueras-Seating_Minispace_5064,5064,,,,,,,,,,,Figueras - Plastic - Black; Figueras - Textile - Valencia1048; Figueras - Wood - AmericanOakOP04; Figueras - Metal - Silver,,"1' - 11 19/32""","2' - 8 11/16""","5' - 5 11/32""","1' - 7 9/32""",66 SF,6.05 CF,
1806126,Architecture,Furniture,Furniture_Figueras-Seating_Minispace_5064,5064,,,,,,,,,,,Figueras - Plastic - Black; Figueras - Textile - Valencia1048; Figueras - Wood - AmericanOakOP04; Figueras - Metal - Silver,,"1' - 11 19/32""","2' - 8 11/16""","5' - 5 11/32""","1' - 7 9/32""",66 SF,6.05 CF,
1806129,Architecture,Furniture,Furniture_Figueras-Seating_Minispace_5064,5064,,,,,,,,,,,Figueras - Plastic - Black; Figueras - Textile - Valencia1048; Figueras - Wood - AmericanOakOP04; Figueras - Metal - Silver,,"1' - 11 19/32""","2' - 8 11/16""","5' - 5 11/32""","1' - 7 9/32""",66 SF,6.05 CF,
1806131,Architecture,Furniture,Furniture_Figueras-Seating_Minispace_5064,5064,,,,,,,,,,,Figueras - Plastic - Black; Figueras - Textile - Valencia1048; Figueras - Wood - AmericanOakOP04; Figueras - Metal - Silver,,"1' - 11 19/32""","2' - 8 11/16""","5' - 5 11/32""","1' - 7 9/32""",66 SF,6.05 CF,
1806133,Architecture,Furniture,Furniture_Figueras-Seating_Minispace_5064,5064,,,,,,,,,,,Figueras - Plastic - Black; Figueras - Textile - Valencia1048; Figueras - Wood - AmericanOakOP04; Figueras - Metal - Silver,,"1' - 11 19/32""","2' - 8 11/16""","5' - 5 11/32""","1' - 7 9/32""",66 SF,6.05 CF,
1806135,Architecture,Furniture,Furniture_Figueras-Seating_Minispace_5064,5064,,,,,,,,,,,Figueras - Plastic - Black; Figueras - Textile - Valencia1048; Figueras - Wood - AmericanOakOP04; Figueras - Metal - Silver,,"1' - 11 19/32""","2' - 8 11/16""","5' - 5 11/32""","1' - 7 9/32""",66 SF,6.05 CF,
1806137,Architecture,Furniture,Furniture_Figueras-Seating_Minispace_5064,5064,,,,,,,,,,,Figueras - Plastic - Black; Figueras - Textile - Valencia1048; Figueras - Wood - AmericanOakOP04; Figueras - Metal - Silver,,"1' - 11 19/32""","2' - 8 11/16""","5' - 5 11/32""","1' - 7 9/32""",66 SF,6.05 CF,
1806139,Architecture,Furniture,Furniture_Figueras-Seating_Minispace_5064,5064,,,,,,,,,,,Figueras - Plastic - Black; Figueras - Textile - Valencia1048; Figueras - Wood - AmericanOakOP04; Figueras - Metal - Silver,,"1' - 11 19/32""","2' - 8 11/16""","5' - 5 11/32""","1' - 7 9/32""",66 SF,6.05 CF,
1806141,Architecture,Furniture,Furniture_Figueras-Seating_Minispace_5064,5064,,,,,,,,,,,Figueras - Plastic - Black; Figueras - Textile - Valencia1048; Figueras - Wood - AmericanOakOP04; Figueras - Metal - Silver,,"1' - 11 19/32""","2' - 8 11/16""","5' - 5 11/32""","1' - 7 9/32""",66 SF,6.05 CF,
1806143,Architecture,Furniture,Furniture_Figueras-Seating_Minispace_5064,5064,,,,,,,,,,,Figueras - Plastic - Black; Figueras - Textile - Valencia1048; Figueras - Wood - AmericanOakOP04; Figueras - Metal - Silver,,"1' - 11 19/32""","2' - 8 11/16""","5' - 5 11/32""","1' - 7 9/32""",66 SF,6.05 CF,
1806145,Architecture,Furniture,Furniture_Figueras-Seating_Minispace_5064,5064,,,,,,,,,,,Figueras - Plastic - Black; Figueras - Textile - Valencia1048; Figueras - Wood - AmericanOakOP04; Figueras - Metal - Silver,,"1' - 11 19/32""","2' - 8 11/16""","5' - 5 11/32""","1' - 7 9/32""",66 SF,6.05 CF,
1806147,Architecture,Furniture,Furniture_Figueras-Seating_Minispace_5064,5064,,,,,,,,,,,Figueras - Plastic - Black; Figueras - Textile - Valencia1048; Figueras - Wood - AmericanOakOP04; Figueras - Metal - Silver,,"1' - 11 19/32""","2' - 8 11/16""","5' - 5 11/32""","1' - 7 9/32""",66 SF,6.05 CF,
1806149,Architecture,Furniture,Furniture_Figueras-Seating_Minispace_5064,5064,,,,,,,,,,,Figueras - Plastic - Black; Figueras - Textile - Valencia1048; Figueras - Wood - AmericanOakOP04; Figueras - Metal - Silver,,"1' - 11 19/32""","2' - 8 11/16""","5' - 5 11/32""","1' - 7 9/32""",66 SF,6.05 CF,
1806151,Architecture,Furniture,Furniture_Figueras-Seating_Minispace_5064,5064,,,,,,,,,,,Figueras - Plastic - Black; Figueras - Textile - Valencia1048; Figueras - Wood - AmericanOakOP04; Figueras - Metal - Silver,,"1' - 11 19/32""","2' - 8 11/16""","5' - 5 11/32""","1' - 7 9/32""",66 SF,6.05 CF,
1806153,Architecture,Furniture,Furniture_Figueras-Seating_Minispace_5064,5064,,,,,,,,,,,Figueras - Plastic - Black; Figueras - Textile - Valencia1048; Figueras - Wood - AmericanOakOP04; Figueras - Metal - Silver,,"1' - 11 19/32""","2' - 8 11/16""","5' - 5 11/32""","1' - 7 9/32""",66 SF,6.05 CF,
1806155,Architecture,Furniture,Furniture_Figueras-Seating_Minispace_5064,5064,,,,,,,,,,,Figueras - Plastic - Black; Figueras - Textile - Valencia1048; Figueras - Wood - AmericanOakOP04; Figueras - Metal - Silver,,"1' - 11 19/32""","2' - 8 11/16""","5' - 5 11/32""","1' - 7 9/32""",66 SF,6.05 CF,
1806157,Architecture,Furniture,Furniture_Figueras-Seating_Minispace_5064,5064,,,,,,,,,,,Figueras - Plastic - Black; Figueras - Textile - Valencia1048; Figueras - Wood - AmericanOakOP04; Figueras - Metal - Silver,,"1' - 11 19/32""","2' - 8 11/16""","5' - 5 11/32""","1' - 7 9/32""",66 SF,6.05 CF,
1806159,Architecture,Furniture,Furniture_Figueras-Seating_Minispace_5064,5064,,,,,,,,,,,Figueras - Plastic - Black; Figueras - Textile - Valencia1048; Figueras - Wood - AmericanOakOP04; Figueras - Metal - Silver,,"1' - 11 19/32""","2' - 8 11/16""","5' - 5 11/32""","1' - 7 9/32""",66 SF,6.05 CF,
1806161,Architecture,Furniture,Furniture_Figueras-Seating_Minispace_5064,5064,,,,,,,,,,,Figueras - Plastic - Black; Figueras - Textile - Valencia1048; Figueras - Wood - AmericanOakOP04; Figueras - Metal - Silver,,"1' - 11 19/32""","2' - 8 11/16""","5' - 5 11/32""","1' - 7 9/32""",66 SF,6.05 CF,
1806163,Architecture,Furniture,Furniture_Figueras-Seating_Minispace_5064,5064,,,,,,,,,,,Figueras - Plastic - Black; Figueras - Textile - Valencia1048; Figueras - Wood - AmericanOakOP04; Figueras - Metal - Silver,,"1' - 11 19/32""","2' - 8 11/16""","5' - 5 11/32""","1' - 7 9/32""",66 SF,6.05 CF,
1806165,Architecture,Furniture,Furniture_Figueras-Seating_Minispace_5064,5064,,,,,,,,,,,Figueras - Plastic - Black; Figueras - Textile - Valencia1048; Figueras - Wood - AmericanOakOP04; Figueras - Metal - Silver,,"1' - 11 19/32""","2' - 8 11/16""","5' - 5 11/32""","1' - 7 9/32""",66 SF,6.05 CF,
1806167,Architecture,Furniture,Furniture_Figueras-Seating_Minispace_5064,5064,,,,,,,,,,,Figueras - Plastic - Black; Figueras - Textile - Valencia1048; Figueras - Wood - AmericanOakOP04; Figueras - Metal - Silver,,"1' - 11 19/32""","2' - 8 11/16""","5' - 5 11/32""","1' - 7 9/32""",66 SF,6.05 CF,
1806169,Architecture,Furniture,Furniture_Figueras-Seating_Minispace_5064,5064,,,,,,,,,,,Figueras - Plastic - Black; Figueras - Textile - Valencia1048; Figueras - Wood - AmericanOakOP04; Figueras - Metal - Silver,,"1' - 11 19/32""","2' - 8 11/16""","5' - 5 11/32""","1' - 7 9/32""",66 SF,6.05 CF,
1806171,Architecture,Furniture,Furniture_Figueras-Seating_Minispace_5064,5064,,,,,,,,,,,Figueras - Plastic - Black; Figueras - Textile - Valencia1048; Figueras - Wood - AmericanOakOP04; Figueras - Metal - Silver,,"1' - 11 19/32""","2' - 8 11/16""","5' - 5 11/32""","1' - 7 9/32""",66 SF,6.05 CF,
1806173,Architecture,Furniture,Furniture_Figueras-Seating_Minispace_5064,5064,,,,,,,,,,,Figueras - Plastic - Black; Figueras - Textile - Valencia1048; Figueras - Wood - AmericanOakOP04; Figueras - Metal - Silver,,"1' - 11 19/32""","2' - 8 11/16""","5' - 5 11/32""","1' - 7 9/32""",66 SF,6.05 CF,
1806175,Architecture,Furniture,Furniture_Figueras-Seating_Minispace_5064,5064,,,,,,,,,,,Figueras - Plastic - Black; Figueras - Textile - Valencia1048; Figueras - Wood - AmericanOakOP04; Figueras - Metal - Silver,,"1' - 11 19/32""","2' - 8 11/16""","5' - 5 11/32""","1' - 7 9/32""",66 SF,6.05 CF,
1806180,Architecture,Furniture,Furniture_Figueras-Seating_Minispace_5064,5064,,,,,,,,,,,Figueras - Plastic - Black; Figueras - Textile - Valencia1048; Figueras - Wood - AmericanOakOP04; Figueras - Metal - Silver,,"1' - 11 19/32""","2' - 8 11/16""","5' - 5 11/32""","1' - 7 9/32""",66 SF,6.05 CF,
1806182,Architecture,Furniture,Furniture_Figueras-Seating_Minispace_5064,5064,,,,,,,,,,,Figueras - Plastic - Black; Figueras - Textile - Valencia1048; Figueras - Wood - AmericanOakOP04; Figueras - Metal - Silver,,"1' - 11 19/32""","2' - 8 11/16""","5' - 5 11/32""","1' - 7 9/32""",66 SF,6.05 CF,
1806184,Architecture,Furniture,Furniture_Figueras-Seating_Minispace_5064,5064,,,,,,,,,,,Figueras - Plastic - Black; Figueras - Textile - Valencia1048; Figueras - Wood - AmericanOakOP04; Figueras - Metal - Silver,,"1' - 11 19/32""","2' - 8 11/16""","5' - 5 11/32""","1' - 7 9/32""",66 SF,6.05 CF,
1806177,Architecture,Furniture,Furniture_Figueras-Seating_Minispace_5064_double,5064,,,,,,,,,,,Figueras - Plastic - Black; Figueras - Textile - Valencia1048; Figueras - Wood - AmericanOakOP04; Figueras - Metal - Silver,,"1' - 11 19/32""","2' - 8 11/16""","5' - 5 11/32""","1' - 7 9/32""",45 SF,4.07 CF,
1806178,Architecture,Furniture,Furniture_Figueras-Seating_Minispace_5064_double,5064,,,,,,,,,,,Figueras - Plastic - Black; Figueras - Textile - Valencia1048; Figueras - Wood - AmericanOakOP04; Figueras - Metal - Silver,,"1' - 11 19/32""","2' - 8 11/16""","5' - 5 11/32""","1' - 7 9/32""",45 SF,4.07 CF,
1806186,Architecture,Furniture,Furniture_Figueras-Seating_Minispace_5064_double,5064,,,,,,,,,,,Figueras - Plastic - Black; Figueras - Textile - Valencia1048; Figueras - Wood - AmericanOakOP04; Figueras - Metal - Silver,,"1' - 11 19/32""","2' - 8 11/16""","5' - 5 11/32""","1' - 7 9/32""",45 SF,4.07 CF,
1623759,Architecture,Generic Models,,,,,,,,,,,,,,,,,,,,,
1789890,Architecture,Landings,,"7"" Thickness",,,,,,,,,,,"Concrete, Cast-in-Place gray",,,,,,,,
1794999,Architecture,Landings,,"7"" Thickness",,,,,,,,,,,"Concrete, Cast-in-Place gray",,,,,,,,
1795057,Architecture,Landings,,"7"" Thickness",,,,,,,,,,,"Concrete, Cast-in-Place gray",,,,,,,,
1511392,Architecture,Landings,,Non-Monolithic Landing,,,,,,,,,,,"Steel, Paint Finish, Dark Gray",,,,,,,,
1636766,Architecture,Landings,,Non-Monolithic Landing,,,,,,,,,,,"Steel, Paint Finish, Dark Gray",,,,,,,,
1637120,Architecture,Landings,,Non-Monolithic Landing,,,,,,,,,,,"Steel, Paint Finish, Dark Gray",,,,,,,,
1511317,Architecture,Runs,,"1/4"" Tread 1"" Nosing 1/4"" Riser",,,,,,,,,,,"Steel, Paint Finish, Dark Gray",,,,,,,,
1511390,Architecture,Runs,,"1/4"" Tread 1"" Nosing 1/4"" Riser",,,,,,,,,,,"Steel, Paint Finish, Dark Gray",,,,,,,,
1636760,Architecture,Runs,,"1/4"" Tread 1"" Nosing 1/4"" Riser",,,,,,,,,,,"Steel, Paint Finish, Dark Gray",,,,,,,,
1636764,Architecture,Runs,,"1/4"" Tread 1"" Nosing 1/4"" Riser",,,,,,,,,,,"Steel, Paint Finish, Dark Gray",,,,,,,,
1637114,Architecture,Runs,,"1/4"" Tread 1"" Nosing 1/4"" Riser",,,,,,,,,,,"Steel, Paint Finish, Dark Gray",,,,,,,,
1637118,Architecture,Runs,,"1/4"" Tread 1"" Nosing 1/4"" Riser",,,,,,,,,,,"Steel, Paint Finish, Dark Gray",,,,,,,,
1789791,Architecture,Runs,,"3/4"" Nosing",,,,,,,,,,,"Concrete, Cast-in-Place gray",,,,,"0' - 2 1/2""",,,
1789888,Architecture,Runs,,"3/4"" Nosing",,,,,,,,,,,"Concrete, Cast-in-Place gray",,,,,"0' - 2 1/2""",,,
1794881,Architecture,Runs,,"3/4"" Nosing",,,,,,,,,,,"Concrete, Cast-in-Place gray",,,,,"0' - 2 1/2""",,,
1794997,Architecture,Runs,,"3/4"" Nosing",,,,,,,,,,,"Concrete, Cast-in-Place gray",,,,,"0' - 2 1/2""",,,
1795055,Architecture,Runs,,"3/4"" Nosing",,,,,,,,,,,"Concrete, Cast-in-Place gray",,,,,"0' - 2 1/2""",,,
1827075,Architecture,Windows,Skylight-Wasco-SkyMax,"GSM5296 - 49.25"" x 92.5""",,,,204.0,,,,,,,Glass - Wasco - Clear; Aluminum - Wasco - Aged Copper; Wood - Wasco - Douglas Firs,,"4' - 1 1/4""","0' - 5 7/16""","7' - 8 1/2""",,77 SF,3.72 CF,
1827100,Architecture,Windows,Skylight-Wasco-SkyMax,"GSM5296 - 49.25"" x 92.5""",,,,205.0,,,,,,,Glass - Wasco - Clear; Aluminum - Wasco - Aged Copper; Wood - Wasco - Douglas Firs,,"4' - 1 1/4""","0' - 5 7/16""","7' - 8 1/2""",,77 SF,3.72 CF,
1827103,Architecture,Windows,Skylight-Wasco-SkyMax,"GSM5296 - 49.25"" x 92.5""",,,,206.0,,,,,,,Glass - Wasco - Clear; Aluminum - Wasco - Aged Copper; Wood - Wasco - Douglas Firs,,"4' - 1 1/4""","0' - 5 7/16""","7' - 8 1/2""",,77 SF,3.72 CF,
1827106,Architecture,Windows,Skylight-Wasco-SkyMax,"GSM5296 - 49.25"" x 92.5""",,,,207.0,,,,,,,Glass - Wasco - Clear; Aluminum - Wasco - Aged Copper; Wood - Wasco - Douglas Firs,,"4' - 1 1/4""","0' - 5 7/16""","7' - 8 1/2""",,77 SF,3.72 CF,
1827109,Architecture,Windows,Skylight-Wasco-SkyMax,"GSM5296 - 49.25"" x 92.5""",,,,208.0,,,,,,,Glass - Wasco - Clear; Aluminum - Wasco - Aged Copper; Wood - Wasco - Douglas Firs,,"4' - 1 1/4""","0' - 5 7/16""","7' - 8 1/2""",,77 SF,3.72 CF,
1827156,Architecture,Windows,Skylight-Wasco-SkyMax,"GSM5296 - 49.25"" x 92.5""",,,,209.0,,,,,,,Glass - Wasco - Clear; Aluminum - Wasco - Aged Copper; Wood - Wasco - Douglas Firs,,"4' - 1 1/4""","0' - 5 7/16""","7' - 8 1/2""",,77 SF,3.72 CF,
1827159,Architecture,Windows,Skylight-Wasco-SkyMax,"GSM5296 - 49.25"" x 92.5""",,,,210.0,,,,,,,Glass - Wasco - Clear; Aluminum - Wasco - Aged Copper; Wood - Wasco - Douglas Firs,,"4' - 1 1/4""","0' - 5 7/16""","7' - 8 1/2""",,77 SF,3.72 CF,
1827162,Architecture,Windows,Skylight-Wasco-SkyMax,"GSM5296 - 49.25"" x 92.5""",,,,211.0,,,,,,,Glass - Wasco - Clear; Aluminum - Wasco - Aged Copper; Wood - Wasco - Douglas Firs,,"4' - 1 1/4""","0' - 5 7/16""","7' - 8 1/2""",,77 SF,3.72 CF,
1678200,Architecture,Casework,Countertop_Wilsonart_Solid-Surface_Linear,Countertop_Wilsonart_Linear,L -1,,,,,,,,,,Wilsonart - Solid Surface - 1530TM Beige Tempest,,"2' - 0""","0' - 0""","14' - 2""",,29 SF,1.18 CF,L -1 Zone 1
1685746,Architecture,Casework,Countertop_Wilsonart_Solid-Surface_Linear,Countertop_Wilsonart_Linear,L -1,,,,,,,,,,Wilsonart - Solid Surface - 1530TM Beige Tempest,,"2' - 0""","0' - 0""","4' - 3 7/8""",,9 SF,0.36 CF,L -1 Zone 1
1702109,Architecture,Casework,Countertop_Wilsonart_Solid-Surface_Linear,Countertop_Wilsonart_Linear,L -1,,,,,,,,,,Wilsonart - Solid Surface - 1530TM Beige Tempest,,"1' - 3 7/8""","0' - 0""","22' - 7 1/2""",,31 SF,1.25 CF,L -1 Zone 1
1709017,Architecture,Casework,Countertop_Wilsonart_Solid-Surface_Linear,Countertop_Wilsonart_Linear,L -1,,,,,,,,,,Wilsonart - Solid Surface - 1530TM Beige Tempest,,"1' - 7""","0' - 0""","6' - 7 5/32""",,11 SF,0.43 CF,L -1 Zone 1
1951580,Architecture,Ceilings,,"5/8"" GWB on Wood Furring",L -1,,,,,,,,,,"Softwood, Lumber; Gypsum Wall Board; Furniture - Wood Laminate",,,"0' - 2 5/8""",,"0' - 2 5/8""",2038 SF,445.73 CF,L -1 Zone 5
1944467,Architecture,Curtain Panels,System Panel,Glazed,L -1,,,,,,,,,,Glass,,"4' - 0 29/32""","7' - 7""",,"0' - 1""",31 SF,2.58 CF,L -1 Zone 5
1944471,Architecture,Curtain Panels,System Panel,Glazed,L -1,,,,,,,,,,Glass,,"4' - 2 5/32""","7' - 7""",,"0' - 1""",32 SF,2.64 CF,L -1 Zone 5
1944473,Architecture,Curtain Panels,System Panel,Glazed,L -1,,,,,,,,,,Glass,,"4' - 0 29/32""","7' - 7""",,"0' - 1""",31 SF,2.58 CF,L -1 Zone 5
1944946,Architecture,Curtain Panels,System Panel,Glazed,L -1,,,,,,,,,,Glass,,"2' - 11 1/2""","7' - 7""",,"0' - 1""",22 SF,1.87 CF,L -1 Zone 5
1944948,Architecture,Curtain Panels,System Panel,Glazed,L -1,,,,,,,,,,Glass,,"2' - 11 1/2""","7' - 7""",,"0' - 1""",22 SF,1.87 CF,L -1 Zone 5
1945028,Architecture,Curtain Panels,System Panel,Glazed,L -1,,,,,,,,,,Glass,,"2' - 10 7/8""","7' - 7""",,"0' - 1""",22 SF,1.84 CF,L -1 Zone 4
1945030,Architecture,Curtain Panels,System Panel,Glazed,L -1,,,,,,,,,,Glass,,"2' - 10 7/8""","7' - 7""",,"0' - 1""",22 SF,1.84 CF,L -1 Zone 5
1945118,Architecture,Curtain Panels,System Panel,Glazed,L -1,,,,,,,,,,Glass,,"4' - 0 29/32""","7' - 7""",,"0' - 1""",31 SF,2.58 CF,L -1 Zone 4
1945120,Architecture,Curtain Panels,System Panel,Glazed,L -1,,,,,,,,,,Glass,,"4' - 2 5/32""","7' - 7""",,"0' - 1""",32 SF,2.64 CF,L -1 Zone 4
1945122,Architecture,Curtain Panels,System Panel,Glazed,L -1,,,,,,,,,,Glass,,"4' - 0 29/32""","7' - 7""",,"0' - 1""",31 SF,2.58 CF,L -1 Zone 4
1945337,Architecture,Curtain Panels,System Panel,Glazed,L -1,,,,,,,,,,Glass,,"4' - 2 1/4""","7' - 7""",,"0' - 1""",32 SF,2.65 CF,L -1 Zone 4
1945339,Architecture,Curtain Panels,System Panel,Glazed,L -1,,,,,,,,,,Glass,,"4' - 2 1/4""","7' - 7""",,"0' - 1""",32 SF,2.65 CF,L -1 Zone 4
1945645,Architecture,Curtain Panels,System Panel,Glazed,L -1,,,,,,,,,,Glass,,"4' - 2 1/4""","7' - 7""",,"0' - 1""",32 SF,2.65 CF,L -1 Zone 5
1945647,Architecture,Curtain Panels,System Panel,Glazed,L -1,,,,,,,,,,Glass,,"4' - 2 1/4""","7' - 7""",,"0' - 1""",32 SF,2.65 CF,L -1 Zone 5
1946441,Architecture,Curtain Panels,System Panel,Glazed,L -1,,,,,,,,,,Glass,,"4' - 0 29/32""","7' - 7""",,"0' - 1""",31 SF,2.58 CF,
1946443,Architecture,Curtain Panels,System Panel,Glazed,L -1,,,,,,,,,,Glass,,"4' - 2 5/32""","7' - 7""",,"0' - 1""",32 SF,2.64 CF,
1946445,Architecture,Curtain Panels,System Panel,Glazed,L -1,,,,,,,,,,Glass,,"4' - 0 29/32""","7' - 7""",,"0' - 1""",31 SF,2.58 CF,
1944480,Architecture,Curtain Wall Mullions,Rectangular Mullion,"2.5"" x 5"" rectangular",L -1,,,,,,,,,,Aluminum,,,"0' - 5""","4' - 0 29/32""","0' - 5""",3 SF,0.35 CF,L -1 Zone 5
1944481,Architecture,Curtain Wall Mullions,Rectangular Mullion,"2.5"" x 5"" rectangular",L -1,,,,,,,,,,Aluminum,,,"0' - 5""","4' - 0 29/32""","0' - 5""",3 SF,0.35 CF,L -1 Zone 5
1944482,Architecture,Curtain Wall Mullions,Rectangular Mullion,"2.5"" x 5"" rectangular",L -1,,,,,,,,,,Aluminum,,,"0' - 5""","4' - 2 5/32""","0' - 5""",3 SF,0.36 CF,L -1 Zone 5
1944483,Architecture,Curtain Wall Mullions,Rectangular Mullion,"2.5"" x 5"" rectangular",L -1,,,,,,,,,,Aluminum,,,"0' - 5""","4' - 0 29/32""","0' - 5""",3 SF,0.35 CF,L -1 Zone 5
1944484,Architecture,Curtain Wall Mullions,Rectangular Mullion,"2.5"" x 5"" rectangular",L -1,,,,,,,,,,Aluminum,,,"0' - 5""","4' - 2 5/32""","0' - 5""",3 SF,0.36 CF,L -1 Zone 5
1944485,Architecture,Curtain Wall Mullions,Rectangular Mullion,"2.5"" x 5"" rectangular",L -1,,,,,,,,,,Aluminum,,,"0' - 5""","4' - 0 29/32""","0' - 5""",3 SF,0.35 CF,L -1 Zone 5
1944486,Architecture,Curtain Wall Mullions,Rectangular Mullion,"2.5"" x 5"" rectangular",L -1,,,,,,,,,,Aluminum,,,"0' - 5""","8' - 0""","0' - 5""",5 SF,0.69 CF,L -1 Zone 5
1944488,Architecture,Curtain Wall Mullions,Rectangular Mullion,"2.5"" x 5"" rectangular",L -1,,,,,,,,,,Aluminum,,,"0' - 5""","8' - 0""","0' - 5""",5 SF,0.69 CF,L -1 Zone 5
1944493,Architecture,Curtain Wall Mullions,Rectangular Mullion,"2.5"" x 5"" rectangular",L -1,,,,,,,,,,Aluminum,,,"0' - 5""","8' - 0""","0' - 5""",5 SF,0.69 CF,L -1 Zone 5
1944494,Architecture,Curtain Wall Mullions,Rectangular Mullion,"2.5"" x 5"" rectangular",L -1,,,,,,,,,,Aluminum,,,"0' - 5""","8' - 0""","0' - 5""",5 SF,0.69 CF,L -1 Zone 5
1944949,Architecture,Curtain Wall Mullions,Rectangular Mullion,"2.5"" x 5"" rectangular",L -1,,,,,,,,,,Aluminum,,,"0' - 5""","2' - 11 1/2""","0' - 5""",2 SF,0.26 CF,L -1 Zone 5
1944950,Architecture,Curtain Wall Mullions,Rectangular Mullion,"2.5"" x 5"" rectangular",L -1,,,,,,,,,,Aluminum,,,"0' - 5""","2' - 11 1/2""","0' - 5""",2 SF,0.26 CF,L -1 Zone 5
1944951,Architecture,Curtain Wall Mullions,Rectangular Mullion,"2.5"" x 5"" rectangular",L -1,,,,,,,,,,Aluminum,,,"0' - 5""","2' - 11 1/2""","0' - 5""",2 SF,0.26 CF,L -1 Zone 5
1944952,Architecture,Curtain Wall Mullions,Rectangular Mullion,"2.5"" x 5"" rectangular",L -1,,,,,,,,,,Aluminum,,,"0' - 5""","2' - 11 1/2""","0' - 5""",2 SF,0.26 CF,L -1 Zone 5
1944953,Architecture,Curtain Wall Mullions,Rectangular Mullion,"2.5"" x 5"" rectangular",L -1,,,,,,,,,,Aluminum,,,"0' - 5""","8' - 0""","0' - 5""",5 SF,0.69 CF,L -1 Zone 5
1944954,Architecture,Curtain Wall Mullions,Rectangular Mullion,"2.5"" x 5"" rectangular",L -1,,,,,,,,,,Aluminum,,,"0' - 5""","8' - 0""","0' - 5""",5 SF,0.69 CF,L -1 Zone 5
1944955,Architecture,Curtain Wall Mullions,Rectangular Mullion,"2.5"" x 5"" rectangular",L -1,,,,,,,,,,Aluminum,,,"0' - 5""","8' - 0""","0' - 5""",5 SF,0.69 CF,L -1 Zone 5
1945031,Architecture,Curtain Wall Mullions,Rectangular Mullion,"2.5"" x 5"" rectangular",L -1,,,,,,,,,,Aluminum,,,"0' - 5""","2' - 10 7/8""","0' - 5""",2 SF,0.25 CF,L -1 Zone 5
1945032,Architecture,Curtain Wall Mullions,Rectangular Mullion,"2.5"" x 5"" rectangular",L -1,,,,,,,,,,Aluminum,,,"0' - 5""","2' - 10 7/8""","0' - 5""",2 SF,0.25 CF,L -1 Zone 4
1945033,Architecture,Curtain Wall Mullions,Rectangular Mullion,"2.5"" x 5"" rectangular",L -1,,,,,,,,,,Aluminum,,,"0' - 5""","2' - 10 7/8""","0' - 5""",2 SF,0.25 CF,L -1 Zone 4
1945034,Architecture,Curtain Wall Mullions,Rectangular Mullion,"2.5"" x 5"" rectangular",L -1,,,,,,,,,,Aluminum,,,"0' - 5""","2' - 10 7/8""","0' - 5""",2 SF,0.25 CF,L -1 Zone 5
1945035,Architecture,Curtain Wall Mullions,Rectangular Mullion,"2.5"" x 5"" rectangular",L -1,,,,,,,,,,Aluminum,,,"0' - 5""","8' - 0""","0' - 5""",5 SF,0.69 CF,L -1 Zone 5
1945036,Architecture,Curtain Wall Mullions,Rectangular Mullion,"2.5"" x 5"" rectangular",L -1,,,,,,,,,,Aluminum,,,"0' - 5""","8' - 0""","0' - 5""",5 SF,0.69 CF,L -1 Zone 4
1945037,Architecture,Curtain Wall Mullions,Rectangular Mullion,"2.5"" x 5"" rectangular",L -1,,,,,,,,,,Aluminum,,,"0' - 5""","8' - 0""","0' - 5""",5 SF,0.69 CF,L -1 Zone 4
1945123,Architecture,Curtain Wall Mullions,Rectangular Mullion,"2.5"" x 5"" rectangular",L -1,,,,,,,,,,Aluminum,,,"0' - 5""","4' - 0 29/32""","0' - 5""",3 SF,0.35 CF,L -1 Zone 4
1945124,Architecture,Curtain Wall Mullions,Rectangular Mullion,"2.5"" x 5"" rectangular",L -1,,,,,,,,,,Aluminum,,,"0' - 5""","4' - 0 29/32""","0' - 5""",3 SF,0.35 CF,L -1 Zone 4
1945125,Architecture,Curtain Wall Mullions,Rectangular Mullion,"2.5"" x 5"" rectangular",L -1,,,,,,,,,,Aluminum,,,"0' - 5""","4' - 2 5/32""","0' - 5""",3 SF,0.36 CF,L -1 Zone 4
1945126,Architecture,Curtain Wall Mullions,Rectangular Mullion,"2.5"" x 5"" rectangular",L -1,,,,,,,,,,Aluminum,,,"0' - 5""","4' - 0 29/32""","0' - 5""",3 SF,0.35 CF,L -1 Zone 4
1945127,Architecture,Curtain Wall Mullions,Rectangular Mullion,"2.5"" x 5"" rectangular",L -1,,,,,,,,,,Aluminum,,,"0' - 5""","4' - 2 5/32""","0' - 5""",3 SF,0.36 CF,L -1 Zone 4
1945128,Architecture,Curtain Wall Mullions,Rectangular Mullion,"2.5"" x 5"" rectangular",L -1,,,,,,,,,,Aluminum,,,"0' - 5""","4' - 0 29/32""","0' - 5""",3 SF,0.35 CF,L -1 Zone 4
1945129,Architecture,Curtain Wall Mullions,Rectangular Mullion,"2.5"" x 5"" rectangular",L -1,,,,,,,,,,Aluminum,,,"0' - 5""","8' - 0""","0' - 5""",5 SF,0.69 CF,L -1 Zone 4
1945130,Architecture,Curtain Wall Mullions,Rectangular Mullion,"2.5"" x 5"" rectangular",L -1,,,,,,,,,,Aluminum,,,"0' - 5""","8' - 0""","0' - 5""",5 SF,0.69 CF,L -1 Zone 4
1945131,Architecture,Curtain Wall Mullions,Rectangular Mullion,"2.5"" x 5"" rectangular",L -1,,,,,,,,,,Aluminum,,,"0' - 5""","8' - 0""","0' - 5""",5 SF,0.69 CF,L -1 Zone 4
1945132,Architecture,Curtain Wall Mullions,Rectangular Mullion,"2.5"" x 5"" rectangular",L -1,,,,,,,,,,Aluminum,,,"0' - 5""","8' - 0""","0' - 5""",5 SF,0.69 CF,L -1 Zone 4
1945340,Architecture,Curtain Wall Mullions,Rectangular Mullion,"2.5"" x 5"" rectangular",L -1,,,,,,,,,,Aluminum,,,"0' - 5""","4' - 2 1/4""","0' - 5""",3 SF,0.36 CF,L -1 Zone 4
1945341,Architecture,Curtain Wall Mullions,Rectangular Mullion,"2.5"" x 5"" rectangular",L -1,,,,,,,,,,Aluminum,,,"0' - 5""","4' - 2 1/4""","0' - 5""",3 SF,0.36 CF,L -1 Zone 4
1945342,Architecture,Curtain Wall Mullions,Rectangular Mullion,"2.5"" x 5"" rectangular",L -1,,,,,,,,,,Aluminum,,,"0' - 5""","4' - 2 1/4""","0' - 5""",3 SF,0.36 CF,L -1 Zone 4
1945343,Architecture,Curtain Wall Mullions,Rectangular Mullion,"2.5"" x 5"" rectangular",L -1,,,,,,,,,,Aluminum,,,"0' - 5""","4' - 2 1/4""","0' - 5""",3 SF,0.36 CF,L -1 Zone 4
1945344,Architecture,Curtain Wall Mullions,Rectangular Mullion,"2.5"" x 5"" rectangular",L -1,,,,,,,,,,Aluminum,,,"0' - 5""","8' - 0""","0' - 5""",5 SF,0.69 CF,L -1 Zone 4
1945345,Architecture,Curtain Wall Mullions,Rectangular Mullion,"2.5"" x 5"" rectangular",L -1,,,,,,,,,,Aluminum,,,"0' - 5""","8' - 0""","0' - 5""",5 SF,0.69 CF,L -1 Zone 4
1945346,Architecture,Curtain Wall Mullions,Rectangular Mullion,"2.5"" x 5"" rectangular",L -1,,,,,,,,,,Aluminum,,,"0' - 5""","8' - 0""","0' - 5""",5 SF,0.69 CF,L -1 Zone 4
1945648,Architecture,Curtain Wall Mullions,Rectangular Mullion,"2.5"" x 5"" rectangular",L -1,,,,,,,,,,Aluminum,,,"0' - 5""","4' - 2 1/4""","0' - 5""",3 SF,0.36 CF,L -1 Zone 5
1945649,Architecture,Curtain Wall Mullions,Rectangular Mullion,"2.5"" x 5"" rectangular",L -1,,,,,,,,,,Aluminum,,,"0' - 5""","4' - 2 1/4""","0' - 5""",3 SF,0.36 CF,L -1 Zone 5
1945650,Architecture,Curtain Wall Mullions,Rectangular Mullion,"2.5"" x 5"" rectangular",L -1,,,,,,,,,,Aluminum,,,"0' - 5""","4' - 2 1/4""","0' - 5""",3 SF,0.36 CF,L -1 Zone 5
1945651,Architecture,Curtain Wall Mullions,Rectangular Mullion,"2.5"" x 5"" rectangular",L -1,,,,,,,,,,Aluminum,,,"0' - 5""","4' - 2 1/4""","0' - 5""",3 SF,0.36 CF,L -1 Zone 5
1945652,Architecture,Curtain Wall Mullions,Rectangular Mullion,"2.5"" x 5"" rectangular",L -1,,,,,,,,,,Aluminum,,,"0' - 5""","8' - 0""","0' - 5""",5 SF,0.69 CF,L -1 Zone 5
1945653,Architecture,Curtain Wall Mullions,Rectangular Mullion,"2.5"" x 5"" rectangular",L -1,,,,,,,,,,Aluminum,,,"0' - 5""","8' - 0""","0' - 5""",5 SF,0.69 CF,L -1 Zone 5
1945654,Architecture,Curtain Wall Mullions,Rectangular Mullion,"2.5"" x 5"" rectangular",L -1,,,,,,,,,,Aluminum,,,"0' - 5""","8' - 0""","0' - 5""",5 SF,0.69 CF,L -1 Zone 5
1946446,Architecture,Curtain Wall Mullions,Rectangular Mullion,"2.5"" x 5"" rectangular",L -1,,,,,,,,,,Aluminum,,,"0' - 5""","4' - 0 29/32""","0' - 5""",3 SF,0.35 CF,
1946447,Architecture,Curtain Wall Mullions,Rectangular Mullion,"2.5"" x 5"" rectangular",L -1,,,,,,,,,,Aluminum,,,"0' - 5""","4' - 0 29/32""","0' - 5""",3 SF,0.35 CF,
1946448,Architecture,Curtain Wall Mullions,Rectangular Mullion,"2.5"" x 5"" rectangular",L -1,,,,,,,,,,Aluminum,,,"0' - 5""","4' - 2 5/32""","0' - 5""",3 SF,0.36 CF,
1946449,Architecture,Curtain Wall Mullions,Rectangular Mullion,"2.5"" x 5"" rectangular",L -1,,,,,,,,,,Aluminum,,,"0' - 5""","4' - 0 29/32""","0' - 5""",3 SF,0.35 CF,
1946450,Architecture,Curtain Wall Mullions,Rectangular Mullion,"2.5"" x 5"" rectangular",L -1,,,,,,,,,,Aluminum,,,"0' - 5""","4' - 2 5/32""","0' - 5""",3 SF,0.36 CF,
1946451,Architecture,Curtain Wall Mullions,Rectangular Mullion,"2.5"" x 5"" rectangular",L -1,,,,,,,,,,Aluminum,,,"0' - 5""","4' - 0 29/32""","0' - 5""",3 SF,0.35 CF,
1946452,Architecture,Curtain Wall Mullions,Rectangular Mullion,"2.5"" x 5"" rectangular",L -1,,,,,,,,,,Aluminum,,,"0' - 5""","8' - 0""","0' - 5""",5 SF,0.69 CF,
1946453,Architecture,Curtain Wall Mullions,Rectangular Mullion,"2.5"" x 5"" rectangular",L -1,,,,,,,,,,Aluminum,,,"0' - 5""","8' - 0""","0' - 5""",5 SF,0.69 CF,
1946454,Architecture,Curtain Wall Mullions,Rectangular Mullion,"2.5"" x 5"" rectangular",L -1,,,,,,,,,,Aluminum,,,"0' - 5""","8' - 0""","0' - 5""",5 SF,0.69 CF,
1946455,Architecture,Curtain Wall Mullions,Rectangular Mullion,"2.5"" x 5"" rectangular",L -1,,,,,,,,,,Aluminum,,,"0' - 5""","8' - 0""","0' - 5""",5 SF,0.69 CF,
2001201,Architecture,Doors,Door-FRP_Flush-Cline_Aluminum_Doors-Series_200BE-Aluminum_Tubular,Not a Type - Load Type Catalog,L -1,,,368.0,,,,,,,Glass-Cline-Thick Tempered; Aluminum-Cline-Clear Anodized Class II,,"4' - 0""","8' - 0""",,,52 SF,5.13 CF,
2000668,Architecture,Doors,Door-Passage-Double-Flush,"72"" x 80""",L -1,,,362.0,,,,,C1020,Interior Doors,Aluminum; Metal - Paint Finish - Grey; Metal Door - Brindle,,"6' - 0""","8' - 0""",,"0' - 1 3/4""",92 SF,9.46 CF,
2179042,Architecture,Doors,Door-Passage-Single-Flush,"3'6"" x 8'",L -1,,,388.0,,,,,C1020,Interior Doors,Aluminum; Wood - Birch; Metal - Paint Finish - Grey,,"3' - 6""","8' - 0""",,"0' - 1 3/4""",65 SF,6.13 CF,L -1 Zone 3
2179045,Architecture,Doors,Door-Passage-Single-Flush,"3'6"" x 8'",L -1,,,391.0,,,,,C1020,Interior Doors,Aluminum; Wood - Birch; Metal - Paint Finish - Grey,,"3' - 6""","8' - 0""",,"0' - 1 3/4""",65 SF,6.13 CF,L -1 Zone 3
2001120,Architecture,Doors,Door-Passage-Single-Flush,"36"" x 96""",L -1,,,367.0,,,,,C1020,Interior Doors,Aluminum; Wood - Birch; Metal - Paint Finish - Grey,,"4' - 0""","8' - 0""",,"0' - 1 3/4""",70 SF,6.80 CF,
2001269,Architecture,Doors,Door-Passage-Single-Flush,"36"" x 96""",L -1,,,369.0,,,,,C1020,Interior Doors,Aluminum; Wood - Birch; Metal - Paint Finish - Grey,,"4' - 0""","8' - 0""",,"0' - 1 3/4""",70 SF,6.80 CF,L -1 Zone 2
2179041,Architecture,Doors,Door-Passage-Single-Flush,"36"" x 96""",L -1,,,387.0,,,,,C1020,Interior Doors,Aluminum; Wood - Birch; Metal - Paint Finish - Grey,,"4' - 0""","8' - 0""",,"0' - 1 3/4""",70 SF,6.80 CF,
2179043,Architecture,Doors,Door-Passage-Single-Flush,"36"" x 96""",L -1,,,389.0,,,,,C1020,Interior Doors,Aluminum; Wood - Birch; Metal - Paint Finish - Grey,,"4' - 0""","8' - 0""",,"0' - 1 3/4""",70 SF,6.80 CF,
2179044,Architecture,Doors,Door-Passage-Single-Flush,"36"" x 96""",L -1,,,390.0,,,,,C1020,Interior Doors,Aluminum; Wood - Birch; Metal - Paint Finish - Grey,,"4' - 0""","8' - 0""",,"0' - 1 3/4""",70 SF,6.80 CF,
1618002,Architecture,Doors,Door-Passage-Single-Flush,"36"" x 96"" EXTERIOR",L -1,,,289.0,,,,,B2030,Exterior Doors,Aluminum; Wood - Birch; Metal - Paint Finish - Grey,,"3' - 6""","8' - 0""",,"0' - 1 3/4""",65 SF,6.13 CF,
1695687,Architecture,Doors,Door-Passage-Single-Flush,"36"" x 96"" EXTERIOR",L -1,,,328.0,,,,,B2030,Exterior Doors,Aluminum; Wood - Birch; Metal - Paint Finish - Grey,,"3' - 6""","8' - 0""",,"0' - 1 3/4""",65 SF,6.13 CF,L -1 Zone 1
1408820,Architecture,Doors,Door-Passage-Single-Vision_Lite,"3'6"" x 96""",L -1,,,216.0,,,,,C1020,Interior Doors,Glass; Aluminum; Wood - Birch; Metal - Paint Finish - Grey,,"3' - 6""","8' - 0""",,"0' - 1 3/4""",66 SF,6.02 CF,
1637707,Architecture,Doors,Door-Passage-Single-Vision_Lite,"3'6"" x 96""",L -1,,,303.0,,,,,C1020,Interior Doors,Glass; Aluminum; Wood - Birch; Metal - Paint Finish - Grey,,"3' - 6""","8' - 0""",,"0' - 1 3/4""",66 SF,6.02 CF,
1951041,Architecture,Doors,Door-Passage-Single-Vision_Lite,"3'6"" x 96""",L -1,,,346.0,,,,,C1020,Interior Doors,Glass; Aluminum; Wood - Birch; Metal - Paint Finish - Grey,,"3' - 6""","8' - 0""",,"0' - 1 3/4""",66 SF,6.02 CF,
1951258,Architecture,Doors,Door-Passage-Single-Vision_Lite,"3'6"" x 96""",L -1,,,347.0,,,,,C1020,Interior Doors,Glass; Aluminum; Wood - Birch; Metal - Paint Finish - Grey,,"3' - 6""","8' - 0""",,"0' - 1 3/4""",66 SF,6.02 CF,L -1 Zone 4
1951491,Architecture,Doors,Door-Passage-Single-Vision_Lite,"3'6"" x 96""",L -1,,,348.0,,,,,C1020,Interior Doors,Glass; Aluminum; Wood - Birch; Metal - Paint Finish - Grey,,"3' - 6""","8' - 0""",,"0' - 1 3/4""",66 SF,6.02 CF,
1413056,Architecture,Furniture,Chair (2),Chair (2),L -1,,,,,,,,,,Metal - Chrome; Textile - Bamboo Weave,,,,,,5 SF,0.45 CF,
1413057,Architecture,Furniture,Chair (2),Chair (2),L -1,,,,,,,,,,Metal - Chrome; Textile - Bamboo Weave,,,,,,5 SF,0.45 CF,
1413058,Architecture,Furniture,Chair (2),Chair (2),L -1,,,,,,,,,,Metal - Chrome; Textile - Bamboo Weave,,,,,,5 SF,0.45 CF,
1413059,Architecture,Furniture,Chair (2),Chair (2),L -1,,,,,,,,,,Metal - Chrome; Textile - Bamboo Weave,,,,,,5 SF,0.45 CF,
1413117,Architecture,Furniture,Chair (2),Chair (2),L -1,,,,,,,,,,Metal - Chrome; Textile - Bamboo Weave,,,,,,5 SF,0.45 CF,
1413118,Architecture,Furniture,Chair (2),Chair (2),L -1,,,,,,,,,,Metal - Chrome; Textile - Bamboo Weave,,,,,,5 SF,0.45 CF,
1413119,Architecture,Furniture,Chair (2),Chair (2),L -1,,,,,,,,,,Metal - Chrome; Textile - Bamboo Weave,,,,,,5 SF,0.45 CF,
1413120,Architecture,Furniture,Chair (2),Chair (2),L -1,,,,,,,,,,Metal - Chrome; Textile - Bamboo Weave,,,,,,5 SF,0.45 CF,
1413242,Architecture,Furniture,Chair (2),Chair (2),L -1,,,,,,,,,,Metal - Chrome; Textile - Bamboo Weave,,,,,,5 SF,0.45 CF,
1413243,Architecture,Furniture,Chair (2),Chair (2),L -1,,,,,,,,,,Metal - Chrome; Textile - Bamboo Weave,,,,,,5 SF,0.45 CF,
1413244,Architecture,Furniture,Chair (2),Chair (2),L -1,,,,,,,,,,Metal - Chrome; Textile - Bamboo Weave,,,,,,5 SF,0.45 CF,
1413245,Architecture,Furniture,Chair (2),Chair (2),L -1,,,,,,,,,,Metal - Chrome; Textile - Bamboo Weave,,,,,,5 SF,0.45 CF,
1545036,Architecture,Furniture,Chair (2),Chair (2),L -1,,,,,,,,,,Metal - Chrome; Textile - Bamboo Weave,,,,,,5 SF,0.45 CF,
1545037,Architecture,Furniture,Chair (2),Chair (2),L -1,,,,,,,,,,Metal - Chrome; Textile - Bamboo Weave,,,,,,5 SF,0.45 CF,
1545038,Architecture,Furniture,Chair (2),Chair (2),L -1,,,,,,,,,,Metal - Chrome; Textile - Bamboo Weave,,,,,,5 SF,0.45 CF,
1545039,Architecture,Furniture,Chair (2),Chair (2),L -1,,,,,,,,,,Metal - Chrome; Textile - Bamboo Weave,,,,,,5 SF,0.45 CF,
1545090,Architecture,Furniture,Chair (2),Chair (2),L -1,,,,,,,,,,Metal - Chrome; Textile - Bamboo Weave,,,,,,5 SF,0.45 CF,
1545091,Architecture,Furniture,Chair (2),Chair (2),L -1,,,,,,,,,,Metal - Chrome; Textile - Bamboo Weave,,,,,,5 SF,0.45 CF,
1545092,Architecture,Furniture,Chair (2),Chair (2),L -1,,,,,,,,,,Metal - Chrome; Textile - Bamboo Weave,,,,,,5 SF,0.45 CF,
1545093,Architecture,Furniture,Chair (2),Chair (2),L -1,,,,,,,,,,Metal - Chrome; Textile - Bamboo Weave,,,,,,5 SF,0.45 CF,
1545136,Architecture,Furniture,Chair (2),Chair (2),L -1,,,,,,,,,,Metal - Chrome; Textile - Bamboo Weave,,,,,,5 SF,0.45 CF,
1545137,Architecture,Furniture,Chair (2),Chair (2),L -1,,,,,,,,,,Metal - Chrome; Textile - Bamboo Weave,,,,,,5 SF,0.45 CF,
1545138,Architecture,Furniture,Chair (2),Chair (2),L -1,,,,,,,,,,Metal - Chrome; Textile - Bamboo Weave,,,,,,5 SF,0.45 CF,
1545139,Architecture,Furniture,Chair (2),Chair (2),L -1,,,,,,,,,,Metal - Chrome; Textile - Bamboo Weave,,,,,,5 SF,0.45 CF,
1609125,Architecture,Furniture,Chair (2),Chair (2),L -1,,,,,,,,,,Metal - Chrome; Textile - Bamboo Weave,,,,,,5 SF,0.45 CF,
1609126,Architecture,Furniture,Chair (2),Chair (2),L -1,,,,,,,,,,Metal - Chrome; Textile - Bamboo Weave,,,,,,5 SF,0.45 CF,
1609127,Architecture,Furniture,Chair (2),Chair (2),L -1,,,,,,,,,,Metal - Chrome; Textile - Bamboo Weave,,,,,,5 SF,0.45 CF,
1609128,Architecture,Furniture,Chair (2),Chair (2),L -1,,,,,,,,,,Metal - Chrome; Textile - Bamboo Weave,,,,,,5 SF,0.45 CF,
1609169,Architecture,Furniture,Chair (2),Chair (2),L -1,,,,,,,,,,Metal - Chrome; Textile - Bamboo Weave,,,,,,5 SF,0.45 CF,
1609170,Architecture,Furniture,Chair (2),Chair (2),L -1,,,,,,,,,,Metal - Chrome; Textile - Bamboo Weave,,,,,,5 SF,0.45 CF,
1609171,Architecture,Furniture,Chair (2),Chair (2),L -1,,,,,,,,,,Metal - Chrome; Textile - Bamboo Weave,,,,,,5 SF,0.45 CF,
1609172,Architecture,Furniture,Chair (2),Chair (2),L -1,,,,,,,,,,Metal - Chrome; Textile - Bamboo Weave,,,,,,5 SF,0.45 CF,
1351458,Architecture,Furniture,Haworth_Maari_Chair_StarBase_WithTablet,S75 - Five Star Base - No Arms,L -1,,,,,,,,E2010,Fixed Furnishings,Haworth _ Paint _ Undecided _ Table; Haworth _ Laminate _ Undecided _ Tables; Haworth _ Paint _ Black; Haworth _ Polymer _ Water TR-1W; Haworth _ Fabric _ Tellure _ Ocean 3A-34,,"2' - 4 1/2""",,,,18 SF,0.33 CF,
1351523,Architecture,Furniture,Haworth_Maari_Chair_StarBase_WithTablet,S75 - Five Star Base - No Arms,L -1,,,,,,,,E2010,Fixed Furnishings,Haworth _ Paint _ Undecided _ Table; Haworth _ Laminate _ Undecided _ Tables; Haworth _ Paint _ Black; Haworth _ Polymer _ Water TR-1W; Haworth _ Fabric _ Tellure _ Ocean 3A-34,,"2' - 4 1/2""",,,,18 SF,0.33 CF,
1351590,Architecture,Furniture,Haworth_Maari_Chair_StarBase_WithTablet,S75 - Five Star Base - No Arms,L -1,,,,,,,,E2010,Fixed Furnishings,Haworth _ Paint _ Undecided _ Table; Haworth _ Laminate _ Undecided _ Tables; Haworth _ Paint _ Black; Haworth _ Polymer _ Water TR-1W; Haworth _ Fabric _ Tellure _ Ocean 3A-34,,"2' - 4 1/2""",,,,18 SF,0.33 CF,
1351641,Architecture,Furniture,Haworth_Maari_Chair_StarBase_WithTablet,S75 - Five Star Base - No Arms,L -1,,,,,,,,E2010,Fixed Furnishings,Haworth _ Paint _ Undecided _ Table; Haworth _ Laminate _ Undecided _ Tables; Haworth _ Paint _ Black; Haworth _ Polymer _ Water TR-1W; Haworth _ Fabric _ Tellure _ Ocean 3A-34,,"2' - 4 1/2""",,,,18 SF,0.33 CF,
1405808,Architecture,Furniture,Haworth_Maari_Chair_StarBase_WithTablet,S75 - Five Star Base - No Arms,L -1,,,,,,,,E2010,Fixed Furnishings,Haworth _ Paint _ Undecided _ Table; Haworth _ Laminate _ Undecided _ Tables; Haworth _ Paint _ Black; Haworth _ Polymer _ Water TR-1W; Haworth _ Fabric _ Tellure _ Ocean 3A-34,,"2' - 4 1/2""",,,,18 SF,0.33 CF,
1405809,Architecture,Furniture,Haworth_Maari_Chair_StarBase_WithTablet,S75 - Five Star Base - No Arms,L -1,,,,,,,,E2010,Fixed Furnishings,Haworth _ Paint _ Undecided _ Table; Haworth _ Laminate _ Undecided _ Tables; Haworth _ Paint _ Black; Haworth _ Polymer _ Water TR-1W; Haworth _ Fabric _ Tellure _ Ocean 3A-34,,"2' - 4 1/2""",,,,18 SF,0.33 CF,
1405810,Architecture,Furniture,Haworth_Maari_Chair_StarBase_WithTablet,S75 - Five Star Base - No Arms,L -1,,,,,,,,E2010,Fixed Furnishings,Haworth _ Paint _ Undecided _ Table; Haworth _ Laminate _ Undecided _ Tables; Haworth _ Paint _ Black; Haworth _ Polymer _ Water TR-1W; Haworth _ Fabric _ Tellure _ Ocean 3A-34,,"2' - 4 1/2""",,,,18 SF,0.33 CF,
1405811,Architecture,Furniture,Haworth_Maari_Chair_StarBase_WithTablet,S75 - Five Star Base - No Arms,L -1,,,,,,,,E2010,Fixed Furnishings,Haworth _ Paint _ Undecided _ Table; Haworth _ Laminate _ Undecided _ Tables; Haworth _ Paint _ Black; Haworth _ Polymer _ Water TR-1W; Haworth _ Fabric _ Tellure _ Ocean 3A-34,,"2' - 4 1/2""",,,,18 SF,0.33 CF,
1405868,Architecture,Furniture,Haworth_Maari_Chair_StarBase_WithTablet,S75 - Five Star Base - No Arms,L -1,,,,,,,,E2010,Fixed Furnishings,Haworth _ Paint _ Undecided _ Table; Haworth _ Laminate _ Undecided _ Tables; Haworth _ Paint _ Black; Haworth _ Polymer _ Water TR-1W; Haworth _ Fabric _ Tellure _ Ocean 3A-34,,"2' - 4 1/2""",,,,18 SF,0.33 CF,
1405869,Architecture,Furniture,Haworth_Maari_Chair_StarBase_WithTablet,S75 - Five Star Base - No Arms,L -1,,,,,,,,E2010,Fixed Furnishings,Haworth _ Paint _ Undecided _ Table; Haworth _ Laminate _ Undecided _ Tables; Haworth _ Paint _ Black; Haworth _ Polymer _ Water TR-1W; Haworth _ Fabric _ Tellure _ Ocean 3A-34,,"2' - 4 1/2""",,,,18 SF,0.33 CF,
1405870,Architecture,Furniture,Haworth_Maari_Chair_StarBase_WithTablet,S75 - Five Star Base - No Arms,L -1,,,,,,,,E2010,Fixed Furnishings,Haworth _ Paint _ Undecided _ Table; Haworth _ Laminate _ Undecided _ Tables; Haworth _ Paint _ Black; Haworth _ Polymer _ Water TR-1W; Haworth _ Fabric _ Tellure _ Ocean 3A-34,,"2' - 4 1/2""",,,,18 SF,0.33 CF,
1405871,Architecture,Furniture,Haworth_Maari_Chair_StarBase_WithTablet,S75 - Five Star Base - No Arms,L -1,,,,,,,,E2010,Fixed Furnishings,Haworth _ Paint _ Undecided _ Table; Haworth _ Laminate _ Undecided _ Tables; Haworth _ Paint _ Black; Haworth _ Polymer _ Water TR-1W; Haworth _ Fabric _ Tellure _ Ocean 3A-34,,"2' - 4 1/2""",,,,18 SF,0.33 CF,
1405928,Architecture,Furniture,Haworth_Maari_Chair_StarBase_WithTablet,S75 - Five Star Base - No Arms,L -1,,,,,,,,E2010,Fixed Furnishings,Haworth _ Paint _ Undecided _ Table; Haworth _ Laminate _ Undecided _ Tables; Haworth _ Paint _ Black; Haworth _ Polymer _ Water TR-1W; Haworth _ Fabric _ Tellure _ Ocean 3A-34,,"2' - 4 1/2""",,,,18 SF,0.33 CF,
1405929,Architecture,Furniture,Haworth_Maari_Chair_StarBase_WithTablet,S75 - Five Star Base - No Arms,L -1,,,,,,,,E2010,Fixed Furnishings,Haworth _ Paint _ Undecided _ Table; Haworth _ Laminate _ Undecided _ Tables; Haworth _ Paint _ Black; Haworth _ Polymer _ Water TR-1W; Haworth _ Fabric _ Tellure _ Ocean 3A-34,,"2' - 4 1/2""",,,,18 SF,0.33 CF,
1405930,Architecture,Furniture,Haworth_Maari_Chair_StarBase_WithTablet,S75 - Five Star Base - No Arms,L -1,,,,,,,,E2010,Fixed Furnishings,Haworth _ Paint _ Undecided _ Table; Haworth _ Laminate _ Undecided _ Tables; Haworth _ Paint _ Black; Haworth _ Polymer _ Water TR-1W; Haworth _ Fabric _ Tellure _ Ocean 3A-34,,"2' - 4 1/2""",,,,18 SF,0.33 CF,
1405931,Architecture,Furniture,Haworth_Maari_Chair_StarBase_WithTablet,S75 - Five Star Base - No Arms,L -1,,,,,,,,E2010,Fixed Furnishings,Haworth _ Paint _ Undecided _ Table; Haworth _ Laminate _ Undecided _ Tables; Haworth _ Paint _ Black; Haworth _ Polymer _ Water TR-1W; Haworth _ Fabric _ Tellure _ Ocean 3A-34,,"2' - 4 1/2""",,,,18 SF,0.33 CF,
1405989,Architecture,Furniture,Haworth_Maari_Chair_StarBase_WithTablet,S75 - Five Star Base - No Arms,L -1,,,,,,,,E2010,Fixed Furnishings,Haworth _ Paint _ Undecided _ Table; Haworth _ Laminate _ Undecided _ Tables; Haworth _ Paint _ Black; Haworth _ Polymer _ Water TR-1W; Haworth _ Fabric _ Tellure _ Ocean 3A-34,,"2' - 4 1/2""",,,,18 SF,0.33 CF,L -1 Zone 5
1405990,Architecture,Furniture,Haworth_Maari_Chair_StarBase_WithTablet,S75 - Five Star Base - No Arms,L -1,,,,,,,,E2010,Fixed Furnishings,Haworth _ Paint _ Undecided _ Table; Haworth _ Laminate _ Undecided _ Tables; Haworth _ Paint _ Black; Haworth _ Polymer _ Water TR-1W; Haworth _ Fabric _ Tellure _ Ocean 3A-34,,"2' - 4 1/2""",,,,18 SF,0.33 CF,L -1 Zone 5
1405991,Architecture,Furniture,Haworth_Maari_Chair_StarBase_WithTablet,S75 - Five Star Base - No Arms,L -1,,,,,,,,E2010,Fixed Furnishings,Haworth _ Paint _ Undecided _ Table; Haworth _ Laminate _ Undecided _ Tables; Haworth _ Paint _ Black; Haworth _ Polymer _ Water TR-1W; Haworth _ Fabric _ Tellure _ Ocean 3A-34,,"2' - 4 1/2""",,,,18 SF,0.33 CF,L -1 Zone 5
1405992,Architecture,Furniture,Haworth_Maari_Chair_StarBase_WithTablet,S75 - Five Star Base - No Arms,L -1,,,,,,,,E2010,Fixed Furnishings,Haworth _ Paint _ Undecided _ Table; Haworth _ Laminate _ Undecided _ Tables; Haworth _ Paint _ Black; Haworth _ Polymer _ Water TR-1W; Haworth _ Fabric _ Tellure _ Ocean 3A-34,,"2' - 4 1/2""",,,,18 SF,0.33 CF,L -1 Zone 5
1406000,Architecture,Furniture,Haworth_Maari_Chair_StarBase_WithTablet,S75 - Five Star Base - No Arms,L -1,,,,,,,,E2010,Fixed Furnishings,Haworth _ Paint _ Undecided _ Table; Haworth _ Laminate _ Undecided _ Tables; Haworth _ Paint _ Black; Haworth _ Polymer _ Water TR-1W; Haworth _ Fabric _ Tellure _ Ocean 3A-34,,"2' - 4 1/2""",,,,18 SF,0.33 CF,L -1 Zone 5
1406002,Architecture,Furniture,Haworth_Maari_Chair_StarBase_WithTablet,S75 - Five Star Base - No Arms,L -1,,,,,,,,E2010,Fixed Furnishings,Haworth _ Paint _ Undecided _ Table; Haworth _ Laminate _ Undecided _ Tables; Haworth _ Paint _ Black; Haworth _ Polymer _ Water TR-1W; Haworth _ Fabric _ Tellure _ Ocean 3A-34,,"2' - 4 1/2""",,,,18 SF,0.33 CF,L -1 Zone 5
1406003,Architecture,Furniture,Haworth_Maari_Chair_StarBase_WithTablet,S75 - Five Star Base - No Arms,L -1,,,,,,,,E2010,Fixed Furnishings,Haworth _ Paint _ Undecided _ Table; Haworth _ Laminate _ Undecided _ Tables; Haworth _ Paint _ Black; Haworth _ Polymer _ Water TR-1W; Haworth _ Fabric _ Tellure _ Ocean 3A-34,,"2' - 4 1/2""",,,,18 SF,0.33 CF,L -1 Zone 5
1406004,Architecture,Furniture,Haworth_Maari_Chair_StarBase_WithTablet,S75 - Five Star Base - No Arms,L -1,,,,,,,,E2010,Fixed Furnishings,Haworth _ Paint _ Undecided _ Table; Haworth _ Laminate _ Undecided _ Tables; Haworth _ Paint _ Black; Haworth _ Polymer _ Water TR-1W; Haworth _ Fabric _ Tellure _ Ocean 3A-34,,"2' - 4 1/2""",,,,18 SF,0.33 CF,L -1 Zone 5
1406103,Architecture,Furniture,Haworth_Maari_Chair_StarBase_WithTablet,S75 - Five Star Base - No Arms,L -1,,,,,,,,E2010,Fixed Furnishings,Haworth _ Paint _ Undecided _ Table; Haworth _ Laminate _ Undecided _ Tables; Haworth _ Paint _ Black; Haworth _ Polymer _ Water TR-1W; Haworth _ Fabric _ Tellure _ Ocean 3A-34,,"2' - 4 1/2""",,,,18 SF,0.33 CF,L -1 Zone 4
1406104,Architecture,Furniture,Haworth_Maari_Chair_StarBase_WithTablet,S75 - Five Star Base - No Arms,L -1,,,,,,,,E2010,Fixed Furnishings,Haworth _ Paint _ Undecided _ Table; Haworth _ Laminate _ Undecided _ Tables; Haworth _ Paint _ Black; Haworth _ Polymer _ Water TR-1W; Haworth _ Fabric _ Tellure _ Ocean 3A-34,,"2' - 4 1/2""",,,,18 SF,0.33 CF,L -1 Zone 4
1406105,Architecture,Furniture,Haworth_Maari_Chair_StarBase_WithTablet,S75 - Five Star Base - No Arms,L -1,,,,,,,,E2010,Fixed Furnishings,Haworth _ Paint _ Undecided _ Table; Haworth _ Laminate _ Undecided _ Tables; Haworth _ Paint _ Black; Haworth _ Polymer _ Water TR-1W; Haworth _ Fabric _ Tellure _ Ocean 3A-34,,"2' - 4 1/2""",,,,18 SF,0.33 CF,L -1 Zone 4
1406106,Architecture,Furniture,Haworth_Maari_Chair_StarBase_WithTablet,S75 - Five Star Base - No Arms,L -1,,,,,,,,E2010,Fixed Furnishings,Haworth _ Paint _ Undecided _ Table; Haworth _ Laminate _ Undecided _ Tables; Haworth _ Paint _ Black; Haworth _ Polymer _ Water TR-1W; Haworth _ Fabric _ Tellure _ Ocean 3A-34,,"2' - 4 1/2""",,,,18 SF,0.33 CF,L -1 Zone 4
1406107,Architecture,Furniture,Haworth_Maari_Chair_StarBase_WithTablet,S75 - Five Star Base - No Arms,L -1,,,,,,,,E2010,Fixed Furnishings,Haworth _ Paint _ Undecided _ Table; Haworth _ Laminate _ Undecided _ Tables; Haworth _ Paint _ Black; Haworth _ Polymer _ Water TR-1W; Haworth _ Fabric _ Tellure _ Ocean 3A-34,,"2' - 4 1/2""",,,,18 SF,0.33 CF,L -1 Zone 4
1406108,Architecture,Furniture,Haworth_Maari_Chair_StarBase_WithTablet,S75 - Five Star Base - No Arms,L -1,,,,,,,,E2010,Fixed Furnishings,Haworth _ Paint _ Undecided _ Table; Haworth _ Laminate _ Undecided _ Tables; Haworth _ Paint _ Black; Haworth _ Polymer _ Water TR-1W; Haworth _ Fabric _ Tellure _ Ocean 3A-34,,"2' - 4 1/2""",,,,18 SF,0.33 CF,L -1 Zone 4
1406109,Architecture,Furniture,Haworth_Maari_Chair_StarBase_WithTablet,S75 - Five Star Base - No Arms,L -1,,,,,,,,E2010,Fixed Furnishings,Haworth _ Paint _ Undecided _ Table; Haworth _ Laminate _ Undecided _ Tables; Haworth _ Paint _ Black; Haworth _ Polymer _ Water TR-1W; Haworth _ Fabric _ Tellure _ Ocean 3A-34,,"2' - 4 1/2""",,,,18 SF,0.33 CF,L -1 Zone 4
1406110,Architecture,Furniture,Haworth_Maari_Chair_StarBase_WithTablet,S75 - Five Star Base - No Arms,L -1,,,,,,,,E2010,Fixed Furnishings,Haworth _ Paint _ Undecided _ Table; Haworth _ Laminate _ Undecided _ Tables; Haworth _ Paint _ Black; Haworth _ Polymer _ Water TR-1W; Haworth _ Fabric _ Tellure _ Ocean 3A-34,,"2' - 4 1/2""",,,,18 SF,0.33 CF,L -1 Zone 4
1406111,Architecture,Furniture,Haworth_Maari_Chair_StarBase_WithTablet,S75 - Five Star Base - No Arms,L -1,,,,,,,,E2010,Fixed Furnishings,Haworth _ Paint _ Undecided _ Table; Haworth _ Laminate _ Undecided _ Tables; Haworth _ Paint _ Black; Haworth _ Polymer _ Water TR-1W; Haworth _ Fabric _ Tellure _ Ocean 3A-34,,"2' - 4 1/2""",,,,18 SF,0.33 CF,L -1 Zone 4
1406112,Architecture,Furniture,Haworth_Maari_Chair_StarBase_WithTablet,S75 - Five Star Base - No Arms,L -1,,,,,,,,E2010,Fixed Furnishings,Haworth _ Paint _ Undecided _ Table; Haworth _ Laminate _ Undecided _ Tables; Haworth _ Paint _ Black; Haworth _ Polymer _ Water TR-1W; Haworth _ Fabric _ Tellure _ Ocean 3A-34,,"2' - 4 1/2""",,,,18 SF,0.33 CF,L -1 Zone 4
1406113,Architecture,Furniture,Haworth_Maari_Chair_StarBase_WithTablet,S75 - Five Star Base - No Arms,L -1,,,,,,,,E2010,Fixed Furnishings,Haworth _ Paint _ Undecided _ Table; Haworth _ Laminate _ Undecided _ Tables; Haworth _ Paint _ Black; Haworth _ Polymer _ Water TR-1W; Haworth _ Fabric _ Tellure _ Ocean 3A-34,,"2' - 4 1/2""",,,,18 SF,0.33 CF,L -1 Zone 4
1406114,Architecture,Furniture,Haworth_Maari_Chair_StarBase_WithTablet,S75 - Five Star Base - No Arms,L -1,,,,,,,,E2010,Fixed Furnishings,Haworth _ Paint _ Undecided _ Table; Haworth _ Laminate _ Undecided _ Tables; Haworth _ Paint _ Black; Haworth _ Polymer _ Water TR-1W; Haworth _ Fabric _ Tellure _ Ocean 3A-34,,"2' - 4 1/2""",,,,18 SF,0.33 CF,L -1 Zone 4
1406115,Architecture,Furniture,Haworth_Maari_Chair_StarBase_WithTablet,S75 - Five Star Base - No Arms,L -1,,,,,,,,E2010,Fixed Furnishings,Haworth _ Paint _ Undecided _ Table; Haworth _ Laminate _ Undecided _ Tables; Haworth _ Paint _ Black; Haworth _ Polymer _ Water TR-1W; Haworth _ Fabric _ Tellure _ Ocean 3A-34,,"2' - 4 1/2""",,,,18 SF,0.33 CF,L -1 Zone 4
1406116,Architecture,Furniture,Haworth_Maari_Chair_StarBase_WithTablet,S75 - Five Star Base - No Arms,L -1,,,,,,,,E2010,Fixed Furnishings,Haworth _ Paint _ Undecided _ Table; Haworth _ Laminate _ Undecided _ Tables; Haworth _ Paint _ Black; Haworth _ Polymer _ Water TR-1W; Haworth _ Fabric _ Tellure _ Ocean 3A-34,,"2' - 4 1/2""",,,,18 SF,0.33 CF,L -1 Zone 4
1406117,Architecture,Furniture,Haworth_Maari_Chair_StarBase_WithTablet,S75 - Five Star Base - No Arms,L -1,,,,,,,,E2010,Fixed Furnishings,Haworth _ Paint _ Undecided _ Table; Haworth _ Laminate _ Undecided _ Tables; Haworth _ Paint _ Black; Haworth _ Polymer _ Water TR-1W; Haworth _ Fabric _ Tellure _ Ocean 3A-34,,"2' - 4 1/2""",,,,18 SF,0.33 CF,L -1 Zone 4
1406118,Architecture,Furniture,Haworth_Maari_Chair_StarBase_WithTablet,S75 - Five Star Base - No Arms,L -1,,,,,,,,E2010,Fixed Furnishings,Haworth _ Paint _ Undecided _ Table; Haworth _ Laminate _ Undecided _ Tables; Haworth _ Paint _ Black; Haworth _ Polymer _ Water TR-1W; Haworth _ Fabric _ Tellure _ Ocean 3A-34,,"2' - 4 1/2""",,,,18 SF,0.33 CF,L -1 Zone 4
1712519,Architecture,Furniture,Haworth_Maari_Chair_StarBase_WithTablet,S75 - Five Star Base - No Arms,L -1,,,,,,,,E2010,Fixed Furnishings,Haworth _ Paint _ Undecided _ Table; Haworth _ Laminate _ Undecided _ Tables; Haworth _ Paint _ Black; Haworth _ Polymer _ Water TR-1W; Haworth _ Fabric _ Tellure _ Ocean 3A-34,,"2' - 4 1/2""",,,,18 SF,0.33 CF,L -1 Zone 4
1712520,Architecture,Furniture,Haworth_Maari_Chair_StarBase_WithTablet,S75 - Five Star Base - No Arms,L -1,,,,,,,,E2010,Fixed Furnishings,Haworth _ Paint _ Undecided _ Table; Haworth _ Laminate _ Undecided _ Tables; Haworth _ Paint _ Black; Haworth _ Polymer _ Water TR-1W; Haworth _ Fabric _ Tellure _ Ocean 3A-34,,"2' - 4 1/2""",,,,18 SF,0.33 CF,L -1 Zone 4
1712521,Architecture,Furniture,Haworth_Maari_Chair_StarBase_WithTablet,S75 - Five Star Base - No Arms,L -1,,,,,,,,E2010,Fixed Furnishings,Haworth _ Paint _ Undecided _ Table; Haworth _ Laminate _ Undecided _ Tables; Haworth _ Paint _ Black; Haworth _ Polymer _ Water TR-1W; Haworth _ Fabric _ Tellure _ Ocean 3A-34,,"2' - 4 1/2""",,,,18 SF,0.33 CF,L -1 Zone 4
1712522,Architecture,Furniture,Haworth_Maari_Chair_StarBase_WithTablet,S75 - Five Star Base - No Arms,L -1,,,,,,,,E2010,Fixed Furnishings,Haworth _ Paint _ Undecided _ Table; Haworth _ Laminate _ Undecided _ Tables; Haworth _ Paint _ Black; Haworth _ Polymer _ Water TR-1W; Haworth _ Fabric _ Tellure _ Ocean 3A-34,,"2' - 4 1/2""",,,,18 SF,0.33 CF,L -1 Zone 4
1712523,Architecture,Furniture,Haworth_Maari_Chair_StarBase_WithTablet,S75 - Five Star Base - No Arms,L -1,,,,,,,,E2010,Fixed Furnishings,Haworth _ Paint _ Undecided _ Table; Haworth _ Laminate _ Undecided _ Tables; Haworth _ Paint _ Black; Haworth _ Polymer _ Water TR-1W; Haworth _ Fabric _ Tellure _ Ocean 3A-34,,"2' - 4 1/2""",,,,18 SF,0.33 CF,L -1 Zone 4
1712524,Architecture,Furniture,Haworth_Maari_Chair_StarBase_WithTablet,S75 - Five Star Base - No Arms,L -1,,,,,,,,E2010,Fixed Furnishings,Haworth _ Paint _ Undecided _ Table; Haworth _ Laminate _ Undecided _ Tables; Haworth _ Paint _ Black; Haworth _ Polymer _ Water TR-1W; Haworth _ Fabric _ Tellure _ Ocean 3A-34,,"2' - 4 1/2""",,,,18 SF,0.33 CF,L -1 Zone 4
1712525,Architecture,Furniture,Haworth_Maari_Chair_StarBase_WithTablet,S75 - Five Star Base - No Arms,L -1,,,,,,,,E2010,Fixed Furnishings,Haworth _ Paint _ Undecided _ Table; Haworth _ Laminate _ Undecided _ Tables; Haworth _ Paint _ Black; Haworth _ Polymer _ Water TR-1W; Haworth _ Fabric _ Tellure _ Ocean 3A-34,,"2' - 4 1/2""",,,,18 SF,0.33 CF,L -1 Zone 4
1712526,Architecture,Furniture,Haworth_Maari_Chair_StarBase_WithTablet,S75 - Five Star Base - No Arms,L -1,,,,,,,,E2010,Fixed Furnishings,Haworth _ Paint _ Undecided _ Table; Haworth _ Laminate _ Undecided _ Tables; Haworth _ Paint _ Black; Haworth _ Polymer _ Water TR-1W; Haworth _ Fabric _ Tellure _ Ocean 3A-34,,"2' - 4 1/2""",,,,18 SF,0.33 CF,L -1 Zone 4
1712572,Architecture,Furniture,Haworth_Maari_Chair_StarBase_WithTablet,S75 - Five Star Base - No Arms,L -1,,,,,,,,E2010,Fixed Furnishings,Haworth _ Paint _ Undecided _ Table; Haworth _ Laminate _ Undecided _ Tables; Haworth _ Paint _ Black; Haworth _ Polymer _ Water TR-1W; Haworth _ Fabric _ Tellure _ Ocean 3A-34,,"2' - 4 1/2""",,,,18 SF,0.33 CF,L -1 Zone 4
1712573,Architecture,Furniture,Haworth_Maari_Chair_StarBase_WithTablet,S75 - Five Star Base - No Arms,L -1,,,,,,,,E2010,Fixed Furnishings,Haworth _ Paint _ Undecided _ Table; Haworth _ Laminate _ Undecided _ Tables; Haworth _ Paint _ Black; Haworth _ Polymer _ Water TR-1W; Haworth _ Fabric _ Tellure _ Ocean 3A-34,,"2' - 4 1/2""",,,,18 SF,0.33 CF,L -1 Zone 4
1712574,Architecture,Furniture,Haworth_Maari_Chair_StarBase_WithTablet,S75 - Five Star Base - No Arms,L -1,,,,,,,,E2010,Fixed Furnishings,Haworth _ Paint _ Undecided _ Table; Haworth _ Laminate _ Undecided _ Tables; Haworth _ Paint _ Black; Haworth _ Polymer _ Water TR-1W; Haworth _ Fabric _ Tellure _ Ocean 3A-34,,"2' - 4 1/2""",,,,18 SF,0.33 CF,L -1 Zone 4
1712575,Architecture,Furniture,Haworth_Maari_Chair_StarBase_WithTablet,S75 - Five Star Base - No Arms,L -1,,,,,,,,E2010,Fixed Furnishings,Haworth _ Paint _ Undecided _ Table; Haworth _ Laminate _ Undecided _ Tables; Haworth _ Paint _ Black; Haworth _ Polymer _ Water TR-1W; Haworth _ Fabric _ Tellure _ Ocean 3A-34,,"2' - 4 1/2""",,,,18 SF,0.33 CF,L -1 Zone 4
1712576,Architecture,Furniture,Haworth_Maari_Chair_StarBase_WithTablet,S75 - Five Star Base - No Arms,L -1,,,,,,,,E2010,Fixed Furnishings,Haworth _ Paint _ Undecided _ Table; Haworth _ Laminate _ Undecided _ Tables; Haworth _ Paint _ Black; Haworth _ Polymer _ Water TR-1W; Haworth _ Fabric _ Tellure _ Ocean 3A-34,,"2' - 4 1/2""",,,,18 SF,0.33 CF,L -1 Zone 4
1712577,Architecture,Furniture,Haworth_Maari_Chair_StarBase_WithTablet,S75 - Five Star Base - No Arms,L -1,,,,,,,,E2010,Fixed Furnishings,Haworth _ Paint _ Undecided _ Table; Haworth _ Laminate _ Undecided _ Tables; Haworth _ Paint _ Black; Haworth _ Polymer _ Water TR-1W; Haworth _ Fabric _ Tellure _ Ocean 3A-34,,"2' - 4 1/2""",,,,18 SF,0.33 CF,L -1 Zone 4
1712578,Architecture,Furniture,Haworth_Maari_Chair_StarBase_WithTablet,S75 - Five Star Base - No Arms,L -1,,,,,,,,E2010,Fixed Furnishings,Haworth _ Paint _ Undecided _ Table; Haworth _ Laminate _ Undecided _ Tables; Haworth _ Paint _ Black; Haworth _ Polymer _ Water TR-1W; Haworth _ Fabric _ Tellure _ Ocean 3A-34,,"2' - 4 1/2""",,,,18 SF,0.33 CF,L -1 Zone 4
1712579,Architecture,Furniture,Haworth_Maari_Chair_StarBase_WithTablet,S75 - Five Star Base - No Arms,L -1,,,,,,,,E2010,Fixed Furnishings,Haworth _ Paint _ Undecided _ Table; Haworth _ Laminate _ Undecided _ Tables; Haworth _ Paint _ Black; Haworth _ Polymer _ Water TR-1W; Haworth _ Fabric _ Tellure _ Ocean 3A-34,,"2' - 4 1/2""",,,,18 SF,0.33 CF,L -1 Zone 4
1712580,Architecture,Furniture,Haworth_Maari_Chair_StarBase_WithTablet,S75 - Five Star Base - No Arms,L -1,,,,,,,,E2010,Fixed Furnishings,Haworth _ Paint _ Undecided _ Table; Haworth _ Laminate _ Undecided _ Tables; Haworth _ Paint _ Black; Haworth _ Polymer _ Water TR-1W; Haworth _ Fabric _ Tellure _ Ocean 3A-34,,"2' - 4 1/2""",,,,18 SF,0.33 CF,L -1 Zone 4
1712581,Architecture,Furniture,Haworth_Maari_Chair_StarBase_WithTablet,S75 - Five Star Base - No Arms,L -1,,,,,,,,E2010,Fixed Furnishings,Haworth _ Paint _ Undecided _ Table; Haworth _ Laminate _ Undecided _ Tables; Haworth _ Paint _ Black; Haworth _ Polymer _ Water TR-1W; Haworth _ Fabric _ Tellure _ Ocean 3A-34,,"2' - 4 1/2""",,,,18 SF,0.33 CF,L -1 Zone 4
1712582,Architecture,Furniture,Haworth_Maari_Chair_StarBase_WithTablet,S75 - Five Star Base - No Arms,L -1,,,,,,,,E2010,Fixed Furnishings,Haworth _ Paint _ Undecided _ Table; Haworth _ Laminate _ Undecided _ Tables; Haworth _ Paint _ Black; Haworth _ Polymer _ Water TR-1W; Haworth _ Fabric _ Tellure _ Ocean 3A-34,,"2' - 4 1/2""",,,,18 SF,0.33 CF,L -1 Zone 4
1712583,Architecture,Furniture,Haworth_Maari_Chair_StarBase_WithTablet,S75 - Five Star Base - No Arms,L -1,,,,,,,,E2010,Fixed Furnishings,Haworth _ Paint _ Undecided _ Table; Haworth _ Laminate _ Undecided _ Tables; Haworth _ Paint _ Black; Haworth _ Polymer _ Water TR-1W; Haworth _ Fabric _ Tellure _ Ocean 3A-34,,"2' - 4 1/2""",,,,18 SF,0.33 CF,L -1 Zone 4
1716839,Architecture,Furniture,Haworth_Maari_Chair_StarBase_WithTablet,S75 - Five Star Base - No Arms,L -1,,,,,,,,E2010,Fixed Furnishings,Haworth _ Paint _ Undecided _ Table; Haworth _ Laminate _ Undecided _ Tables; Haworth _ Paint _ Black; Haworth _ Polymer _ Water TR-1W; Haworth _ Fabric _ Tellure _ Ocean 3A-34,,"2' - 4 1/2""",,,,18 SF,0.33 CF,L -1 Zone 5
1716918,Architecture,Furniture,Haworth_Maari_Chair_StarBase_WithTablet,S75 - Five Star Base - No Arms,L -1,,,,,,,,E2010,Fixed Furnishings,Haworth _ Paint _ Undecided _ Table; Haworth _ Laminate _ Undecided _ Tables; Haworth _ Paint _ Black; Haworth _ Polymer _ Water TR-1W; Haworth _ Fabric _ Tellure _ Ocean 3A-34,,"2' - 4 1/2""",,,,18 SF,0.33 CF,L -1 Zone 5
1717016,Architecture,Furniture,Haworth_Maari_Chair_StarBase_WithTablet,S75 - Five Star Base - No Arms,L -1,,,,,,,,E2010,Fixed Furnishings,Haworth _ Paint _ Undecided _ Table; Haworth _ Laminate _ Undecided _ Tables; Haworth _ Paint _ Black; Haworth _ Polymer _ Water TR-1W; Haworth _ Fabric _ Tellure _ Ocean 3A-34,,"2' - 4 1/2""",,,,18 SF,0.33 CF,L -1 Zone 5
1717054,Architecture,Furniture,Haworth_Maari_Chair_StarBase_WithTablet,S75 - Five Star Base - No Arms,L -1,,,,,,,,E2010,Fixed Furnishings,Haworth _ Paint _ Undecided _ Table; Haworth _ Laminate _ Undecided _ Tables; Haworth _ Paint _ Black; Haworth _ Polymer _ Water TR-1W; Haworth _ Fabric _ Tellure _ Ocean 3A-34,,"2' - 4 1/2""",,,,18 SF,0.33 CF,
1717055,Architecture,Furniture,Haworth_Maari_Chair_StarBase_WithTablet,S75 - Five Star Base - No Arms,L -1,,,,,,,,E2010,Fixed Furnishings,Haworth _ Paint _ Undecided _ Table; Haworth _ Laminate _ Undecided _ Tables; Haworth _ Paint _ Black; Haworth _ Polymer _ Water TR-1W; Haworth _ Fabric _ Tellure _ Ocean 3A-34,,"2' - 4 1/2""",,,,18 SF,0.33 CF,L -1 Zone 5
1717056,Architecture,Furniture,Haworth_Maari_Chair_StarBase_WithTablet,S75 - Five Star Base - No Arms,L -1,,,,,,,,E2010,Fixed Furnishings,Haworth _ Paint _ Undecided _ Table; Haworth _ Laminate _ Undecided _ Tables; Haworth _ Paint _ Black; Haworth _ Polymer _ Water TR-1W; Haworth _ Fabric _ Tellure _ Ocean 3A-34,,"2' - 4 1/2""",,,,18 SF,0.33 CF,
1717057,Architecture,Furniture,Haworth_Maari_Chair_StarBase_WithTablet,S75 - Five Star Base - No Arms,L -1,,,,,,,,E2010,Fixed Furnishings,Haworth _ Paint _ Undecided _ Table; Haworth _ Laminate _ Undecided _ Tables; Haworth _ Paint _ Black; Haworth _ Polymer _ Water TR-1W; Haworth _ Fabric _ Tellure _ Ocean 3A-34,,"2' - 4 1/2""",,,,18 SF,0.33 CF,
1717097,Architecture,Furniture,Haworth_Maari_Chair_StarBase_WithTablet,S75 - Five Star Base - No Arms,L -1,,,,,,,,E2010,Fixed Furnishings,Haworth _ Paint _ Undecided _ Table; Haworth _ Laminate _ Undecided _ Tables; Haworth _ Paint _ Black; Haworth _ Polymer _ Water TR-1W; Haworth _ Fabric _ Tellure _ Ocean 3A-34,,"2' - 4 1/2""",,,,18 SF,0.33 CF,L -1 Zone 5
1717098,Architecture,Furniture,Haworth_Maari_Chair_StarBase_WithTablet,S75 - Five Star Base - No Arms,L -1,,,,,,,,E2010,Fixed Furnishings,Haworth _ Paint _ Undecided _ Table; Haworth _ Laminate _ Undecided _ Tables; Haworth _ Paint _ Black; Haworth _ Polymer _ Water TR-1W; Haworth _ Fabric _ Tellure _ Ocean 3A-34,,"2' - 4 1/2""",,,,18 SF,0.33 CF,L -1 Zone 5
1717099,Architecture,Furniture,Haworth_Maari_Chair_StarBase_WithTablet,S75 - Five Star Base - No Arms,L -1,,,,,,,,E2010,Fixed Furnishings,Haworth _ Paint _ Undecided _ Table; Haworth _ Laminate _ Undecided _ Tables; Haworth _ Paint _ Black; Haworth _ Polymer _ Water TR-1W; Haworth _ Fabric _ Tellure _ Ocean 3A-34,,"2' - 4 1/2""",,,,18 SF,0.33 CF,
1717100,Architecture,Furniture,Haworth_Maari_Chair_StarBase_WithTablet,S75 - Five Star Base - No Arms,L -1,,,,,,,,E2010,Fixed Furnishings,Haworth _ Paint _ Undecided _ Table; Haworth _ Laminate _ Undecided _ Tables; Haworth _ Paint _ Black; Haworth _ Polymer _ Water TR-1W; Haworth _ Fabric _ Tellure _ Ocean 3A-34,,"2' - 4 1/2""",,,,18 SF,0.33 CF,L -1 Zone 5
2010742,Architecture,Furniture,LR1172_Conjunto_Banheiro_Comercial_2,LR1172_Conjunto_Banheiro_Comercial_2,L -1,,,,,,,,D2010,Plumbing Fixtures,MARMORE; CROMADO; ESPELHO; Porcelana - Linho,,,,,,189 SF,8.82 CF,L -1 Zone 3
2010844,Architecture,Furniture,LR1172_Conjunto_Banheiro_Comercial_2,LR1172_Conjunto_Banheiro_Comercial_2,L -1,,,,,,,,D2010,Plumbing Fixtures,MARMORE; CROMADO; ESPELHO; Porcelana - Linho,,,,,,189 SF,8.82 CF,L -1 Zone 3
1707759,Architecture,Furniture,Supermarket fridge Revit - Bimshares.com,Supermarket fridge Revit - Bimshares.com,L -1,,,,,,,,,,"Glass - White, High Luminance; Métal - Chrome; Peinture - White - Bright; Transparent plastic - Rougth",,,,,,100 SF,16.04 CF,L -1 Zone 1
1708038,Architecture,Furniture,Supermarket fridge Revit - Bimshares.com,Supermarket fridge Revit - Bimshares.com,L -1,,,,,,,,,,"Glass - White, High Luminance; Métal - Chrome; Peinture - White - Bright; Transparent plastic - Rougth",,,,,,100 SF,16.04 CF,L -1 Zone 1
1413055,Architecture,Furniture,Table - Dining w Chairs (1),900mm Diameter,L -1,,,,,,,,E2010,Fixed Furnishings,"Wood - Pine; Laminate - Linen,Matte",,,"2' - 5 29/32""",,,14 SF,1.32 CF,
1413116,Architecture,Furniture,Table - Dining w Chairs (1),900mm Diameter,L -1,,,,,,,,E2010,Fixed Furnishings,"Wood - Pine; Laminate - Linen,Matte",,,"2' - 5 29/32""",,,14 SF,1.32 CF,
1413241,Architecture,Furniture,Table - Dining w Chairs (1),900mm Diameter,L -1,,,,,,,,E2010,Fixed Furnishings,"Wood - Pine; Laminate - Linen,Matte",,,"2' - 5 29/32""",,,14 SF,1.32 CF,
1545035,Architecture,Furniture,Table - Dining w Chairs (1),900mm Diameter,L -1,,,,,,,,E2010,Fixed Furnishings,"Wood - Pine; Laminate - Linen,Matte",,,"2' - 5 29/32""",,,14 SF,1.32 CF,
1545089,Architecture,Furniture,Table - Dining w Chairs (1),900mm Diameter,L -1,,,,,,,,E2010,Fixed Furnishings,"Wood - Pine; Laminate - Linen,Matte",,,"2' - 5 29/32""",,,14 SF,1.32 CF,
1545135,Architecture,Furniture,Table - Dining w Chairs (1),900mm Diameter,L -1,,,,,,,,E2010,Fixed Furnishings,"Wood - Pine; Laminate - Linen,Matte",,,"2' - 5 29/32""",,,14 SF,1.32 CF,
1609124,Architecture,Furniture,Table - Dining w Chairs (1),900mm Diameter,L -1,,,,,,,,E2010,Fixed Furnishings,"Wood - Pine; Laminate - Linen,Matte",,,"2' - 5 29/32""",,,14 SF,1.32 CF,
1609168,Architecture,Furniture,Table - Dining w Chairs (1),900mm Diameter,L -1,,,,,,,,E2010,Fixed Furnishings,"Wood - Pine; Laminate - Linen,Matte",,,"2' - 5 29/32""",,,14 SF,1.32 CF,
1710678,Architecture,Generic Models,Folding_Wall_-_One_Side_-_Single_Panel_2349,"28'-7""W x 15'-0""H 2",L -1,,,,,,,,,,,,,,,,349 SF,53.10 CF,L -1 Zone 4
1713941,Architecture,Generic Models,Folding_Wall_-_One_Side_-_Single_Panel_2349_CLOSED,"26'-8""W x 9'-0""H",L -1,,,,,,,,,,,,,,,,342 SF,52.01 CF,L -1 Zone 5
1951705,Architecture,Generic Models,Folding_Wall_-_One_Side_-_Single_Panel_2349_CLOSED,"26'-8""W x 9'-0""H",L -1,,,,,,,,,,,,,,,,342 SF,52.01 CF,L -1 Zone 5
1705138,Architecture,Generic Models,MODEL-ACL810,MODEL-ACL810,L -1,,,,,,,,,,Rockworth - Aluminium - Silver; Rockworth - Melamine - AVIGNION-(MV); Rockworth - Melamine - OAK-69A-(MO); Rockworth - Nylon - Black,,"2' - 7 1/2""","2' - 9 11/32""",,"1' - 3 3/4""",32 SF,2.01 CF,L -1 Zone 1
1706254,Architecture,Generic Models,MODEL-ACL810,MODEL-ACL810,L -1,,,,,,,,,,Rockworth - Aluminium - Silver; Rockworth - Melamine - AVIGNION-(MV); Rockworth - Melamine - OAK-69A-(MO); Rockworth - Nylon - Black,,"2' - 7 1/2""","2' - 9 11/32""",,"1' - 3 3/4""",32 SF,2.01 CF,L -1 Zone 1
1706299,Architecture,Generic Models,MODEL-ACL810,MODEL-ACL810,L -1,,,,,,,,,,Rockworth - Aluminium - Silver; Rockworth - Melamine - AVIGNION-(MV); Rockworth - Melamine - OAK-69A-(MO); Rockworth - Nylon - Black,,"2' - 7 1/2""","2' - 9 11/32""",,"1' - 3 3/4""",32 SF,2.01 CF,L -1 Zone 1
1706300,Architecture,Generic Models,MODEL-ACL810,MODEL-ACL810,L -1,,,,,,,,,,Rockworth - Aluminium - Silver; Rockworth - Melamine - AVIGNION-(MV); Rockworth - Melamine - OAK-69A-(MO); Rockworth - Nylon - Black,,"2' - 7 1/2""","2' - 9 11/32""",,"1' - 3 3/4""",32 SF,2.01 CF,L -1 Zone 1
1706358,Architecture,Generic Models,MODEL-ACL810,MODEL-ACL810,L -1,,,,,,,,,,Rockworth - Aluminium - Silver; Rockworth - Melamine - AVIGNION-(MV); Rockworth - Melamine - OAK-69A-(MO); Rockworth - Nylon - Black,,"2' - 7 1/2""","2' - 9 11/32""",,"1' - 3 3/4""",32 SF,2.01 CF,L -1 Zone 1
1706423,Architecture,Generic Models,MODEL-ACL810,MODEL-ACL810,L -1,,,,,,,,,,Rockworth - Aluminium - Silver; Rockworth - Melamine - AVIGNION-(MV); Rockworth - Melamine - OAK-69A-(MO); Rockworth - Nylon - Black,,"2' - 7 1/2""","2' - 9 11/32""",,"1' - 3 3/4""",32 SF,2.01 CF,L -1 Zone 1
1706424,Architecture,Generic Models,MODEL-ACL810,MODEL-ACL810,L -1,,,,,,,,,,Rockworth - Aluminium - Silver; Rockworth - Melamine - AVIGNION-(MV); Rockworth - Melamine - OAK-69A-(MO); Rockworth - Nylon - Black,,"2' - 7 1/2""","2' - 9 11/32""",,"1' - 3 3/4""",32 SF,2.01 CF,L -1 Zone 1
1789679,Architecture,Stairs,,Monolithic Stair,L -1,L -1,L 1,,,,,,,,"Concrete, Cast-in-Place gray",,,,,,,,
1793174,Architecture,Stairs,,Monolithic Stair,L -1,L -1,L 0,,,,,,,,"Concrete, Cast-in-Place gray",,,,,,,,
1511240,Architecture,Stairs,,Stair-Metal-Plate Stringer,L -1,L -1,L 0,,,,,,,,"Steel, Paint Finish, Dark Gray",,,,,,,,
1636759,Architecture,Stairs,,Stair-Metal-Plate Stringer,L -1,L -1,L 0,,,,,,,,"Steel, Paint Finish, Dark Gray",,,,,,,,
627659,Architecture,Walls,,"Bamboo- 8""",L -1,,,,,,,,B10,Superstructure,Structural Bamboo (CLB),,"0' - 8""",,"13' - 0""",,546 SF,364.00 CF,
628147,Architecture,Walls,,"Bamboo- 8""",L -1,,,,,,,,B10,Superstructure,Structural Bamboo (CLB),,"0' - 8""",,"10' - 0""",,420 SF,280.00 CF,L -1 Zone 1
628386,Architecture,Walls,,"Bamboo- 8""",L -1,,,,,,,,B10,Superstructure,Structural Bamboo (CLB),,"0' - 8""",,"10' - 0""",,420 SF,280.00 CF,
628399,Architecture,Walls,,"Bamboo- 8""",L -1,,,,,,,,B10,Superstructure,Structural Bamboo (CLB),,"0' - 8""",,"10' - 0""",,415 SF,276.67 CF,
628402,Architecture,Walls,,"Bamboo- 8""",L -1,,,,,,,,B10,Superstructure,Structural Bamboo (CLB),,"0' - 8""",,"10' - 0""",,415 SF,276.67 CF,L -1 Zone 1
642502,Architecture,Walls,,"Bamboo- 8""",L -1,,,,,,,,B10,Superstructure,Structural Bamboo (CLB),,"0' - 8""",,"13' - 4""",,560 SF,373.33 CF,
643659,Architecture,Walls,,"Bamboo- 8""",L -1,,,,,,,,B10,Superstructure,Structural Bamboo (CLB),,"0' - 8""",,"10' - 0""",,418 SF,278.35 CF,L -1 Zone 1
652180,Architecture,Walls,,"Bamboo- 8""",L -1,,,,,,,,B10,Superstructure,Structural Bamboo (CLB),,"0' - 8""",,"7' - 6""",,315 SF,210.00 CF,
653366,Architecture,Walls,,"Bamboo- 8""",L -1,,,,,,,,B10,Superstructure,Structural Bamboo (CLB),,"0' - 8""",,"7' - 6""",,315 SF,210.00 CF,L -1 Zone 4
653505,Architecture,Walls,,"Bamboo- 8""",L -1,,,,,,,,B10,Superstructure,Structural Bamboo (CLB),,"0' - 8""",,"7' - 6""",,315 SF,210.00 CF,
654074,Architecture,Walls,,"Bamboo- 8""",L -1,,,,,,,,B10,Superstructure,Structural Bamboo (CLB),,"0' - 8""",,"7' - 6""",,315 SF,210.00 CF,
655203,Architecture,Walls,,"Bamboo- 8""",L -1,,,,,,,,B10,Superstructure,Structural Bamboo (CLB),,"0' - 8""",,"7' - 6""",,315 SF,210.00 CF,
655593,Architecture,Walls,,"Bamboo- 8""",L -1,,,,,,,,B10,Superstructure,Structural Bamboo (CLB),,"0' - 8""",,"10' - 0""",,420 SF,280.00 CF,
1790732,Architecture,Walls,,"Concrete 8"" DNC",L -1,,,,,,,,,,"Concrete, Cast-in-Place gray",,"0' - 8""",,"25' - 4""",,380 SF,253.33 CF,
1404538,Architecture,Walls,,"Generic - 8"" - BASEMENT",L -1,,,,,,,,A2020,Basement Walls,Default Wall,,"0' - 8""",,"13' - 5 1/4""",,195 SF,129.90 CF,
2184865,Architecture,Walls,,"Generic - 8"" - BASEMENT",L -1,,,,,,,,A2020,Basement Walls,Default Wall,,"0' - 8""",,"13' - 4 1/2""",,194 SF,129.29 CF,
2184993,Architecture,Walls,,"Generic - 8"" - BASEMENT",L -1,,,,,,,,A2020,Basement Walls,Default Wall,,"0' - 8""",,"13' - 4 1/2""",,194 SF,129.29 CF,
2185404,Architecture,Walls,,"Generic - 8"" - BASEMENT",L -1,,,,,,,,A2020,Basement Walls,Default Wall,,"0' - 8""",,"13' - 4 1/2""",,194 SF,129.29 CF,
2185605,Architecture,Walls,,"Generic - 8"" - BASEMENT",L -1,,,,,,,,A2020,Basement Walls,Default Wall,,"0' - 8""",,"13' - 4 1/2""",,194 SF,129.29 CF,
1403659,Architecture,Walls,,"Generic - 8"" - EXTERIOR",L -1,,,,,,,,B2010,Exterior Walls,Default Wall,,"0' - 8""",,"17' - 9""",,125 SF,83.61 CF,
1516212,Architecture,Walls,,"Generic - 8"" - EXTERIOR",L -1,,,,,,,,B2010,Exterior Walls,Default Wall,,"0' - 8""",,"34' - 6 19/32""",,413 SF,275.06 CF,
1642597,Architecture,Walls,,"Generic - 8"" - EXTERIOR",L -1,,,,,,,,B2010,Exterior Walls,Default Wall,,"0' - 8""",,"0' - 9 3/4""",,44 SF,29.39 CF,L -1 Zone 1
1774968,Architecture,Walls,,"Generic - 8"" - EXTERIOR",L -1,,,,,,,,B2010,Exterior Walls,Default Wall,,"0' - 8""",,"0' - 10 1/4""",,36 SF,23.92 CF,
1781235,Architecture,Walls,,"Generic - 8"" - EXTERIOR",L -1,,,,,,,,B2010,Exterior Walls,Default Wall,,"0' - 8""",,"13' - 4 1/2""",,89 SF,59.07 CF,L -1 Zone 4
1781357,Architecture,Walls,,"Generic - 8"" - EXTERIOR",L -1,,,,,,,,B2010,Exterior Walls,Default Wall,,"0' - 8""",,"13' - 4 1/2""",,129 SF,85.75 CF,L -1 Zone 4
1944229,Architecture,Walls,,"Generic - 8"" - EXTERIOR",L -1,,,,,,,,B2010,Exterior Walls,Default Wall,,"0' - 8""",,"13' - 4 1/2""",,95 SF,63.53 CF,L -1 Zone 5
1944285,Architecture,Walls,,"Generic - 8"" - EXTERIOR",L -1,,,,,,,,B2010,Exterior Walls,Default Wall,,"0' - 8""",,"13' - 4 1/2""",,122 SF,81.29 CF,L -1 Zone 5
1944371,Architecture,Walls,,"Generic - 8"" - EXTERIOR",L -1,,,,,,,,B2010,Exterior Walls,Default Wall,,"0' - 8""",,"13' - 4 1/2""",,90 SF,60.07 CF,L -1 Zone 5
2000202,Architecture,Walls,,"Generic - 8"" - EXTERIOR",L -1,,,,,,,,B2010,Exterior Walls,Default Wall,,"0' - 8""",,"13' - 11 1/4""",,141 SF,93.83 CF,L -1 Zone 2
2000241,Architecture,Walls,,"Generic - 8"" - EXTERIOR",L -1,,,,,,,,B2010,Exterior Walls,Default Wall,,"0' - 8""",,"14' - 6""",,171 SF,113.72 CF,L -1 Zone 2
1407241,Architecture,Walls,,"Generic - 8"" - INTERIOR",L -1,,,,,,,,C1010,Partitions,Default Wall,,"0' - 8""",,"5' - 7""",,49 SF,32.68 CF,
1407928,Architecture,Walls,,"Generic - 8"" - INTERIOR",L -1,,,,,,,,C1010,Partitions,Default Wall,,"0' - 8""",,"19' - 7 1/4""",,255 SF,169.90 CF,
1515329,Architecture,Walls,,"Generic - 8"" - INTERIOR",L -1,,,,,,,,C1010,Partitions,Default Wall,,"0' - 8""",,"14' - 3 1/4""",,175 SF,116.56 CF,
1515333,Architecture,Walls,,"Generic - 8"" - INTERIOR",L -1,,,,,,,,C1010,Partitions,Default Wall,,"0' - 8""",,"9' - 8 3/4""",,136 SF,90.82 CF,L -1 Zone 1
1515334,Architecture,Walls,,"Generic - 8"" - INTERIOR",L -1,,,,,,,,C1010,Partitions,Default Wall,,"0' - 8""",,"4' - 7 13/32""",,62 SF,41.41 CF,L -1 Zone 1
1516005,Architecture,Walls,,"Generic - 8"" - INTERIOR",L -1,,,,,,,,C1010,Partitions,Default Wall,,"0' - 8""",,"13' - 11 1/4""",,206 SF,137.62 CF,L -1 Zone 1
1516683,Architecture,Walls,,"Generic - 8"" - INTERIOR",L -1,,,,,,,,C1010,Partitions,Default Wall,,"0' - 8""",,"9' - 3 5/32""",,80 SF,53.22 CF,L -1 Zone 1
1516723,Architecture,Walls,,"Generic - 8"" - INTERIOR",L -1,,,,,,,,C1010,Partitions,Default Wall,,"0' - 8""",,"29' - 0""",,89 SF,59.33 CF,L -1 Zone 1
1537404,Architecture,Walls,,"Generic - 8"" - INTERIOR",L -1,,,,,,,,C1010,Partitions,Default Wall,,"0' - 8""",,"6' - 9 1/2""",,103 SF,68.88 CF,
1537528,Architecture,Walls,,"Generic - 8"" - INTERIOR",L -1,,,,,,,,C1010,Partitions,Default Wall,,"0' - 8""",,"4' - 0 5/8""",,49 SF,32.74 CF,L -1 Zone 3
1537901,Architecture,Walls,,"Generic - 8"" - INTERIOR",L -1,,,,,,,,C1010,Partitions,Default Wall,,"0' - 8""",,"3' - 4 1/8""",,39 SF,26.09 CF,L -1 Zone 3
1610794,Architecture,Walls,,"Generic - 8"" - INTERIOR",L -1,,,,,,,,C1010,Partitions,Default Wall,,"0' - 8""",,"14' - 8 3/4""",,204 SF,135.94 CF,L -1 Zone 3
1630868,Architecture,Walls,,"Generic - 8"" - INTERIOR",L -1,,,,,,,,C1010,Partitions,Default Wall,,"0' - 8""",,"8' - 0 19/32""",,112 SF,74.58 CF,L -1 Zone 1
1631433,Architecture,Walls,,"Generic - 8"" - INTERIOR",L -1,,,,,,,,C1010,Partitions,Default Wall,,"0' - 8""",,"4' - 11 13/32""",,70 SF,46.94 CF,L -1 Zone 1
1633116,Architecture,Walls,,"Generic - 8"" - INTERIOR",L -1,,,,,,,,C1010,Partitions,Default Wall,,"0' - 8""",,"9' - 8 3/4""",,136 SF,90.82 CF,L -1 Zone 1
1634227,Architecture,Walls,,"Generic - 8"" - INTERIOR",L -1,,,,,,,,C1010,Partitions,Default Wall,,"0' - 8""",,"7' - 8 19/32""",,112 SF,74.58 CF,L -1 Zone 1
1634397,Architecture,Walls,,"Generic - 8"" - INTERIOR",L -1,,,,,,,,C1010,Partitions,Default Wall,,"0' - 8""",,"5' - 1 1/2""",,30 SF,20.23 CF,L -1 Zone 1
1675286,Architecture,Walls,,"Generic - 8"" - INTERIOR",L -1,,,,,,,,C1010,Partitions,Default Wall,,"0' - 8""",,"6' - 4""",,85 SF,56.67 CF,L -1 Zone 1
1695664,Architecture,Walls,,"Generic - 8"" - INTERIOR",L -1,,,,,,,,C1010,Partitions,Default Wall,,"0' - 8""",,"6' - 0""",,55 SF,36.76 CF,L -1 Zone 1
1773818,Architecture,Walls,,"Generic - 8"" - INTERIOR",L -1,,,,,,,,C1010,Partitions,Default Wall,,"0' - 8""",,"1' - 8 1/4""",,24 SF,16.31 CF,
1773993,Architecture,Walls,,"Generic - 8"" - INTERIOR",L -1,,,,,,,,C1010,Partitions,Default Wall,,"0' - 8""",,"1' - 8 1/4""",,24 SF,16.31 CF,
1774763,Architecture,Walls,,"Generic - 8"" - INTERIOR",L -1,,,,,,,,C1010,Partitions,Default Wall,,"0' - 8""",,"0' - 11 1/4""",,14 SF,9.06 CF,
1775440,Architecture,Walls,,"Generic - 8"" - INTERIOR",L -1,,,,,,,,C1010,Partitions,Default Wall,,"0' - 8""",,"7' - 8 13/16""",,112 SF,74.76 CF,L -1 Zone 3
1777575,Architecture,Walls,,"Generic - 8"" - INTERIOR",L -1,,,,,,,,C1010,Partitions,Default Wall,,"0' - 8""",,"0' - 10 1/4""",,12 SF,8.26 CF,
1779421,Architecture,Walls,,"Generic - 8"" - INTERIOR",L -1,,,,,,,,C1010,Partitions,Default Wall,,"0' - 8""",,"2' - 5 1/4""",,35 SF,23.56 CF,
1779738,Architecture,Walls,,"Generic - 8"" - INTERIOR",L -1,,,,,,,,C1010,Partitions,Default Wall,,"0' - 8""",,"4' - 11 11/16""",,72 SF,48.09 CF,
1779997,Architecture,Walls,,"Generic - 8"" - INTERIOR",L -1,,,,,,,,C1010,Partitions,Default Wall,,"0' - 8""",,"7' - 8 13/16""",,112 SF,74.76 CF,
1943499,Architecture,Walls,,"Generic - 8"" - INTERIOR",L -1,,,,,,,,C1010,Partitions,Default Wall,,"0' - 8""",,"5' - 0 1/4""",,73 SF,48.53 CF,
1943544,Architecture,Walls,,"Generic - 8"" - INTERIOR",L -1,,,,,,,,C1010,Partitions,Default Wall,,"0' - 8""",,"0' - 10 1/4""",,13 SF,8.54 CF,
1943574,Architecture,Walls,,"Generic - 8"" - INTERIOR",L -1,,,,,,,,C1010,Partitions,Default Wall,,"0' - 8""",,"0' - 10 1/4""",,12 SF,8.26 CF,
1943630,Architecture,Walls,,"Generic - 8"" - INTERIOR",L -1,,,,,,,,C1010,Partitions,Default Wall,,"0' - 8""",,"13' - 4 1/2""",,130 SF,86.70 CF,
1943683,Architecture,Walls,,"Generic - 8"" - INTERIOR",L -1,,,,,,,,C1010,Partitions,Default Wall,,"0' - 8""",,"0' - 10 1/4""",,13 SF,8.54 CF,L -1 Zone 4
1943723,Architecture,Walls,,"Generic - 8"" - INTERIOR",L -1,,,,,,,,C1010,Partitions,Default Wall,,"0' - 8""",,"5' - 0 1/4""",,73 SF,48.53 CF,
1943755,Architecture,Walls,,"Generic - 8"" - INTERIOR",L -1,,,,,,,,C1010,Partitions,Default Wall,,"0' - 8""",,"0' - 10 1/4""",,12 SF,8.26 CF,
1943797,Architecture,Walls,,"Generic - 8"" - INTERIOR",L -1,,,,,,,,C1010,Partitions,Default Wall,,"0' - 8""",,"5' - 0 1/4""",,41 SF,27.24 CF,
1967723,Architecture,Walls,,"Generic - 8"" - INTERIOR",L -1,,,,,,,,C1010,Partitions,Default Wall,,"0' - 8""",,"14' - 4 3/4""",,204 SF,135.94 CF,L -1 Zone 3
1971369,Architecture,Walls,,"Generic - 8"" - INTERIOR",L -1,,,,,,,,C1010,Partitions,Default Wall,,"0' - 8""",,"10' - 1 1/4""",,137 SF,91.23 CF,L -1 Zone 3
1992218,Architecture,Walls,,"Generic - 8"" - INTERIOR",L -1,,,,,,,,C1010,Partitions,Default Wall,,"0' - 8""",,"14' - 8 3/4""",,204 SF,135.94 CF,L -1 Zone 3
1992635,Architecture,Walls,,"Generic - 8"" - INTERIOR",L -1,,,,,,,,C1010,Partitions,Default Wall,,"0' - 8""",,"0' - 10 1/4""",,11 SF,7.40 CF,
1993388,Architecture,Walls,,"Generic - 8"" - INTERIOR",L -1,,,,,,,,C1010,Partitions,Default Wall,,"0' - 8""",,"1' - 6""",,17 SF,11.28 CF,L -1 Zone 3
2179040,Architecture,Walls,,"Generic - 8"" - INTERIOR",L -1,,,,,,,,C1010,Partitions,Default Wall,,"0' - 8""",,"53' - 0 1/8""",,585 SF,389.81 CF,
1516246,Architecture,Walls,,"Generic - 8"" DNC",L -1,,,,,,,,,,Default Wall,,"0' - 8""",,"28' - 9""",,374 SF,249.17 CF,
1615046,Architecture,Walls,,"Generic - 8"" DNC",L -1,,,,,,,,,,Default Wall,,"0' - 8""",,"14' - 8 3/4""",,187 SF,124.76 CF,
1675374,Architecture,Walls,,"Generic - 8"" DNC",L -1,,,,,,,,,,Default Wall,,"0' - 8""",,"14' - 5 21/32""",,184 SF,122.54 CF,L -1 Zone 1
1796307,Architecture,Walls,,"Generic - 8"" DNC",L -1,,,,,,,,,,Default Wall,,"0' - 8""",,"42' - 8 3/4""",,603 SF,401.77 CF,
617799,Architecture,Walls,,"Retaining - 6"" Concrete",L -1,,,,,,,,,,"Concrete, Normal Weight - 4 ksi",,"0' - 6""",,"58' - 0""",,1102 SF,551.00 CF,
1944466,Architecture,Walls,,Storefront - EXTERIOR ISLAND,L -1,,,,,,,,B2010,Exterior Walls,,,,,"13' - 2""",,105 SF,,L -1 Zone 5
1944945,Architecture,Walls,,Storefront - EXTERIOR ISLAND,L -1,,,,,,,,B2010,Exterior Walls,,,,,"6' - 6 1/2""",,52 SF,,L -1 Zone 5
1945027,Architecture,Walls,,Storefront - EXTERIOR ISLAND,L -1,,,,,,,,B2010,Exterior Walls,,,,,"6' - 5 1/4""",,52 SF,,L -1 Zone 4
1945117,Architecture,Walls,,Storefront - EXTERIOR ISLAND,L -1,,,,,,,,B2010,Exterior Walls,,,,,"13' - 2""",,105 SF,,L -1 Zone 4
1945336,Architecture,Walls,,Storefront - EXTERIOR ISLAND,L -1,,,,,,,,B2010,Exterior Walls,,,,,"9' - 0""",,72 SF,,L -1 Zone 4
1945644,Architecture,Walls,,Storefront - EXTERIOR ISLAND,L -1,,,,,,,,B2010,Exterior Walls,,,,,"9' - 0""",,72 SF,,L -1 Zone 5
1946440,Architecture,Walls,,Storefront - EXTERIOR ISLAND,L -1,,,,,,,,B2010,Exterior Walls,,,,,"13' - 2""",,105 SF,,
1721556,Architecture,Curtain Panels,System Panel,Glazed,L 0,,,,,,,,,,Glass,,"4' - 0""","7' - 8 1/4""",,"0' - 1""",31 SF,2.56 CF,
1721567,Architecture,Curtain Panels,System Panel,Glazed,L 0,,,,,,,,,,Glass,,"4' - 1 1/4""","7' - 8 1/4""",,"0' - 1""",32 SF,2.63 CF,
1721569,Architecture,Curtain Panels,System Panel,Glazed,L 0,,,,,,,,,,Glass,,"4' - 1 1/4""","7' - 8 1/4""",,"0' - 1""",32 SF,2.63 CF,
1721571,Architecture,Curtain Panels,System Panel,Glazed,L 0,,,,,,,,,,Glass,,"4' - 0""","7' - 8 1/4""",,"0' - 1""",31 SF,2.56 CF,
1721581,Architecture,Curtain Panels,System Panel,Glazed,L 0,,,,,,,,,,Glass,,"4' - 0""","7' - 9 1/2""",,"0' - 1""",31 SF,2.60 CF,
1721582,Architecture,Curtain Panels,System Panel,Glazed,L 0,,,,,,,,,,Glass,,"4' - 1 1/4""","7' - 9 1/2""",,"0' - 1""",32 SF,2.66 CF,
1721583,Architecture,Curtain Panels,System Panel,Glazed,L 0,,,,,,,,,,Glass,,"4' - 1 1/4""","7' - 9 1/2""",,"0' - 1""",32 SF,2.66 CF,
1721584,Architecture,Curtain Panels,System Panel,Glazed,L 0,,,,,,,,,,Glass,,"4' - 0""","7' - 9 1/2""",,"0' - 1""",31 SF,2.60 CF,
1778123,Architecture,Curtain Panels,System Panel,Glazed,L 0,,,,,,,,,,Glass,,"4' - 1 11/32""","7' - 7""",,"0' - 1""",31 SF,2.60 CF,L 0 Zone 4
1778128,Architecture,Curtain Panels,System Panel,Glazed,L 0,,,,,,,,,,Glass,,"4' - 2 19/32""","7' - 7""",,"0' - 1""",32 SF,2.66 CF,L 0 Zone 4
1778130,Architecture,Curtain Panels,System Panel,Glazed,L 0,,,,,,,,,,Glass,,"4' - 1 11/32""","7' - 7""",,"0' - 1""",31 SF,2.60 CF,L 0 Zone 4
1787152,Architecture,Curtain Panels,System Panel,Glazed,L 0,,,,,,,,,,Glass,,"3' - 11 5/16""","7' - 8 1/4""",,"0' - 1""",30 SF,2.53 CF,
1787157,Architecture,Curtain Panels,System Panel,Glazed,L 0,,,,,,,,,,Glass,,"4' - 0 9/16""","7' - 8 1/4""",,"0' - 1""",31 SF,2.59 CF,
1787159,Architecture,Curtain Panels,System Panel,Glazed,L 0,,,,,,,,,,Glass,,"4' - 0 9/16""","7' - 8 1/4""",,"0' - 1""",31 SF,2.59 CF,
1787161,Architecture,Curtain Panels,System Panel,Glazed,L 0,,,,,,,,,,Glass,,"3' - 11 5/16""","7' - 8 1/4""",,"0' - 1""",30 SF,2.53 CF,
1787163,Architecture,Curtain Panels,System Panel,Glazed,L 0,,,,,,,,,,Glass,,"3' - 11 5/16""","7' - 9 1/2""",,"0' - 1""",31 SF,2.56 CF,
1787164,Architecture,Curtain Panels,System Panel,Glazed,L 0,,,,,,,,,,Glass,,"4' - 0 9/16""","7' - 9 1/2""",,"0' - 1""",32 SF,2.63 CF,
1787165,Architecture,Curtain Panels,System Panel,Glazed,L 0,,,,,,,,,,Glass,,"4' - 0 9/16""","7' - 9 1/2""",,"0' - 1""",32 SF,2.63 CF,
1787166,Architecture,Curtain Panels,System Panel,Glazed,L 0,,,,,,,,,,Glass,,"3' - 11 5/16""","7' - 9 1/2""",,"0' - 1""",31 SF,2.56 CF,
1789250,Architecture,Curtain Panels,System Panel,Glazed,L 0,,,,,,,,,,Glass,,"4' - 1 27/32""","7' - 8 1/4""",,"0' - 1""",32 SF,2.66 CF,
1789255,Architecture,Curtain Panels,System Panel,Glazed,L 0,,,,,,,,,,Glass,,"4' - 1 27/32""","6' - 8 1/4""",,"0' - 1""",28 SF,2.31 CF,
1789372,Architecture,Curtain Panels,System Panel,Glazed,L 0,,,,,,,,,,Glass,,"3' - 7""","7' - 8 1/4""",,"0' - 1""",28 SF,2.30 CF,
1789377,Architecture,Curtain Panels,System Panel,Glazed,L 0,,,,,,,,,,Glass,,"3' - 7""","6' - 8 1/4""",,"0' - 1""",24 SF,2.00 CF,
1918001,Architecture,Curtain Panels,System Panel,Glazed,L 0,,,,,,,,,,Glass,,"3' - 11 5/16""","4' - 8 1/4""",,"0' - 1""",18 SF,1.54 CF,
1918002,Architecture,Curtain Panels,System Panel,Glazed,L 0,,,,,,,,,,Glass,,"4' - 0 9/16""","4' - 8 1/4""",,"0' - 1""",19 SF,1.58 CF,
1918003,Architecture,Curtain Panels,System Panel,Glazed,L 0,,,,,,,,,,Glass,,"4' - 0 9/16""","4' - 8 1/4""",,"0' - 1""",19 SF,1.58 CF,
1918004,Architecture,Curtain Panels,System Panel,Glazed,L 0,,,,,,,,,,Glass,,"3' - 11 5/16""","4' - 8 1/4""",,"0' - 1""",18 SF,1.54 CF,
1926889,Architecture,Curtain Panels,System Panel,Glazed,L 0,,,,,,,,,,Glass,,"4' - 0""","4' - 8 1/4""",,"0' - 1""",19 SF,1.56 CF,
1926890,Architecture,Curtain Panels,System Panel,Glazed,L 0,,,,,,,,,,Glass,,"4' - 1 1/4""","4' - 8 1/4""",,"0' - 1""",19 SF,1.60 CF,
1926891,Architecture,Curtain Panels,System Panel,Glazed,L 0,,,,,,,,,,Glass,,"4' - 1 1/4""","4' - 8 1/4""",,"0' - 1""",19 SF,1.60 CF,
1926892,Architecture,Curtain Panels,System Panel,Glazed,L 0,,,,,,,,,,Glass,,"4' - 0""","4' - 8 1/4""",,"0' - 1""",19 SF,1.56 CF,
1937480,Architecture,Curtain Panels,System Panel,Glazed,L 0,,,,,,,,,,Glass,,"4' - 0 29/32""","7' - 7""",,"0' - 1""",31 SF,2.58 CF,L 0 Zone 4
1937482,Architecture,Curtain Panels,System Panel,Glazed,L 0,,,,,,,,,,Glass,,"4' - 2 5/32""","7' - 7""",,"0' - 1""",32 SF,2.64 CF,L 0 Zone 4
1937484,Architecture,Curtain Panels,System Panel,Glazed,L 0,,,,,,,,,,Glass,,"4' - 0 29/32""","7' - 7""",,"0' - 1""",31 SF,2.58 CF,L 0 Zone 4
1937723,Architecture,Curtain Panels,System Panel,Glazed,L 0,,,,,,,,,,Glass,,"4' - 1 11/32""","7' - 7""",,"0' - 1""",31 SF,2.60 CF,L 0 Zone 4
1937725,Architecture,Curtain Panels,System Panel,Glazed,L 0,,,,,,,,,,Glass,,"4' - 2 19/32""","7' - 7""",,"0' - 1""",32 SF,2.66 CF,L 0 Zone 4
1937727,Architecture,Curtain Panels,System Panel,Glazed,L 0,,,,,,,,,,Glass,,"4' - 1 11/32""","7' - 7""",,"0' - 1""",31 SF,2.60 CF,L 0 Zone 4
1937892,Architecture,Curtain Panels,System Panel,Glazed,L 0,,,,,,,,,,Glass,,"4' - 1 11/32""","7' - 7""",,"0' - 1""",31 SF,2.60 CF,L 0 Zone 4
1937894,Architecture,Curtain Panels,System Panel,Glazed,L 0,,,,,,,,,,Glass,,"4' - 2 19/32""","7' - 7""",,"0' - 1""",32 SF,2.66 CF,L 0 Zone 4
1937896,Architecture,Curtain Panels,System Panel,Glazed,L 0,,,,,,,,,,Glass,,"4' - 1 11/32""","7' - 7""",,"0' - 1""",31 SF,2.60 CF,L 0 Zone 4
1938063,Architecture,Curtain Panels,System Panel,Glazed,L 0,,,,,,,,,,Glass,,"4' - 0 29/32""","7' - 7""",,"0' - 1""",31 SF,2.58 CF,
1938065,Architecture,Curtain Panels,System Panel,Glazed,L 0,,,,,,,,,,Glass,,"4' - 2 5/32""","7' - 7""",,"0' - 1""",32 SF,2.64 CF,L 0 Zone 4
1938067,Architecture,Curtain Panels,System Panel,Glazed,L 0,,,,,,,,,,Glass,,"4' - 0 29/32""","7' - 7""",,"0' - 1""",31 SF,2.58 CF,L 0 Zone 4
1938169,Architecture,Curtain Panels,System Panel,Glazed,L 0,,,,,,,,,,Glass,,"4' - 2 19/32""","7' - 7""",,"0' - 1""",32 SF,2.66 CF,
1938171,Architecture,Curtain Panels,System Panel,Glazed,L 0,,,,,,,,,,Glass,,"4' - 3 27/32""","7' - 7""",,"0' - 1""",33 SF,2.73 CF,
1938173,Architecture,Curtain Panels,System Panel,Glazed,L 0,,,,,,,,,,Glass,,"4' - 2 19/32""","7' - 7""",,"0' - 1""",32 SF,2.66 CF,
1947263,Architecture,Curtain Panels,System Panel,Glazed,L 0,,,,,,,,,,Glass,,"4' - 4 15/32""","6' - 7""",,"0' - 1""",29 SF,2.40 CF,
1947267,Architecture,Curtain Panels,System Panel,Glazed,L 0,,,,,,,,,,Glass,,"4' - 4 15/32""","6' - 7""",,"0' - 1""",29 SF,2.40 CF,
1947647,Architecture,Curtain Panels,System Panel,Glazed,L 0,,,,,,,,,,Glass,,"4' - 4 15/32""","6' - 7""",,"0' - 1""",29 SF,2.40 CF,
1947649,Architecture,Curtain Panels,System Panel,Glazed,L 0,,,,,,,,,,Glass,,"4' - 4 15/32""","6' - 7""",,"0' - 1""",29 SF,2.40 CF,
1949147,Architecture,Curtain Panels,System Panel,Glazed,L 0,,,,,,,,,,Glass,,"3' - 8 21/32""","7' - 7""",,"0' - 1""",28 SF,2.35 CF,
1949149,Architecture,Curtain Panels,System Panel,Glazed,L 0,,,,,,,,,,Glass,,"3' - 9 29/32""","7' - 7""",,"0' - 1""",29 SF,2.42 CF,
1949151,Architecture,Curtain Panels,System Panel,Glazed,L 0,,,,,,,,,,Glass,,"3' - 9 29/32""","7' - 7""",,"0' - 1""",29 SF,2.42 CF,
1949438,Architecture,Curtain Panels,System Panel,Glazed,L 0,,,,,,,,,,Glass,,"3' - 9 29/32""","7' - 7""",,"0' - 1""",29 SF,2.42 CF,
1949441,Architecture,Curtain Panels,System Panel,Glazed,L 0,,,,,,,,,,Glass,,"3' - 8 21/32""","7' - 7""",,"0' - 1""",28 SF,2.35 CF,
1952949,Architecture,Curtain Panels,System Panel,Glazed,L 0,,,,,,,,,,Glass,,"4' - 1 27/32""","7' - 8 1/4""",,"0' - 1""",32 SF,2.66 CF,
1952951,Architecture,Curtain Panels,System Panel,Glazed,L 0,,,,,,,,,,Glass,,"4' - 1 27/32""","6' - 8 1/4""",,"0' - 1""",28 SF,2.31 CF,
1953540,Architecture,Curtain Panels,System Panel,Glazed,L 0,,,,,,,,,,Glass,,"4' - 1 27/32""","7' - 8 1/4""",,"0' - 1""",32 SF,2.66 CF,
1953542,Architecture,Curtain Panels,System Panel,Glazed,L 0,,,,,,,,,,Glass,,"4' - 1 27/32""","6' - 8 1/4""",,"0' - 1""",28 SF,2.31 CF,
2126040,Architecture,Curtain Panels,System Panel,Glazed,L 0,,,,,,,,,,Glass,,"2' - 9 1/4""","6' - 1""",,"0' - 1""",17 SF,1.40 CF,
2126242,Architecture,Curtain Panels,System Panel,Glazed,L 0,,,,,,,,,,Glass,,"2' - 9 1/4""","6' - 1""",,"0' - 1""",17 SF,1.40 CF,
2126490,Architecture,Curtain Panels,System Panel,Glazed,L 0,,,,,,,,,,Glass,,"2' - 9 1/4""","6' - 1""",,"0' - 1""",17 SF,1.40 CF,
2126496,Architecture,Curtain Panels,System Panel,Glazed,L 0,,,,,,,,,,Glass,,"2' - 9 1/4""","6' - 1""",,"0' - 1""",17 SF,1.40 CF,
1721562,Architecture,Curtain Wall Mullions,Rectangular Mullion,"2.5"" x 5"" rectangular",L 0,,,,,,,,,,Aluminum,,,"0' - 5""","8' - 0""","0' - 5""",5 SF,0.69 CF,
1721565,Architecture,Curtain Wall Mullions,Rectangular Mullion,"2.5"" x 5"" rectangular",L 0,,,,,,,,,,Aluminum,,,"0' - 5""","5' - 0""","0' - 5""",3 SF,0.43 CF,
1721637,Architecture,Curtain Wall Mullions,Rectangular Mullion,"2.5"" x 5"" rectangular",L 0,,,,,,,,,,Aluminum,,,"0' - 5""","8' - 0""","0' - 5""",5 SF,0.69 CF,
1721646,Architecture,Curtain Wall Mullions,Rectangular Mullion,"2.5"" x 5"" rectangular",L 0,,,,,,,,,,Aluminum,,,"0' - 5""","8' - 0""","0' - 5""",5 SF,0.69 CF,
1721649,Architecture,Curtain Wall Mullions,Rectangular Mullion,"2.5"" x 5"" rectangular",L 0,,,,,,,,,,Aluminum,,,"0' - 5""","4' - 0""","0' - 5""",3 SF,0.35 CF,
1721650,Architecture,Curtain Wall Mullions,Rectangular Mullion,"2.5"" x 5"" rectangular",L 0,,,,,,,,,,Aluminum,,,"0' - 5""","4' - 1 1/4""","0' - 5""",3 SF,0.36 CF,
1721651,Architecture,Curtain Wall Mullions,Rectangular Mullion,"2.5"" x 5"" rectangular",L 0,,,,,,,,,,Aluminum,,,"0' - 5""","4' - 1 1/4""","0' - 5""",3 SF,0.36 CF,
1721652,Architecture,Curtain Wall Mullions,Rectangular Mullion,"2.5"" x 5"" rectangular",L 0,,,,,,,,,,Aluminum,,,"0' - 5""","4' - 0""","0' - 5""",3 SF,0.35 CF,
1721673,Architecture,Curtain Wall Mullions,Rectangular Mullion,"2.5"" x 5"" rectangular",L 0,,,,,,,,,,Aluminum,,,"0' - 5""","8' - 0""","0' - 5""",5 SF,0.69 CF,
1721674,Architecture,Curtain Wall Mullions,Rectangular Mullion,"2.5"" x 5"" rectangular",L 0,,,,,,,,,,Aluminum,,,"0' - 5""","8' - 0""","0' - 5""",5 SF,0.69 CF,
1721675,Architecture,Curtain Wall Mullions,Rectangular Mullion,"2.5"" x 5"" rectangular",L 0,,,,,,,,,,Aluminum,,,"0' - 5""","8' - 0""","0' - 5""",5 SF,0.69 CF,
1721679,Architecture,Curtain Wall Mullions,Rectangular Mullion,"2.5"" x 5"" rectangular",L 0,,,,,,,,,,Aluminum,,,"0' - 5""","8' - 0""","0' - 5""",5 SF,0.69 CF,
1721680,Architecture,Curtain Wall Mullions,Rectangular Mullion,"2.5"" x 5"" rectangular",L 0,,,,,,,,,,Aluminum,,,"0' - 5""","8' - 0""","0' - 5""",5 SF,0.69 CF,
1721681,Architecture,Curtain Wall Mullions,Rectangular Mullion,"2.5"" x 5"" rectangular",L 0,,,,,,,,,,Aluminum,,,"0' - 5""","8' - 0""","0' - 5""",5 SF,0.69 CF,
1769283,Architecture,Curtain Wall Mullions,Rectangular Mullion,"2.5"" x 5"" rectangular",L 0,,,,,,,,,,Aluminum,,,"0' - 5""","4' - 0""","0' - 5""",3 SF,0.35 CF,
1769284,Architecture,Curtain Wall Mullions,Rectangular Mullion,"2.5"" x 5"" rectangular",L 0,,,,,,,,,,Aluminum,,,"0' - 5""","4' - 0""","0' - 5""",3 SF,0.35 CF,
1769285,Architecture,Curtain Wall Mullions,Rectangular Mullion,"2.5"" x 5"" rectangular",L 0,,,,,,,,,,Aluminum,,,"0' - 5""","4' - 1 1/4""","0' - 5""",3 SF,0.36 CF,
1769286,Architecture,Curtain Wall Mullions,Rectangular Mullion,"2.5"" x 5"" rectangular",L 0,,,,,,,,,,Aluminum,,,"0' - 5""","4' - 1 1/4""","0' - 5""",3 SF,0.36 CF,
1769291,Architecture,Curtain Wall Mullions,Rectangular Mullion,"2.5"" x 5"" rectangular",L 0,,,,,,,,,,Aluminum,,,"0' - 5""","4' - 0""","0' - 5""",3 SF,0.35 CF,
1769292,Architecture,Curtain Wall Mullions,Rectangular Mullion,"2.5"" x 5"" rectangular",L 0,,,,,,,,,,Aluminum,,,"0' - 5""","4' - 1 1/4""","0' - 5""",3 SF,0.36 CF,
1769293,Architecture,Curtain Wall Mullions,Rectangular Mullion,"2.5"" x 5"" rectangular",L 0,,,,,,,,,,Aluminum,,,"0' - 5""","4' - 1 1/4""","0' - 5""",3 SF,0.36 CF,
1769294,Architecture,Curtain Wall Mullions,Rectangular Mullion,"2.5"" x 5"" rectangular",L 0,,,,,,,,,,Aluminum,,,"0' - 5""","4' - 0""","0' - 5""",3 SF,0.35 CF,
1778137,Architecture,Curtain Wall Mullions,Rectangular Mullion,"2.5"" x 5"" rectangular",L 0,,,,,,,,,,Aluminum,,,"0' - 5""","4' - 1 11/32""","0' - 5""",3 SF,0.36 CF,L 0 Zone 4
1778138,Architecture,Curtain Wall Mullions,Rectangular Mullion,"2.5"" x 5"" rectangular",L 0,,,,,,,,,,Aluminum,,,"0' - 5""","4' - 1 11/32""","0' - 5""",3 SF,0.36 CF,L 0 Zone 4
1778139,Architecture,Curtain Wall Mullions,Rectangular Mullion,"2.5"" x 5"" rectangular",L 0,,,,,,,,,,Aluminum,,,"0' - 5""","4' - 2 19/32""","0' - 5""",3 SF,0.37 CF,L 0 Zone 4
1778140,Architecture,Curtain Wall Mullions,Rectangular Mullion,"2.5"" x 5"" rectangular",L 0,,,,,,,,,,Aluminum,,,"0' - 5""","4' - 1 11/32""","0' - 5""",3 SF,0.36 CF,L 0 Zone 4
1778141,Architecture,Curtain Wall Mullions,Rectangular Mullion,"2.5"" x 5"" rectangular",L 0,,,,,,,,,,Aluminum,,,"0' - 5""","4' - 2 19/32""","0' - 5""",3 SF,0.37 CF,L 0 Zone 4
1778142,Architecture,Curtain Wall Mullions,Rectangular Mullion,"2.5"" x 5"" rectangular",L 0,,,,,,,,,,Aluminum,,,"0' - 5""","4' - 1 11/32""","0' - 5""",3 SF,0.36 CF,L 0 Zone 4
1778143,Architecture,Curtain Wall Mullions,Rectangular Mullion,"2.5"" x 5"" rectangular",L 0,,,,,,,,,,Aluminum,,,"0' - 5""","8' - 0""","0' - 5""",5 SF,0.69 CF,L 0 Zone 4
1778145,Architecture,Curtain Wall Mullions,Rectangular Mullion,"2.5"" x 5"" rectangular",L 0,,,,,,,,,,Aluminum,,,"0' - 5""","8' - 0""","0' - 5""",5 SF,0.69 CF,L 0 Zone 4
1778150,Architecture,Curtain Wall Mullions,Rectangular Mullion,"2.5"" x 5"" rectangular",L 0,,,,,,,,,,Aluminum,,,"0' - 5""","8' - 0""","0' - 5""",5 SF,0.69 CF,L 0 Zone 4
1778151,Architecture,Curtain Wall Mullions,Rectangular Mullion,"2.5"" x 5"" rectangular",L 0,,,,,,,,,,Aluminum,,,"0' - 5""","8' - 0""","0' - 5""",5 SF,0.69 CF,L 0 Zone 4
1787169,Architecture,Curtain Wall Mullions,Rectangular Mullion,"2.5"" x 5"" rectangular",L 0,,,,,,,,,,Aluminum,,,"0' - 5""","3' - 11 5/16""","0' - 5""",3 SF,0.34 CF,
1787170,Architecture,Curtain Wall Mullions,Rectangular Mullion,"2.5"" x 5"" rectangular",L 0,,,,,,,,,,Aluminum,,,"0' - 5""","3' - 11 5/16""","0' - 5""",3 SF,0.34 CF,
1787171,Architecture,Curtain Wall Mullions,Rectangular Mullion,"2.5"" x 5"" rectangular",L 0,,,,,,,,,,Aluminum,,,"0' - 5""","4' - 0 9/16""","0' - 5""",3 SF,0.35 CF,
1787172,Architecture,Curtain Wall Mullions,Rectangular Mullion,"2.5"" x 5"" rectangular",L 0,,,,,,,,,,Aluminum,,,"0' - 5""","4' - 0 9/16""","0' - 5""",3 SF,0.35 CF,
1787173,Architecture,Curtain Wall Mullions,Rectangular Mullion,"2.5"" x 5"" rectangular",L 0,,,,,,,,,,Aluminum,,,"0' - 5""","3' - 11 5/16""","0' - 5""",3 SF,0.34 CF,
1787174,Architecture,Curtain Wall Mullions,Rectangular Mullion,"2.5"" x 5"" rectangular",L 0,,,,,,,,,,Aluminum,,,"0' - 5""","4' - 0 9/16""","0' - 5""",3 SF,0.35 CF,
1787175,Architecture,Curtain Wall Mullions,Rectangular Mullion,"2.5"" x 5"" rectangular",L 0,,,,,,,,,,Aluminum,,,"0' - 5""","4' - 0 9/16""","0' - 5""",3 SF,0.35 CF,
1787176,Architecture,Curtain Wall Mullions,Rectangular Mullion,"2.5"" x 5"" rectangular",L 0,,,,,,,,,,Aluminum,,,"0' - 5""","3' - 11 5/16""","0' - 5""",3 SF,0.34 CF,
1787177,Architecture,Curtain Wall Mullions,Rectangular Mullion,"2.5"" x 5"" rectangular",L 0,,,,,,,,,,Aluminum,,,"0' - 5""","8' - 0""","0' - 5""",5 SF,0.69 CF,
1787178,Architecture,Curtain Wall Mullions,Rectangular Mullion,"2.5"" x 5"" rectangular",L 0,,,,,,,,,,Aluminum,,,"0' - 5""","8' - 0""","0' - 5""",5 SF,0.69 CF,
1787179,Architecture,Curtain Wall Mullions,Rectangular Mullion,"2.5"" x 5"" rectangular",L 0,,,,,,,,,,Aluminum,,,"0' - 5""","5' - 0""","0' - 5""",3 SF,0.43 CF,
1787180,Architecture,Curtain Wall Mullions,Rectangular Mullion,"2.5"" x 5"" rectangular",L 0,,,,,,,,,,Aluminum,,,"0' - 5""","8' - 0""","0' - 5""",5 SF,0.69 CF,
1787181,Architecture,Curtain Wall Mullions,Rectangular Mullion,"2.5"" x 5"" rectangular",L 0,,,,,,,,,,Aluminum,,,"0' - 5""","3' - 11 5/16""","0' - 5""",3 SF,0.34 CF,
1787182,Architecture,Curtain Wall Mullions,Rectangular Mullion,"2.5"" x 5"" rectangular",L 0,,,,,,,,,,Aluminum,,,"0' - 5""","4' - 0 9/16""","0' - 5""",3 SF,0.35 CF,
1787183,Architecture,Curtain Wall Mullions,Rectangular Mullion,"2.5"" x 5"" rectangular",L 0,,,,,,,,,,Aluminum,,,"0' - 5""","4' - 0 9/16""","0' - 5""",3 SF,0.35 CF,
1787184,Architecture,Curtain Wall Mullions,Rectangular Mullion,"2.5"" x 5"" rectangular",L 0,,,,,,,,,,Aluminum,,,"0' - 5""","3' - 11 5/16""","0' - 5""",3 SF,0.34 CF,
1787185,Architecture,Curtain Wall Mullions,Rectangular Mullion,"2.5"" x 5"" rectangular",L 0,,,,,,,,,,Aluminum,,,"0' - 5""","8' - 0""","0' - 5""",5 SF,0.69 CF,
1787186,Architecture,Curtain Wall Mullions,Rectangular Mullion,"2.5"" x 5"" rectangular",L 0,,,,,,,,,,Aluminum,,,"0' - 5""","8' - 0""","0' - 5""",5 SF,0.69 CF,
1787187,Architecture,Curtain Wall Mullions,Rectangular Mullion,"2.5"" x 5"" rectangular",L 0,,,,,,,,,,Aluminum,,,"0' - 5""","8' - 0""","0' - 5""",5 SF,0.69 CF,
1787188,Architecture,Curtain Wall Mullions,Rectangular Mullion,"2.5"" x 5"" rectangular",L 0,,,,,,,,,,Aluminum,,,"0' - 5""","8' - 0""","0' - 5""",5 SF,0.69 CF,
1787189,Architecture,Curtain Wall Mullions,Rectangular Mullion,"2.5"" x 5"" rectangular",L 0,,,,,,,,,,Aluminum,,,"0' - 5""","8' - 0""","0' - 5""",5 SF,0.69 CF,
1787190,Architecture,Curtain Wall Mullions,Rectangular Mullion,"2.5"" x 5"" rectangular",L 0,,,,,,,,,,Aluminum,,,"0' - 5""","8' - 0""","0' - 5""",5 SF,0.69 CF,
1789258,Architecture,Curtain Wall Mullions,Rectangular Mullion,"2.5"" x 5"" rectangular",L 0,,,,,,,,,,Aluminum,,,"0' - 5""","4' - 1 27/32""","0' - 5""",3 SF,0.36 CF,
1789259,Architecture,Curtain Wall Mullions,Rectangular Mullion,"2.5"" x 5"" rectangular",L 0,,,,,,,,,,Aluminum,,,"0' - 5""","4' - 1 27/32""","0' - 5""",3 SF,0.36 CF,
1789260,Architecture,Curtain Wall Mullions,Rectangular Mullion,"2.5"" x 5"" rectangular",L 0,,,,,,,,,,Aluminum,,,"0' - 5""","8' - 0""","0' - 5""",5 SF,0.69 CF,
1789261,Architecture,Curtain Wall Mullions,Rectangular Mullion,"2.5"" x 5"" rectangular",L 0,,,,,,,,,,Aluminum,,,"0' - 5""","7' - 0""","0' - 5""",4 SF,0.61 CF,
1789262,Architecture,Curtain Wall Mullions,Rectangular Mullion,"2.5"" x 5"" rectangular",L 0,,,,,,,,,,Aluminum,,,"0' - 5""","7' - 0""","0' - 5""",4 SF,0.61 CF,
1789263,Architecture,Curtain Wall Mullions,Rectangular Mullion,"2.5"" x 5"" rectangular",L 0,,,,,,,,,,Aluminum,,,"0' - 5""","8' - 0""","0' - 5""",5 SF,0.69 CF,
1789264,Architecture,Curtain Wall Mullions,Rectangular Mullion,"2.5"" x 5"" rectangular",L 0,,,,,,,,,,Aluminum,,,"0' - 5""","4' - 1 27/32""","0' - 5""",3 SF,0.36 CF,
1789380,Architecture,Curtain Wall Mullions,Rectangular Mullion,"2.5"" x 5"" rectangular",L 0,,,,,,,,,,Aluminum,,,"0' - 5""","3' - 7""","0' - 5""",2 SF,0.31 CF,
1789381,Architecture,Curtain Wall Mullions,Rectangular Mullion,"2.5"" x 5"" rectangular",L 0,,,,,,,,,,Aluminum,,,"0' - 5""","3' - 7""","0' - 5""",2 SF,0.31 CF,
1789382,Architecture,Curtain Wall Mullions,Rectangular Mullion,"2.5"" x 5"" rectangular",L 0,,,,,,,,,,Aluminum,,,"0' - 5""","8' - 0""","0' - 5""",5 SF,0.69 CF,
1789383,Architecture,Curtain Wall Mullions,Rectangular Mullion,"2.5"" x 5"" rectangular",L 0,,,,,,,,,,Aluminum,,,"0' - 5""","7' - 0""","0' - 5""",4 SF,0.61 CF,
1789384,Architecture,Curtain Wall Mullions,Rectangular Mullion,"2.5"" x 5"" rectangular",L 0,,,,,,,,,,Aluminum,,,"0' - 5""","7' - 0""","0' - 5""",4 SF,0.61 CF,
1789385,Architecture,Curtain Wall Mullions,Rectangular Mullion,"2.5"" x 5"" rectangular",L 0,,,,,,,,,,Aluminum,,,"0' - 5""","8' - 0""","0' - 5""",5 SF,0.69 CF,
1789386,Architecture,Curtain Wall Mullions,Rectangular Mullion,"2.5"" x 5"" rectangular",L 0,,,,,,,,,,Aluminum,,,"0' - 5""","3' - 7""","0' - 5""",2 SF,0.31 CF,
1918023,Architecture,Curtain Wall Mullions,Rectangular Mullion,"2.5"" x 5"" rectangular",L 0,,,,,,,,,,Aluminum,,,"0' - 5""","5' - 0""","0' - 5""",3 SF,0.43 CF,
1918025,Architecture,Curtain Wall Mullions,Rectangular Mullion,"2.5"" x 5"" rectangular",L 0,,,,,,,,,,Aluminum,,,"0' - 5""","8' - 0""","0' - 5""",5 SF,0.69 CF,
1918027,Architecture,Curtain Wall Mullions,Rectangular Mullion,"2.5"" x 5"" rectangular",L 0,,,,,,,,,,Aluminum,,,"0' - 5""","5' - 0""","0' - 5""",3 SF,0.43 CF,
1918029,Architecture,Curtain Wall Mullions,Rectangular Mullion,"2.5"" x 5"" rectangular",L 0,,,,,,,,,,Aluminum,,,"0' - 5""","5' - 0""","0' - 5""",3 SF,0.43 CF,
1918031,Architecture,Curtain Wall Mullions,Rectangular Mullion,"2.5"" x 5"" rectangular",L 0,,,,,,,,,,Aluminum,,,"0' - 5""","5' - 0""","0' - 5""",3 SF,0.43 CF,
1918033,Architecture,Curtain Wall Mullions,Rectangular Mullion,"2.5"" x 5"" rectangular",L 0,,,,,,,,,,Aluminum,,,"0' - 5""","3' - 11 5/16""","0' - 5""",3 SF,0.34 CF,
1918034,Architecture,Curtain Wall Mullions,Rectangular Mullion,"2.5"" x 5"" rectangular",L 0,,,,,,,,,,Aluminum,,,"0' - 5""","4' - 0 9/16""","0' - 5""",3 SF,0.35 CF,
1918035,Architecture,Curtain Wall Mullions,Rectangular Mullion,"2.5"" x 5"" rectangular",L 0,,,,,,,,,,Aluminum,,,"0' - 5""","4' - 0 9/16""","0' - 5""",3 SF,0.35 CF,
1918036,Architecture,Curtain Wall Mullions,Rectangular Mullion,"2.5"" x 5"" rectangular",L 0,,,,,,,,,,Aluminum,,,"0' - 5""","3' - 11 5/16""","0' - 5""",3 SF,0.34 CF,
1926905,Architecture,Curtain Wall Mullions,Rectangular Mullion,"2.5"" x 5"" rectangular",L 0,,,,,,,,,,Aluminum,,,"0' - 5""","8' - 0""","0' - 5""",5 SF,0.69 CF,
1926906,Architecture,Curtain Wall Mullions,Rectangular Mullion,"2.5"" x 5"" rectangular",L 0,,,,,,,,,,Aluminum,,,"0' - 5""","5' - 0""","0' - 5""",3 SF,0.43 CF,
1926907,Architecture,Curtain Wall Mullions,Rectangular Mullion,"2.5"" x 5"" rectangular",L 0,,,,,,,,,,Aluminum,,,"0' - 5""","5' - 0""","0' - 5""",3 SF,0.43 CF,
1926908,Architecture,Curtain Wall Mullions,Rectangular Mullion,"2.5"" x 5"" rectangular",L 0,,,,,,,,,,Aluminum,,,"0' - 5""","5' - 0""","0' - 5""",3 SF,0.43 CF,
1926909,Architecture,Curtain Wall Mullions,Rectangular Mullion,"2.5"" x 5"" rectangular",L 0,,,,,,,,,,Aluminum,,,"0' - 5""","5' - 0""","0' - 5""",3 SF,0.43 CF,
1926910,Architecture,Curtain Wall Mullions,Rectangular Mullion,"2.5"" x 5"" rectangular",L 0,,,,,,,,,,Aluminum,,,"0' - 5""","4' - 0""","0' - 5""",3 SF,0.35 CF,
1926911,Architecture,Curtain Wall Mullions,Rectangular Mullion,"2.5"" x 5"" rectangular",L 0,,,,,,,,,,Aluminum,,,"0' - 5""","4' - 1 1/4""","0' - 5""",3 SF,0.36 CF,
1926912,Architecture,Curtain Wall Mullions,Rectangular Mullion,"2.5"" x 5"" rectangular",L 0,,,,,,,,,,Aluminum,,,"0' - 5""","4' - 1 1/4""","0' - 5""",3 SF,0.36 CF,
1926913,Architecture,Curtain Wall Mullions,Rectangular Mullion,"2.5"" x 5"" rectangular",L 0,,,,,,,,,,Aluminum,,,"0' - 5""","4' - 0""","0' - 5""",3 SF,0.35 CF,
1937489,Architecture,Curtain Wall Mullions,Rectangular Mullion,"2.5"" x 5"" rectangular",L 0,,,,,,,,,,Aluminum,,,"0' - 5""","4' - 0 29/32""","0' - 5""",3 SF,0.35 CF,L 0 Zone 4
1937490,Architecture,Curtain Wall Mullions,Rectangular Mullion,"2.5"" x 5"" rectangular",L 0,,,,,,,,,,Aluminum,,,"0' - 5""","4' - 0 29/32""","0' - 5""",3 SF,0.35 CF,L 0 Zone 4
1937491,Architecture,Curtain Wall Mullions,Rectangular Mullion,"2.5"" x 5"" rectangular",L 0,,,,,,,,,,Aluminum,,,"0' - 5""","4' - 2 5/32""","0' - 5""",3 SF,0.36 CF,L 0 Zone 4
1937492,Architecture,Curtain Wall Mullions,Rectangular Mullion,"2.5"" x 5"" rectangular",L 0,,,,,,,,,,Aluminum,,,"0' - 5""","4' - 0 29/32""","0' - 5""",3 SF,0.35 CF,L 0 Zone 4
1937493,Architecture,Curtain Wall Mullions,Rectangular Mullion,"2.5"" x 5"" rectangular",L 0,,,,,,,,,,Aluminum,,,"0' - 5""","4' - 2 5/32""","0' - 5""",3 SF,0.36 CF,L 0 Zone 4
1937494,Architecture,Curtain Wall Mullions,Rectangular Mullion,"2.5"" x 5"" rectangular",L 0,,,,,,,,,,Aluminum,,,"0' - 5""","4' - 0 29/32""","0' - 5""",3 SF,0.35 CF,L 0 Zone 4
1937495,Architecture,Curtain Wall Mullions,Rectangular Mullion,"2.5"" x 5"" rectangular",L 0,,,,,,,,,,Aluminum,,,"0' - 5""","8' - 0""","0' - 5""",5 SF,0.69 CF,L 0 Zone 4
1937497,Architecture,Curtain Wall Mullions,Rectangular Mullion,"2.5"" x 5"" rectangular",L 0,,,,,,,,,,Aluminum,,,"0' - 5""","8' - 0""","0' - 5""",5 SF,0.69 CF,L 0 Zone 4
1937502,Architecture,Curtain Wall Mullions,Rectangular Mullion,"2.5"" x 5"" rectangular",L 0,,,,,,,,,,Aluminum,,,"0' - 5""","8' - 0""","0' - 5""",5 SF,0.69 CF,L 0 Zone 4
1937503,Architecture,Curtain Wall Mullions,Rectangular Mullion,"2.5"" x 5"" rectangular",L 0,,,,,,,,,,Aluminum,,,"0' - 5""","8' - 0""","0' - 5""",5 SF,0.69 CF,L 0 Zone 4
1937732,Architecture,Curtain Wall Mullions,Rectangular Mullion,"2.5"" x 5"" rectangular",L 0,,,,,,,,,,Aluminum,,,"0' - 5""","4' - 1 11/32""","0' - 5""",3 SF,0.36 CF,L 0 Zone 4
1937733,Architecture,Curtain Wall Mullions,Rectangular Mullion,"2.5"" x 5"" rectangular",L 0,,,,,,,,,,Aluminum,,,"0' - 5""","4' - 1 11/32""","0' - 5""",3 SF,0.36 CF,L 0 Zone 4
1937734,Architecture,Curtain Wall Mullions,Rectangular Mullion,"2.5"" x 5"" rectangular",L 0,,,,,,,,,,Aluminum,,,"0' - 5""","4' - 2 19/32""","0' - 5""",3 SF,0.37 CF,L 0 Zone 4
1937735,Architecture,Curtain Wall Mullions,Rectangular Mullion,"2.5"" x 5"" rectangular",L 0,,,,,,,,,,Aluminum,,,"0' - 5""","4' - 1 11/32""","0' - 5""",3 SF,0.36 CF,L 0 Zone 4
1937736,Architecture,Curtain Wall Mullions,Rectangular Mullion,"2.5"" x 5"" rectangular",L 0,,,,,,,,,,Aluminum,,,"0' - 5""","4' - 2 19/32""","0' - 5""",3 SF,0.37 CF,L 0 Zone 4
1937737,Architecture,Curtain Wall Mullions,Rectangular Mullion,"2.5"" x 5"" rectangular",L 0,,,,,,,,,,Aluminum,,,"0' - 5""","4' - 1 11/32""","0' - 5""",3 SF,0.36 CF,L 0 Zone 4
1937738,Architecture,Curtain Wall Mullions,Rectangular Mullion,"2.5"" x 5"" rectangular",L 0,,,,,,,,,,Aluminum,,,"0' - 5""","8' - 0""","0' - 5""",5 SF,0.69 CF,L 0 Zone 4
1937740,Architecture,Curtain Wall Mullions,Rectangular Mullion,"2.5"" x 5"" rectangular",L 0,,,,,,,,,,Aluminum,,,"0' - 5""","8' - 0""","0' - 5""",5 SF,0.69 CF,L 0 Zone 4
1937745,Architecture,Curtain Wall Mullions,Rectangular Mullion,"2.5"" x 5"" rectangular",L 0,,,,,,,,,,Aluminum,,,"0' - 5""","8' - 0""","0' - 5""",5 SF,0.69 CF,L 0 Zone 4
1937746,Architecture,Curtain Wall Mullions,Rectangular Mullion,"2.5"" x 5"" rectangular",L 0,,,,,,,,,,Aluminum,,,"0' - 5""","8' - 0""","0' - 5""",5 SF,0.69 CF,L 0 Zone 4
1937901,Architecture,Curtain Wall Mullions,Rectangular Mullion,"2.5"" x 5"" rectangular",L 0,,,,,,,,,,Aluminum,,,"0' - 5""","4' - 1 11/32""","0' - 5""",3 SF,0.36 CF,L 0 Zone 4
1937902,Architecture,Curtain Wall Mullions,Rectangular Mullion,"2.5"" x 5"" rectangular",L 0,,,,,,,,,,Aluminum,,,"0' - 5""","4' - 1 11/32""","0' - 5""",3 SF,0.36 CF,L 0 Zone 4
1937903,Architecture,Curtain Wall Mullions,Rectangular Mullion,"2.5"" x 5"" rectangular",L 0,,,,,,,,,,Aluminum,,,"0' - 5""","4' - 2 19/32""","0' - 5""",3 SF,0.37 CF,L 0 Zone 4
1937904,Architecture,Curtain Wall Mullions,Rectangular Mullion,"2.5"" x 5"" rectangular",L 0,,,,,,,,,,Aluminum,,,"0' - 5""","4' - 1 11/32""","0' - 5""",3 SF,0.36 CF,L 0 Zone 4
1937905,Architecture,Curtain Wall Mullions,Rectangular Mullion,"2.5"" x 5"" rectangular",L 0,,,,,,,,,,Aluminum,,,"0' - 5""","4' - 2 19/32""","0' - 5""",3 SF,0.37 CF,L 0 Zone 4
1937906,Architecture,Curtain Wall Mullions,Rectangular Mullion,"2.5"" x 5"" rectangular",L 0,,,,,,,,,,Aluminum,,,"0' - 5""","4' - 1 11/32""","0' - 5""",3 SF,0.36 CF,L 0 Zone 4
1937907,Architecture,Curtain Wall Mullions,Rectangular Mullion,"2.5"" x 5"" rectangular",L 0,,,,,,,,,,Aluminum,,,"0' - 5""","8' - 0""","0' - 5""",5 SF,0.69 CF,L 0 Zone 4
1937909,Architecture,Curtain Wall Mullions,Rectangular Mullion,"2.5"" x 5"" rectangular",L 0,,,,,,,,,,Aluminum,,,"0' - 5""","8' - 0""","0' - 5""",5 SF,0.69 CF,L 0 Zone 4
1937914,Architecture,Curtain Wall Mullions,Rectangular Mullion,"2.5"" x 5"" rectangular",L 0,,,,,,,,,,Aluminum,,,"0' - 5""","8' - 0""","0' - 5""",5 SF,0.69 CF,L 0 Zone 4
1937915,Architecture,Curtain Wall Mullions,Rectangular Mullion,"2.5"" x 5"" rectangular",L 0,,,,,,,,,,Aluminum,,,"0' - 5""","8' - 0""","0' - 5""",5 SF,0.69 CF,L 0 Zone 4
1938072,Architecture,Curtain Wall Mullions,Rectangular Mullion,"2.5"" x 5"" rectangular",L 0,,,,,,,,,,Aluminum,,,"0' - 5""","4' - 0 29/32""","0' - 5""",3 SF,0.35 CF,L 0 Zone 4
1938073,Architecture,Curtain Wall Mullions,Rectangular Mullion,"2.5"" x 5"" rectangular",L 0,,,,,,,,,,Aluminum,,,"0' - 5""","4' - 0 29/32""","0' - 5""",3 SF,0.35 CF,
1938074,Architecture,Curtain Wall Mullions,Rectangular Mullion,"2.5"" x 5"" rectangular",L 0,,,,,,,,,,Aluminum,,,"0' - 5""","4' - 2 5/32""","0' - 5""",3 SF,0.36 CF,L 0 Zone 4
1938075,Architecture,Curtain Wall Mullions,Rectangular Mullion,"2.5"" x 5"" rectangular",L 0,,,,,,,,,,Aluminum,,,"0' - 5""","4' - 0 29/32""","0' - 5""",3 SF,0.35 CF,
1938076,Architecture,Curtain Wall Mullions,Rectangular Mullion,"2.5"" x 5"" rectangular",L 0,,,,,,,,,,Aluminum,,,"0' - 5""","4' - 2 5/32""","0' - 5""",3 SF,0.36 CF,L 0 Zone 4
1938077,Architecture,Curtain Wall Mullions,Rectangular Mullion,"2.5"" x 5"" rectangular",L 0,,,,,,,,,,Aluminum,,,"0' - 5""","4' - 0 29/32""","0' - 5""",3 SF,0.35 CF,L 0 Zone 4
1938078,Architecture,Curtain Wall Mullions,Rectangular Mullion,"2.5"" x 5"" rectangular",L 0,,,,,,,,,,Aluminum,,,"0' - 5""","8' - 0""","0' - 5""",5 SF,0.69 CF,L 0 Zone 4
1938080,Architecture,Curtain Wall Mullions,Rectangular Mullion,"2.5"" x 5"" rectangular",L 0,,,,,,,,,,Aluminum,,,"0' - 5""","8' - 0""","0' - 5""",5 SF,0.69 CF,
1938085,Architecture,Curtain Wall Mullions,Rectangular Mullion,"2.5"" x 5"" rectangular",L 0,,,,,,,,,,Aluminum,,,"0' - 5""","8' - 0""","0' - 5""",5 SF,0.69 CF,L 0 Zone 4
1938086,Architecture,Curtain Wall Mullions,Rectangular Mullion,"2.5"" x 5"" rectangular",L 0,,,,,,,,,,Aluminum,,,"0' - 5""","8' - 0""","0' - 5""",5 SF,0.69 CF,L 0 Zone 4
1938178,Architecture,Curtain Wall Mullions,Rectangular Mullion,"2.5"" x 5"" rectangular",L 0,,,,,,,,,,Aluminum,,,"0' - 5""","4' - 2 19/32""","0' - 5""",3 SF,0.37 CF,
1938179,Architecture,Curtain Wall Mullions,Rectangular Mullion,"2.5"" x 5"" rectangular",L 0,,,,,,,,,,Aluminum,,,"0' - 5""","4' - 2 19/32""","0' - 5""",3 SF,0.37 CF,
1938180,Architecture,Curtain Wall Mullions,Rectangular Mullion,"2.5"" x 5"" rectangular",L 0,,,,,,,,,,Aluminum,,,"0' - 5""","4' - 3 27/32""","0' - 5""",3 SF,0.37 CF,
1938181,Architecture,Curtain Wall Mullions,Rectangular Mullion,"2.5"" x 5"" rectangular",L 0,,,,,,,,,,Aluminum,,,"0' - 5""","4' - 2 19/32""","0' - 5""",3 SF,0.37 CF,
1938182,Architecture,Curtain Wall Mullions,Rectangular Mullion,"2.5"" x 5"" rectangular",L 0,,,,,,,,,,Aluminum,,,"0' - 5""","4' - 3 27/32""","0' - 5""",3 SF,0.37 CF,
1938183,Architecture,Curtain Wall Mullions,Rectangular Mullion,"2.5"" x 5"" rectangular",L 0,,,,,,,,,,Aluminum,,,"0' - 5""","4' - 2 19/32""","0' - 5""",3 SF,0.37 CF,
1938184,Architecture,Curtain Wall Mullions,Rectangular Mullion,"2.5"" x 5"" rectangular",L 0,,,,,,,,,,Aluminum,,,"0' - 5""","8' - 0""","0' - 5""",5 SF,0.69 CF,
1938186,Architecture,Curtain Wall Mullions,Rectangular Mullion,"2.5"" x 5"" rectangular",L 0,,,,,,,,,,Aluminum,,,"0' - 5""","8' - 0""","0' - 5""",5 SF,0.69 CF,
1938191,Architecture,Curtain Wall Mullions,Rectangular Mullion,"2.5"" x 5"" rectangular",L 0,,,,,,,,,,Aluminum,,,"0' - 5""","8' - 0""","0' - 5""",5 SF,0.69 CF,
1938192,Architecture,Curtain Wall Mullions,Rectangular Mullion,"2.5"" x 5"" rectangular",L 0,,,,,,,,,,Aluminum,,,"0' - 5""","8' - 0""","0' - 5""",5 SF,0.69 CF,
1947276,Architecture,Curtain Wall Mullions,Rectangular Mullion,"2.5"" x 5"" rectangular",L 0,,,,,,,,,,Aluminum,,,"0' - 5""","4' - 4 15/32""","0' - 5""",3 SF,0.38 CF,
1947277,Architecture,Curtain Wall Mullions,Rectangular Mullion,"2.5"" x 5"" rectangular",L 0,,,,,,,,,,Aluminum,,,"0' - 5""","4' - 4 15/32""","0' - 5""",3 SF,0.38 CF,
1947279,Architecture,Curtain Wall Mullions,Rectangular Mullion,"2.5"" x 5"" rectangular",L 0,,,,,,,,,,Aluminum,,,"0' - 5""","4' - 4 15/32""","0' - 5""",3 SF,0.38 CF,
1947280,Architecture,Curtain Wall Mullions,Rectangular Mullion,"2.5"" x 5"" rectangular",L 0,,,,,,,,,,Aluminum,,,"0' - 5""","4' - 4 15/32""","0' - 5""",3 SF,0.38 CF,
1947282,Architecture,Curtain Wall Mullions,Rectangular Mullion,"2.5"" x 5"" rectangular",L 0,,,,,,,,,,Aluminum,,,"0' - 5""","7' - 0""","0' - 5""",4 SF,0.61 CF,
1947284,Architecture,Curtain Wall Mullions,Rectangular Mullion,"2.5"" x 5"" rectangular",L 0,,,,,,,,,,Aluminum,,,"0' - 5""","7' - 0""","0' - 5""",4 SF,0.61 CF,
1947289,Architecture,Curtain Wall Mullions,Rectangular Mullion,"2.5"" x 5"" rectangular",L 0,,,,,,,,,,Aluminum,,,"0' - 5""","7' - 0""","0' - 5""",4 SF,0.61 CF,
1947650,Architecture,Curtain Wall Mullions,Rectangular Mullion,"2.5"" x 5"" rectangular",L 0,,,,,,,,,,Aluminum,,,"0' - 5""","4' - 4 15/32""","0' - 5""",3 SF,0.38 CF,
1947651,Architecture,Curtain Wall Mullions,Rectangular Mullion,"2.5"" x 5"" rectangular",L 0,,,,,,,,,,Aluminum,,,"0' - 5""","4' - 4 15/32""","0' - 5""",3 SF,0.38 CF,
1947652,Architecture,Curtain Wall Mullions,Rectangular Mullion,"2.5"" x 5"" rectangular",L 0,,,,,,,,,,Aluminum,,,"0' - 5""","4' - 4 15/32""","0' - 5""",3 SF,0.38 CF,
1947653,Architecture,Curtain Wall Mullions,Rectangular Mullion,"2.5"" x 5"" rectangular",L 0,,,,,,,,,,Aluminum,,,"0' - 5""","4' - 4 15/32""","0' - 5""",3 SF,0.38 CF,
1947654,Architecture,Curtain Wall Mullions,Rectangular Mullion,"2.5"" x 5"" rectangular",L 0,,,,,,,,,,Aluminum,,,"0' - 5""","7' - 0""","0' - 5""",4 SF,0.61 CF,
1947655,Architecture,Curtain Wall Mullions,Rectangular Mullion,"2.5"" x 5"" rectangular",L 0,,,,,,,,,,Aluminum,,,"0' - 5""","7' - 0""","0' - 5""",4 SF,0.61 CF,
1947656,Architecture,Curtain Wall Mullions,Rectangular Mullion,"2.5"" x 5"" rectangular",L 0,,,,,,,,,,Aluminum,,,"0' - 5""","7' - 0""","0' - 5""",4 SF,0.61 CF,
1949156,Architecture,Curtain Wall Mullions,Rectangular Mullion,"2.5"" x 5"" rectangular",L 0,,,,,,,,,,Aluminum,,,"0' - 5""","3' - 8 21/32""","0' - 5""",2 SF,0.32 CF,
1949157,Architecture,Curtain Wall Mullions,Rectangular Mullion,"2.5"" x 5"" rectangular",L 0,,,,,,,,,,Aluminum,,,"0' - 5""","3' - 8 21/32""","0' - 5""",2 SF,0.32 CF,
1949158,Architecture,Curtain Wall Mullions,Rectangular Mullion,"2.5"" x 5"" rectangular",L 0,,,,,,,,,,Aluminum,,,"0' - 5""","3' - 9 29/32""","0' - 5""",2 SF,0.33 CF,
1949159,Architecture,Curtain Wall Mullions,Rectangular Mullion,"2.5"" x 5"" rectangular",L 0,,,,,,,,,,Aluminum,,,"0' - 5""","3' - 8 21/32""","0' - 5""",2 SF,0.32 CF,
1949160,Architecture,Curtain Wall Mullions,Rectangular Mullion,"2.5"" x 5"" rectangular",L 0,,,,,,,,,,Aluminum,,,"0' - 5""","3' - 9 29/32""","0' - 5""",2 SF,0.33 CF,
1949161,Architecture,Curtain Wall Mullions,Rectangular Mullion,"2.5"" x 5"" rectangular",L 0,,,,,,,,,,Aluminum,,,"0' - 5""","3' - 9 29/32""","0' - 5""",2 SF,0.33 CF,
1949162,Architecture,Curtain Wall Mullions,Rectangular Mullion,"2.5"" x 5"" rectangular",L 0,,,,,,,,,,Aluminum,,,"0' - 5""","8' - 0""","0' - 5""",5 SF,0.69 CF,
1949164,Architecture,Curtain Wall Mullions,Rectangular Mullion,"2.5"" x 5"" rectangular",L 0,,,,,,,,,,Aluminum,,,"0' - 5""","8' - 0""","0' - 5""",5 SF,0.69 CF,
1949169,Architecture,Curtain Wall Mullions,Rectangular Mullion,"2.5"" x 5"" rectangular",L 0,,,,,,,,,,Aluminum,,,"0' - 5""","8' - 0""","0' - 5""",5 SF,0.69 CF,
1949170,Architecture,Curtain Wall Mullions,Rectangular Mullion,"2.5"" x 5"" rectangular",L 0,,,,,,,,,,Aluminum,,,"0' - 5""","8' - 0""","0' - 5""",5 SF,0.69 CF,
1949454,Architecture,Curtain Wall Mullions,Rectangular Mullion,"2.5"" x 5"" rectangular",L 0,,,,,,,,,,Aluminum,,,"0' - 5""","3' - 9 29/32""","0' - 5""",2 SF,0.33 CF,
1949455,Architecture,Curtain Wall Mullions,Rectangular Mullion,"2.5"" x 5"" rectangular",L 0,,,,,,,,,,Aluminum,,,"0' - 5""","3' - 9 29/32""","0' - 5""",2 SF,0.33 CF,
1949456,Architecture,Curtain Wall Mullions,Rectangular Mullion,"2.5"" x 5"" rectangular",L 0,,,,,,,,,,Aluminum,,,"0' - 5""","3' - 9 29/32""","0' - 5""",2 SF,0.33 CF,
1949457,Architecture,Curtain Wall Mullions,Rectangular Mullion,"2.5"" x 5"" rectangular",L 0,,,,,,,,,,Aluminum,,,"0' - 5""","3' - 8 21/32""","0' - 5""",2 SF,0.32 CF,
1949460,Architecture,Curtain Wall Mullions,Rectangular Mullion,"2.5"" x 5"" rectangular",L 0,,,,,,,,,,Aluminum,,,"0' - 5""","8' - 0""","0' - 5""",5 SF,0.69 CF,
1949461,Architecture,Curtain Wall Mullions,Rectangular Mullion,"2.5"" x 5"" rectangular",L 0,,,,,,,,,,Aluminum,,,"0' - 5""","8' - 0""","0' - 5""",5 SF,0.69 CF,
1952952,Architecture,Curtain Wall Mullions,Rectangular Mullion,"2.5"" x 5"" rectangular",L 0,,,,,,,,,,Aluminum,,,"0' - 5""","4' - 1 27/32""","0' - 5""",3 SF,0.36 CF,
1952953,Architecture,Curtain Wall Mullions,Rectangular Mullion,"2.5"" x 5"" rectangular",L 0,,,,,,,,,,Aluminum,,,"0' - 5""","4' - 1 27/32""","0' - 5""",3 SF,0.36 CF,
1952954,Architecture,Curtain Wall Mullions,Rectangular Mullion,"2.5"" x 5"" rectangular",L 0,,,,,,,,,,Aluminum,,,"0' - 5""","8' - 0""","0' - 5""",5 SF,0.69 CF,
1952955,Architecture,Curtain Wall Mullions,Rectangular Mullion,"2.5"" x 5"" rectangular",L 0,,,,,,,,,,Aluminum,,,"0' - 5""","7' - 0""","0' - 5""",4 SF,0.61 CF,
1952956,Architecture,Curtain Wall Mullions,Rectangular Mullion,"2.5"" x 5"" rectangular",L 0,,,,,,,,,,Aluminum,,,"0' - 5""","7' - 0""","0' - 5""",4 SF,0.61 CF,
1952957,Architecture,Curtain Wall Mullions,Rectangular Mullion,"2.5"" x 5"" rectangular",L 0,,,,,,,,,,Aluminum,,,"0' - 5""","8' - 0""","0' - 5""",5 SF,0.69 CF,
1952958,Architecture,Curtain Wall Mullions,Rectangular Mullion,"2.5"" x 5"" rectangular",L 0,,,,,,,,,,Aluminum,,,"0' - 5""","4' - 1 27/32""","0' - 5""",3 SF,0.36 CF,
1953543,Architecture,Curtain Wall Mullions,Rectangular Mullion,"2.5"" x 5"" rectangular",L 0,,,,,,,,,,Aluminum,,,"0' - 5""","4' - 1 27/32""","0' - 5""",3 SF,0.36 CF,
1953544,Architecture,Curtain Wall Mullions,Rectangular Mullion,"2.5"" x 5"" rectangular",L 0,,,,,,,,,,Aluminum,,,"0' - 5""","4' - 1 27/32""","0' - 5""",3 SF,0.36 CF,
1953545,Architecture,Curtain Wall Mullions,Rectangular Mullion,"2.5"" x 5"" rectangular",L 0,,,,,,,,,,Aluminum,,,"0' - 5""","8' - 0""","0' - 5""",5 SF,0.69 CF,
1953546,Architecture,Curtain Wall Mullions,Rectangular Mullion,"2.5"" x 5"" rectangular",L 0,,,,,,,,,,Aluminum,,,"0' - 5""","7' - 0""","0' - 5""",4 SF,0.61 CF,
1953547,Architecture,Curtain Wall Mullions,Rectangular Mullion,"2.5"" x 5"" rectangular",L 0,,,,,,,,,,Aluminum,,,"0' - 5""","7' - 0""","0' - 5""",4 SF,0.61 CF,
1953548,Architecture,Curtain Wall Mullions,Rectangular Mullion,"2.5"" x 5"" rectangular",L 0,,,,,,,,,,Aluminum,,,"0' - 5""","8' - 0""","0' - 5""",5 SF,0.69 CF,
1953549,Architecture,Curtain Wall Mullions,Rectangular Mullion,"2.5"" x 5"" rectangular",L 0,,,,,,,,,,Aluminum,,,"0' - 5""","4' - 1 27/32""","0' - 5""",3 SF,0.36 CF,
2126043,Architecture,Curtain Wall Mullions,Rectangular Mullion,"2.5"" x 5"" rectangular",L 0,,,,,,,,,,Aluminum,,,"0' - 5""","2' - 9 1/4""","0' - 5""",2 SF,0.24 CF,
2126044,Architecture,Curtain Wall Mullions,Rectangular Mullion,"2.5"" x 5"" rectangular",L 0,,,,,,,,,,Aluminum,,,"0' - 5""","2' - 9 1/4""","0' - 5""",2 SF,0.24 CF,
2126045,Architecture,Curtain Wall Mullions,Rectangular Mullion,"2.5"" x 5"" rectangular",L 0,,,,,,,,,,Aluminum,,,"0' - 5""","6' - 6""","0' - 5""",4 SF,0.56 CF,
2126047,Architecture,Curtain Wall Mullions,Rectangular Mullion,"2.5"" x 5"" rectangular",L 0,,,,,,,,,,Aluminum,,,"0' - 5""","6' - 6""","0' - 5""",4 SF,0.56 CF,
2126248,Architecture,Curtain Wall Mullions,Rectangular Mullion,"2.5"" x 5"" rectangular",L 0,,,,,,,,,,Aluminum,,,"0' - 5""","2' - 9 1/4""","0' - 5""",2 SF,0.24 CF,
2126249,Architecture,Curtain Wall Mullions,Rectangular Mullion,"2.5"" x 5"" rectangular",L 0,,,,,,,,,,Aluminum,,,"0' - 5""","2' - 9 1/4""","0' - 5""",2 SF,0.24 CF,
2126250,Architecture,Curtain Wall Mullions,Rectangular Mullion,"2.5"" x 5"" rectangular",L 0,,,,,,,,,,Aluminum,,,"0' - 5""","6' - 6""","0' - 5""",4 SF,0.56 CF,
2126491,Architecture,Curtain Wall Mullions,Rectangular Mullion,"2.5"" x 5"" rectangular",L 0,,,,,,,,,,Aluminum,,,"0' - 5""","2' - 9 1/4""","0' - 5""",2 SF,0.24 CF,
2126492,Architecture,Curtain Wall Mullions,Rectangular Mullion,"2.5"" x 5"" rectangular",L 0,,,,,,,,,,Aluminum,,,"0' - 5""","2' - 9 1/4""","0' - 5""",2 SF,0.24 CF,
2126493,Architecture,Curtain Wall Mullions,Rectangular Mullion,"2.5"" x 5"" rectangular",L 0,,,,,,,,,,Aluminum,,,"0' - 5""","6' - 6""","0' - 5""",4 SF,0.56 CF,
2126494,Architecture,Curtain Wall Mullions,Rectangular Mullion,"2.5"" x 5"" rectangular",L 0,,,,,,,,,,Aluminum,,,"0' - 5""","6' - 6""","0' - 5""",4 SF,0.56 CF,
2126497,Architecture,Curtain Wall Mullions,Rectangular Mullion,"2.5"" x 5"" rectangular",L 0,,,,,,,,,,Aluminum,,,"0' - 5""","2' - 9 1/4""","0' - 5""",2 SF,0.24 CF,
2126498,Architecture,Curtain Wall Mullions,Rectangular Mullion,"2.5"" x 5"" rectangular",L 0,,,,,,,,,,Aluminum,,,"0' - 5""","2' - 9 1/4""","0' - 5""",2 SF,0.24 CF,
2126499,Architecture,Curtain Wall Mullions,Rectangular Mullion,"2.5"" x 5"" rectangular",L 0,,,,,,,,,,Aluminum,,,"0' - 5""","6' - 6""","0' - 5""",4 SF,0.56 CF,
1721078,Architecture,Doors,Door-Passage-Double-Flush,"72"" x 84""",L 0,,,331.0,,,,,B2030,Exterior Doors,Aluminum; Metal - Paint Finish - Grey; Metal Door - Brindle,,"6' - 0""","8' - 0""",,"0' - 1 3/4""",92 SF,9.46 CF,
1784029,Architecture,Doors,Door-Passage-Double-Flush,"72"" x 84""",L 0,,,339.0,,,,,B2030,Exterior Doors,Aluminum; Metal - Paint Finish - Grey; Metal Door - Brindle,,"6' - 0""","8' - 0""",,"0' - 1 3/4""",92 SF,9.46 CF,
2178444,Architecture,Doors,Door-Passage-Single-Flush,"3'6"" x 8'",L 0,,,378.0,,,,,C1020,Interior Doors,Aluminum; Wood - Birch; Metal - Paint Finish - Grey,,"3' - 6""","8' - 0""",,"0' - 1 3/4""",65 SF,6.13 CF,L 0 Zone 1
2178447,Architecture,Doors,Door-Passage-Single-Flush,"3'6"" x 8'",L 0,,,381.0,,,,,C1020,Interior Doors,Aluminum; Wood - Birch; Metal - Paint Finish - Grey,,"3' - 6""","8' - 0""",,"0' - 1 3/4""",65 SF,6.13 CF,L 0 Zone 1
1404022,Architecture,Doors,Door-Passage-Single-Flush,"36"" x 96""",L 0,,,203.0,,,,,C1020,Interior Doors,Aluminum; Wood - Birch; Metal - Paint Finish - Grey,,"4' - 0""","8' - 0""",,"0' - 1 3/4""",70 SF,6.80 CF,
2178443,Architecture,Doors,Door-Passage-Single-Flush,"36"" x 96""",L 0,,,377.0,,,,,C1020,Interior Doors,Aluminum; Wood - Birch; Metal - Paint Finish - Grey,,"4' - 0""","8' - 0""",,"0' - 1 3/4""",70 SF,6.80 CF,
2178445,Architecture,Doors,Door-Passage-Single-Flush,"36"" x 96""",L 0,,,379.0,,,,,C1020,Interior Doors,Aluminum; Wood - Birch; Metal - Paint Finish - Grey,,"4' - 0""","8' - 0""",,"0' - 1 3/4""",70 SF,6.80 CF,
2178446,Architecture,Doors,Door-Passage-Single-Flush,"36"" x 96""",L 0,,,380.0,,,,,C1020,Interior Doors,Aluminum; Wood - Birch; Metal - Paint Finish - Grey,,"4' - 0""","8' - 0""",,"0' - 1 3/4""",70 SF,6.80 CF,
1720960,Architecture,Doors,Door-Passage-Single-Flush,"36"" x 96"" EXTERIOR",L 0,,,329.0,,,,,B2030,Exterior Doors,Aluminum; Wood - Birch; Metal - Paint Finish - Grey,,"3' - 6""","8' - 0""",,"0' - 1 3/4""",65 SF,6.13 CF,L 0 Zone 3
1721776,Architecture,Doors,Door-Passage-Single-Flush,"36"" x 96"" EXTERIOR",L 0,,,332.0,,,,,B2030,Exterior Doors,Aluminum; Wood - Birch; Metal - Paint Finish - Grey,,"3' - 6""","8' - 0""",,"0' - 1 3/4""",65 SF,6.13 CF,
1789525,Architecture,Doors,Door-Passage-Single-Flush,"36"" x 96"" EXTERIOR",L 0,,,340.0,,,,,B2030,Exterior Doors,Aluminum; Wood - Birch; Metal - Paint Finish - Grey,,"3' - 6""","8' - 0""",,"0' - 1 3/4""",65 SF,6.13 CF,
1995788,Architecture,Doors,Door-Passage-Single-Flush,"36"" x 96"" EXTERIOR",L 0,,,356.0,,,,,B2030,Exterior Doors,Aluminum; Wood - Birch; Metal - Paint Finish - Grey,,"3' - 6""","8' - 0""",,"0' - 1 3/4""",65 SF,6.13 CF,
1777114,Architecture,Doors,Door-Passage-Single-Vision_Lite,"3'6"" x 96""",L 0,,,337.0,,,,,C1020,Interior Doors,Glass; Aluminum; Wood - Birch; Metal - Paint Finish - Grey,,"3' - 6""","8' - 0""",,"0' - 1 3/4""",66 SF,6.02 CF,L 0 Zone 2
1777294,Architecture,Doors,Door-Passage-Single-Vision_Lite,"3'6"" x 96""",L 0,,,338.0,,,,,C1020,Interior Doors,Glass; Aluminum; Wood - Birch; Metal - Paint Finish - Grey,,"3' - 6""","8' - 0""",,"0' - 1 3/4""",66 SF,6.02 CF,
2175570,Architecture,Doors,Door-Passage-Single-Vision_Lite,"3'6"" x 96""",L 0,,,375.0,,,,,C1020,Interior Doors,Glass; Aluminum; Wood - Birch; Metal - Paint Finish - Grey,,"3' - 6""","8' - 0""",,"0' - 1 3/4""",66 SF,6.02 CF,
646504,Architecture,Floors,,"Bamboo - 6""",L 0,,,,,,,,B1010,Floor Construction,Structural Bamboo (CLB),,,"0' - 6""",,"0' - 6""",6522 SF,3261.10 CF,L 0 Zone 2
1429762,Architecture,Furniture,071_Ikea_Tulsta,071_Ikea_Tulsta,L 0,,,,,,,,,,textil; drevene nohy,,,,,,19 SF,5.38 CF,
1429900,Architecture,Furniture,071_Ikea_Tulsta,071_Ikea_Tulsta,L 0,,,,,,,,,,textil; drevene nohy,,,,,,19 SF,5.38 CF,
1422195,Architecture,Furniture,081_Log_Framed_Three_Seat_Couc,081_Log_Framed_Three_Seat_Couc,L 0,,,,,,,,,,Log Framing; Couch Cushion,,,,,,56 SF,14.05 CF,
2126694,Architecture,Furniture,116_Patio_Sofa,116_Patio_Sofa,L 0,,,,,,,,,,,,,,,,,,L 0 Zone 3
2126739,Architecture,Furniture,116_Patio_Sofa,116_Patio_Sofa,L 0,,,,,,,,,,,,,,,,,,L 0 Zone 3
1541696,Architecture,Furniture,Chair (2),Chair (2),L 0,,,,,,,,,,Metal - Chrome; Textile - Bamboo Weave,,,,,,5 SF,0.45 CF,
1541697,Architecture,Furniture,Chair (2),Chair (2),L 0,,,,,,,,,,Metal - Chrome; Textile - Bamboo Weave,,,,,,5 SF,0.45 CF,
1541698,Architecture,Furniture,Chair (2),Chair (2),L 0,,,,,,,,,,Metal - Chrome; Textile - Bamboo Weave,,,,,,5 SF,0.45 CF,
1541699,Architecture,Furniture,Chair (2),Chair (2),L 0,,,,,,,,,,Metal - Chrome; Textile - Bamboo Weave,,,,,,5 SF,0.45 CF,
1541755,Architecture,Furniture,Chair (2),Chair (2),L 0,,,,,,,,,,Metal - Chrome; Textile - Bamboo Weave,,,,,,5 SF,0.45 CF,
1541756,Architecture,Furniture,Chair (2),Chair (2),L 0,,,,,,,,,,Metal - Chrome; Textile - Bamboo Weave,,,,,,5 SF,0.45 CF,
1541757,Architecture,Furniture,Chair (2),Chair (2),L 0,,,,,,,,,,Metal - Chrome; Textile - Bamboo Weave,,,,,,5 SF,0.45 CF,
1541758,Architecture,Furniture,Chair (2),Chair (2),L 0,,,,,,,,,,Metal - Chrome; Textile - Bamboo Weave,,,,,,5 SF,0.45 CF,
1541814,Architecture,Furniture,Chair (2),Chair (2),L 0,,,,,,,,,,Metal - Chrome; Textile - Bamboo Weave,,,,,,5 SF,0.45 CF,
1541815,Architecture,Furniture,Chair (2),Chair (2),L 0,,,,,,,,,,Metal - Chrome; Textile - Bamboo Weave,,,,,,5 SF,0.45 CF,
1541816,Architecture,Furniture,Chair (2),Chair (2),L 0,,,,,,,,,,Metal - Chrome; Textile - Bamboo Weave,,,,,,5 SF,0.45 CF,
1541817,Architecture,Furniture,Chair (2),Chair (2),L 0,,,,,,,,,,Metal - Chrome; Textile - Bamboo Weave,,,,,,5 SF,0.45 CF,
1421029,Architecture,Furniture,Contemporary Bench,3 Seat Sofa,L 0,,,,,,,,,,Fabric - Leather Brown; Metal - Chrome Polished,,"3' - 11 1/4""","1' - 3 3/4""",,"1' - 5 23/32""",9 SF,2.83 CF,L 0 Zone 2
1421092,Architecture,Furniture,Contemporary Bench,3 Seat Sofa,L 0,,,,,,,,,,Fabric - Leather Brown; Metal - Chrome Polished,,"3' - 11 1/4""","1' - 3 3/4""",,"1' - 5 23/32""",9 SF,2.83 CF,
1421161,Architecture,Furniture,Contemporary Bench,3 Seat Sofa,L 0,,,,,,,,,,Fabric - Leather Brown; Metal - Chrome Polished,,"3' - 11 1/4""","1' - 3 3/4""",,"1' - 5 23/32""",9 SF,2.83 CF,L 0 Zone 3
1421224,Architecture,Furniture,Contemporary Bench,3 Seat Sofa,L 0,,,,,,,,,,Fabric - Leather Brown; Metal - Chrome Polished,,"3' - 11 1/4""","1' - 3 3/4""",,"1' - 5 23/32""",9 SF,2.83 CF,L 0 Zone 3
2127336,Architecture,Furniture,Contemporary Bench,3 Seat Sofa,L 0,,,,,,,,,,Fabric - Leather Brown; Metal - Chrome Polished,,"3' - 11 1/4""","1' - 3 3/4""",,"1' - 5 23/32""",9 SF,2.83 CF,
1423659,Architecture,Furniture,Furniture-Generic-Hammock,Hammock,L 0,,,,,,,,12 50 00,,Metal - Generic - Black; Metal - Generic - Stainless Steel; Wood - Generic - Ash; Fabric - Generic - Blue,,"15' - 5 1/2""","3' - 9 31/32""",,"4' - 0""",40 SF,0.69 CF,
1457482,Architecture,Furniture,Furniture_Figueras-Seating_Minispace_5064,5064,L 0,,,,,,,,,,Figueras - Plastic - Black; Figueras - Textile - Valencia1048; Figueras - Wood - AmericanOakOP04; Figueras - Metal - Silver,,"1' - 11 19/32""","2' - 8 11/16""","5' - 5 11/32""","1' - 7 9/32""",66 SF,6.05 CF,
1805163,Architecture,Furniture,Furniture_Figueras-Seating_Minispace_5064_double,5064,L 0,,,,,,,,,,Figueras - Plastic - Black; Figueras - Textile - Valencia1048; Figueras - Wood - AmericanOakOP04; Figueras - Metal - Silver,,"1' - 11 19/32""","2' - 8 11/16""","5' - 5 11/32""","1' - 7 9/32""",45 SF,4.07 CF,L 0 Zone 5
1805454,Architecture,Furniture,Furniture_Figueras-Seating_Minispace_5064_double,5064,L 0,,,,,,,,,,Figueras - Plastic - Black; Figueras - Textile - Valencia1048; Figueras - Wood - AmericanOakOP04; Figueras - Metal - Silver,,"1' - 11 19/32""","2' - 8 11/16""","5' - 5 11/32""","1' - 7 9/32""",45 SF,4.07 CF,
1805803,Architecture,Furniture,Furniture_Figueras-Seating_Minispace_5064_double,5064,L 0,,,,,,,,,,Figueras - Plastic - Black; Figueras - Textile - Valencia1048; Figueras - Wood - AmericanOakOP04; Figueras - Metal - Silver,,"1' - 11 19/32""","2' - 8 11/16""","5' - 5 11/32""","1' - 7 9/32""",45 SF,4.07 CF,L 0 Zone 5
1967526,Architecture,Furniture,LR1172_Conjunto_Banheiro_Comercial_2,LR1172_Conjunto_Banheiro_Comercial_2,L 0,,,,,,,,D2010,Plumbing Fixtures,MARMORE; CROMADO; ESPELHO; Porcelana - Linho,,,,,,189 SF,8.82 CF,L 0 Zone 1
1982028,Architecture,Furniture,LR1172_Conjunto_Banheiro_Comercial_2,LR1172_Conjunto_Banheiro_Comercial_2,L 0,,,,,,,,D2010,Plumbing Fixtures,MARMORE; CROMADO; ESPELHO; Porcelana - Linho,,,,,,189 SF,8.82 CF,L 0 Zone 1
1544587,Architecture,Furniture,Lab Stool,Lab Stool,L 0,,,,,,,,,,Wood - Birch; Stainless,,,"2' - 10""",,,4 SF,0.24 CF,L 0 Zone 4
1544726,Architecture,Furniture,Lab Stool,Lab Stool,L 0,,,,,,,,,,Wood - Birch; Stainless,,,"2' - 10""",,,4 SF,0.24 CF,L 0 Zone 4
1544767,Architecture,Furniture,Lab Stool,Lab Stool,L 0,,,,,,,,,,Wood - Birch; Stainless,,,"2' - 10""",,,4 SF,0.24 CF,
1544768,Architecture,Furniture,Lab Stool,Lab Stool,L 0,,,,,,,,,,Wood - Birch; Stainless,,,"2' - 10""",,,4 SF,0.24 CF,
1544809,Architecture,Furniture,Lab Stool,Lab Stool,L 0,,,,,,,,,,Wood - Birch; Stainless,,,"2' - 10""",,,4 SF,0.24 CF,
1544810,Architecture,Furniture,Lab Stool,Lab Stool,L 0,,,,,,,,,,Wood - Birch; Stainless,,,"2' - 10""",,,4 SF,0.24 CF,
1544848,Architecture,Furniture,Lab Stool,Lab Stool,L 0,,,,,,,,,,Wood - Birch; Stainless,,,"2' - 10""",,,4 SF,0.24 CF,L 0 Zone 4
1544849,Architecture,Furniture,Lab Stool,Lab Stool,L 0,,,,,,,,,,Wood - Birch; Stainless,,,"2' - 10""",,,4 SF,0.24 CF,L 0 Zone 4
1544850,Architecture,Furniture,Lab Stool,Lab Stool,L 0,,,,,,,,,,Wood - Birch; Stainless,,,"2' - 10""",,,4 SF,0.24 CF,L 0 Zone 4
1544851,Architecture,Furniture,Lab Stool,Lab Stool,L 0,,,,,,,,,,Wood - Birch; Stainless,,,"2' - 10""",,,4 SF,0.24 CF,L 0 Zone 4
1544852,Architecture,Furniture,Lab Stool,Lab Stool,L 0,,,,,,,,,,Wood - Birch; Stainless,,,"2' - 10""",,,4 SF,0.24 CF,L 0 Zone 4
1544853,Architecture,Furniture,Lab Stool,Lab Stool,L 0,,,,,,,,,,Wood - Birch; Stainless,,,"2' - 10""",,,4 SF,0.24 CF,L 0 Zone 4
1544898,Architecture,Furniture,Lab Stool,Lab Stool,L 0,,,,,,,,,,Wood - Birch; Stainless,,,"2' - 10""",,,4 SF,0.24 CF,L 0 Zone 4
1544899,Architecture,Furniture,Lab Stool,Lab Stool,L 0,,,,,,,,,,Wood - Birch; Stainless,,,"2' - 10""",,,4 SF,0.24 CF,L 0 Zone 4
1544900,Architecture,Furniture,Lab Stool,Lab Stool,L 0,,,,,,,,,,Wood - Birch; Stainless,,,"2' - 10""",,,4 SF,0.24 CF,L 0 Zone 4
1544901,Architecture,Furniture,Lab Stool,Lab Stool,L 0,,,,,,,,,,Wood - Birch; Stainless,,,"2' - 10""",,,4 SF,0.24 CF,L 0 Zone 4
1544902,Architecture,Furniture,Lab Stool,Lab Stool,L 0,,,,,,,,,,Wood - Birch; Stainless,,,"2' - 10""",,,4 SF,0.24 CF,L 0 Zone 4
1544903,Architecture,Furniture,Lab Stool,Lab Stool,L 0,,,,,,,,,,Wood - Birch; Stainless,,,"2' - 10""",,,4 SF,0.24 CF,L 0 Zone 4
1544957,Architecture,Furniture,Lab Stool,Lab Stool,L 0,,,,,,,,,,Wood - Birch; Stainless,,,"2' - 10""",,,4 SF,0.24 CF,
1544958,Architecture,Furniture,Lab Stool,Lab Stool,L 0,,,,,,,,,,Wood - Birch; Stainless,,,"2' - 10""",,,4 SF,0.24 CF,
1544959,Architecture,Furniture,Lab Stool,Lab Stool,L 0,,,,,,,,,,Wood - Birch; Stainless,,,"2' - 10""",,,4 SF,0.24 CF,
1544960,Architecture,Furniture,Lab Stool,Lab Stool,L 0,,,,,,,,,,Wood - Birch; Stainless,,,"2' - 10""",,,4 SF,0.24 CF,
1544961,Architecture,Furniture,Lab Stool,Lab Stool,L 0,,,,,,,,,,Wood - Birch; Stainless,,,"2' - 10""",,,4 SF,0.24 CF,
1544962,Architecture,Furniture,Lab Stool,Lab Stool,L 0,,,,,,,,,,Wood - Birch; Stainless,,,"2' - 10""",,,4 SF,0.24 CF,
1544963,Architecture,Furniture,Lab Stool,Lab Stool,L 0,,,,,,,,,,Wood - Birch; Stainless,,,"2' - 10""",,,4 SF,0.24 CF,
1544964,Architecture,Furniture,Lab Stool,Lab Stool,L 0,,,,,,,,,,Wood - Birch; Stainless,,,"2' - 10""",,,4 SF,0.24 CF,
1544965,Architecture,Furniture,Lab Stool,Lab Stool,L 0,,,,,,,,,,Wood - Birch; Stainless,,,"2' - 10""",,,4 SF,0.24 CF,
1544966,Architecture,Furniture,Lab Stool,Lab Stool,L 0,,,,,,,,,,Wood - Birch; Stainless,,,"2' - 10""",,,4 SF,0.24 CF,
1544967,Architecture,Furniture,Lab Stool,Lab Stool,L 0,,,,,,,,,,Wood - Birch; Stainless,,,"2' - 10""",,,4 SF,0.24 CF,
1544968,Architecture,Furniture,Lab Stool,Lab Stool,L 0,,,,,,,,,,Wood - Birch; Stainless,,,"2' - 10""",,,4 SF,0.24 CF,
1544969,Architecture,Furniture,Lab Stool,Lab Stool,L 0,,,,,,,,,,Wood - Birch; Stainless,,,"2' - 10""",,,4 SF,0.24 CF,L 0 Zone 4
1544970,Architecture,Furniture,Lab Stool,Lab Stool,L 0,,,,,,,,,,Wood - Birch; Stainless,,,"2' - 10""",,,4 SF,0.24 CF,L 0 Zone 4
1544971,Architecture,Furniture,Lab Stool,Lab Stool,L 0,,,,,,,,,,Wood - Birch; Stainless,,,"2' - 10""",,,4 SF,0.24 CF,L 0 Zone 4
1544972,Architecture,Furniture,Lab Stool,Lab Stool,L 0,,,,,,,,,,Wood - Birch; Stainless,,,"2' - 10""",,,4 SF,0.24 CF,L 0 Zone 4
1544973,Architecture,Furniture,Lab Stool,Lab Stool,L 0,,,,,,,,,,Wood - Birch; Stainless,,,"2' - 10""",,,4 SF,0.24 CF,
1544974,Architecture,Furniture,Lab Stool,Lab Stool,L 0,,,,,,,,,,Wood - Birch; Stainless,,,"2' - 10""",,,4 SF,0.24 CF,
2127121,Architecture,Furniture,Seating38,Seating38,L 0,,,,,,,,,,,,,,,,,,
2127123,Architecture,Furniture,Seating38,Seating38,L 0,,,,,,,,,,,,,,,,,,L 0 Zone 2
2127122,Architecture,Furniture,Table - Cafe,Table - Cafe,L 0,,,,,,,,E2010,Fixed Furnishings,Wood - Birch; Metal - Chrome,,,,,,13 SF,1.31 CF,
1541695,Architecture,Furniture,Table - Dining w Chairs (1),900mm Diameter,L 0,,,,,,,,E2010,Fixed Furnishings,"Wood - Pine; Laminate - Linen,Matte",,,"2' - 5 29/32""",,,14 SF,1.32 CF,
1541754,Architecture,Furniture,Table - Dining w Chairs (1),900mm Diameter,L 0,,,,,,,,E2010,Fixed Furnishings,"Wood - Pine; Laminate - Linen,Matte",,,"2' - 5 29/32""",,,14 SF,1.32 CF,
1541813,Architecture,Furniture,Table - Dining w Chairs (1),900mm Diameter,L 0,,,,,,,,E2010,Fixed Furnishings,"Wood - Pine; Laminate - Linen,Matte",,,"2' - 5 29/32""",,,14 SF,1.32 CF,
626606,Architecture,Walls,,"Bamboo- 8""",L 0,,,,,,,,B10,Superstructure,Structural Bamboo (CLB),,"0' - 8""",,"10' - 0""",,265 SF,176.67 CF,
626730,Architecture,Walls,,"Bamboo- 8""",L 0,,,,,,,,B10,Superstructure,Structural Bamboo (CLB),,"0' - 8""",,"10' - 0""",,265 SF,176.67 CF,
626864,Architecture,Walls,,"Bamboo- 8""",L 0,,,,,,,,B10,Superstructure,Structural Bamboo (CLB),,"0' - 8""",,"10' - 0""",,265 SF,176.67 CF,
627014,Architecture,Walls,,"Bamboo- 8""",L 0,,,,,,,,B10,Superstructure,Structural Bamboo (CLB),,"0' - 8""",,"10' - 0""",,265 SF,176.67 CF,
1533211,Architecture,Walls,,"Generic - 8"" - EXTERIOR",L 0,,,,,,,,B2010,Exterior Walls,Default Wall,,"0' - 8""",,"30' - 2""",,449 SF,299.48 CF,
1619541,Architecture,Walls,,"Generic - 8"" - EXTERIOR",L 0,,,,,,,,B2010,Exterior Walls,Default Wall,,"0' - 8""",,"14' - 6""",,193 SF,128.56 CF,
1717415,Architecture,Walls,,"Generic - 8"" - EXTERIOR",L 0,,,,,,,,B2010,Exterior Walls,Default Wall,,"0' - 8""",,"3' - 11 1/4""",,106 SF,70.87 CF,
1717566,Architecture,Walls,,"Generic - 8"" - EXTERIOR",L 0,,,,,,,,B2010,Exterior Walls,Default Wall,,"0' - 8""",,"3' - 11 1/4""",,76 SF,50.50 CF,
1776273,Architecture,Walls,,"Generic - 8"" - EXTERIOR",L 0,,,,,,,,B2010,Exterior Walls,Default Wall,,"0' - 8""",,"0' - 10 1/4""",,13 SF,8.54 CF,
1783843,Architecture,Walls,,"Generic - 8"" - EXTERIOR",L 0,,,,,,,,B2010,Exterior Walls,Default Wall,,"0' - 8""",,"13' - 11 1/4""",,166 SF,110.75 CF,
1926527,Architecture,Walls,,"Generic - 8"" - EXTERIOR",L 0,,,,,,,,B2010,Exterior Walls,Default Wall,,"0' - 8""",,"9' - 9 3/32""",,141 SF,94.32 CF,
1936236,Architecture,Walls,,"Generic - 8"" - EXTERIOR",L 0,,,,,,,,B2010,Exterior Walls,Default Wall,,"0' - 8""",,"14' - 2""",,99 SF,66.17 CF,L 0 Zone 4
1936999,Architecture,Walls,,"Generic - 8"" - EXTERIOR",L 0,,,,,,,,B2010,Exterior Walls,Default Wall,,"0' - 8""",,"13' - 3 1/4""",,,0.00 CF,L 0 Zone 4
1937506,Architecture,Walls,,"Generic - 8"" - EXTERIOR",L 0,,,,,,,,B2010,Exterior Walls,Default Wall,,"0' - 8""",,"13' - 4 1/2""",,89 SF,59.07 CF,L 0 Zone 4
1937749,Architecture,Walls,,"Generic - 8"" - EXTERIOR",L 0,,,,,,,,B2010,Exterior Walls,Default Wall,,"0' - 8""",,"13' - 4 1/2""",,88 SF,58.51 CF,L 0 Zone 4
1937918,Architecture,Walls,,"Generic - 8"" - EXTERIOR",L 0,,,,,,,,B2010,Exterior Walls,Default Wall,,"0' - 8""",,"13' - 4 1/2""",,88 SF,58.51 CF,L 0 Zone 4
1938089,Architecture,Walls,,"Generic - 8"" - EXTERIOR",L 0,,,,,,,,B2010,Exterior Walls,Default Wall,,"0' - 8""",,"13' - 4 1/2""",,95 SF,63.53 CF,L 0 Zone 4
1938195,Architecture,Walls,,"Generic - 8"" - EXTERIOR",L 0,,,,,,,,B2010,Exterior Walls,Default Wall,,"0' - 8""",,"13' - 11""",,68 SF,45.28 CF,
1949173,Architecture,Walls,,"Generic - 8"" - EXTERIOR",L 0,,,,,,,,B2010,Exterior Walls,Default Wall,,"0' - 8""",,"19' - 6 1/4""",,98 SF,65.07 CF,
1992813,Architecture,Walls,,"Generic - 8"" - EXTERIOR",L 0,,,,,,,,B2010,Exterior Walls,Default Wall,,"0' - 8""",,"0' - 10 1/4""",,23 SF,15.09 CF,
1993027,Architecture,Walls,,"Generic - 8"" - EXTERIOR",L 0,,,,,,,,B2010,Exterior Walls,Default Wall,,"0' - 8""",,"0' - 7 1/2""",,17 SF,11.25 CF,
2001613,Architecture,Walls,,"Generic - 8"" - EXTERIOR",L 0,,,,,,,,B2010,Exterior Walls,Default Wall,,"0' - 8""",,"5' - 6 19/32""",,76 SF,50.43 CF,L 0 Zone 2
2195425,Architecture,Walls,,"Generic - 8"" - EXTERIOR",L 0,,,,,,,,B2010,Exterior Walls,Default Wall,,"0' - 8""",,"13' - 0""",,274 SF,182.37 CF,
1352336,Architecture,Walls,,"Generic - 8"" - INTERIOR",L 0,,,,,,,,C1010,Partitions,Default Wall,,"0' - 8""",,"14' - 3 1/4""",,189 SF,126.04 CF,
1387392,Architecture,Walls,,"Generic - 8"" - INTERIOR",L 0,,,,,,,,C1010,Partitions,Default Wall,,"0' - 8""",,"13' - 5 1/2""",,163 SF,108.80 CF,
1403081,Architecture,Walls,,"Generic - 8"" - INTERIOR",L 0,,,,,,,,C1010,Partitions,Default Wall,,"0' - 8""",,"5' - 6 1/4""",,80 SF,53.37 CF,
1403682,Architecture,Walls,,"Generic - 8"" - INTERIOR",L 0,,,,,,,,C1010,Partitions,Default Wall,,"0' - 8""",,"14' - 8 3/4""",,177 SF,118.31 CF,
1502824,Architecture,Walls,,"Generic - 8"" - INTERIOR",L 0,,,,,,,,C1010,Partitions,Default Wall,,"0' - 8""",,"18' - 3""",,267 SF,178.31 CF,
1720735,Architecture,Walls,,"Generic - 8"" - INTERIOR",L 0,,,,,,,,C1010,Partitions,Default Wall,,"0' - 8""",,"9' - 8 7/8""",,114 SF,76.07 CF,L 0 Zone 3
1720779,Architecture,Walls,,"Generic - 8"" - INTERIOR",L 0,,,,,,,,C1010,Partitions,Default Wall,,"0' - 8""",,"7' - 7 1/4""",,105 SF,70.28 CF,L 0 Zone 3
1775693,Architecture,Walls,,"Generic - 8"" - INTERIOR",L 0,,,,,,,,C1010,Partitions,Default Wall,,"0' - 8""",,"0' - 10 1/4""",,12 SF,8.26 CF,
1776011,Architecture,Walls,,"Generic - 8"" - INTERIOR",L 0,,,,,,,,C1010,Partitions,Default Wall,,"0' - 8""",,"5' - 6""",,48 SF,31.87 CF,L 0 Zone 2
1776132,Architecture,Walls,,"Generic - 8"" - INTERIOR",L 0,,,,,,,,C1010,Partitions,Default Wall,,"0' - 8""",,"0' - 10 1/4""",,12 SF,8.26 CF,L 0 Zone 2
1776203,Architecture,Walls,,"Generic - 8"" - INTERIOR",L 0,,,,,,,,C1010,Partitions,Default Wall,,"0' - 8""",,"5' - 5 1/4""",,79 SF,52.56 CF,L 0 Zone 2
1776411,Architecture,Walls,,"Generic - 8"" - INTERIOR",L 0,,,,,,,,C1010,Partitions,Default Wall,,"0' - 8""",,"13' - 4 1/2""",,194 SF,129.29 CF,
1776493,Architecture,Walls,,"Generic - 8"" - INTERIOR",L 0,,,,,,,,C1010,Partitions,Default Wall,,"0' - 8""",,"0' - 10 1/4""",,12 SF,8.26 CF,
1776593,Architecture,Walls,,"Generic - 8"" - INTERIOR",L 0,,,,,,,,C1010,Partitions,Default Wall,,"0' - 8""",,"5' - 5 1/4""",,47 SF,31.27 CF,
1992761,Architecture,Walls,,"Generic - 8"" - INTERIOR",L 0,,,,,,,,C1010,Partitions,Default Wall,,"0' - 8""",,"3' - 1""",,36 SF,23.83 CF,
2173036,Architecture,Walls,,"Generic - 8"" - INTERIOR",L 0,,,,,,,,C1010,Partitions,Default Wall,,"0' - 8""",,"4' - 7 13/32""",,66 SF,44.05 CF,L 0 Zone 3
2173303,Architecture,Walls,,"Generic - 8"" - INTERIOR",L 0,,,,,,,,C1010,Partitions,Default Wall,,"0' - 8""",,"7' - 8 19/32""",,112 SF,74.58 CF,L 0 Zone 3
2175005,Architecture,Walls,,"Generic - 8"" - INTERIOR",L 0,,,,,,,,C1010,Partitions,Default Wall,,"0' - 8""",,"0' - 10 1/4""",,11 SF,7.40 CF,
2175262,Architecture,Walls,,"Generic - 8"" - INTERIOR",L 0,,,,,,,,C1010,Partitions,Default Wall,,"0' - 8""",,"0' - 10 1/4""",,11 SF,7.40 CF,
2175569,Architecture,Walls,,"Generic - 8"" - INTERIOR",L 0,,,,,,,,C1010,Partitions,Default Wall,,"0' - 8""",,"5' - 1 1/2""",,35 SF,23.12 CF,L 0 Zone 3
2177543,Architecture,Walls,,"Generic - 8"" - INTERIOR",L 0,,,,,,,,C1010,Partitions,Default Wall,,"0' - 8""",,"14' - 3 1/4""",,153 SF,102.29 CF,L 0 Zone 3
2178159,Architecture,Walls,,"Generic - 8"" - INTERIOR",L 0,,,,,,,,C1010,Partitions,Default Wall,,"0' - 8""",,"9' - 8 3/4""",,136 SF,90.82 CF,L 0 Zone 3
2178442,Architecture,Walls,,"Generic - 8"" - INTERIOR",L 0,,,,,,,,C1010,Partitions,Default Wall,,"0' - 8""",,"53' - 0 1/8""",,590 SF,393.03 CF,L 0 Zone 1
2180086,Architecture,Walls,,"Generic - 8"" - INTERIOR",L 0,,,,,,,,C1010,Partitions,Default Wall,,"0' - 8""",,"13' - 7 1/4""",,197 SF,131.26 CF,L 0 Zone 3
2181278,Architecture,Walls,,"Generic - 8"" - INTERIOR",L 0,,,,,,,,C1010,Partitions,Default Wall,,"0' - 8""",,"14' - 8 3/4""",,204 SF,135.94 CF,
2181371,Architecture,Walls,,"Generic - 8"" - INTERIOR",L 0,,,,,,,,C1010,Partitions,Default Wall,,"0' - 8""",,"14' - 8 3/4""",,204 SF,135.94 CF,L 0 Zone 1
2181464,Architecture,Walls,,"Generic - 8"" - INTERIOR",L 0,,,,,,,,C1010,Partitions,Default Wall,,"0' - 8""",,"14' - 4 3/4""",,209 SF,139.16 CF,L 0 Zone 1
2181573,Architecture,Walls,,"Generic - 8"" - INTERIOR",L 0,,,,,,,,C1010,Partitions,Default Wall,,"0' - 8""",,"1' - 6""",,17 SF,11.28 CF,
2181649,Architecture,Walls,,"Generic - 8"" - INTERIOR",L 0,,,,,,,,C1010,Partitions,Default Wall,,"0' - 8""",,"3' - 4 1/8""",,41 SF,27.04 CF,L 0 Zone 1
2181841,Architecture,Walls,,"Generic - 8"" - INTERIOR",L 0,,,,,,,,C1010,Partitions,Default Wall,,"0' - 8""",,"4' - 0 5/8""",,59 SF,39.18 CF,L 0 Zone 1
2182224,Architecture,Walls,,"Generic - 8"" - INTERIOR",L 0,,,,,,,,C1010,Partitions,Default Wall,,"0' - 8""",,"10' - 1 1/4""",,137 SF,91.23 CF,L 0 Zone 1
2182304,Architecture,Walls,,"Generic - 8"" - INTERIOR",L 0,,,,,,,,C1010,Partitions,Default Wall,,"0' - 8""",,"7' - 8 13/16""",,112 SF,74.76 CF,L 0 Zone 1
2182380,Architecture,Walls,,"Generic - 8"" - INTERIOR",L 0,,,,,,,,C1010,Partitions,Default Wall,,"0' - 8""",,"6' - 9 1/2""",,94 SF,62.44 CF,L 0 Zone 1
2182796,Architecture,Walls,,"Generic - 8"" - INTERIOR",L 0,,,,,,,,C1010,Partitions,Default Wall,,"0' - 8""",,"2' - 5 1/4""",,35 SF,23.56 CF,L 0 Zone 1
2182888,Architecture,Walls,,"Generic - 8"" - INTERIOR",L 0,,,,,,,,C1010,Partitions,Default Wall,,"0' - 8""",,"0' - 11 1/4""",,14 SF,9.06 CF,L 0 Zone 1
2182947,Architecture,Walls,,"Generic - 8"" - INTERIOR",L 0,,,,,,,,C1010,Partitions,Default Wall,,"0' - 8""",,"4' - 11 11/16""",,72 SF,48.09 CF,L 0 Zone 1
2182948,Architecture,Walls,,"Generic - 8"" - INTERIOR",L 0,,,,,,,,C1010,Partitions,Default Wall,,"0' - 8""",,"7' - 8 13/16""",,112 SF,74.76 CF,L 0 Zone 1
2183054,Architecture,Walls,,"Generic - 8"" - INTERIOR",L 0,,,,,,,,C1010,Partitions,Default Wall,,"0' - 8""",,"1' - 8 1/4""",,24 SF,16.31 CF,L 0 Zone 1
2183137,Architecture,Walls,,"Generic - 8"" - INTERIOR",L 0,,,,,,,,C1010,Partitions,Default Wall,,"0' - 8""",,"1' - 8 1/4""",,24 SF,16.31 CF,L 0 Zone 1
2186904,Architecture,Walls,,"Generic - 8"" - INTERIOR",L 0,,,,,,,,C1010,Partitions,Default Wall,,"0' - 8""",,"8' - 0 19/32""",,112 SF,74.58 CF,L 0 Zone 3
2187593,Architecture,Walls,,"Generic - 8"" - INTERIOR",L 0,,,,,,,,C1010,Partitions,Default Wall,,"0' - 8""",,"4' - 7 13/32""",,62 SF,41.41 CF,L 0 Zone 3
2187665,Architecture,Walls,,"Generic - 8"" - INTERIOR",L 0,,,,,,,,C1010,Partitions,Default Wall,,"0' - 8""",,"9' - 8 3/4""",,136 SF,90.82 CF,L 0 Zone 3
1721183,Architecture,Walls,,Storefront - EXTERIOR ISLAND,L 0,,,,,,,,B2010,Exterior Walls,,,,,"17' - 3""",,362 SF,,
1778122,Architecture,Walls,,Storefront - EXTERIOR ISLAND,L 0,,,,,,,,B2010,Exterior Walls,,,,,"13' - 3 1/4""",,106 SF,,L 0 Zone 4
1787151,Architecture,Walls,,Storefront - EXTERIOR ISLAND,L 0,,,,,,,,B2010,Exterior Walls,,,,,"17' - 0 1/4""",,357 SF,,
1789249,Architecture,Walls,,Storefront - EXTERIOR ISLAND,L 0,,,,,,,,B2010,Exterior Walls,,,,,"4' - 6 27/32""",,69 SF,,
1789371,Architecture,Walls,,Storefront - EXTERIOR ISLAND,L 0,,,,,,,,B2010,Exterior Walls,,,,,"4' - 0""",,60 SF,,
1937479,Architecture,Walls,,Storefront - EXTERIOR ISLAND,L 0,,,,,,,,B2010,Exterior Walls,,,,,"13' - 2""",,105 SF,,L 0 Zone 4
1937722,Architecture,Walls,,Storefront - EXTERIOR ISLAND,L 0,,,,,,,,B2010,Exterior Walls,,,,,"13' - 3 1/4""",,106 SF,,L 0 Zone 4
1937891,Architecture,Walls,,Storefront - EXTERIOR ISLAND,L 0,,,,,,,,B2010,Exterior Walls,,,,,"13' - 3 1/4""",,106 SF,,L 0 Zone 4
1938062,Architecture,Walls,,Storefront - EXTERIOR ISLAND,L 0,,,,,,,,B2010,Exterior Walls,,,,,"13' - 2""",,105 SF,,L 0 Zone 4
1938168,Architecture,Walls,,Storefront - EXTERIOR ISLAND,L 0,,,,,,,,B2010,Exterior Walls,,,,,"13' - 7""",,109 SF,,
1947262,Architecture,Walls,,Storefront - EXTERIOR ISLAND,L 0,,,,,,,,B2010,Exterior Walls,,,,,"9' - 4 13/32""",,66 SF,,
1947646,Architecture,Walls,,Storefront - EXTERIOR ISLAND,L 0,,,,,,,,B2010,Exterior Walls,,,,,"9' - 4 13/32""",,66 SF,,
1949146,Architecture,Walls,,Storefront - EXTERIOR ISLAND,L 0,,,,,,,,B2010,Exterior Walls,,,,,"20' - 6""",,161 SF,,
1952948,Architecture,Walls,,Storefront - EXTERIOR ISLAND,L 0,,,,,,,,B2010,Exterior Walls,,,,,"4' - 6 27/32""",,69 SF,,
1953539,Architecture,Walls,,Storefront - EXTERIOR ISLAND,L 0,,,,,,,,B2010,Exterior Walls,,,,,"4' - 6 27/32""",,69 SF,,
2126039,Architecture,Walls,,Storefront - EXTERIOR ISLAND,L 0,,,,,,,,B2010,Exterior Walls,,,,,"6' - 2""",,40 SF,,
2126489,Architecture,Walls,,Storefront - EXTERIOR ISLAND,L 0,,,,,,,,B2010,Exterior Walls,,,,,"6' - 2""",,40 SF,,
1525524,Architecture,Casework,M_Counter Top w Sink Hole,600mm Depth,L 1,,,,,,,,,,Counter Top,,,"2' - 11 7/16""","6' - 5 15/16""","2' - 0 19/32""",15 SF,1.66 CF,L 1 Zone 3
1900934,Architecture,Ceilings,,"5/8"" GWB on Wood Furring",L 1,,,,,,,,,,"Softwood, Lumber; Gypsum Wall Board; Furniture - Wood Laminate",,,"0' - 2 5/8""",,"0' - 2 5/8""",3018 SF,660.10 CF,
1928172,Architecture,Ceilings,,"5/8"" GWB on Wood Furring",L 1,,,,,,,,,,"Softwood, Lumber; Gypsum Wall Board; Furniture - Wood Laminate",,,"0' - 2 5/8""",,"0' - 2 5/8""",3377 SF,738.63 CF,L 1 Zone 7
2009903,Architecture,Ceilings,,"5/8"" GWB on Wood Furring",L 1,,,,,,,,,,"Softwood, Lumber; Gypsum Wall Board; Furniture - Wood Laminate",,,"0' - 2 5/8""",,"0' - 2 5/8""",143 SF,31.32 CF,L 1 Zone 5
1383903,Architecture,Curtain Panels,System Panel,Glazed,L 1,,,,,,,,,,Glass,,"4' - 3 19/32""","7' - 8 1/4""",,"0' - 1""",33 SF,2.75 CF,L 1 Zone 7
1383910,Architecture,Curtain Panels,System Panel,Glazed,L 1,,,,,,,,,,Glass,,"4' - 4 27/32""","7' - 8 1/4""",,"0' - 1""",34 SF,2.82 CF,L 1 Zone 7
1383912,Architecture,Curtain Panels,System Panel,Glazed,L 1,,,,,,,,,,Glass,,"4' - 3 19/32""","7' - 8 1/4""",,"0' - 1""",33 SF,2.75 CF,L 1 Zone 7
1383938,Architecture,Curtain Panels,System Panel,Glazed,L 1,,,,,,,,,,Glass,,"4' - 3 19/32""","0' - 8 1/4""",,"0' - 1""",3 SF,0.25 CF,L 1 Zone 7
1383939,Architecture,Curtain Panels,System Panel,Glazed,L 1,,,,,,,,,,Glass,,"4' - 4 27/32""","0' - 8 1/4""",,"0' - 1""",3 SF,0.25 CF,L 1 Zone 7
1383940,Architecture,Curtain Panels,System Panel,Glazed,L 1,,,,,,,,,,Glass,,"4' - 3 19/32""","0' - 8 1/4""",,"0' - 1""",3 SF,0.25 CF,L 1 Zone 7
1526322,Architecture,Curtain Panels,System Panel,Glazed,L 1,,,,,,,,,,Glass,,"4' - 5 3/4""","7' - 8 1/4""",,"0' - 1""",34 SF,2.87 CF,L 1 Zone 5
1526331,Architecture,Curtain Panels,System Panel,Glazed,L 1,,,,,,,,,,Glass,,"4' - 7""","7' - 8 1/4""",,"0' - 1""",35 SF,2.94 CF,L 1 Zone 5
1526333,Architecture,Curtain Panels,System Panel,Glazed,L 1,,,,,,,,,,Glass,,"4' - 5 3/4""","7' - 8 1/4""",,"0' - 1""",34 SF,2.87 CF,L 1 Zone 5
1526337,Architecture,Curtain Panels,System Panel,Glazed,L 1,,,,,,,,,,Glass,,"4' - 5 3/4""","0' - 10 1/4""",,"0' - 1""",4 SF,0.32 CF,L 1 Zone 5
1526338,Architecture,Curtain Panels,System Panel,Glazed,L 1,,,,,,,,,,Glass,,"4' - 7""","0' - 10 1/4""",,"0' - 1""",4 SF,0.33 CF,L 1 Zone 5
1526339,Architecture,Curtain Panels,System Panel,Glazed,L 1,,,,,,,,,,Glass,,"4' - 5 3/4""","0' - 10 1/4""",,"0' - 1""",4 SF,0.32 CF,L 1 Zone 5
1622167,Architecture,Curtain Panels,System Panel,Glazed,L 1,,,,,,,,,,Glass,,"4' - 3 19/32""","7' - 8 1/4""",,"0' - 1""",33 SF,2.75 CF,
1622174,Architecture,Curtain Panels,System Panel,Glazed,L 1,,,,,,,,,,Glass,,"4' - 4 27/32""","7' - 8 1/4""",,"0' - 1""",34 SF,2.82 CF,
1622178,Architecture,Curtain Panels,System Panel,Glazed,L 1,,,,,,,,,,Glass,,"4' - 3 19/32""","0' - 8 1/4""",,"0' - 1""",3 SF,0.25 CF,
1622179,Architecture,Curtain Panels,System Panel,Glazed,L 1,,,,,,,,,,Glass,,"4' - 4 27/32""","0' - 8 1/4""",,"0' - 1""",3 SF,0.25 CF,
1622180,Architecture,Curtain Panels,System Panel,Glazed,L 1,,,,,,,,,,Glass,,"4' - 3 19/32""","0' - 8 1/4""",,"0' - 1""",3 SF,0.25 CF,
1722039,Architecture,Curtain Panels,System Panel,Glazed,L 1,,,,,,,,,,Glass,,"3' - 0 1/4""","7' - 8 1/4""",,"0' - 1""",23 SF,1.94 CF,L 1 Zone 3
1722052,Architecture,Curtain Panels,System Panel,Glazed,L 1,,,,,,,,,,Glass,,"3' - 0 1/4""","0' - 8 1/4""",,"0' - 1""",2 SF,0.17 CF,L 1 Zone 3
1722053,Architecture,Curtain Panels,System Panel,Glazed,L 1,,,,,,,,,,,,"0' - 0""","0' - 0""",,"0' - 1""",,,
1722143,Architecture,Curtain Panels,System Panel,Glazed,L 1,,,,,,,,,,Glass,,"3' - 6 1/2""","7' - 8 1/4""",,"0' - 1""",27 SF,2.27 CF,
1722150,Architecture,Curtain Panels,System Panel,Glazed,L 1,,,,,,,,,,Glass,,"3' - 6 1/2""","0' - 8 1/4""",,"0' - 1""",2 SF,0.20 CF,
1722302,Architecture,Curtain Panels,System Panel,Glazed,L 1,,,,,,,,,,Glass,,"3' - 7""","7' - 8 1/4""",,"0' - 1""",28 SF,2.30 CF,L 1 Zone 3
1722309,Architecture,Curtain Panels,System Panel,Glazed,L 1,,,,,,,,,,Glass,,"3' - 8 1/4""","7' - 8 1/4""",,"0' - 1""",28 SF,2.36 CF,L 1 Zone 3
1722313,Architecture,Curtain Panels,System Panel,Glazed,L 1,,,,,,,,,,Glass,,"3' - 7""","0' - 8 1/4""",,"0' - 1""",2 SF,0.21 CF,L 1 Zone 3
1722314,Architecture,Curtain Panels,System Panel,Glazed,L 1,,,,,,,,,,Glass,,"3' - 8 1/4""","0' - 8 1/4""",,"0' - 1""",3 SF,0.21 CF,L 1 Zone 3
1722315,Architecture,Curtain Panels,System Panel,Glazed,L 1,,,,,,,,,,Glass,,"3' - 7""","0' - 8 1/4""",,"0' - 1""",2 SF,0.21 CF,L 1 Zone 3
1928769,Architecture,Curtain Panels,System Panel,Glazed,L 1,,,,,,,,,,Glass,,"4' - 3 19/32""","7' - 8 1/4""",,"0' - 1""",33 SF,2.75 CF,L 1 Zone 7
1928775,Architecture,Curtain Panels,System Panel,Glazed,L 1,,,,,,,,,,Glass,,"4' - 4 27/32""","7' - 8 1/4""",,"0' - 1""",34 SF,2.82 CF,L 1 Zone 7
1928777,Architecture,Curtain Panels,System Panel,Glazed,L 1,,,,,,,,,,Glass,,"4' - 3 19/32""","7' - 8 1/4""",,"0' - 1""",33 SF,2.75 CF,L 1 Zone 7
1928779,Architecture,Curtain Panels,System Panel,Glazed,L 1,,,,,,,,,,Glass,,"4' - 3 19/32""","0' - 8 1/4""",,"0' - 1""",3 SF,0.25 CF,L 1 Zone 7
1928780,Architecture,Curtain Panels,System Panel,Glazed,L 1,,,,,,,,,,Glass,,"4' - 4 27/32""","0' - 8 1/4""",,"0' - 1""",3 SF,0.25 CF,L 1 Zone 7
1928781,Architecture,Curtain Panels,System Panel,Glazed,L 1,,,,,,,,,,Glass,,"4' - 3 19/32""","0' - 8 1/4""",,"0' - 1""",3 SF,0.25 CF,L 1 Zone 7
1928883,Architecture,Curtain Panels,System Panel,Glazed,L 1,,,,,,,,,,Glass,,"4' - 3 19/32""","7' - 8 1/4""",,"0' - 1""",33 SF,2.75 CF,L 1 Zone 7
1928889,Architecture,Curtain Panels,System Panel,Glazed,L 1,,,,,,,,,,Glass,,"4' - 4 27/32""","7' - 8 1/4""",,"0' - 1""",34 SF,2.82 CF,L 1 Zone 7
1928891,Architecture,Curtain Panels,System Panel,Glazed,L 1,,,,,,,,,,Glass,,"4' - 3 19/32""","7' - 8 1/4""",,"0' - 1""",33 SF,2.75 CF,L 1 Zone 7
1928893,Architecture,Curtain Panels,System Panel,Glazed,L 1,,,,,,,,,,Glass,,"4' - 3 19/32""","0' - 8 1/4""",,"0' - 1""",3 SF,0.25 CF,L 1 Zone 7
1928894,Architecture,Curtain Panels,System Panel,Glazed,L 1,,,,,,,,,,Glass,,"4' - 4 27/32""","0' - 8 1/4""",,"0' - 1""",3 SF,0.25 CF,L 1 Zone 7
1928895,Architecture,Curtain Panels,System Panel,Glazed,L 1,,,,,,,,,,Glass,,"4' - 3 19/32""","0' - 8 1/4""",,"0' - 1""",3 SF,0.25 CF,L 1 Zone 7
1928976,Architecture,Curtain Panels,System Panel,Glazed,L 1,,,,,,,,,,Glass,,"4' - 3 19/32""","7' - 8 1/4""",,"0' - 1""",33 SF,2.75 CF,L 1 Zone 7
1928982,Architecture,Curtain Panels,System Panel,Glazed,L 1,,,,,,,,,,Glass,,"4' - 4 27/32""","7' - 8 1/4""",,"0' - 1""",34 SF,2.82 CF,L 1 Zone 7
1928984,Architecture,Curtain Panels,System Panel,Glazed,L 1,,,,,,,,,,Glass,,"4' - 3 19/32""","7' - 8 1/4""",,"0' - 1""",33 SF,2.75 CF,L 1 Zone 7
1928986,Architecture,Curtain Panels,System Panel,Glazed,L 1,,,,,,,,,,Glass,,"4' - 3 19/32""","0' - 8 1/4""",,"0' - 1""",3 SF,0.25 CF,L 1 Zone 7
1928987,Architecture,Curtain Panels,System Panel,Glazed,L 1,,,,,,,,,,Glass,,"4' - 4 27/32""","0' - 8 1/4""",,"0' - 1""",3 SF,0.25 CF,L 1 Zone 7
1928988,Architecture,Curtain Panels,System Panel,Glazed,L 1,,,,,,,,,,Glass,,"4' - 3 19/32""","0' - 8 1/4""",,"0' - 1""",3 SF,0.25 CF,L 1 Zone 7
1929067,Architecture,Curtain Panels,System Panel,Glazed,L 1,,,,,,,,,,Glass,,"4' - 4 1/2""","7' - 8 1/4""",,"0' - 1""",34 SF,2.80 CF,L 1 Zone 7
1929073,Architecture,Curtain Panels,System Panel,Glazed,L 1,,,,,,,,,,Glass,,"4' - 5 3/4""","7' - 8 1/4""",,"0' - 1""",34 SF,2.87 CF,L 1 Zone 7
1929075,Architecture,Curtain Panels,System Panel,Glazed,L 1,,,,,,,,,,Glass,,"4' - 4 1/2""","7' - 8 1/4""",,"0' - 1""",34 SF,2.80 CF,L 1 Zone 7
1929077,Architecture,Curtain Panels,System Panel,Glazed,L 1,,,,,,,,,,Glass,,"4' - 4 1/2""","0' - 8 1/4""",,"0' - 1""",3 SF,0.25 CF,L 1 Zone 7
1929078,Architecture,Curtain Panels,System Panel,Glazed,L 1,,,,,,,,,,Glass,,"4' - 5 3/4""","0' - 8 1/4""",,"0' - 1""",3 SF,0.26 CF,L 1 Zone 7
1929079,Architecture,Curtain Panels,System Panel,Glazed,L 1,,,,,,,,,,Glass,,"4' - 4 1/2""","0' - 8 1/4""",,"0' - 1""",3 SF,0.25 CF,L 1 Zone 7
1931298,Architecture,Curtain Panels,System Panel,Glazed,L 1,,,,,,,,,,Glass,,"4' - 0 1/4""","6' - 7""",,"0' - 1""",26 SF,2.21 CF,L 1 Zone 4
1931353,Architecture,Curtain Panels,System Panel,Glazed,L 1,,,,,,,,,,Glass,,"4' - 0 1/4""","6' - 7""",,"0' - 1""",26 SF,2.21 CF,L 1 Zone 4
1934569,Architecture,Curtain Panels,System Panel,Glazed,L 1,,,,,,,,,,Glass,,"4' - 2 1/4""","6' - 7""",,"0' - 1""",28 SF,2.30 CF,L 1 Zone 4
1934571,Architecture,Curtain Panels,System Panel,Glazed,L 1,,,,,,,,,,Glass,,"4' - 2 1/4""","6' - 7""",,"0' - 1""",28 SF,2.30 CF,L 1 Zone 4
1934743,Architecture,Curtain Panels,System Panel,Glazed,L 1,,,,,,,,,,Glass,,"4' - 2 1/4""","6' - 7""",,"0' - 1""",28 SF,2.30 CF,L 1 Zone 4
1934745,Architecture,Curtain Panels,System Panel,Glazed,L 1,,,,,,,,,,Glass,,"4' - 2 1/4""","6' - 7""",,"0' - 1""",28 SF,2.30 CF,L 1 Zone 4
1934813,Architecture,Curtain Panels,System Panel,Glazed,L 1,,,,,,,,,,Glass,,"4' - 2 1/4""","6' - 7""",,"0' - 1""",28 SF,2.30 CF,L 1 Zone 4
1934815,Architecture,Curtain Panels,System Panel,Glazed,L 1,,,,,,,,,,Glass,,"4' - 2 1/4""","6' - 7""",,"0' - 1""",28 SF,2.30 CF,L 1 Zone 4
1934940,Architecture,Curtain Panels,System Panel,Glazed,L 1,,,,,,,,,,Glass,,"4' - 2 1/4""","6' - 7""",,"0' - 1""",28 SF,2.30 CF,L 1 Zone 4
1934942,Architecture,Curtain Panels,System Panel,Glazed,L 1,,,,,,,,,,Glass,,"4' - 2 1/4""","6' - 7""",,"0' - 1""",28 SF,2.30 CF,L 1 Zone 4
1935008,Architecture,Curtain Panels,System Panel,Glazed,L 1,,,,,,,,,,Glass,,"4' - 2 1/4""","6' - 7""",,"0' - 1""",28 SF,2.30 CF,L 1 Zone 4
1935010,Architecture,Curtain Panels,System Panel,Glazed,L 1,,,,,,,,,,Glass,,"4' - 2 1/4""","6' - 7""",,"0' - 1""",28 SF,2.30 CF,L 1 Zone 4
1935082,Architecture,Curtain Panels,System Panel,Glazed,L 1,,,,,,,,,,Glass,,"4' - 2 1/4""","6' - 7""",,"0' - 1""",28 SF,2.30 CF,L 1 Zone 4
1935084,Architecture,Curtain Panels,System Panel,Glazed,L 1,,,,,,,,,,Glass,,"4' - 2 1/4""","6' - 7""",,"0' - 1""",28 SF,2.30 CF,L 1 Zone 4
1935150,Architecture,Curtain Panels,System Panel,Glazed,L 1,,,,,,,,,,Glass,,"4' - 2 1/4""","6' - 7""",,"0' - 1""",28 SF,2.30 CF,
1935152,Architecture,Curtain Panels,System Panel,Glazed,L 1,,,,,,,,,,Glass,,"4' - 2 1/4""","6' - 7""",,"0' - 1""",28 SF,2.30 CF,
1935218,Architecture,Curtain Panels,System Panel,Glazed,L 1,,,,,,,,,,Glass,,"4' - 2 1/4""","6' - 7""",,"0' - 1""",28 SF,2.30 CF,
1935220,Architecture,Curtain Panels,System Panel,Glazed,L 1,,,,,,,,,,Glass,,"4' - 2 1/4""","6' - 7""",,"0' - 1""",28 SF,2.30 CF,
1935286,Architecture,Curtain Panels,System Panel,Glazed,L 1,,,,,,,,,,Glass,,"4' - 2 1/4""","6' - 7""",,"0' - 1""",28 SF,2.30 CF,
1935288,Architecture,Curtain Panels,System Panel,Glazed,L 1,,,,,,,,,,Glass,,"4' - 2 1/4""","6' - 7""",,"0' - 1""",28 SF,2.30 CF,
1935354,Architecture,Curtain Panels,System Panel,Glazed,L 1,,,,,,,,,,Glass,,"4' - 2 1/4""","6' - 7""",,"0' - 1""",28 SF,2.30 CF,
1935356,Architecture,Curtain Panels,System Panel,Glazed,L 1,,,,,,,,,,Glass,,"4' - 2 1/4""","6' - 7""",,"0' - 1""",28 SF,2.30 CF,
1935422,Architecture,Curtain Panels,System Panel,Glazed,L 1,,,,,,,,,,Glass,,"4' - 2 1/4""","6' - 7""",,"0' - 1""",28 SF,2.30 CF,
1935424,Architecture,Curtain Panels,System Panel,Glazed,L 1,,,,,,,,,,Glass,,"4' - 2 1/4""","6' - 7""",,"0' - 1""",28 SF,2.30 CF,
1935490,Architecture,Curtain Panels,System Panel,Glazed,L 1,,,,,,,,,,Glass,,"4' - 4 1/4""","6' - 7""",,"0' - 1""",29 SF,2.39 CF,
1935492,Architecture,Curtain Panels,System Panel,Glazed,L 1,,,,,,,,,,Glass,,"4' - 4 1/4""","6' - 7""",,"0' - 1""",29 SF,2.39 CF,
1935599,Architecture,Curtain Panels,System Panel,Glazed,L 1,,,,,,,,,,Glass,,"4' - 2 1/4""","6' - 7""",,"0' - 1""",28 SF,2.30 CF,
1935601,Architecture,Curtain Panels,System Panel,Glazed,L 1,,,,,,,,,,Glass,,"4' - 2 1/4""","6' - 7""",,"0' - 1""",28 SF,2.30 CF,
1938615,Architecture,Curtain Panels,System Panel,Glazed,L 1,,,,,,,,,,Glass,,"4' - 2 1/8""","6' - 7""",,"0' - 1""",27 SF,2.29 CF,
1938617,Architecture,Curtain Panels,System Panel,Glazed,L 1,,,,,,,,,,Glass,,"4' - 2 1/8""","6' - 7""",,"0' - 1""",27 SF,2.29 CF,
1938801,Architecture,Curtain Panels,System Panel,Glazed,L 1,,,,,,,,,,Glass,,"4' - 2 1/8""","6' - 7""",,"0' - 1""",27 SF,2.29 CF,
1938803,Architecture,Curtain Panels,System Panel,Glazed,L 1,,,,,,,,,,Glass,,"4' - 2 1/8""","6' - 7""",,"0' - 1""",27 SF,2.29 CF,
1939374,Architecture,Curtain Panels,System Panel,Glazed,L 1,,,,,,,,,,Glass,,"4' - 2 1/8""","6' - 7""",,"0' - 1""",27 SF,2.29 CF,L 1 Zone 3
1939376,Architecture,Curtain Panels,System Panel,Glazed,L 1,,,,,,,,,,Glass,,"4' - 2 1/8""","6' - 7""",,"0' - 1""",27 SF,2.29 CF,L 1 Zone 3
1939482,Architecture,Curtain Panels,System Panel,Glazed,L 1,,,,,,,,,,Glass,,"4' - 2 1/8""","6' - 7""",,"0' - 1""",27 SF,2.29 CF,L 1 Zone 3
1939484,Architecture,Curtain Panels,System Panel,Glazed,L 1,,,,,,,,,,Glass,,"4' - 2 1/8""","6' - 7""",,"0' - 1""",27 SF,2.29 CF,L 1 Zone 3
1939986,Architecture,Curtain Panels,System Panel,Glazed,L 1,,,,,,,,,,Glass,,"3' - 0 3/4""","0' - 8 1/4""",,"0' - 1""",2 SF,0.18 CF,L 1 Zone 3
1940421,Architecture,Curtain Panels,System Panel,Glazed,L 1,,,,,,,,,,Glass,,"4' - 2 1/8""","6' - 7""",,"0' - 1""",27 SF,2.29 CF,
1940423,Architecture,Curtain Panels,System Panel,Glazed,L 1,,,,,,,,,,Glass,,"4' - 2 1/8""","6' - 7""",,"0' - 1""",27 SF,2.29 CF,
1940669,Architecture,Curtain Panels,System Panel,Glazed,L 1,,,,,,,,,,Glass,,"4' - 2 1/8""","6' - 7""",,"0' - 1""",27 SF,2.29 CF,L 1 Zone 1
1940671,Architecture,Curtain Panels,System Panel,Glazed,L 1,,,,,,,,,,Glass,,"4' - 2 1/8""","6' - 7""",,"0' - 1""",27 SF,2.29 CF,L 1 Zone 1
1940761,Architecture,Curtain Panels,System Panel,Glazed,L 1,,,,,,,,,,Glass,,"4' - 2 1/8""","6' - 7""",,"0' - 1""",27 SF,2.29 CF,
1940763,Architecture,Curtain Panels,System Panel,Glazed,L 1,,,,,,,,,,Glass,,"4' - 2 1/8""","6' - 7""",,"0' - 1""",27 SF,2.29 CF,
1941094,Architecture,Curtain Panels,System Panel,Glazed,L 1,,,,,,,,,,Glass,,"4' - 2 1/4""","6' - 7""",,"0' - 1""",28 SF,2.30 CF,
1941096,Architecture,Curtain Panels,System Panel,Glazed,L 1,,,,,,,,,,Glass,,"4' - 2 1/4""","6' - 7""",,"0' - 1""",28 SF,2.30 CF,
1941153,Architecture,Curtain Panels,System Panel,Glazed,L 1,,,,,,,,,,Glass,,"4' - 2 1/4""","6' - 7""",,"0' - 1""",28 SF,2.30 CF,
1941155,Architecture,Curtain Panels,System Panel,Glazed,L 1,,,,,,,,,,Glass,,"4' - 2 1/4""","6' - 7""",,"0' - 1""",28 SF,2.30 CF,
1941343,Architecture,Curtain Panels,System Panel,Glazed,L 1,,,,,,,,,,Glass,,"4' - 2 1/4""","6' - 7""",,"0' - 1""",28 SF,2.30 CF,
1941345,Architecture,Curtain Panels,System Panel,Glazed,L 1,,,,,,,,,,Glass,,"4' - 2 1/4""","6' - 7""",,"0' - 1""",28 SF,2.30 CF,
1941402,Architecture,Curtain Panels,System Panel,Glazed,L 1,,,,,,,,,,Glass,,"4' - 2 1/4""","6' - 7""",,"0' - 1""",28 SF,2.30 CF,
1941404,Architecture,Curtain Panels,System Panel,Glazed,L 1,,,,,,,,,,Glass,,"4' - 2 1/4""","6' - 7""",,"0' - 1""",28 SF,2.30 CF,
1941461,Architecture,Curtain Panels,System Panel,Glazed,L 1,,,,,,,,,,Glass,,"4' - 2 1/8""","6' - 7""",,"0' - 1""",27 SF,2.29 CF,
1941463,Architecture,Curtain Panels,System Panel,Glazed,L 1,,,,,,,,,,Glass,,"4' - 2 1/8""","6' - 7""",,"0' - 1""",27 SF,2.29 CF,
1941518,Architecture,Curtain Panels,System Panel,Glazed,L 1,,,,,,,,,,Glass,,"4' - 3 5/8""","6' - 7""",,"0' - 1""",28 SF,2.36 CF,
1941520,Architecture,Curtain Panels,System Panel,Glazed,L 1,,,,,,,,,,Glass,,"4' - 3 5/8""","6' - 7""",,"0' - 1""",28 SF,2.36 CF,
1941767,Architecture,Curtain Panels,System Panel,Glazed,L 1,,,,,,,,,,Glass,,"4' - 3 19/32""","6' - 7""",,"0' - 1""",28 SF,2.36 CF,
1941769,Architecture,Curtain Panels,System Panel,Glazed,L 1,,,,,,,,,,Glass,,"4' - 3 19/32""","6' - 7""",,"0' - 1""",28 SF,2.36 CF,
1941854,Architecture,Curtain Panels,System Panel,Glazed,L 1,,,,,,,,,,Glass,,"4' - 4 27/32""","6' - 7""",,"0' - 1""",29 SF,2.42 CF,
1941884,Architecture,Curtain Panels,System Panel,Glazed,L 1,,,,,,,,,,Glass,,"3' - 10 7/8""","6' - 7""",,"0' - 1""",26 SF,2.14 CF,
1941886,Architecture,Curtain Panels,System Panel,Glazed,L 1,,,,,,,,,,Glass,,"3' - 10 7/8""","6' - 7""",,"0' - 1""",26 SF,2.14 CF,
2008767,Architecture,Curtain Panels,System Panel,Glazed,L 1,,,,,,,,,,Glass,,"3' - 1 7/16""","7' - 8 1/4""",,"0' - 1""",24 SF,2.00 CF,L 1 Zone 5
2008771,Architecture,Curtain Panels,System Panel,Glazed,L 1,,,,,,,,,,Glass,,"3' - 2 11/16""","7' - 8 1/4""",,"0' - 1""",25 SF,2.07 CF,L 1 Zone 5
2008775,Architecture,Curtain Panels,System Panel,Glazed,L 1,,,,,,,,,,Glass,,"3' - 1 7/16""","0' - 8 3/4""",,"0' - 1""",2 SF,0.19 CF,L 1 Zone 5
2008776,Architecture,Curtain Panels,System Panel,Glazed,L 1,,,,,,,,,,Glass,,"3' - 2 11/16""","0' - 8 3/4""",,"0' - 1""",2 SF,0.20 CF,L 1 Zone 5
2008777,Architecture,Curtain Panels,System Panel,Glazed,L 1,,,,,,,,,,Glass,,"3' - 1 7/16""","0' - 8 3/4""",,"0' - 1""",2 SF,0.19 CF,L 1 Zone 5
1383905,Architecture,Curtain Wall Mullions,Rectangular Mullion,"2.5"" x 5"" rectangular",L 1,,,,,,,,,,Aluminum,,,"0' - 5""","4' - 3 19/32""","0' - 5""",3 SF,0.37 CF,L 1 Zone 7
1383906,Architecture,Curtain Wall Mullions,Rectangular Mullion,"2.5"" x 5"" rectangular",L 1,,,,,,,,,,Aluminum,,,"0' - 5""","4' - 3 19/32""","0' - 5""",3 SF,0.37 CF,L 1 Zone 7
1383907,Architecture,Curtain Wall Mullions,Rectangular Mullion,"2.5"" x 5"" rectangular",L 1,,,,,,,,,,Aluminum,,,"0' - 5""","8' - 0""","0' - 5""",5 SF,0.69 CF,L 1 Zone 7
1383908,Architecture,Curtain Wall Mullions,Rectangular Mullion,"2.5"" x 5"" rectangular",L 1,,,,,,,,,,Aluminum,,,"0' - 5""","1' - 0""","0' - 5""",1 SF,0.09 CF,L 1 Zone 7
1383979,Architecture,Curtain Wall Mullions,Rectangular Mullion,"2.5"" x 5"" rectangular",L 1,,,,,,,,,,Aluminum,,,"0' - 5""","4' - 3 19/32""","0' - 5""",3 SF,0.37 CF,L 1 Zone 7
1383980,Architecture,Curtain Wall Mullions,Rectangular Mullion,"2.5"" x 5"" rectangular",L 1,,,,,,,,,,Aluminum,,,"0' - 5""","4' - 4 27/32""","0' - 5""",3 SF,0.38 CF,L 1 Zone 7
1383993,Architecture,Curtain Wall Mullions,Rectangular Mullion,"2.5"" x 5"" rectangular",L 1,,,,,,,,,,Aluminum,,,"0' - 5""","4' - 4 27/32""","0' - 5""",3 SF,0.38 CF,L 1 Zone 7
1383994,Architecture,Curtain Wall Mullions,Rectangular Mullion,"2.5"" x 5"" rectangular",L 1,,,,,,,,,,Aluminum,,,"0' - 5""","4' - 3 19/32""","0' - 5""",3 SF,0.37 CF,L 1 Zone 7
1384007,Architecture,Curtain Wall Mullions,Rectangular Mullion,"2.5"" x 5"" rectangular",L 1,,,,,,,,,,Aluminum,,,"0' - 5""","1' - 0""","0' - 5""",1 SF,0.09 CF,L 1 Zone 7
1384009,Architecture,Curtain Wall Mullions,Rectangular Mullion,"2.5"" x 5"" rectangular",L 1,,,,,,,,,,Aluminum,,,"0' - 5""","8' - 0""","0' - 5""",5 SF,0.69 CF,L 1 Zone 7
1384011,Architecture,Curtain Wall Mullions,Rectangular Mullion,"2.5"" x 5"" rectangular",L 1,,,,,,,,,,Aluminum,,,"0' - 5""","4' - 3 19/32""","0' - 5""",3 SF,0.37 CF,L 1 Zone 7
1384012,Architecture,Curtain Wall Mullions,Rectangular Mullion,"2.5"" x 5"" rectangular",L 1,,,,,,,,,,Aluminum,,,"0' - 5""","4' - 4 27/32""","0' - 5""",3 SF,0.38 CF,L 1 Zone 7
1384013,Architecture,Curtain Wall Mullions,Rectangular Mullion,"2.5"" x 5"" rectangular",L 1,,,,,,,,,,Aluminum,,,"0' - 5""","4' - 3 19/32""","0' - 5""",3 SF,0.37 CF,L 1 Zone 7
1384041,Architecture,Curtain Wall Mullions,Rectangular Mullion,"2.5"" x 5"" rectangular",L 1,,,,,,,,,,Aluminum,,,"0' - 5""","8' - 0""","0' - 5""",5 SF,0.69 CF,L 1 Zone 7
1384042,Architecture,Curtain Wall Mullions,Rectangular Mullion,"2.5"" x 5"" rectangular",L 1,,,,,,,,,,Aluminum,,,"0' - 5""","8' - 0""","0' - 5""",5 SF,0.69 CF,L 1 Zone 7
1384055,Architecture,Curtain Wall Mullions,Rectangular Mullion,"2.5"" x 5"" rectangular",L 1,,,,,,,,,,Aluminum,,,"0' - 5""","1' - 0""","0' - 5""",1 SF,0.09 CF,L 1 Zone 7
1384056,Architecture,Curtain Wall Mullions,Rectangular Mullion,"2.5"" x 5"" rectangular",L 1,,,,,,,,,,Aluminum,,,"0' - 5""","1' - 0""","0' - 5""",1 SF,0.09 CF,L 1 Zone 7
1526327,Architecture,Curtain Wall Mullions,Rectangular Mullion,"2.5"" x 5"" rectangular",L 1,,,,,,,,,,Aluminum,,,"0' - 5""","4' - 5 3/4""","0' - 5""",3 SF,0.39 CF,L 1 Zone 5
1526328,Architecture,Curtain Wall Mullions,Rectangular Mullion,"2.5"" x 5"" rectangular",L 1,,,,,,,,,,Aluminum,,,"0' - 5""","8' - 0""","0' - 5""",5 SF,0.69 CF,L 1 Zone 5
1526329,Architecture,Curtain Wall Mullions,Rectangular Mullion,"2.5"" x 5"" rectangular",L 1,,,,,,,,,,Aluminum,,,"0' - 5""","1' - 2""","0' - 5""",1 SF,0.10 CF,L 1 Zone 5
1526374,Architecture,Curtain Wall Mullions,Rectangular Mullion,"2.5"" x 5"" rectangular",L 1,,,,,,,,,,Aluminum,,,"0' - 5""","4' - 7""","0' - 5""",3 SF,0.40 CF,L 1 Zone 5
1526375,Architecture,Curtain Wall Mullions,Rectangular Mullion,"2.5"" x 5"" rectangular",L 1,,,,,,,,,,Aluminum,,,"0' - 5""","4' - 5 3/4""","0' - 5""",3 SF,0.39 CF,L 1 Zone 5
1526377,Architecture,Curtain Wall Mullions,Rectangular Mullion,"2.5"" x 5"" rectangular",L 1,,,,,,,,,,Aluminum,,,"0' - 5""","1' - 2""","0' - 5""",1 SF,0.10 CF,L 1 Zone 5
1526378,Architecture,Curtain Wall Mullions,Rectangular Mullion,"2.5"" x 5"" rectangular",L 1,,,,,,,,,,Aluminum,,,"0' - 5""","8' - 0""","0' - 5""",5 SF,0.69 CF,L 1 Zone 5
1526379,Architecture,Curtain Wall Mullions,Rectangular Mullion,"2.5"" x 5"" rectangular",L 1,,,,,,,,,,Aluminum,,,"0' - 5""","4' - 5 3/4""","0' - 5""",3 SF,0.39 CF,L 1 Zone 5
1526380,Architecture,Curtain Wall Mullions,Rectangular Mullion,"2.5"" x 5"" rectangular",L 1,,,,,,,,,,Aluminum,,,"0' - 5""","4' - 7""","0' - 5""",3 SF,0.40 CF,L 1 Zone 5
1526381,Architecture,Curtain Wall Mullions,Rectangular Mullion,"2.5"" x 5"" rectangular",L 1,,,,,,,,,,Aluminum,,,"0' - 5""","4' - 5 3/4""","0' - 5""",3 SF,0.39 CF,L 1 Zone 5
1526383,Architecture,Curtain Wall Mullions,Rectangular Mullion,"2.5"" x 5"" rectangular",L 1,,,,,,,,,,Aluminum,,,"0' - 5""","8' - 0""","0' - 5""",5 SF,0.69 CF,L 1 Zone 5
1526384,Architecture,Curtain Wall Mullions,Rectangular Mullion,"2.5"" x 5"" rectangular",L 1,,,,,,,,,,Aluminum,,,"0' - 5""","8' - 0""","0' - 5""",5 SF,0.69 CF,L 1 Zone 5
1526386,Architecture,Curtain Wall Mullions,Rectangular Mullion,"2.5"" x 5"" rectangular",L 1,,,,,,,,,,Aluminum,,,"0' - 5""","1' - 2""","0' - 5""",1 SF,0.10 CF,L 1 Zone 5
1526387,Architecture,Curtain Wall Mullions,Rectangular Mullion,"2.5"" x 5"" rectangular",L 1,,,,,,,,,,Aluminum,,,"0' - 5""","1' - 2""","0' - 5""",1 SF,0.10 CF,L 1 Zone 5
1622170,Architecture,Curtain Wall Mullions,Rectangular Mullion,"2.5"" x 5"" rectangular",L 1,,,,,,,,,,Aluminum,,,"0' - 5""","4' - 3 19/32""","0' - 5""",3 SF,0.37 CF,
1622171,Architecture,Curtain Wall Mullions,Rectangular Mullion,"2.5"" x 5"" rectangular",L 1,,,,,,,,,,Aluminum,,,"0' - 5""","8' - 0""","0' - 5""",5 SF,0.69 CF,
1622172,Architecture,Curtain Wall Mullions,Rectangular Mullion,"2.5"" x 5"" rectangular",L 1,,,,,,,,,,Aluminum,,,"0' - 5""","1' - 0""","0' - 5""",1 SF,0.09 CF,
1622193,Architecture,Curtain Wall Mullions,Rectangular Mullion,"2.5"" x 5"" rectangular",L 1,,,,,,,,,,Aluminum,,,"0' - 5""","4' - 4 27/32""","0' - 5""",3 SF,0.38 CF,
1622195,Architecture,Curtain Wall Mullions,Rectangular Mullion,"2.5"" x 5"" rectangular",L 1,,,,,,,,,,Aluminum,,,"0' - 5""","1' - 0""","0' - 5""",1 SF,0.09 CF,
1622196,Architecture,Curtain Wall Mullions,Rectangular Mullion,"2.5"" x 5"" rectangular",L 1,,,,,,,,,,Aluminum,,,"0' - 5""","8' - 0""","0' - 5""",5 SF,0.69 CF,
1622197,Architecture,Curtain Wall Mullions,Rectangular Mullion,"2.5"" x 5"" rectangular",L 1,,,,,,,,,,Aluminum,,,"0' - 5""","4' - 3 19/32""","0' - 5""",3 SF,0.37 CF,
1622198,Architecture,Curtain Wall Mullions,Rectangular Mullion,"2.5"" x 5"" rectangular",L 1,,,,,,,,,,Aluminum,,,"0' - 5""","4' - 4 27/32""","0' - 5""",3 SF,0.38 CF,
1622199,Architecture,Curtain Wall Mullions,Rectangular Mullion,"2.5"" x 5"" rectangular",L 1,,,,,,,,,,Aluminum,,,"0' - 5""","4' - 3 19/32""","0' - 5""",3 SF,0.37 CF,
1622200,Architecture,Curtain Wall Mullions,Rectangular Mullion,"2.5"" x 5"" rectangular",L 1,,,,,,,,,,Aluminum,,,"0' - 5""","8' - 0""","0' - 5""",5 SF,0.69 CF,
1622201,Architecture,Curtain Wall Mullions,Rectangular Mullion,"2.5"" x 5"" rectangular",L 1,,,,,,,,,,Aluminum,,,"0' - 5""","8' - 0""","0' - 5""",5 SF,0.69 CF,
1622202,Architecture,Curtain Wall Mullions,Rectangular Mullion,"2.5"" x 5"" rectangular",L 1,,,,,,,,,,Aluminum,,,"0' - 5""","1' - 0""","0' - 5""",1 SF,0.09 CF,
1622203,Architecture,Curtain Wall Mullions,Rectangular Mullion,"2.5"" x 5"" rectangular",L 1,,,,,,,,,,Aluminum,,,"0' - 5""","1' - 0""","0' - 5""",1 SF,0.09 CF,
1722042,Architecture,Curtain Wall Mullions,Rectangular Mullion,"2.5"" x 5"" rectangular",L 1,,,,,,,,,,Aluminum,,,"0' - 5""","3' - 2 3/4""","0' - 5""",2 SF,0.28 CF,L 1 Zone 3
1722043,Architecture,Curtain Wall Mullions,Rectangular Mullion,"2.5"" x 5"" rectangular",L 1,,,,,,,,,,Aluminum,,,"0' - 5""","8' - 0""","0' - 5""",5 SF,0.69 CF,L 1 Zone 3
1722044,Architecture,Curtain Wall Mullions,Rectangular Mullion,"2.5"" x 5"" rectangular",L 1,,,,,,,,,,Aluminum,,,"0' - 5""","1' - 0""","0' - 5""",1 SF,0.09 CF,
1722072,Architecture,Curtain Wall Mullions,Rectangular Mullion,"2.5"" x 5"" rectangular",L 1,,,,,,,,,,Aluminum,,,"0' - 5""","1' - 0""","0' - 5""",1 SF,0.09 CF,L 1 Zone 3
1722073,Architecture,Curtain Wall Mullions,Rectangular Mullion,"2.5"" x 5"" rectangular",L 1,,,,,,,,,,Aluminum,,,"0' - 5""","8' - 0""","0' - 5""",5 SF,0.69 CF,
1722074,Architecture,Curtain Wall Mullions,Rectangular Mullion,"2.5"" x 5"" rectangular",L 1,,,,,,,,,,Aluminum,,,"0' - 5""","3' - 2 3/4""","0' - 5""",2 SF,0.28 CF,L 1 Zone 3
1722078,Architecture,Curtain Wall Mullions,Rectangular Mullion,"2.5"" x 5"" rectangular",L 1,,,,,,,,,,Aluminum,,,"0' - 5""","7' - 8 1/4""","0' - 5""",5 SF,0.67 CF,L 1 Zone 3
1722081,Architecture,Curtain Wall Mullions,Rectangular Mullion,"2.5"" x 5"" rectangular",L 1,,,,,,,,,,Aluminum,,,"0' - 5""","0' - 10 3/4""","0' - 5""",1 SF,0.08 CF,L 1 Zone 3
1722145,Architecture,Curtain Wall Mullions,Rectangular Mullion,"2.5"" x 5"" rectangular",L 1,,,,,,,,,,Aluminum,,,"0' - 5""","3' - 9""","0' - 5""",2 SF,0.33 CF,
1722146,Architecture,Curtain Wall Mullions,Rectangular Mullion,"2.5"" x 5"" rectangular",L 1,,,,,,,,,,Aluminum,,,"0' - 5""","3' - 6 1/2""","0' - 5""",2 SF,0.31 CF,
1722147,Architecture,Curtain Wall Mullions,Rectangular Mullion,"2.5"" x 5"" rectangular",L 1,,,,,,,,,,Aluminum,,,"0' - 5""","8' - 0""","0' - 5""",5 SF,0.69 CF,
1722148,Architecture,Curtain Wall Mullions,Rectangular Mullion,"2.5"" x 5"" rectangular",L 1,,,,,,,,,,Aluminum,,,"0' - 5""","1' - 0""","0' - 5""",1 SF,0.09 CF,
1722157,Architecture,Curtain Wall Mullions,Rectangular Mullion,"2.5"" x 5"" rectangular",L 1,,,,,,,,,,Aluminum,,,"0' - 5""","0' - 9 1/2""","0' - 5""",1 SF,0.07 CF,
1722158,Architecture,Curtain Wall Mullions,Rectangular Mullion,"2.5"" x 5"" rectangular",L 1,,,,,,,,,,Aluminum,,,"0' - 5""","8' - 0""","0' - 5""",5 SF,0.69 CF,
1722159,Architecture,Curtain Wall Mullions,Rectangular Mullion,"2.5"" x 5"" rectangular",L 1,,,,,,,,,,Aluminum,,,"0' - 5""","3' - 6 1/2""","0' - 5""",2 SF,0.31 CF,
1722304,Architecture,Curtain Wall Mullions,Rectangular Mullion,"2.5"" x 5"" rectangular",L 1,,,,,,,,,,Aluminum,,,"0' - 5""","3' - 7""","0' - 5""",2 SF,0.31 CF,L 1 Zone 3
1722305,Architecture,Curtain Wall Mullions,Rectangular Mullion,"2.5"" x 5"" rectangular",L 1,,,,,,,,,,Aluminum,,,"0' - 5""","3' - 7""","0' - 5""",2 SF,0.31 CF,L 1 Zone 3
1722306,Architecture,Curtain Wall Mullions,Rectangular Mullion,"2.5"" x 5"" rectangular",L 1,,,,,,,,,,Aluminum,,,"0' - 5""","8' - 0""","0' - 5""",5 SF,0.69 CF,L 1 Zone 3
1722307,Architecture,Curtain Wall Mullions,Rectangular Mullion,"2.5"" x 5"" rectangular",L 1,,,,,,,,,,Aluminum,,,"0' - 5""","1' - 0""","0' - 5""",1 SF,0.09 CF,L 1 Zone 3
1722326,Architecture,Curtain Wall Mullions,Rectangular Mullion,"2.5"" x 5"" rectangular",L 1,,,,,,,,,,Aluminum,,,"0' - 5""","3' - 7""","0' - 5""",2 SF,0.31 CF,L 1 Zone 3
1722327,Architecture,Curtain Wall Mullions,Rectangular Mullion,"2.5"" x 5"" rectangular",L 1,,,,,,,,,,Aluminum,,,"0' - 5""","3' - 8 1/4""","0' - 5""",2 SF,0.32 CF,L 1 Zone 3
1722328,Architecture,Curtain Wall Mullions,Rectangular Mullion,"2.5"" x 5"" rectangular",L 1,,,,,,,,,,Aluminum,,,"0' - 5""","3' - 8 1/4""","0' - 5""",2 SF,0.32 CF,L 1 Zone 3
1722329,Architecture,Curtain Wall Mullions,Rectangular Mullion,"2.5"" x 5"" rectangular",L 1,,,,,,,,,,Aluminum,,,"0' - 5""","3' - 7""","0' - 5""",2 SF,0.31 CF,L 1 Zone 3
1722330,Architecture,Curtain Wall Mullions,Rectangular Mullion,"2.5"" x 5"" rectangular",L 1,,,,,,,,,,Aluminum,,,"0' - 5""","1' - 0""","0' - 5""",1 SF,0.09 CF,L 1 Zone 3
1722331,Architecture,Curtain Wall Mullions,Rectangular Mullion,"2.5"" x 5"" rectangular",L 1,,,,,,,,,,Aluminum,,,"0' - 5""","8' - 0""","0' - 5""",5 SF,0.69 CF,L 1 Zone 3
1722332,Architecture,Curtain Wall Mullions,Rectangular Mullion,"2.5"" x 5"" rectangular",L 1,,,,,,,,,,Aluminum,,,"0' - 5""","3' - 7""","0' - 5""",2 SF,0.31 CF,L 1 Zone 3
1722333,Architecture,Curtain Wall Mullions,Rectangular Mullion,"2.5"" x 5"" rectangular",L 1,,,,,,,,,,Aluminum,,,"0' - 5""","3' - 8 1/4""","0' - 5""",2 SF,0.32 CF,L 1 Zone 3
1722334,Architecture,Curtain Wall Mullions,Rectangular Mullion,"2.5"" x 5"" rectangular",L 1,,,,,,,,,,Aluminum,,,"0' - 5""","3' - 7""","0' - 5""",2 SF,0.31 CF,L 1 Zone 3
1722335,Architecture,Curtain Wall Mullions,Rectangular Mullion,"2.5"" x 5"" rectangular",L 1,,,,,,,,,,Aluminum,,,"0' - 5""","8' - 0""","0' - 5""",5 SF,0.69 CF,L 1 Zone 3
1722336,Architecture,Curtain Wall Mullions,Rectangular Mullion,"2.5"" x 5"" rectangular",L 1,,,,,,,,,,Aluminum,,,"0' - 5""","8' - 0""","0' - 5""",5 SF,0.69 CF,L 1 Zone 3
1722337,Architecture,Curtain Wall Mullions,Rectangular Mullion,"2.5"" x 5"" rectangular",L 1,,,,,,,,,,Aluminum,,,"0' - 5""","1' - 0""","0' - 5""",1 SF,0.09 CF,L 1 Zone 3
1722338,Architecture,Curtain Wall Mullions,Rectangular Mullion,"2.5"" x 5"" rectangular",L 1,,,,,,,,,,Aluminum,,,"0' - 5""","1' - 0""","0' - 5""",1 SF,0.09 CF,L 1 Zone 3
1767160,Architecture,Curtain Wall Mullions,Rectangular Mullion,"2.5"" x 5"" rectangular",L 1,,,,,,,,,,Aluminum,,,"0' - 5""","3' - 0 3/4""","0' - 5""",2 SF,0.27 CF,L 1 Zone 3
1767161,Architecture,Curtain Wall Mullions,Rectangular Mullion,"2.5"" x 5"" rectangular",L 1,,,,,,,,,,Aluminum,,,"0' - 5""","3' - 0 1/4""","0' - 5""",2 SF,0.26 CF,L 1 Zone 3
1767162,Architecture,Curtain Wall Mullions,Rectangular Mullion,"2.5"" x 5"" rectangular",L 1,,,,,,,,,,Aluminum,,,"0' - 5""","4' - 3 19/32""","0' - 5""",3 SF,0.37 CF,
1767163,Architecture,Curtain Wall Mullions,Rectangular Mullion,"2.5"" x 5"" rectangular",L 1,,,,,,,,,,Aluminum,,,"0' - 5""","4' - 3 19/32""","0' - 5""",3 SF,0.37 CF,
1767164,Architecture,Curtain Wall Mullions,Rectangular Mullion,"2.5"" x 5"" rectangular",L 1,,,,,,,,,,Aluminum,,,"0' - 5""","4' - 4 27/32""","0' - 5""",3 SF,0.38 CF,
1767165,Architecture,Curtain Wall Mullions,Rectangular Mullion,"2.5"" x 5"" rectangular",L 1,,,,,,,,,,Aluminum,,,"0' - 5""","4' - 5 3/4""","0' - 5""",3 SF,0.39 CF,L 1 Zone 5
1767166,Architecture,Curtain Wall Mullions,Rectangular Mullion,"2.5"" x 5"" rectangular",L 1,,,,,,,,,,Aluminum,,,"0' - 5""","4' - 5 3/4""","0' - 5""",3 SF,0.39 CF,L 1 Zone 5
1767167,Architecture,Curtain Wall Mullions,Rectangular Mullion,"2.5"" x 5"" rectangular",L 1,,,,,,,,,,Aluminum,,,"0' - 5""","4' - 7""","0' - 5""",3 SF,0.40 CF,L 1 Zone 5
1928770,Architecture,Curtain Wall Mullions,Rectangular Mullion,"2.5"" x 5"" rectangular",L 1,,,,,,,,,,Aluminum,,,"0' - 5""","4' - 3 19/32""","0' - 5""",3 SF,0.37 CF,L 1 Zone 7
1928771,Architecture,Curtain Wall Mullions,Rectangular Mullion,"2.5"" x 5"" rectangular",L 1,,,,,,,,,,Aluminum,,,"0' - 5""","4' - 3 19/32""","0' - 5""",3 SF,0.37 CF,L 1 Zone 7
1928772,Architecture,Curtain Wall Mullions,Rectangular Mullion,"2.5"" x 5"" rectangular",L 1,,,,,,,,,,Aluminum,,,"0' - 5""","8' - 0""","0' - 5""",5 SF,0.69 CF,L 1 Zone 7
1928773,Architecture,Curtain Wall Mullions,Rectangular Mullion,"2.5"" x 5"" rectangular",L 1,,,,,,,,,,Aluminum,,,"0' - 5""","1' - 0""","0' - 5""",1 SF,0.09 CF,L 1 Zone 7
1928782,Architecture,Curtain Wall Mullions,Rectangular Mullion,"2.5"" x 5"" rectangular",L 1,,,,,,,,,,Aluminum,,,"0' - 5""","4' - 3 19/32""","0' - 5""",3 SF,0.37 CF,L 1 Zone 7
1928783,Architecture,Curtain Wall Mullions,Rectangular Mullion,"2.5"" x 5"" rectangular",L 1,,,,,,,,,,Aluminum,,,"0' - 5""","4' - 4 27/32""","0' - 5""",3 SF,0.38 CF,L 1 Zone 7
1928784,Architecture,Curtain Wall Mullions,Rectangular Mullion,"2.5"" x 5"" rectangular",L 1,,,,,,,,,,Aluminum,,,"0' - 5""","4' - 4 27/32""","0' - 5""",3 SF,0.38 CF,L 1 Zone 7
1928785,Architecture,Curtain Wall Mullions,Rectangular Mullion,"2.5"" x 5"" rectangular",L 1,,,,,,,,,,Aluminum,,,"0' - 5""","4' - 3 19/32""","0' - 5""",3 SF,0.37 CF,L 1 Zone 7
1928786,Architecture,Curtain Wall Mullions,Rectangular Mullion,"2.5"" x 5"" rectangular",L 1,,,,,,,,,,Aluminum,,,"0' - 5""","1' - 0""","0' - 5""",1 SF,0.09 CF,L 1 Zone 7
1928787,Architecture,Curtain Wall Mullions,Rectangular Mullion,"2.5"" x 5"" rectangular",L 1,,,,,,,,,,Aluminum,,,"0' - 5""","8' - 0""","0' - 5""",5 SF,0.69 CF,L 1 Zone 7
1928788,Architecture,Curtain Wall Mullions,Rectangular Mullion,"2.5"" x 5"" rectangular",L 1,,,,,,,,,,Aluminum,,,"0' - 5""","4' - 3 19/32""","0' - 5""",3 SF,0.37 CF,L 1 Zone 7
1928789,Architecture,Curtain Wall Mullions,Rectangular Mullion,"2.5"" x 5"" rectangular",L 1,,,,,,,,,,Aluminum,,,"0' - 5""","4' - 4 27/32""","0' - 5""",3 SF,0.38 CF,L 1 Zone 7
1928790,Architecture,Curtain Wall Mullions,Rectangular Mullion,"2.5"" x 5"" rectangular",L 1,,,,,,,,,,Aluminum,,,"0' - 5""","4' - 3 19/32""","0' - 5""",3 SF,0.37 CF,L 1 Zone 7
1928791,Architecture,Curtain Wall Mullions,Rectangular Mullion,"2.5"" x 5"" rectangular",L 1,,,,,,,,,,Aluminum,,,"0' - 5""","8' - 0""","0' - 5""",5 SF,0.69 CF,L 1 Zone 7
1928792,Architecture,Curtain Wall Mullions,Rectangular Mullion,"2.5"" x 5"" rectangular",L 1,,,,,,,,,,Aluminum,,,"0' - 5""","8' - 0""","0' - 5""",5 SF,0.69 CF,L 1 Zone 7
1928793,Architecture,Curtain Wall Mullions,Rectangular Mullion,"2.5"" x 5"" rectangular",L 1,,,,,,,,,,Aluminum,,,"0' - 5""","1' - 0""","0' - 5""",1 SF,0.09 CF,L 1 Zone 7
1928794,Architecture,Curtain Wall Mullions,Rectangular Mullion,"2.5"" x 5"" rectangular",L 1,,,,,,,,,,Aluminum,,,"0' - 5""","1' - 0""","0' - 5""",1 SF,0.09 CF,L 1 Zone 7
1928884,Architecture,Curtain Wall Mullions,Rectangular Mullion,"2.5"" x 5"" rectangular",L 1,,,,,,,,,,Aluminum,,,"0' - 5""","4' - 3 19/32""","0' - 5""",3 SF,0.37 CF,L 1 Zone 7
1928885,Architecture,Curtain Wall Mullions,Rectangular Mullion,"2.5"" x 5"" rectangular",L 1,,,,,,,,,,Aluminum,,,"0' - 5""","4' - 3 19/32""","0' - 5""",3 SF,0.37 CF,L 1 Zone 7
1928886,Architecture,Curtain Wall Mullions,Rectangular Mullion,"2.5"" x 5"" rectangular",L 1,,,,,,,,,,Aluminum,,,"0' - 5""","8' - 0""","0' - 5""",5 SF,0.69 CF,L 1 Zone 7
1928887,Architecture,Curtain Wall Mullions,Rectangular Mullion,"2.5"" x 5"" rectangular",L 1,,,,,,,,,,Aluminum,,,"0' - 5""","1' - 0""","0' - 5""",1 SF,0.09 CF,L 1 Zone 7
1928896,Architecture,Curtain Wall Mullions,Rectangular Mullion,"2.5"" x 5"" rectangular",L 1,,,,,,,,,,Aluminum,,,"0' - 5""","4' - 3 19/32""","0' - 5""",3 SF,0.37 CF,L 1 Zone 7
1928897,Architecture,Curtain Wall Mullions,Rectangular Mullion,"2.5"" x 5"" rectangular",L 1,,,,,,,,,,Aluminum,,,"0' - 5""","4' - 4 27/32""","0' - 5""",3 SF,0.38 CF,L 1 Zone 7
1928898,Architecture,Curtain Wall Mullions,Rectangular Mullion,"2.5"" x 5"" rectangular",L 1,,,,,,,,,,Aluminum,,,"0' - 5""","4' - 4 27/32""","0' - 5""",3 SF,0.38 CF,L 1 Zone 7
1928899,Architecture,Curtain Wall Mullions,Rectangular Mullion,"2.5"" x 5"" rectangular",L 1,,,,,,,,,,Aluminum,,,"0' - 5""","4' - 3 19/32""","0' - 5""",3 SF,0.37 CF,L 1 Zone 7
1928900,Architecture,Curtain Wall Mullions,Rectangular Mullion,"2.5"" x 5"" rectangular",L 1,,,,,,,,,,Aluminum,,,"0' - 5""","1' - 0""","0' - 5""",1 SF,0.09 CF,L 1 Zone 7
1928901,Architecture,Curtain Wall Mullions,Rectangular Mullion,"2.5"" x 5"" rectangular",L 1,,,,,,,,,,Aluminum,,,"0' - 5""","8' - 0""","0' - 5""",5 SF,0.69 CF,L 1 Zone 7
1928902,Architecture,Curtain Wall Mullions,Rectangular Mullion,"2.5"" x 5"" rectangular",L 1,,,,,,,,,,Aluminum,,,"0' - 5""","4' - 3 19/32""","0' - 5""",3 SF,0.37 CF,L 1 Zone 7
1928903,Architecture,Curtain Wall Mullions,Rectangular Mullion,"2.5"" x 5"" rectangular",L 1,,,,,,,,,,Aluminum,,,"0' - 5""","4' - 4 27/32""","0' - 5""",3 SF,0.38 CF,L 1 Zone 7
1928904,Architecture,Curtain Wall Mullions,Rectangular Mullion,"2.5"" x 5"" rectangular",L 1,,,,,,,,,,Aluminum,,,"0' - 5""","4' - 3 19/32""","0' - 5""",3 SF,0.37 CF,L 1 Zone 7
1928905,Architecture,Curtain Wall Mullions,Rectangular Mullion,"2.5"" x 5"" rectangular",L 1,,,,,,,,,,Aluminum,,,"0' - 5""","8' - 0""","0' - 5""",5 SF,0.69 CF,L 1 Zone 7
1928906,Architecture,Curtain Wall Mullions,Rectangular Mullion,"2.5"" x 5"" rectangular",L 1,,,,,,,,,,Aluminum,,,"0' - 5""","8' - 0""","0' - 5""",5 SF,0.69 CF,L 1 Zone 7
1928907,Architecture,Curtain Wall Mullions,Rectangular Mullion,"2.5"" x 5"" rectangular",L 1,,,,,,,,,,Aluminum,,,"0' - 5""","1' - 0""","0' - 5""",1 SF,0.09 CF,L 1 Zone 7
1928908,Architecture,Curtain Wall Mullions,Rectangular Mullion,"2.5"" x 5"" rectangular",L 1,,,,,,,,,,Aluminum,,,"0' - 5""","1' - 0""","0' - 5""",1 SF,0.09 CF,L 1 Zone 7
1928977,Architecture,Curtain Wall Mullions,Rectangular Mullion,"2.5"" x 5"" rectangular",L 1,,,,,,,,,,Aluminum,,,"0' - 5""","4' - 3 19/32""","0' - 5""",3 SF,0.37 CF,L 1 Zone 7
1928978,Architecture,Curtain Wall Mullions,Rectangular Mullion,"2.5"" x 5"" rectangular",L 1,,,,,,,,,,Aluminum,,,"0' - 5""","4' - 3 19/32""","0' - 5""",3 SF,0.37 CF,L 1 Zone 7
1928979,Architecture,Curtain Wall Mullions,Rectangular Mullion,"2.5"" x 5"" rectangular",L 1,,,,,,,,,,Aluminum,,,"0' - 5""","8' - 0""","0' - 5""",5 SF,0.69 CF,L 1 Zone 7
1928980,Architecture,Curtain Wall Mullions,Rectangular Mullion,"2.5"" x 5"" rectangular",L 1,,,,,,,,,,Aluminum,,,"0' - 5""","1' - 0""","0' - 5""",1 SF,0.09 CF,L 1 Zone 7
1928989,Architecture,Curtain Wall Mullions,Rectangular Mullion,"2.5"" x 5"" rectangular",L 1,,,,,,,,,,Aluminum,,,"0' - 5""","4' - 3 19/32""","0' - 5""",3 SF,0.37 CF,L 1 Zone 7
1928990,Architecture,Curtain Wall Mullions,Rectangular Mullion,"2.5"" x 5"" rectangular",L 1,,,,,,,,,,Aluminum,,,"0' - 5""","4' - 4 27/32""","0' - 5""",3 SF,0.38 CF,L 1 Zone 7
1928991,Architecture,Curtain Wall Mullions,Rectangular Mullion,"2.5"" x 5"" rectangular",L 1,,,,,,,,,,Aluminum,,,"0' - 5""","4' - 4 27/32""","0' - 5""",3 SF,0.38 CF,L 1 Zone 7
1928992,Architecture,Curtain Wall Mullions,Rectangular Mullion,"2.5"" x 5"" rectangular",L 1,,,,,,,,,,Aluminum,,,"0' - 5""","4' - 3 19/32""","0' - 5""",3 SF,0.37 CF,L 1 Zone 7
1928993,Architecture,Curtain Wall Mullions,Rectangular Mullion,"2.5"" x 5"" rectangular",L 1,,,,,,,,,,Aluminum,,,"0' - 5""","1' - 0""","0' - 5""",1 SF,0.09 CF,L 1 Zone 7
1928994,Architecture,Curtain Wall Mullions,Rectangular Mullion,"2.5"" x 5"" rectangular",L 1,,,,,,,,,,Aluminum,,,"0' - 5""","8' - 0""","0' - 5""",5 SF,0.69 CF,L 1 Zone 7
1928995,Architecture,Curtain Wall Mullions,Rectangular Mullion,"2.5"" x 5"" rectangular",L 1,,,,,,,,,,Aluminum,,,"0' - 5""","4' - 3 19/32""","0' - 5""",3 SF,0.37 CF,L 1 Zone 7
1928996,Architecture,Curtain Wall Mullions,Rectangular Mullion,"2.5"" x 5"" rectangular",L 1,,,,,,,,,,Aluminum,,,"0' - 5""","4' - 4 27/32""","0' - 5""",3 SF,0.38 CF,L 1 Zone 7
1928997,Architecture,Curtain Wall Mullions,Rectangular Mullion,"2.5"" x 5"" rectangular",L 1,,,,,,,,,,Aluminum,,,"0' - 5""","4' - 3 19/32""","0' - 5""",3 SF,0.37 CF,L 1 Zone 7
1928998,Architecture,Curtain Wall Mullions,Rectangular Mullion,"2.5"" x 5"" rectangular",L 1,,,,,,,,,,Aluminum,,,"0' - 5""","8' - 0""","0' - 5""",5 SF,0.69 CF,L 1 Zone 7
1928999,Architecture,Curtain Wall Mullions,Rectangular Mullion,"2.5"" x 5"" rectangular",L 1,,,,,,,,,,Aluminum,,,"0' - 5""","8' - 0""","0' - 5""",5 SF,0.69 CF,L 1 Zone 7
1929000,Architecture,Curtain Wall Mullions,Rectangular Mullion,"2.5"" x 5"" rectangular",L 1,,,,,,,,,,Aluminum,,,"0' - 5""","1' - 0""","0' - 5""",1 SF,0.09 CF,L 1 Zone 7
1929001,Architecture,Curtain Wall Mullions,Rectangular Mullion,"2.5"" x 5"" rectangular",L 1,,,,,,,,,,Aluminum,,,"0' - 5""","1' - 0""","0' - 5""",1 SF,0.09 CF,L 1 Zone 7
1929068,Architecture,Curtain Wall Mullions,Rectangular Mullion,"2.5"" x 5"" rectangular",L 1,,,,,,,,,,Aluminum,,,"0' - 5""","4' - 4 1/2""","0' - 5""",3 SF,0.38 CF,L 1 Zone 7
1929069,Architecture,Curtain Wall Mullions,Rectangular Mullion,"2.5"" x 5"" rectangular",L 1,,,,,,,,,,Aluminum,,,"0' - 5""","4' - 4 1/2""","0' - 5""",3 SF,0.38 CF,L 1 Zone 7
1929070,Architecture,Curtain Wall Mullions,Rectangular Mullion,"2.5"" x 5"" rectangular",L 1,,,,,,,,,,Aluminum,,,"0' - 5""","8' - 0""","0' - 5""",5 SF,0.69 CF,L 1 Zone 7
1929071,Architecture,Curtain Wall Mullions,Rectangular Mullion,"2.5"" x 5"" rectangular",L 1,,,,,,,,,,Aluminum,,,"0' - 5""","1' - 0""","0' - 5""",1 SF,0.09 CF,
1929080,Architecture,Curtain Wall Mullions,Rectangular Mullion,"2.5"" x 5"" rectangular",L 1,,,,,,,,,,Aluminum,,,"0' - 5""","4' - 4 1/2""","0' - 5""",3 SF,0.38 CF,L 1 Zone 7
1929081,Architecture,Curtain Wall Mullions,Rectangular Mullion,"2.5"" x 5"" rectangular",L 1,,,,,,,,,,Aluminum,,,"0' - 5""","4' - 5 3/4""","0' - 5""",3 SF,0.39 CF,L 1 Zone 7
1929082,Architecture,Curtain Wall Mullions,Rectangular Mullion,"2.5"" x 5"" rectangular",L 1,,,,,,,,,,Aluminum,,,"0' - 5""","4' - 5 3/4""","0' - 5""",3 SF,0.39 CF,L 1 Zone 7
1929083,Architecture,Curtain Wall Mullions,Rectangular Mullion,"2.5"" x 5"" rectangular",L 1,,,,,,,,,,Aluminum,,,"0' - 5""","4' - 4 1/2""","0' - 5""",3 SF,0.38 CF,L 1 Zone 7
1929084,Architecture,Curtain Wall Mullions,Rectangular Mullion,"2.5"" x 5"" rectangular",L 1,,,,,,,,,,Aluminum,,,"0' - 5""","1' - 0""","0' - 5""",1 SF,0.09 CF,L 1 Zone 7
1929085,Architecture,Curtain Wall Mullions,Rectangular Mullion,"2.5"" x 5"" rectangular",L 1,,,,,,,,,,Aluminum,,,"0' - 5""","8' - 0""","0' - 5""",5 SF,0.69 CF,
1929086,Architecture,Curtain Wall Mullions,Rectangular Mullion,"2.5"" x 5"" rectangular",L 1,,,,,,,,,,Aluminum,,,"0' - 5""","4' - 4 1/2""","0' - 5""",3 SF,0.38 CF,L 1 Zone 7
1929087,Architecture,Curtain Wall Mullions,Rectangular Mullion,"2.5"" x 5"" rectangular",L 1,,,,,,,,,,Aluminum,,,"0' - 5""","4' - 5 3/4""","0' - 5""",3 SF,0.39 CF,L 1 Zone 7
1929088,Architecture,Curtain Wall Mullions,Rectangular Mullion,"2.5"" x 5"" rectangular",L 1,,,,,,,,,,Aluminum,,,"0' - 5""","4' - 4 1/2""","0' - 5""",3 SF,0.38 CF,L 1 Zone 7
1929089,Architecture,Curtain Wall Mullions,Rectangular Mullion,"2.5"" x 5"" rectangular",L 1,,,,,,,,,,Aluminum,,,"0' - 5""","8' - 0""","0' - 5""",5 SF,0.69 CF,L 1 Zone 7
1929090,Architecture,Curtain Wall Mullions,Rectangular Mullion,"2.5"" x 5"" rectangular",L 1,,,,,,,,,,Aluminum,,,"0' - 5""","8' - 0""","0' - 5""",5 SF,0.69 CF,L 1 Zone 7
1929091,Architecture,Curtain Wall Mullions,Rectangular Mullion,"2.5"" x 5"" rectangular",L 1,,,,,,,,,,Aluminum,,,"0' - 5""","1' - 0""","0' - 5""",1 SF,0.09 CF,L 1 Zone 7
1929092,Architecture,Curtain Wall Mullions,Rectangular Mullion,"2.5"" x 5"" rectangular",L 1,,,,,,,,,,Aluminum,,,"0' - 5""","1' - 0""","0' - 5""",1 SF,0.09 CF,L 1 Zone 7
1931355,Architecture,Curtain Wall Mullions,Rectangular Mullion,"2.5"" x 5"" rectangular",L 1,,,,,,,,,,Aluminum,,,"0' - 5""","4' - 0 1/4""","0' - 5""",3 SF,0.35 CF,L 1 Zone 4
1931381,Architecture,Curtain Wall Mullions,Rectangular Mullion,"2.5"" x 5"" rectangular",L 1,,,,,,,,,,Aluminum,,,"0' - 5""","4' - 0 1/4""","0' - 5""",3 SF,0.35 CF,L 1 Zone 4
1931382,Architecture,Curtain Wall Mullions,Rectangular Mullion,"2.5"" x 5"" rectangular",L 1,,,,,,,,,,Aluminum,,,"0' - 5""","4' - 0 1/4""","0' - 5""",3 SF,0.35 CF,L 1 Zone 4
1931408,Architecture,Curtain Wall Mullions,Rectangular Mullion,"2.5"" x 5"" rectangular",L 1,,,,,,,,,,Aluminum,,,"0' - 5""","4' - 0 1/4""","0' - 5""",3 SF,0.35 CF,L 1 Zone 4
1931409,Architecture,Curtain Wall Mullions,Rectangular Mullion,"2.5"" x 5"" rectangular",L 1,,,,,,,,,,Aluminum,,,"0' - 5""","7' - 0""","0' - 5""",4 SF,0.61 CF,L 1 Zone 4
1931410,Architecture,Curtain Wall Mullions,Rectangular Mullion,"2.5"" x 5"" rectangular",L 1,,,,,,,,,,Aluminum,,,"0' - 5""","7' - 0""","0' - 5""",4 SF,0.61 CF,L 1 Zone 4
1931436,Architecture,Curtain Wall Mullions,Rectangular Mullion,"2.5"" x 5"" rectangular",L 1,,,,,,,,,,Aluminum,,,"0' - 5""","7' - 0""","0' - 5""",4 SF,0.61 CF,L 1 Zone 4
1934572,Architecture,Curtain Wall Mullions,Rectangular Mullion,"2.5"" x 5"" rectangular",L 1,,,,,,,,,,Aluminum,,,"0' - 5""","4' - 2 1/4""","0' - 5""",3 SF,0.36 CF,L 1 Zone 4
1934573,Architecture,Curtain Wall Mullions,Rectangular Mullion,"2.5"" x 5"" rectangular",L 1,,,,,,,,,,Aluminum,,,"0' - 5""","4' - 2 1/4""","0' - 5""",3 SF,0.36 CF,L 1 Zone 4
1934574,Architecture,Curtain Wall Mullions,Rectangular Mullion,"2.5"" x 5"" rectangular",L 1,,,,,,,,,,Aluminum,,,"0' - 5""","4' - 2 1/4""","0' - 5""",3 SF,0.36 CF,L 1 Zone 4
1934575,Architecture,Curtain Wall Mullions,Rectangular Mullion,"2.5"" x 5"" rectangular",L 1,,,,,,,,,,Aluminum,,,"0' - 5""","4' - 2 1/4""","0' - 5""",3 SF,0.36 CF,L 1 Zone 4
1934576,Architecture,Curtain Wall Mullions,Rectangular Mullion,"2.5"" x 5"" rectangular",L 1,,,,,,,,,,Aluminum,,,"0' - 5""","7' - 0""","0' - 5""",4 SF,0.61 CF,L 1 Zone 4
1934577,Architecture,Curtain Wall Mullions,Rectangular Mullion,"2.5"" x 5"" rectangular",L 1,,,,,,,,,,Aluminum,,,"0' - 5""","7' - 0""","0' - 5""",4 SF,0.61 CF,L 1 Zone 4
1934578,Architecture,Curtain Wall Mullions,Rectangular Mullion,"2.5"" x 5"" rectangular",L 1,,,,,,,,,,Aluminum,,,"0' - 5""","7' - 0""","0' - 5""",4 SF,0.61 CF,L 1 Zone 4
1934746,Architecture,Curtain Wall Mullions,Rectangular Mullion,"2.5"" x 5"" rectangular",L 1,,,,,,,,,,Aluminum,,,"0' - 5""","4' - 2 1/4""","0' - 5""",3 SF,0.36 CF,L 1 Zone 4
1934747,Architecture,Curtain Wall Mullions,Rectangular Mullion,"2.5"" x 5"" rectangular",L 1,,,,,,,,,,Aluminum,,,"0' - 5""","4' - 2 1/4""","0' - 5""",3 SF,0.36 CF,L 1 Zone 4
1934748,Architecture,Curtain Wall Mullions,Rectangular Mullion,"2.5"" x 5"" rectangular",L 1,,,,,,,,,,Aluminum,,,"0' - 5""","4' - 2 1/4""","0' - 5""",3 SF,0.36 CF,L 1 Zone 4
1934749,Architecture,Curtain Wall Mullions,Rectangular Mullion,"2.5"" x 5"" rectangular",L 1,,,,,,,,,,Aluminum,,,"0' - 5""","4' - 2 1/4""","0' - 5""",3 SF,0.36 CF,L 1 Zone 4
1934750,Architecture,Curtain Wall Mullions,Rectangular Mullion,"2.5"" x 5"" rectangular",L 1,,,,,,,,,,Aluminum,,,"0' - 5""","7' - 0""","0' - 5""",4 SF,0.61 CF,L 1 Zone 4
1934751,Architecture,Curtain Wall Mullions,Rectangular Mullion,"2.5"" x 5"" rectangular",L 1,,,,,,,,,,Aluminum,,,"0' - 5""","7' - 0""","0' - 5""",4 SF,0.61 CF,L 1 Zone 4
1934752,Architecture,Curtain Wall Mullions,Rectangular Mullion,"2.5"" x 5"" rectangular",L 1,,,,,,,,,,Aluminum,,,"0' - 5""","7' - 0""","0' - 5""",4 SF,0.61 CF,L 1 Zone 4
1934816,Architecture,Curtain Wall Mullions,Rectangular Mullion,"2.5"" x 5"" rectangular",L 1,,,,,,,,,,Aluminum,,,"0' - 5""","4' - 2 1/4""","0' - 5""",3 SF,0.36 CF,L 1 Zone 4
1934817,Architecture,Curtain Wall Mullions,Rectangular Mullion,"2.5"" x 5"" rectangular",L 1,,,,,,,,,,Aluminum,,,"0' - 5""","4' - 2 1/4""","0' - 5""",3 SF,0.36 CF,L 1 Zone 4
1934818,Architecture,Curtain Wall Mullions,Rectangular Mullion,"2.5"" x 5"" rectangular",L 1,,,,,,,,,,Aluminum,,,"0' - 5""","4' - 2 1/4""","0' - 5""",3 SF,0.36 CF,L 1 Zone 4
1934819,Architecture,Curtain Wall Mullions,Rectangular Mullion,"2.5"" x 5"" rectangular",L 1,,,,,,,,,,Aluminum,,,"0' - 5""","4' - 2 1/4""","0' - 5""",3 SF,0.36 CF,L 1 Zone 4
1934820,Architecture,Curtain Wall Mullions,Rectangular Mullion,"2.5"" x 5"" rectangular",L 1,,,,,,,,,,Aluminum,,,"0' - 5""","7' - 0""","0' - 5""",4 SF,0.61 CF,L 1 Zone 4
1934821,Architecture,Curtain Wall Mullions,Rectangular Mullion,"2.5"" x 5"" rectangular",L 1,,,,,,,,,,Aluminum,,,"0' - 5""","7' - 0""","0' - 5""",4 SF,0.61 CF,L 1 Zone 4
1934822,Architecture,Curtain Wall Mullions,Rectangular Mullion,"2.5"" x 5"" rectangular",L 1,,,,,,,,,,Aluminum,,,"0' - 5""","7' - 0""","0' - 5""",4 SF,0.61 CF,L 1 Zone 4
1934943,Architecture,Curtain Wall Mullions,Rectangular Mullion,"2.5"" x 5"" rectangular",L 1,,,,,,,,,,Aluminum,,,"0' - 5""","4' - 2 1/4""","0' - 5""",3 SF,0.36 CF,L 1 Zone 4
1934944,Architecture,Curtain Wall Mullions,Rectangular Mullion,"2.5"" x 5"" rectangular",L 1,,,,,,,,,,Aluminum,,,"0' - 5""","4' - 2 1/4""","0' - 5""",3 SF,0.36 CF,L 1 Zone 4
1934945,Architecture,Curtain Wall Mullions,Rectangular Mullion,"2.5"" x 5"" rectangular",L 1,,,,,,,,,,Aluminum,,,"0' - 5""","4' - 2 1/4""","0' - 5""",3 SF,0.36 CF,L 1 Zone 4
1934946,Architecture,Curtain Wall Mullions,Rectangular Mullion,"2.5"" x 5"" rectangular",L 1,,,,,,,,,,Aluminum,,,"0' - 5""","4' - 2 1/4""","0' - 5""",3 SF,0.36 CF,L 1 Zone 4
1934947,Architecture,Curtain Wall Mullions,Rectangular Mullion,"2.5"" x 5"" rectangular",L 1,,,,,,,,,,Aluminum,,,"0' - 5""","7' - 0""","0' - 5""",4 SF,0.61 CF,L 1 Zone 4
1934948,Architecture,Curtain Wall Mullions,Rectangular Mullion,"2.5"" x 5"" rectangular",L 1,,,,,,,,,,Aluminum,,,"0' - 5""","7' - 0""","0' - 5""",4 SF,0.61 CF,L 1 Zone 4
1934949,Architecture,Curtain Wall Mullions,Rectangular Mullion,"2.5"" x 5"" rectangular",L 1,,,,,,,,,,Aluminum,,,"0' - 5""","7' - 0""","0' - 5""",4 SF,0.61 CF,L 1 Zone 4
1935011,Architecture,Curtain Wall Mullions,Rectangular Mullion,"2.5"" x 5"" rectangular",L 1,,,,,,,,,,Aluminum,,,"0' - 5""","4' - 2 1/4""","0' - 5""",3 SF,0.36 CF,L 1 Zone 4
1935012,Architecture,Curtain Wall Mullions,Rectangular Mullion,"2.5"" x 5"" rectangular",L 1,,,,,,,,,,Aluminum,,,"0' - 5""","4' - 2 1/4""","0' - 5""",3 SF,0.36 CF,L 1 Zone 4
1935013,Architecture,Curtain Wall Mullions,Rectangular Mullion,"2.5"" x 5"" rectangular",L 1,,,,,,,,,,Aluminum,,,"0' - 5""","4' - 2 1/4""","0' - 5""",3 SF,0.36 CF,L 1 Zone 4
1935014,Architecture,Curtain Wall Mullions,Rectangular Mullion,"2.5"" x 5"" rectangular",L 1,,,,,,,,,,Aluminum,,,"0' - 5""","4' - 2 1/4""","0' - 5""",3 SF,0.36 CF,L 1 Zone 4
1935015,Architecture,Curtain Wall Mullions,Rectangular Mullion,"2.5"" x 5"" rectangular",L 1,,,,,,,,,,Aluminum,,,"0' - 5""","7' - 0""","0' - 5""",4 SF,0.61 CF,L 1 Zone 4
1935016,Architecture,Curtain Wall Mullions,Rectangular Mullion,"2.5"" x 5"" rectangular",L 1,,,,,,,,,,Aluminum,,,"0' - 5""","7' - 0""","0' - 5""",4 SF,0.61 CF,L 1 Zone 4
1935017,Architecture,Curtain Wall Mullions,Rectangular Mullion,"2.5"" x 5"" rectangular",L 1,,,,,,,,,,Aluminum,,,"0' - 5""","7' - 0""","0' - 5""",4 SF,0.61 CF,L 1 Zone 4
1935085,Architecture,Curtain Wall Mullions,Rectangular Mullion,"2.5"" x 5"" rectangular",L 1,,,,,,,,,,Aluminum,,,"0' - 5""","4' - 2 1/4""","0' - 5""",3 SF,0.36 CF,L 1 Zone 4
1935086,Architecture,Curtain Wall Mullions,Rectangular Mullion,"2.5"" x 5"" rectangular",L 1,,,,,,,,,,Aluminum,,,"0' - 5""","4' - 2 1/4""","0' - 5""",3 SF,0.36 CF,L 1 Zone 4
1935087,Architecture,Curtain Wall Mullions,Rectangular Mullion,"2.5"" x 5"" rectangular",L 1,,,,,,,,,,Aluminum,,,"0' - 5""","4' - 2 1/4""","0' - 5""",3 SF,0.36 CF,L 1 Zone 4
1935088,Architecture,Curtain Wall Mullions,Rectangular Mullion,"2.5"" x 5"" rectangular",L 1,,,,,,,,,,Aluminum,,,"0' - 5""","4' - 2 1/4""","0' - 5""",3 SF,0.36 CF,L 1 Zone 4
1935089,Architecture,Curtain Wall Mullions,Rectangular Mullion,"2.5"" x 5"" rectangular",L 1,,,,,,,,,,Aluminum,,,"0' - 5""","7' - 0""","0' - 5""",4 SF,0.61 CF,
1935090,Architecture,Curtain Wall Mullions,Rectangular Mullion,"2.5"" x 5"" rectangular",L 1,,,,,,,,,,Aluminum,,,"0' - 5""","7' - 0""","0' - 5""",4 SF,0.61 CF,L 1 Zone 4
1935091,Architecture,Curtain Wall Mullions,Rectangular Mullion,"2.5"" x 5"" rectangular",L 1,,,,,,,,,,Aluminum,,,"0' - 5""","7' - 0""","0' - 5""",4 SF,0.61 CF,L 1 Zone 4
1935153,Architecture,Curtain Wall Mullions,Rectangular Mullion,"2.5"" x 5"" rectangular",L 1,,,,,,,,,,Aluminum,,,"0' - 5""","4' - 2 1/4""","0' - 5""",3 SF,0.36 CF,
1935154,Architecture,Curtain Wall Mullions,Rectangular Mullion,"2.5"" x 5"" rectangular",L 1,,,,,,,,,,Aluminum,,,"0' - 5""","4' - 2 1/4""","0' - 5""",3 SF,0.36 CF,
1935155,Architecture,Curtain Wall Mullions,Rectangular Mullion,"2.5"" x 5"" rectangular",L 1,,,,,,,,,,Aluminum,,,"0' - 5""","4' - 2 1/4""","0' - 5""",3 SF,0.36 CF,
1935156,Architecture,Curtain Wall Mullions,Rectangular Mullion,"2.5"" x 5"" rectangular",L 1,,,,,,,,,,Aluminum,,,"0' - 5""","4' - 2 1/4""","0' - 5""",3 SF,0.36 CF,
1935157,Architecture,Curtain Wall Mullions,Rectangular Mullion,"2.5"" x 5"" rectangular",L 1,,,,,,,,,,Aluminum,,,"0' - 5""","7' - 0""","0' - 5""",4 SF,0.61 CF,
1935158,Architecture,Curtain Wall Mullions,Rectangular Mullion,"2.5"" x 5"" rectangular",L 1,,,,,,,,,,Aluminum,,,"0' - 5""","7' - 0""","0' - 5""",4 SF,0.61 CF,
1935159,Architecture,Curtain Wall Mullions,Rectangular Mullion,"2.5"" x 5"" rectangular",L 1,,,,,,,,,,Aluminum,,,"0' - 5""","7' - 0""","0' - 5""",4 SF,0.61 CF,
1935221,Architecture,Curtain Wall Mullions,Rectangular Mullion,"2.5"" x 5"" rectangular",L 1,,,,,,,,,,Aluminum,,,"0' - 5""","4' - 2 1/4""","0' - 5""",3 SF,0.36 CF,
1935222,Architecture,Curtain Wall Mullions,Rectangular Mullion,"2.5"" x 5"" rectangular",L 1,,,,,,,,,,Aluminum,,,"0' - 5""","4' - 2 1/4""","0' - 5""",3 SF,0.36 CF,
1935223,Architecture,Curtain Wall Mullions,Rectangular Mullion,"2.5"" x 5"" rectangular",L 1,,,,,,,,,,Aluminum,,,"0' - 5""","4' - 2 1/4""","0' - 5""",3 SF,0.36 CF,
1935224,Architecture,Curtain Wall Mullions,Rectangular Mullion,"2.5"" x 5"" rectangular",L 1,,,,,,,,,,Aluminum,,,"0' - 5""","4' - 2 1/4""","0' - 5""",3 SF,0.36 CF,
1935225,Architecture,Curtain Wall Mullions,Rectangular Mullion,"2.5"" x 5"" rectangular",L 1,,,,,,,,,,Aluminum,,,"0' - 5""","7' - 0""","0' - 5""",4 SF,0.61 CF,
1935226,Architecture,Curtain Wall Mullions,Rectangular Mullion,"2.5"" x 5"" rectangular",L 1,,,,,,,,,,Aluminum,,,"0' - 5""","7' - 0""","0' - 5""",4 SF,0.61 CF,
1935227,Architecture,Curtain Wall Mullions,Rectangular Mullion,"2.5"" x 5"" rectangular",L 1,,,,,,,,,,Aluminum,,,"0' - 5""","7' - 0""","0' - 5""",4 SF,0.61 CF,
1935289,Architecture,Curtain Wall Mullions,Rectangular Mullion,"2.5"" x 5"" rectangular",L 1,,,,,,,,,,Aluminum,,,"0' - 5""","4' - 2 1/4""","0' - 5""",3 SF,0.36 CF,
1935290,Architecture,Curtain Wall Mullions,Rectangular Mullion,"2.5"" x 5"" rectangular",L 1,,,,,,,,,,Aluminum,,,"0' - 5""","4' - 2 1/4""","0' - 5""",3 SF,0.36 CF,
1935291,Architecture,Curtain Wall Mullions,Rectangular Mullion,"2.5"" x 5"" rectangular",L 1,,,,,,,,,,Aluminum,,,"0' - 5""","4' - 2 1/4""","0' - 5""",3 SF,0.36 CF,
1935292,Architecture,Curtain Wall Mullions,Rectangular Mullion,"2.5"" x 5"" rectangular",L 1,,,,,,,,,,Aluminum,,,"0' - 5""","4' - 2 1/4""","0' - 5""",3 SF,0.36 CF,
1935293,Architecture,Curtain Wall Mullions,Rectangular Mullion,"2.5"" x 5"" rectangular",L 1,,,,,,,,,,Aluminum,,,"0' - 5""","7' - 0""","0' - 5""",4 SF,0.61 CF,
1935294,Architecture,Curtain Wall Mullions,Rectangular Mullion,"2.5"" x 5"" rectangular",L 1,,,,,,,,,,Aluminum,,,"0' - 5""","7' - 0""","0' - 5""",4 SF,0.61 CF,
1935295,Architecture,Curtain Wall Mullions,Rectangular Mullion,"2.5"" x 5"" rectangular",L 1,,,,,,,,,,Aluminum,,,"0' - 5""","7' - 0""","0' - 5""",4 SF,0.61 CF,
1935357,Architecture,Curtain Wall Mullions,Rectangular Mullion,"2.5"" x 5"" rectangular",L 1,,,,,,,,,,Aluminum,,,"0' - 5""","4' - 2 1/4""","0' - 5""",3 SF,0.36 CF,
1935358,Architecture,Curtain Wall Mullions,Rectangular Mullion,"2.5"" x 5"" rectangular",L 1,,,,,,,,,,Aluminum,,,"0' - 5""","4' - 2 1/4""","0' - 5""",3 SF,0.36 CF,
1935359,Architecture,Curtain Wall Mullions,Rectangular Mullion,"2.5"" x 5"" rectangular",L 1,,,,,,,,,,Aluminum,,,"0' - 5""","4' - 2 1/4""","0' - 5""",3 SF,0.36 CF,
1935360,Architecture,Curtain Wall Mullions,Rectangular Mullion,"2.5"" x 5"" rectangular",L 1,,,,,,,,,,Aluminum,,,"0' - 5""","4' - 2 1/4""","0' - 5""",3 SF,0.36 CF,
1935361,Architecture,Curtain Wall Mullions,Rectangular Mullion,"2.5"" x 5"" rectangular",L 1,,,,,,,,,,Aluminum,,,"0' - 5""","7' - 0""","0' - 5""",4 SF,0.61 CF,
1935362,Architecture,Curtain Wall Mullions,Rectangular Mullion,"2.5"" x 5"" rectangular",L 1,,,,,,,,,,Aluminum,,,"0' - 5""","7' - 0""","0' - 5""",4 SF,0.61 CF,
1935363,Architecture,Curtain Wall Mullions,Rectangular Mullion,"2.5"" x 5"" rectangular",L 1,,,,,,,,,,Aluminum,,,"0' - 5""","7' - 0""","0' - 5""",4 SF,0.61 CF,
1935425,Architecture,Curtain Wall Mullions,Rectangular Mullion,"2.5"" x 5"" rectangular",L 1,,,,,,,,,,Aluminum,,,"0' - 5""","4' - 2 1/4""","0' - 5""",3 SF,0.36 CF,
1935426,Architecture,Curtain Wall Mullions,Rectangular Mullion,"2.5"" x 5"" rectangular",L 1,,,,,,,,,,Aluminum,,,"0' - 5""","4' - 2 1/4""","0' - 5""",3 SF,0.36 CF,
1935427,Architecture,Curtain Wall Mullions,Rectangular Mullion,"2.5"" x 5"" rectangular",L 1,,,,,,,,,,Aluminum,,,"0' - 5""","4' - 2 1/4""","0' - 5""",3 SF,0.36 CF,
1935428,Architecture,Curtain Wall Mullions,Rectangular Mullion,"2.5"" x 5"" rectangular",L 1,,,,,,,,,,Aluminum,,,"0' - 5""","4' - 2 1/4""","0' - 5""",3 SF,0.36 CF,
1935429,Architecture,Curtain Wall Mullions,Rectangular Mullion,"2.5"" x 5"" rectangular",L 1,,,,,,,,,,Aluminum,,,"0' - 5""","7' - 0""","0' - 5""",4 SF,0.61 CF,
1935430,Architecture,Curtain Wall Mullions,Rectangular Mullion,"2.5"" x 5"" rectangular",L 1,,,,,,,,,,Aluminum,,,"0' - 5""","7' - 0""","0' - 5""",4 SF,0.61 CF,
1935431,Architecture,Curtain Wall Mullions,Rectangular Mullion,"2.5"" x 5"" rectangular",L 1,,,,,,,,,,Aluminum,,,"0' - 5""","7' - 0""","0' - 5""",4 SF,0.61 CF,
1935493,Architecture,Curtain Wall Mullions,Rectangular Mullion,"2.5"" x 5"" rectangular",L 1,,,,,,,,,,Aluminum,,,"0' - 5""","4' - 4 1/4""","0' - 5""",3 SF,0.38 CF,
1935494,Architecture,Curtain Wall Mullions,Rectangular Mullion,"2.5"" x 5"" rectangular",L 1,,,,,,,,,,Aluminum,,,"0' - 5""","4' - 4 1/4""","0' - 5""",3 SF,0.38 CF,
1935495,Architecture,Curtain Wall Mullions,Rectangular Mullion,"2.5"" x 5"" rectangular",L 1,,,,,,,,,,Aluminum,,,"0' - 5""","4' - 5 1/2""","0' - 5""",3 SF,0.39 CF,
1935496,Architecture,Curtain Wall Mullions,Rectangular Mullion,"2.5"" x 5"" rectangular",L 1,,,,,,,,,,Aluminum,,,"0' - 5""","4' - 5 1/2""","0' - 5""",3 SF,0.39 CF,
1935497,Architecture,Curtain Wall Mullions,Rectangular Mullion,"2.5"" x 5"" rectangular",L 1,,,,,,,,,,Aluminum,,,"0' - 5""","7' - 0""","0' - 5""",4 SF,0.61 CF,
1935498,Architecture,Curtain Wall Mullions,Rectangular Mullion,"2.5"" x 5"" rectangular",L 1,,,,,,,,,,Aluminum,,,"0' - 5""","7' - 0""","0' - 5""",4 SF,0.61 CF,
1935499,Architecture,Curtain Wall Mullions,Rectangular Mullion,"2.5"" x 5"" rectangular",L 1,,,,,,,,,,Aluminum,,,"0' - 5""","6' - 9 1/2""","0' - 5""",4 SF,0.59 CF,
1935602,Architecture,Curtain Wall Mullions,Rectangular Mullion,"2.5"" x 5"" rectangular",L 1,,,,,,,,,,Aluminum,,,"0' - 5""","4' - 2 1/4""","0' - 5""",3 SF,0.36 CF,
1935603,Architecture,Curtain Wall Mullions,Rectangular Mullion,"2.5"" x 5"" rectangular",L 1,,,,,,,,,,Aluminum,,,"0' - 5""","4' - 2 1/4""","0' - 5""",3 SF,0.36 CF,
1935604,Architecture,Curtain Wall Mullions,Rectangular Mullion,"2.5"" x 5"" rectangular",L 1,,,,,,,,,,Aluminum,,,"0' - 5""","4' - 2 1/4""","0' - 5""",3 SF,0.36 CF,
1935605,Architecture,Curtain Wall Mullions,Rectangular Mullion,"2.5"" x 5"" rectangular",L 1,,,,,,,,,,Aluminum,,,"0' - 5""","4' - 2 1/4""","0' - 5""",3 SF,0.36 CF,
1935606,Architecture,Curtain Wall Mullions,Rectangular Mullion,"2.5"" x 5"" rectangular",L 1,,,,,,,,,,Aluminum,,,"0' - 5""","7' - 0""","0' - 5""",4 SF,0.61 CF,
1935607,Architecture,Curtain Wall Mullions,Rectangular Mullion,"2.5"" x 5"" rectangular",L 1,,,,,,,,,,Aluminum,,,"0' - 5""","7' - 0""","0' - 5""",4 SF,0.61 CF,
1935608,Architecture,Curtain Wall Mullions,Rectangular Mullion,"2.5"" x 5"" rectangular",L 1,,,,,,,,,,Aluminum,,,"0' - 5""","7' - 0""","0' - 5""",4 SF,0.61 CF,
1938618,Architecture,Curtain Wall Mullions,Rectangular Mullion,"2.5"" x 5"" rectangular",L 1,,,,,,,,,,Aluminum,,,"0' - 5""","4' - 2 1/8""","0' - 5""",3 SF,0.36 CF,
1938619,Architecture,Curtain Wall Mullions,Rectangular Mullion,"2.5"" x 5"" rectangular",L 1,,,,,,,,,,Aluminum,,,"0' - 5""","4' - 2 1/8""","0' - 5""",3 SF,0.36 CF,
1938620,Architecture,Curtain Wall Mullions,Rectangular Mullion,"2.5"" x 5"" rectangular",L 1,,,,,,,,,,Aluminum,,,"0' - 5""","4' - 2 1/8""","0' - 5""",3 SF,0.36 CF,
1938621,Architecture,Curtain Wall Mullions,Rectangular Mullion,"2.5"" x 5"" rectangular",L 1,,,,,,,,,,Aluminum,,,"0' - 5""","4' - 2 1/8""","0' - 5""",3 SF,0.36 CF,
1938622,Architecture,Curtain Wall Mullions,Rectangular Mullion,"2.5"" x 5"" rectangular",L 1,,,,,,,,,,Aluminum,,,"0' - 5""","7' - 0""","0' - 5""",4 SF,0.61 CF,
1938623,Architecture,Curtain Wall Mullions,Rectangular Mullion,"2.5"" x 5"" rectangular",L 1,,,,,,,,,,Aluminum,,,"0' - 5""","7' - 0""","0' - 5""",4 SF,0.61 CF,
1938624,Architecture,Curtain Wall Mullions,Rectangular Mullion,"2.5"" x 5"" rectangular",L 1,,,,,,,,,,Aluminum,,,"0' - 5""","7' - 0""","0' - 5""",4 SF,0.61 CF,
1938804,Architecture,Curtain Wall Mullions,Rectangular Mullion,"2.5"" x 5"" rectangular",L 1,,,,,,,,,,Aluminum,,,"0' - 5""","4' - 2 1/8""","0' - 5""",3 SF,0.36 CF,
1938805,Architecture,Curtain Wall Mullions,Rectangular Mullion,"2.5"" x 5"" rectangular",L 1,,,,,,,,,,Aluminum,,,"0' - 5""","4' - 2 1/8""","0' - 5""",3 SF,0.36 CF,
1938806,Architecture,Curtain Wall Mullions,Rectangular Mullion,"2.5"" x 5"" rectangular",L 1,,,,,,,,,,Aluminum,,,"0' - 5""","4' - 2 1/8""","0' - 5""",3 SF,0.36 CF,
1938807,Architecture,Curtain Wall Mullions,Rectangular Mullion,"2.5"" x 5"" rectangular",L 1,,,,,,,,,,Aluminum,,,"0' - 5""","4' - 2 1/8""","0' - 5""",3 SF,0.36 CF,
1938808,Architecture,Curtain Wall Mullions,Rectangular Mullion,"2.5"" x 5"" rectangular",L 1,,,,,,,,,,Aluminum,,,"0' - 5""","7' - 0""","0' - 5""",4 SF,0.61 CF,
1938809,Architecture,Curtain Wall Mullions,Rectangular Mullion,"2.5"" x 5"" rectangular",L 1,,,,,,,,,,Aluminum,,,"0' - 5""","7' - 0""","0' - 5""",4 SF,0.61 CF,
1938810,Architecture,Curtain Wall Mullions,Rectangular Mullion,"2.5"" x 5"" rectangular",L 1,,,,,,,,,,Aluminum,,,"0' - 5""","7' - 0""","0' - 5""",4 SF,0.61 CF,
1939377,Architecture,Curtain Wall Mullions,Rectangular Mullion,"2.5"" x 5"" rectangular",L 1,,,,,,,,,,Aluminum,,,"0' - 5""","4' - 2 1/8""","0' - 5""",3 SF,0.36 CF,L 1 Zone 3
1939378,Architecture,Curtain Wall Mullions,Rectangular Mullion,"2.5"" x 5"" rectangular",L 1,,,,,,,,,,Aluminum,,,"0' - 5""","4' - 2 1/8""","0' - 5""",3 SF,0.36 CF,L 1 Zone 3
1939379,Architecture,Curtain Wall Mullions,Rectangular Mullion,"2.5"" x 5"" rectangular",L 1,,,,,,,,,,Aluminum,,,"0' - 5""","4' - 2 1/8""","0' - 5""",3 SF,0.36 CF,L 1 Zone 3
1939380,Architecture,Curtain Wall Mullions,Rectangular Mullion,"2.5"" x 5"" rectangular",L 1,,,,,,,,,,Aluminum,,,"0' - 5""","4' - 2 1/8""","0' - 5""",3 SF,0.36 CF,L 1 Zone 3
1939381,Architecture,Curtain Wall Mullions,Rectangular Mullion,"2.5"" x 5"" rectangular",L 1,,,,,,,,,,Aluminum,,,"0' - 5""","7' - 0""","0' - 5""",4 SF,0.61 CF,L 1 Zone 3
1939382,Architecture,Curtain Wall Mullions,Rectangular Mullion,"2.5"" x 5"" rectangular",L 1,,,,,,,,,,Aluminum,,,"0' - 5""","7' - 0""","0' - 5""",4 SF,0.61 CF,L 1 Zone 3
1939383,Architecture,Curtain Wall Mullions,Rectangular Mullion,"2.5"" x 5"" rectangular",L 1,,,,,,,,,,Aluminum,,,"0' - 5""","7' - 0""","0' - 5""",4 SF,0.61 CF,L 1 Zone 3
1939485,Architecture,Curtain Wall Mullions,Rectangular Mullion,"2.5"" x 5"" rectangular",L 1,,,,,,,,,,Aluminum,,,"0' - 5""","4' - 2 1/8""","0' - 5""",3 SF,0.36 CF,L 1 Zone 3
1939486,Architecture,Curtain Wall Mullions,Rectangular Mullion,"2.5"" x 5"" rectangular",L 1,,,,,,,,,,Aluminum,,,"0' - 5""","4' - 2 1/8""","0' - 5""",3 SF,0.36 CF,L 1 Zone 3
1939487,Architecture,Curtain Wall Mullions,Rectangular Mullion,"2.5"" x 5"" rectangular",L 1,,,,,,,,,,Aluminum,,,"0' - 5""","4' - 2 1/8""","0' - 5""",3 SF,0.36 CF,L 1 Zone 3
1939488,Architecture,Curtain Wall Mullions,Rectangular Mullion,"2.5"" x 5"" rectangular",L 1,,,,,,,,,,Aluminum,,,"0' - 5""","4' - 2 1/8""","0' - 5""",3 SF,0.36 CF,L 1 Zone 3
1939489,Architecture,Curtain Wall Mullions,Rectangular Mullion,"2.5"" x 5"" rectangular",L 1,,,,,,,,,,Aluminum,,,"0' - 5""","7' - 0""","0' - 5""",4 SF,0.61 CF,L 1 Zone 3
1939490,Architecture,Curtain Wall Mullions,Rectangular Mullion,"2.5"" x 5"" rectangular",L 1,,,,,,,,,,Aluminum,,,"0' - 5""","7' - 0""","0' - 5""",4 SF,0.61 CF,L 1 Zone 3
1939491,Architecture,Curtain Wall Mullions,Rectangular Mullion,"2.5"" x 5"" rectangular",L 1,,,,,,,,,,Aluminum,,,"0' - 5""","7' - 0""","0' - 5""",4 SF,0.61 CF,L 1 Zone 3
1939996,Architecture,Curtain Wall Mullions,Rectangular Mullion,"2.5"" x 5"" rectangular",L 1,,,,,,,,,,Aluminum,,,"0' - 5""","3' - 0 3/4""","0' - 5""",2 SF,0.27 CF,L 1 Zone 3
1939997,Architecture,Curtain Wall Mullions,Rectangular Mullion,"2.5"" x 5"" rectangular",L 1,,,,,,,,,,Aluminum,,,"0' - 5""","3' - 3 1/4""","0' - 5""",2 SF,0.28 CF,L 1 Zone 3
1939999,Architecture,Curtain Wall Mullions,Rectangular Mullion,"2.5"" x 5"" rectangular",L 1,,,,,,,,,,Aluminum,,,"0' - 5""","7' - 10 3/4""","0' - 5""",5 SF,0.69 CF,L 1 Zone 3
1940000,Architecture,Curtain Wall Mullions,Rectangular Mullion,"2.5"" x 5"" rectangular",L 1,,,,,,,,,,Aluminum,,,"0' - 5""","0' - 10 3/4""","0' - 5""",1 SF,0.08 CF,L 1 Zone 3
1940424,Architecture,Curtain Wall Mullions,Rectangular Mullion,"2.5"" x 5"" rectangular",L 1,,,,,,,,,,Aluminum,,,"0' - 5""","4' - 2 1/8""","0' - 5""",3 SF,0.36 CF,
1940425,Architecture,Curtain Wall Mullions,Rectangular Mullion,"2.5"" x 5"" rectangular",L 1,,,,,,,,,,Aluminum,,,"0' - 5""","4' - 2 1/8""","0' - 5""",3 SF,0.36 CF,
1940426,Architecture,Curtain Wall Mullions,Rectangular Mullion,"2.5"" x 5"" rectangular",L 1,,,,,,,,,,Aluminum,,,"0' - 5""","4' - 2 1/8""","0' - 5""",3 SF,0.36 CF,
1940427,Architecture,Curtain Wall Mullions,Rectangular Mullion,"2.5"" x 5"" rectangular",L 1,,,,,,,,,,Aluminum,,,"0' - 5""","4' - 2 1/8""","0' - 5""",3 SF,0.36 CF,
1940428,Architecture,Curtain Wall Mullions,Rectangular Mullion,"2.5"" x 5"" rectangular",L 1,,,,,,,,,,Aluminum,,,"0' - 5""","7' - 0""","0' - 5""",4 SF,0.61 CF,
1940429,Architecture,Curtain Wall Mullions,Rectangular Mullion,"2.5"" x 5"" rectangular",L 1,,,,,,,,,,Aluminum,,,"0' - 5""","7' - 0""","0' - 5""",4 SF,0.61 CF,
1940430,Architecture,Curtain Wall Mullions,Rectangular Mullion,"2.5"" x 5"" rectangular",L 1,,,,,,,,,,Aluminum,,,"0' - 5""","7' - 0""","0' - 5""",4 SF,0.61 CF,
1940672,Architecture,Curtain Wall Mullions,Rectangular Mullion,"2.5"" x 5"" rectangular",L 1,,,,,,,,,,Aluminum,,,"0' - 5""","4' - 2 1/8""","0' - 5""",3 SF,0.36 CF,L 1 Zone 1
1940673,Architecture,Curtain Wall Mullions,Rectangular Mullion,"2.5"" x 5"" rectangular",L 1,,,,,,,,,,Aluminum,,,"0' - 5""","4' - 2 1/8""","0' - 5""",3 SF,0.36 CF,L 1 Zone 1
1940674,Architecture,Curtain Wall Mullions,Rectangular Mullion,"2.5"" x 5"" rectangular",L 1,,,,,,,,,,Aluminum,,,"0' - 5""","4' - 2 1/8""","0' - 5""",3 SF,0.36 CF,L 1 Zone 1
1940675,Architecture,Curtain Wall Mullions,Rectangular Mullion,"2.5"" x 5"" rectangular",L 1,,,,,,,,,,Aluminum,,,"0' - 5""","4' - 2 1/8""","0' - 5""",3 SF,0.36 CF,L 1 Zone 1
1940676,Architecture,Curtain Wall Mullions,Rectangular Mullion,"2.5"" x 5"" rectangular",L 1,,,,,,,,,,Aluminum,,,"0' - 5""","7' - 0""","0' - 5""",4 SF,0.61 CF,L 1 Zone 1
1940677,Architecture,Curtain Wall Mullions,Rectangular Mullion,"2.5"" x 5"" rectangular",L 1,,,,,,,,,,Aluminum,,,"0' - 5""","7' - 0""","0' - 5""",4 SF,0.61 CF,L 1 Zone 1
1940678,Architecture,Curtain Wall Mullions,Rectangular Mullion,"2.5"" x 5"" rectangular",L 1,,,,,,,,,,Aluminum,,,"0' - 5""","7' - 0""","0' - 5""",4 SF,0.61 CF,L 1 Zone 1
1940764,Architecture,Curtain Wall Mullions,Rectangular Mullion,"2.5"" x 5"" rectangular",L 1,,,,,,,,,,Aluminum,,,"0' - 5""","4' - 2 1/8""","0' - 5""",3 SF,0.36 CF,
1940765,Architecture,Curtain Wall Mullions,Rectangular Mullion,"2.5"" x 5"" rectangular",L 1,,,,,,,,,,Aluminum,,,"0' - 5""","4' - 2 1/8""","0' - 5""",3 SF,0.36 CF,
1940766,Architecture,Curtain Wall Mullions,Rectangular Mullion,"2.5"" x 5"" rectangular",L 1,,,,,,,,,,Aluminum,,,"0' - 5""","4' - 2 1/8""","0' - 5""",3 SF,0.36 CF,
1940767,Architecture,Curtain Wall Mullions,Rectangular Mullion,"2.5"" x 5"" rectangular",L 1,,,,,,,,,,Aluminum,,,"0' - 5""","4' - 2 1/8""","0' - 5""",3 SF,0.36 CF,
1940768,Architecture,Curtain Wall Mullions,Rectangular Mullion,"2.5"" x 5"" rectangular",L 1,,,,,,,,,,Aluminum,,,"0' - 5""","7' - 0""","0' - 5""",4 SF,0.61 CF,L 1 Zone 1
1940769,Architecture,Curtain Wall Mullions,Rectangular Mullion,"2.5"" x 5"" rectangular",L 1,,,,,,,,,,Aluminum,,,"0' - 5""","7' - 0""","0' - 5""",4 SF,0.61 CF,
1940770,Architecture,Curtain Wall Mullions,Rectangular Mullion,"2.5"" x 5"" rectangular",L 1,,,,,,,,,,Aluminum,,,"0' - 5""","7' - 0""","0' - 5""",4 SF,0.61 CF,
1941097,Architecture,Curtain Wall Mullions,Rectangular Mullion,"2.5"" x 5"" rectangular",L 1,,,,,,,,,,Aluminum,,,"0' - 5""","4' - 2 1/4""","0' - 5""",3 SF,0.36 CF,
1941098,Architecture,Curtain Wall Mullions,Rectangular Mullion,"2.5"" x 5"" rectangular",L 1,,,,,,,,,,Aluminum,,,"0' - 5""","4' - 2 1/4""","0' - 5""",3 SF,0.36 CF,
1941099,Architecture,Curtain Wall Mullions,Rectangular Mullion,"2.5"" x 5"" rectangular",L 1,,,,,,,,,,Aluminum,,,"0' - 5""","4' - 2 1/4""","0' - 5""",3 SF,0.36 CF,
1941100,Architecture,Curtain Wall Mullions,Rectangular Mullion,"2.5"" x 5"" rectangular",L 1,,,,,,,,,,Aluminum,,,"0' - 5""","4' - 2 1/4""","0' - 5""",3 SF,0.36 CF,
1941101,Architecture,Curtain Wall Mullions,Rectangular Mullion,"2.5"" x 5"" rectangular",L 1,,,,,,,,,,Aluminum,,,"0' - 5""","7' - 0""","0' - 5""",4 SF,0.61 CF,
1941102,Architecture,Curtain Wall Mullions,Rectangular Mullion,"2.5"" x 5"" rectangular",L 1,,,,,,,,,,Aluminum,,,"0' - 5""","7' - 0""","0' - 5""",4 SF,0.61 CF,
1941103,Architecture,Curtain Wall Mullions,Rectangular Mullion,"2.5"" x 5"" rectangular",L 1,,,,,,,,,,Aluminum,,,"0' - 5""","7' - 0""","0' - 5""",4 SF,0.61 CF,
1941156,Architecture,Curtain Wall Mullions,Rectangular Mullion,"2.5"" x 5"" rectangular",L 1,,,,,,,,,,Aluminum,,,"0' - 5""","4' - 2 1/4""","0' - 5""",3 SF,0.36 CF,
1941157,Architecture,Curtain Wall Mullions,Rectangular Mullion,"2.5"" x 5"" rectangular",L 1,,,,,,,,,,Aluminum,,,"0' - 5""","4' - 2 1/4""","0' - 5""",3 SF,0.36 CF,
1941158,Architecture,Curtain Wall Mullions,Rectangular Mullion,"2.5"" x 5"" rectangular",L 1,,,,,,,,,,Aluminum,,,"0' - 5""","4' - 2 1/4""","0' - 5""",3 SF,0.36 CF,
1941159,Architecture,Curtain Wall Mullions,Rectangular Mullion,"2.5"" x 5"" rectangular",L 1,,,,,,,,,,Aluminum,,,"0' - 5""","4' - 2 1/4""","0' - 5""",3 SF,0.36 CF,
1941160,Architecture,Curtain Wall Mullions,Rectangular Mullion,"2.5"" x 5"" rectangular",L 1,,,,,,,,,,Aluminum,,,"0' - 5""","7' - 0""","0' - 5""",4 SF,0.61 CF,
1941161,Architecture,Curtain Wall Mullions,Rectangular Mullion,"2.5"" x 5"" rectangular",L 1,,,,,,,,,,Aluminum,,,"0' - 5""","7' - 0""","0' - 5""",4 SF,0.61 CF,
1941162,Architecture,Curtain Wall Mullions,Rectangular Mullion,"2.5"" x 5"" rectangular",L 1,,,,,,,,,,Aluminum,,,"0' - 5""","7' - 0""","0' - 5""",4 SF,0.61 CF,
1941346,Architecture,Curtain Wall Mullions,Rectangular Mullion,"2.5"" x 5"" rectangular",L 1,,,,,,,,,,Aluminum,,,"0' - 5""","4' - 2 1/4""","0' - 5""",3 SF,0.36 CF,L 1 Zone 5
1941347,Architecture,Curtain Wall Mullions,Rectangular Mullion,"2.5"" x 5"" rectangular",L 1,,,,,,,,,,Aluminum,,,"0' - 5""","4' - 2 1/4""","0' - 5""",3 SF,0.36 CF,
1941348,Architecture,Curtain Wall Mullions,Rectangular Mullion,"2.5"" x 5"" rectangular",L 1,,,,,,,,,,Aluminum,,,"0' - 5""","4' - 2 1/4""","0' - 5""",3 SF,0.36 CF,
1941349,Architecture,Curtain Wall Mullions,Rectangular Mullion,"2.5"" x 5"" rectangular",L 1,,,,,,,,,,Aluminum,,,"0' - 5""","4' - 2 1/4""","0' - 5""",3 SF,0.36 CF,L 1 Zone 5
1941350,Architecture,Curtain Wall Mullions,Rectangular Mullion,"2.5"" x 5"" rectangular",L 1,,,,,,,,,,Aluminum,,,"0' - 5""","7' - 0""","0' - 5""",4 SF,0.61 CF,L 1 Zone 5
1941351,Architecture,Curtain Wall Mullions,Rectangular Mullion,"2.5"" x 5"" rectangular",L 1,,,,,,,,,,Aluminum,,,"0' - 5""","7' - 0""","0' - 5""",4 SF,0.61 CF,
1941352,Architecture,Curtain Wall Mullions,Rectangular Mullion,"2.5"" x 5"" rectangular",L 1,,,,,,,,,,Aluminum,,,"0' - 5""","7' - 0""","0' - 5""",4 SF,0.61 CF,
1941405,Architecture,Curtain Wall Mullions,Rectangular Mullion,"2.5"" x 5"" rectangular",L 1,,,,,,,,,,Aluminum,,,"0' - 5""","4' - 2 1/4""","0' - 5""",3 SF,0.36 CF,
1941406,Architecture,Curtain Wall Mullions,Rectangular Mullion,"2.5"" x 5"" rectangular",L 1,,,,,,,,,,Aluminum,,,"0' - 5""","4' - 2 1/4""","0' - 5""",3 SF,0.36 CF,
1941407,Architecture,Curtain Wall Mullions,Rectangular Mullion,"2.5"" x 5"" rectangular",L 1,,,,,,,,,,Aluminum,,,"0' - 5""","4' - 2 1/4""","0' - 5""",3 SF,0.36 CF,
1941408,Architecture,Curtain Wall Mullions,Rectangular Mullion,"2.5"" x 5"" rectangular",L 1,,,,,,,,,,Aluminum,,,"0' - 5""","4' - 2 1/4""","0' - 5""",3 SF,0.36 CF,
1941409,Architecture,Curtain Wall Mullions,Rectangular Mullion,"2.5"" x 5"" rectangular",L 1,,,,,,,,,,Aluminum,,,"0' - 5""","7' - 0""","0' - 5""",4 SF,0.61 CF,
1941410,Architecture,Curtain Wall Mullions,Rectangular Mullion,"2.5"" x 5"" rectangular",L 1,,,,,,,,,,Aluminum,,,"0' - 5""","7' - 0""","0' - 5""",4 SF,0.61 CF,
1941411,Architecture,Curtain Wall Mullions,Rectangular Mullion,"2.5"" x 5"" rectangular",L 1,,,,,,,,,,Aluminum,,,"0' - 5""","7' - 0""","0' - 5""",4 SF,0.61 CF,
1941464,Architecture,Curtain Wall Mullions,Rectangular Mullion,"2.5"" x 5"" rectangular",L 1,,,,,,,,,,Aluminum,,,"0' - 5""","4' - 2 1/8""","0' - 5""",3 SF,0.36 CF,
1941465,Architecture,Curtain Wall Mullions,Rectangular Mullion,"2.5"" x 5"" rectangular",L 1,,,,,,,,,,Aluminum,,,"0' - 5""","4' - 2 1/8""","0' - 5""",3 SF,0.36 CF,
1941466,Architecture,Curtain Wall Mullions,Rectangular Mullion,"2.5"" x 5"" rectangular",L 1,,,,,,,,,,Aluminum,,,"0' - 5""","4' - 2 1/8""","0' - 5""",3 SF,0.36 CF,
1941467,Architecture,Curtain Wall Mullions,Rectangular Mullion,"2.5"" x 5"" rectangular",L 1,,,,,,,,,,Aluminum,,,"0' - 5""","4' - 2 1/8""","0' - 5""",3 SF,0.36 CF,
1941468,Architecture,Curtain Wall Mullions,Rectangular Mullion,"2.5"" x 5"" rectangular",L 1,,,,,,,,,,Aluminum,,,"0' - 5""","7' - 0""","0' - 5""",4 SF,0.61 CF,
1941469,Architecture,Curtain Wall Mullions,Rectangular Mullion,"2.5"" x 5"" rectangular",L 1,,,,,,,,,,Aluminum,,,"0' - 5""","7' - 0""","0' - 5""",4 SF,0.61 CF,
1941470,Architecture,Curtain Wall Mullions,Rectangular Mullion,"2.5"" x 5"" rectangular",L 1,,,,,,,,,,Aluminum,,,"0' - 5""","7' - 0""","0' - 5""",4 SF,0.61 CF,
1941521,Architecture,Curtain Wall Mullions,Rectangular Mullion,"2.5"" x 5"" rectangular",L 1,,,,,,,,,,Aluminum,,,"0' - 5""","4' - 3 5/8""","0' - 5""",3 SF,0.37 CF,
1941522,Architecture,Curtain Wall Mullions,Rectangular Mullion,"2.5"" x 5"" rectangular",L 1,,,,,,,,,,Aluminum,,,"0' - 5""","4' - 3 5/8""","0' - 5""",3 SF,0.37 CF,
1941523,Architecture,Curtain Wall Mullions,Rectangular Mullion,"2.5"" x 5"" rectangular",L 1,,,,,,,,,,Aluminum,,,"0' - 5""","4' - 3 5/8""","0' - 5""",3 SF,0.37 CF,
1941524,Architecture,Curtain Wall Mullions,Rectangular Mullion,"2.5"" x 5"" rectangular",L 1,,,,,,,,,,Aluminum,,,"0' - 5""","4' - 3 5/8""","0' - 5""",3 SF,0.37 CF,
1941525,Architecture,Curtain Wall Mullions,Rectangular Mullion,"2.5"" x 5"" rectangular",L 1,,,,,,,,,,Aluminum,,,"0' - 5""","7' - 0""","0' - 5""",4 SF,0.61 CF,
1941526,Architecture,Curtain Wall Mullions,Rectangular Mullion,"2.5"" x 5"" rectangular",L 1,,,,,,,,,,Aluminum,,,"0' - 5""","7' - 0""","0' - 5""",4 SF,0.61 CF,
1941527,Architecture,Curtain Wall Mullions,Rectangular Mullion,"2.5"" x 5"" rectangular",L 1,,,,,,,,,,Aluminum,,,"0' - 5""","7' - 0""","0' - 5""",4 SF,0.61 CF,
1941770,Architecture,Curtain Wall Mullions,Rectangular Mullion,"2.5"" x 5"" rectangular",L 1,,,,,,,,,,Aluminum,,,"0' - 5""","4' - 3 19/32""","0' - 5""",3 SF,0.37 CF,
1941771,Architecture,Curtain Wall Mullions,Rectangular Mullion,"2.5"" x 5"" rectangular",L 1,,,,,,,,,,Aluminum,,,"0' - 5""","4' - 4 27/32""","0' - 5""",3 SF,0.38 CF,
1941772,Architecture,Curtain Wall Mullions,Rectangular Mullion,"2.5"" x 5"" rectangular",L 1,,,,,,,,,,Aluminum,,,"0' - 5""","4' - 3 19/32""","0' - 5""",3 SF,0.37 CF,
1941773,Architecture,Curtain Wall Mullions,Rectangular Mullion,"2.5"" x 5"" rectangular",L 1,,,,,,,,,,Aluminum,,,"0' - 5""","4' - 3 19/32""","0' - 5""",3 SF,0.37 CF,
1941774,Architecture,Curtain Wall Mullions,Rectangular Mullion,"2.5"" x 5"" rectangular",L 1,,,,,,,,,,Aluminum,,,"0' - 5""","7' - 0""","0' - 5""",4 SF,0.61 CF,
1941775,Architecture,Curtain Wall Mullions,Rectangular Mullion,"2.5"" x 5"" rectangular",L 1,,,,,,,,,,Aluminum,,,"0' - 5""","7' - 0""","0' - 5""",4 SF,0.61 CF,
1941776,Architecture,Curtain Wall Mullions,Rectangular Mullion,"2.5"" x 5"" rectangular",L 1,,,,,,,,,,Aluminum,,,"0' - 5""","7' - 0""","0' - 5""",4 SF,0.61 CF,
1941860,Architecture,Curtain Wall Mullions,Rectangular Mullion,"2.5"" x 5"" rectangular",L 1,,,,,,,,,,Aluminum,,,"0' - 5""","4' - 3 19/32""","0' - 5""",3 SF,0.37 CF,
1941861,Architecture,Curtain Wall Mullions,Rectangular Mullion,"2.5"" x 5"" rectangular",L 1,,,,,,,,,,Aluminum,,,"0' - 5""","4' - 4 27/32""","0' - 5""",3 SF,0.38 CF,
1941862,Architecture,Curtain Wall Mullions,Rectangular Mullion,"2.5"" x 5"" rectangular",L 1,,,,,,,,,,Aluminum,,,"0' - 5""","7' - 0""","0' - 5""",4 SF,0.61 CF,
1941887,Architecture,Curtain Wall Mullions,Rectangular Mullion,"2.5"" x 5"" rectangular",L 1,,,,,,,,,,Aluminum,,,"0' - 5""","3' - 10 7/8""","0' - 5""",3 SF,0.34 CF,
1941888,Architecture,Curtain Wall Mullions,Rectangular Mullion,"2.5"" x 5"" rectangular",L 1,,,,,,,,,,Aluminum,,,"0' - 5""","3' - 10 7/8""","0' - 5""",3 SF,0.34 CF,
1941889,Architecture,Curtain Wall Mullions,Rectangular Mullion,"2.5"" x 5"" rectangular",L 1,,,,,,,,,,Aluminum,,,"0' - 5""","3' - 10 7/8""","0' - 5""",3 SF,0.34 CF,
1941890,Architecture,Curtain Wall Mullions,Rectangular Mullion,"2.5"" x 5"" rectangular",L 1,,,,,,,,,,Aluminum,,,"0' - 5""","3' - 10 7/8""","0' - 5""",3 SF,0.34 CF,
1941891,Architecture,Curtain Wall Mullions,Rectangular Mullion,"2.5"" x 5"" rectangular",L 1,,,,,,,,,,Aluminum,,,"0' - 5""","7' - 0""","0' - 5""",4 SF,0.61 CF,
1941892,Architecture,Curtain Wall Mullions,Rectangular Mullion,"2.5"" x 5"" rectangular",L 1,,,,,,,,,,Aluminum,,,"0' - 5""","7' - 0""","0' - 5""",4 SF,0.61 CF,
1941893,Architecture,Curtain Wall Mullions,Rectangular Mullion,"2.5"" x 5"" rectangular",L 1,,,,,,,,,,Aluminum,,,"0' - 5""","7' - 0""","0' - 5""",4 SF,0.61 CF,
2008780,Architecture,Curtain Wall Mullions,Rectangular Mullion,"2.5"" x 5"" rectangular",L 1,,,,,,,,,,Aluminum,,,"0' - 5""","3' - 1 7/16""","0' - 5""",2 SF,0.27 CF,L 1 Zone 5
2008781,Architecture,Curtain Wall Mullions,Rectangular Mullion,"2.5"" x 5"" rectangular",L 1,,,,,,,,,,Aluminum,,,"0' - 5""","3' - 1 7/16""","0' - 5""",2 SF,0.27 CF,L 1 Zone 5
2008782,Architecture,Curtain Wall Mullions,Rectangular Mullion,"2.5"" x 5"" rectangular",L 1,,,,,,,,,,Aluminum,,,"0' - 5""","3' - 2 11/16""","0' - 5""",2 SF,0.28 CF,L 1 Zone 5
2008783,Architecture,Curtain Wall Mullions,Rectangular Mullion,"2.5"" x 5"" rectangular",L 1,,,,,,,,,,Aluminum,,,"0' - 5""","3' - 1 7/16""","0' - 5""",2 SF,0.27 CF,L 1 Zone 5
2008784,Architecture,Curtain Wall Mullions,Rectangular Mullion,"2.5"" x 5"" rectangular",L 1,,,,,,,,,,Aluminum,,,"0' - 5""","3' - 2 11/16""","0' - 5""",2 SF,0.28 CF,L 1 Zone 5
2008785,Architecture,Curtain Wall Mullions,Rectangular Mullion,"2.5"" x 5"" rectangular",L 1,,,,,,,,,,Aluminum,,,"0' - 5""","3' - 1 7/16""","0' - 5""",2 SF,0.27 CF,L 1 Zone 5
2008786,Architecture,Curtain Wall Mullions,Rectangular Mullion,"2.5"" x 5"" rectangular",L 1,,,,,,,,,,Aluminum,,,"0' - 5""","8' - 0""","0' - 5""",5 SF,0.69 CF,L 1 Zone 5
2008787,Architecture,Curtain Wall Mullions,Rectangular Mullion,"2.5"" x 5"" rectangular",L 1,,,,,,,,,,Aluminum,,,"0' - 5""","1' - 0 1/2""","0' - 5""",1 SF,0.09 CF,L 1 Zone 5
2008788,Architecture,Curtain Wall Mullions,Rectangular Mullion,"2.5"" x 5"" rectangular",L 1,,,,,,,,,,Aluminum,,,"0' - 5""","1' - 0 1/2""","0' - 5""",1 SF,0.09 CF,L 1 Zone 5
2008789,Architecture,Curtain Wall Mullions,Rectangular Mullion,"2.5"" x 5"" rectangular",L 1,,,,,,,,,,Aluminum,,,"0' - 5""","8' - 0""","0' - 5""",5 SF,0.69 CF,L 1 Zone 5
2008790,Architecture,Curtain Wall Mullions,Rectangular Mullion,"2.5"" x 5"" rectangular",L 1,,,,,,,,,,Aluminum,,,"0' - 5""","3' - 1 7/16""","0' - 5""",2 SF,0.27 CF,L 1 Zone 5
2008791,Architecture,Curtain Wall Mullions,Rectangular Mullion,"2.5"" x 5"" rectangular",L 1,,,,,,,,,,Aluminum,,,"0' - 5""","3' - 2 11/16""","0' - 5""",2 SF,0.28 CF,L 1 Zone 5
2008792,Architecture,Curtain Wall Mullions,Rectangular Mullion,"2.5"" x 5"" rectangular",L 1,,,,,,,,,,Aluminum,,,"0' - 5""","3' - 1 7/16""","0' - 5""",2 SF,0.27 CF,L 1 Zone 5
2008793,Architecture,Curtain Wall Mullions,Rectangular Mullion,"2.5"" x 5"" rectangular",L 1,,,,,,,,,,Aluminum,,,"0' - 5""","8' - 0""","0' - 5""",5 SF,0.69 CF,L 1 Zone 5
2008794,Architecture,Curtain Wall Mullions,Rectangular Mullion,"2.5"" x 5"" rectangular",L 1,,,,,,,,,,Aluminum,,,"0' - 5""","8' - 0""","0' - 5""",5 SF,0.69 CF,L 1 Zone 5
2008795,Architecture,Curtain Wall Mullions,Rectangular Mullion,"2.5"" x 5"" rectangular",L 1,,,,,,,,,,Aluminum,,,"0' - 5""","1' - 0 1/2""","0' - 5""",1 SF,0.09 CF,L 1 Zone 5
2008796,Architecture,Curtain Wall Mullions,Rectangular Mullion,"2.5"" x 5"" rectangular",L 1,,,,,,,,,,Aluminum,,,"0' - 5""","1' - 0 1/2""","0' - 5""",1 SF,0.09 CF,L 1 Zone 5
1622176,Architecture,Doors,Door-Curtain-Wall-Single-Glass,Door-Curtain-Wall-Single-Glass,L 1,,,,,,,,,,Glass; Aluminum,,"4' - 3 19/32""","7' - 10 3/4""",,,34 SF,1.41 CF,L 1 Zone 3
1722046,Architecture,Doors,Door-Curtain-Wall-Single-Glass,Door-Curtain-Wall-Single-Glass,L 1,,,,,,,,,,,,"0' - 0""","0' - 0""",,,,,
1722311,Architecture,Doors,Door-Curtain-Wall-Single-Glass,Door-Curtain-Wall-Single-Glass,L 1,,,,,,,,,,Glass; Aluminum,,"3' - 7""","7' - 8 1/4""",,,28 SF,1.15 CF,L 1 Zone 3
1939985,Architecture,Doors,Door-Curtain-Wall-Single-Glass,Door-Curtain-Wall-Single-Glass,L 1,,,345.0,,,,,,,Glass; Aluminum,,"3' - 0 3/4""","7' - 8 1/4""",,,24 SF,0.98 CF,L 1 Zone 3
2008773,Architecture,Doors,Door-Curtain-Wall-Single-Glass,Door-Curtain-Wall-Single-Glass,L 1,,,,,,,,,,Glass; Aluminum,,"3' - 1 7/16""","7' - 8 1/4""",,,24 SF,1.00 CF,L 1 Zone 5
2179181,Architecture,Doors,Door-Passage-Single-Flush,"3'6"" x 8'",L 1,,,393.0,,,,,C1020,Interior Doors,Aluminum; Wood - Birch; Metal - Paint Finish - Grey,,"3' - 6""","8' - 0""",,"0' - 1 3/4""",65 SF,6.13 CF,L 1 Zone 8
2179184,Architecture,Doors,Door-Passage-Single-Flush,"3'6"" x 8'",L 1,,,396.0,,,,,C1020,Interior Doors,Aluminum; Wood - Birch; Metal - Paint Finish - Grey,,"3' - 6""","8' - 0""",,"0' - 1 3/4""",65 SF,6.13 CF,L 1 Zone 8
1370173,Architecture,Doors,Door-Passage-Single-Flush,"36"" x 96""",L 1,,,183.0,,,,,C1020,Interior Doors,Aluminum; Wood - Birch; Metal - Paint Finish - Grey,,"4' - 0""","8' - 0""",,"0' - 1 3/4""",70 SF,6.80 CF,
1620731,Architecture,Doors,Door-Passage-Single-Flush,"36"" x 96""",L 1,,,292.0,,,,,C1020,Interior Doors,Aluminum; Wood - Birch; Metal - Paint Finish - Grey,,"4' - 0""","8' - 0""",,"0' - 1 3/4""",70 SF,6.80 CF,L 1 Zone 2
2179180,Architecture,Doors,Door-Passage-Single-Flush,"36"" x 96""",L 1,,,392.0,,,,,C1020,Interior Doors,Aluminum; Wood - Birch; Metal - Paint Finish - Grey,,"4' - 0""","8' - 0""",,"0' - 1 3/4""",70 SF,6.80 CF,
2179182,Architecture,Doors,Door-Passage-Single-Flush,"36"" x 96""",L 1,,,394.0,,,,,C1020,Interior Doors,Aluminum; Wood - Birch; Metal - Paint Finish - Grey,,"4' - 0""","8' - 0""",,"0' - 1 3/4""",70 SF,6.80 CF,
2179183,Architecture,Doors,Door-Passage-Single-Flush,"36"" x 96""",L 1,,,395.0,,,,,C1020,Interior Doors,Aluminum; Wood - Birch; Metal - Paint Finish - Grey,,"4' - 0""","8' - 0""",,"0' - 1 3/4""",70 SF,6.80 CF,
2180534,Architecture,Doors,Door-Passage-Single-Flush,"36"" x 96"" EXTERIOR",L 1,,,397.0,,,,,B2030,Exterior Doors,Aluminum; Wood - Birch; Metal - Paint Finish - Grey,,"3' - 6""","8' - 0""",,"0' - 1 3/4""",65 SF,6.13 CF,L 1 Zone 2
1639005,Architecture,Doors,Door-Passage-Single-Vision_Lite,"3'6"" x 84""",L 1,,,307.0,,,,,,,Glass; Aluminum; Wood - Birch; Metal - Paint Finish - Grey,,"3' - 6""","8' - 0""",,"0' - 1 3/4""",66 SF,6.02 CF,L 1 Zone 5
1639147,Architecture,Doors,Door-Passage-Single-Vision_Lite,"3'6"" x 84""",L 1,,,308.0,,,,,,,Glass; Aluminum; Wood - Birch; Metal - Paint Finish - Grey,,"3' - 6""","8' - 0""",,"0' - 1 3/4""",66 SF,6.02 CF,L 1 Zone 5
1639263,Architecture,Doors,Door-Passage-Single-Vision_Lite,"3'6"" x 84""",L 1,,,309.0,,,,,,,Glass; Aluminum; Wood - Birch; Metal - Paint Finish - Grey,,"3' - 6""","8' - 0""",,"0' - 1 3/4""",66 SF,6.02 CF,L 1 Zone 5
1639393,Architecture,Doors,Door-Passage-Single-Vision_Lite,"3'6"" x 84""",L 1,,,310.0,,,,,,,Glass; Aluminum; Wood - Birch; Metal - Paint Finish - Grey,,"3' - 6""","8' - 0""",,"0' - 1 3/4""",66 SF,6.02 CF,
1639481,Architecture,Doors,Door-Passage-Single-Vision_Lite,"3'6"" x 84""",L 1,,,311.0,,,,,,,Glass; Aluminum; Wood - Birch; Metal - Paint Finish - Grey,,"3' - 6""","8' - 0""",,"0' - 1 3/4""",66 SF,6.02 CF,L 1 Zone 1
1639557,Architecture,Doors,Door-Passage-Single-Vision_Lite,"3'6"" x 84""",L 1,,,312.0,,,,,,,Glass; Aluminum; Wood - Birch; Metal - Paint Finish - Grey,,"3' - 6""","8' - 0""",,"0' - 1 3/4""",66 SF,6.02 CF,L 1 Zone 1
1639771,Architecture,Doors,Door-Passage-Single-Vision_Lite,"3'6"" x 84""",L 1,,,313.0,,,,,,,Glass; Aluminum; Wood - Birch; Metal - Paint Finish - Grey,,"3' - 6""","8' - 0""",,"0' - 1 3/4""",66 SF,6.02 CF,L 1 Zone 4
1639971,Architecture,Doors,Door-Passage-Single-Vision_Lite,"3'6"" x 84""",L 1,,,314.0,,,,,,,Glass; Aluminum; Wood - Birch; Metal - Paint Finish - Grey,,"3' - 6""","8' - 0""",,"0' - 1 3/4""",66 SF,6.02 CF,L 1 Zone 4
1640110,Architecture,Doors,Door-Passage-Single-Vision_Lite,"3'6"" x 84""",L 1,,,315.0,,,,,,,Glass; Aluminum; Wood - Birch; Metal - Paint Finish - Grey,,"3' - 6""","8' - 0""",,"0' - 1 3/4""",66 SF,6.02 CF,L 1 Zone 4
1640219,Architecture,Doors,Door-Passage-Single-Vision_Lite,"3'6"" x 84""",L 1,,,316.0,,,,,,,Glass; Aluminum; Wood - Birch; Metal - Paint Finish - Grey,,"3' - 6""","8' - 0""",,"0' - 1 3/4""",66 SF,6.02 CF,L 1 Zone 4
1640274,Architecture,Doors,Door-Passage-Single-Vision_Lite,"3'6"" x 84""",L 1,,,317.0,,,,,,,Glass; Aluminum; Wood - Birch; Metal - Paint Finish - Grey,,"3' - 6""","8' - 0""",,"0' - 1 3/4""",66 SF,6.02 CF,
1640355,Architecture,Doors,Door-Passage-Single-Vision_Lite,"3'6"" x 84""",L 1,,,318.0,,,,,,,Glass; Aluminum; Wood - Birch; Metal - Paint Finish - Grey,,"3' - 6""","8' - 0""",,"0' - 1 3/4""",66 SF,6.02 CF,
1640448,Architecture,Doors,Door-Passage-Single-Vision_Lite,"3'6"" x 84""",L 1,,,319.0,,,,,,,Glass; Aluminum; Wood - Birch; Metal - Paint Finish - Grey,,"3' - 6""","8' - 0""",,"0' - 1 3/4""",66 SF,6.02 CF,
1640515,Architecture,Doors,Door-Passage-Single-Vision_Lite,"3'6"" x 84""",L 1,,,320.0,,,,,,,Glass; Aluminum; Wood - Birch; Metal - Paint Finish - Grey,,"3' - 6""","8' - 0""",,"0' - 1 3/4""",66 SF,6.02 CF,
1640568,Architecture,Doors,Door-Passage-Single-Vision_Lite,"3'6"" x 84""",L 1,,,321.0,,,,,,,Glass; Aluminum; Wood - Birch; Metal - Paint Finish - Grey,,"3' - 6""","8' - 0""",,"0' - 1 3/4""",66 SF,6.02 CF,
1640633,Architecture,Doors,Door-Passage-Single-Vision_Lite,"3'6"" x 84""",L 1,,,322.0,,,,,,,Glass; Aluminum; Wood - Birch; Metal - Paint Finish - Grey,,"3' - 6""","8' - 0""",,"0' - 1 3/4""",66 SF,6.02 CF,
1640700,Architecture,Doors,Door-Passage-Single-Vision_Lite,"3'6"" x 84""",L 1,,,323.0,,,,,,,Glass; Aluminum; Wood - Birch; Metal - Paint Finish - Grey,,"3' - 6""","8' - 0""",,"0' - 1 3/4""",66 SF,6.02 CF,
1640771,Architecture,Doors,Door-Passage-Single-Vision_Lite,"3'6"" x 84""",L 1,,,324.0,,,,,,,Glass; Aluminum; Wood - Birch; Metal - Paint Finish - Grey,,"3' - 6""","8' - 0""",,"0' - 1 3/4""",66 SF,6.02 CF,
1640840,Architecture,Doors,Door-Passage-Single-Vision_Lite,"3'6"" x 84""",L 1,,,325.0,,,,,,,Glass; Aluminum; Wood - Birch; Metal - Paint Finish - Grey,,"3' - 6""","8' - 0""",,"0' - 1 3/4""",66 SF,6.02 CF,
1640909,Architecture,Doors,Door-Passage-Single-Vision_Lite,"3'6"" x 84""",L 1,,,326.0,,,,,,,Glass; Aluminum; Wood - Birch; Metal - Paint Finish - Grey,,"3' - 6""","8' - 0""",,"0' - 1 3/4""",66 SF,6.02 CF,
1382126,Architecture,Doors,Door-Passage-Single-Vision_Lite,"3'6"" x 96""",L 1,,,190.0,,,,,C1020,Interior Doors,Glass; Aluminum; Wood - Birch; Metal - Paint Finish - Grey,,"3' - 6""","8' - 0""",,"0' - 1 3/4""",66 SF,6.02 CF,L 1 Zone 7
1621985,Architecture,Doors,Door-Passage-Single-Vision_Lite,"3'6"" x 96""",L 1,,,296.0,,,,,C1020,Interior Doors,Glass; Aluminum; Wood - Birch; Metal - Paint Finish - Grey,,"3' - 6""","8' - 0""",,"0' - 1 3/4""",66 SF,6.02 CF,L 1 Zone 3
1623987,Architecture,Doors,Door-Passage-Single-Vision_Lite,"3'6"" x 96""",L 1,,,298.0,,,,,C1020,Interior Doors,Glass; Aluminum; Wood - Birch; Metal - Paint Finish - Grey,,"3' - 6""","8' - 0""",,"0' - 1 3/4""",66 SF,6.02 CF,
1638894,Architecture,Doors,Door-Passage-Single-Vision_Lite,"3'6"" x 96""",L 1,,,306.0,,,,,C1020,Interior Doors,Glass; Aluminum; Wood - Birch; Metal - Paint Finish - Grey,,"3' - 6""","8' - 0""",,"0' - 1 3/4""",66 SF,6.02 CF,L 1 Zone 5
1886099,Architecture,Doors,Door-Passage-Single-Vision_Lite,"3'6"" x 96""",L 1,,,341.0,,,,,C1020,Interior Doors,Glass; Aluminum; Wood - Birch; Metal - Paint Finish - Grey,,"3' - 6""","8' - 0""",,"0' - 1 3/4""",66 SF,6.02 CF,
1886328,Architecture,Doors,Door-Passage-Single-Vision_Lite,"3'6"" x 96""",L 1,,,342.0,,,,,C1020,Interior Doors,Glass; Aluminum; Wood - Birch; Metal - Paint Finish - Grey,,"3' - 6""","8' - 0""",,"0' - 1 3/4""",66 SF,6.02 CF,
1886687,Architecture,Doors,Door-Passage-Single-Vision_Lite,"3'6"" x 96""",L 1,,,343.0,,,,,C1020,Interior Doors,Glass; Aluminum; Wood - Birch; Metal - Paint Finish - Grey,,"3' - 6""","8' - 0""",,"0' - 1 3/4""",66 SF,6.02 CF,L 1 Zone 7
1886885,Architecture,Doors,Door-Passage-Single-Vision_Lite,"3'6"" x 96""",L 1,,,344.0,,,,,C1020,Interior Doors,Glass; Aluminum; Wood - Birch; Metal - Paint Finish - Grey,,"3' - 6""","8' - 0""",,"0' - 1 3/4""",66 SF,6.02 CF,L 1 Zone 7
2175574,Architecture,Doors,Door-Passage-Single-Vision_Lite,"3'6"" x 96""",L 1,,,376.0,,,,,C1020,Interior Doors,Glass; Aluminum; Wood - Birch; Metal - Paint Finish - Grey,,"3' - 6""","8' - 0""",,"0' - 1 3/4""",66 SF,6.02 CF,
646198,Architecture,Floors,,"Bamboo - 6""",L 1,,,,,,,,B1010,Floor Construction,Structural Bamboo (CLB),,,"0' - 6""",,"0' - 6""",9571 SF,4785.50 CF,L 1 Zone 7
1532741,Architecture,Furniture,052_Davis_-_Kontour_3500_L,052_Davis_-_Kontour_3500_L,L 1,,,,,,,,,,"Nickel-Copper Alloy 400; Rubber, Black",,,,,,66 SF,26.33 CF,
1532800,Architecture,Furniture,052_Davis_-_Kontour_3500_L,052_Davis_-_Kontour_3500_L,L 1,,,,,,,,,,"Nickel-Copper Alloy 400; Rubber, Black",,,,,,66 SF,26.33 CF,
1623199,Architecture,Furniture,052_Davis_-_Kontour_3500_L,052_Davis_-_Kontour_3500_L,L 1,,,,,,,,,,"Nickel-Copper Alloy 400; Rubber, Black",,,,,,66 SF,26.33 CF,L 1 Zone 5
1529629,Architecture,Furniture,071_Ikea_Tulsta,071_Ikea_Tulsta,L 1,,,,,,,,,,textil; drevene nohy,,,,,,19 SF,5.38 CF,
1532645,Architecture,Furniture,071_Ikea_Tulsta,071_Ikea_Tulsta,L 1,,,,,,,,,,textil; drevene nohy,,,,,,19 SF,5.38 CF,
1532907,Architecture,Furniture,071_Ikea_Tulsta,071_Ikea_Tulsta,L 1,,,,,,,,,,textil; drevene nohy,,,,,,19 SF,5.38 CF,
1532908,Architecture,Furniture,071_Ikea_Tulsta,071_Ikea_Tulsta,L 1,,,,,,,,,,textil; drevene nohy,,,,,,19 SF,5.38 CF,
1620626,Architecture,Furniture,071_Ikea_Tulsta,071_Ikea_Tulsta,L 1,,,,,,,,,,textil; drevene nohy,,,,,,19 SF,5.38 CF,L 1 Zone 2
1620684,Architecture,Furniture,071_Ikea_Tulsta,071_Ikea_Tulsta,L 1,,,,,,,,,,textil; drevene nohy,,,,,,19 SF,5.38 CF,L 1 Zone 2
1530896,Architecture,Furniture,116_Patio_Sofa,116_Patio_Sofa,L 1,,,,,,,,,,,,,,,,,,
1622082,Architecture,Furniture,116_Patio_Sofa,116_Patio_Sofa,L 1,,,,,,,,,,,,,,,,,,L 1 Zone 3
1622328,Architecture,Furniture,Chair (2),Chair (2),L 1,,,,,,,,,,Metal - Chrome; Textile - Bamboo Weave,,,,,,5 SF,0.45 CF,L 1 Zone 3
1622329,Architecture,Furniture,Chair (2),Chair (2),L 1,,,,,,,,,,Metal - Chrome; Textile - Bamboo Weave,,,,,,5 SF,0.45 CF,L 1 Zone 3
1622330,Architecture,Furniture,Chair (2),Chair (2),L 1,,,,,,,,,,Metal - Chrome; Textile - Bamboo Weave,,,,,,5 SF,0.45 CF,L 1 Zone 3
1622331,Architecture,Furniture,Chair (2),Chair (2),L 1,,,,,,,,,,Metal - Chrome; Textile - Bamboo Weave,,,,,,5 SF,0.45 CF,L 1 Zone 3
1623103,Architecture,Furniture,Chair (2),Chair (2),L 1,,,,,,,,,,Metal - Chrome; Textile - Bamboo Weave,,,,,,5 SF,0.45 CF,
1623104,Architecture,Furniture,Chair (2),Chair (2),L 1,,,,,,,,,,Metal - Chrome; Textile - Bamboo Weave,,,,,,5 SF,0.45 CF,
1623105,Architecture,Furniture,Chair (2),Chair (2),L 1,,,,,,,,,,Metal - Chrome; Textile - Bamboo Weave,,,,,,5 SF,0.45 CF,
1623106,Architecture,Furniture,Chair (2),Chair (2),L 1,,,,,,,,,,Metal - Chrome; Textile - Bamboo Weave,,,,,,5 SF,0.45 CF,
1369224,Architecture,Furniture,Chair-Task Arms,Chair-Task Arms,L 1,,,,,,,,,,"Textile - Slate Blue; Plastic, Opaque Black",,,,,,9 SF,1.13 CF,L 1 Zone 2
1369279,Architecture,Furniture,Chair-Task Arms,Chair-Task Arms,L 1,,,,,,,,,,"Textile - Slate Blue; Plastic, Opaque Black",,,,,,9 SF,1.13 CF,
1369532,Architecture,Furniture,Chair-Task Arms,Chair-Task Arms,L 1,,,,,,,,,,"Textile - Slate Blue; Plastic, Opaque Black",,,,,,9 SF,1.13 CF,
1369595,Architecture,Furniture,Chair-Task Arms,Chair-Task Arms,L 1,,,,,,,,,,"Textile - Slate Blue; Plastic, Opaque Black",,,,,,9 SF,1.13 CF,L 1 Zone 5
1369656,Architecture,Furniture,Chair-Task Arms,Chair-Task Arms,L 1,,,,,,,,,,"Textile - Slate Blue; Plastic, Opaque Black",,,,,,9 SF,1.13 CF,
1369715,Architecture,Furniture,Chair-Task Arms,Chair-Task Arms,L 1,,,,,,,,,,"Textile - Slate Blue; Plastic, Opaque Black",,,,,,9 SF,1.13 CF,
1369810,Architecture,Furniture,Chair-Task Arms,Chair-Task Arms,L 1,,,,,,,,,,"Textile - Slate Blue; Plastic, Opaque Black",,,,,,9 SF,1.13 CF,L 1 Zone 1
1370272,Architecture,Furniture,Chair-Task Arms,Chair-Task Arms,L 1,,,,,,,,,,"Textile - Slate Blue; Plastic, Opaque Black",,,,,,9 SF,1.13 CF,L 1 Zone 3
1378153,Architecture,Furniture,Chair-Task Arms,Chair-Task Arms,L 1,,,,,,,,,,"Textile - Slate Blue; Plastic, Opaque Black",,,,,,9 SF,1.13 CF,L 1 Zone 4
1378210,Architecture,Furniture,Chair-Task Arms,Chair-Task Arms,L 1,,,,,,,,,,"Textile - Slate Blue; Plastic, Opaque Black",,,,,,9 SF,1.13 CF,L 1 Zone 4
1378267,Architecture,Furniture,Chair-Task Arms,Chair-Task Arms,L 1,,,,,,,,,,"Textile - Slate Blue; Plastic, Opaque Black",,,,,,9 SF,1.13 CF,L 1 Zone 4
1378326,Architecture,Furniture,Chair-Task Arms,Chair-Task Arms,L 1,,,,,,,,,,"Textile - Slate Blue; Plastic, Opaque Black",,,,,,9 SF,1.13 CF,L 1 Zone 4
1378384,Architecture,Furniture,Chair-Task Arms,Chair-Task Arms,L 1,,,,,,,,,,"Textile - Slate Blue; Plastic, Opaque Black",,,,,,9 SF,1.13 CF,L 1 Zone 4
1378441,Architecture,Furniture,Chair-Task Arms,Chair-Task Arms,L 1,,,,,,,,,,"Textile - Slate Blue; Plastic, Opaque Black",,,,,,9 SF,1.13 CF,L 1 Zone 4
1378499,Architecture,Furniture,Chair-Task Arms,Chair-Task Arms,L 1,,,,,,,,,,"Textile - Slate Blue; Plastic, Opaque Black",,,,,,9 SF,1.13 CF,
1378556,Architecture,Furniture,Chair-Task Arms,Chair-Task Arms,L 1,,,,,,,,,,"Textile - Slate Blue; Plastic, Opaque Black",,,,,,9 SF,1.13 CF,
1378613,Architecture,Furniture,Chair-Task Arms,Chair-Task Arms,L 1,,,,,,,,,,"Textile - Slate Blue; Plastic, Opaque Black",,,,,,9 SF,1.13 CF,
1378662,Architecture,Furniture,Chair-Task Arms,Chair-Task Arms,L 1,,,,,,,,,,"Textile - Slate Blue; Plastic, Opaque Black",,,,,,9 SF,1.13 CF,
1378709,Architecture,Furniture,Chair-Task Arms,Chair-Task Arms,L 1,,,,,,,,,,"Textile - Slate Blue; Plastic, Opaque Black",,,,,,9 SF,1.13 CF,
1378755,Architecture,Furniture,Chair-Task Arms,Chair-Task Arms,L 1,,,,,,,,,,"Textile - Slate Blue; Plastic, Opaque Black",,,,,,9 SF,1.13 CF,
1378802,Architecture,Furniture,Chair-Task Arms,Chair-Task Arms,L 1,,,,,,,,,,"Textile - Slate Blue; Plastic, Opaque Black",,,,,,9 SF,1.13 CF,
1379260,Architecture,Furniture,Chair-Task Arms,Chair-Task Arms,L 1,,,,,,,,,,"Textile - Slate Blue; Plastic, Opaque Black",,,,,,9 SF,1.13 CF,L 1 Zone 7
1379356,Architecture,Furniture,Chair-Task Arms,Chair-Task Arms,L 1,,,,,,,,,,"Textile - Slate Blue; Plastic, Opaque Black",,,,,,9 SF,1.13 CF,L 1 Zone 7
1382381,Architecture,Furniture,Chair-Task Arms,Chair-Task Arms,L 1,,,,,,,,,,"Textile - Slate Blue; Plastic, Opaque Black",,,,,,9 SF,1.13 CF,L 1 Zone 7
1382383,Architecture,Furniture,Chair-Task Arms,Chair-Task Arms,L 1,,,,,,,,,,"Textile - Slate Blue; Plastic, Opaque Black",,,,,,9 SF,1.13 CF,L 1 Zone 7
1382443,Architecture,Furniture,Chair-Task Arms,Chair-Task Arms,L 1,,,,,,,,,,"Textile - Slate Blue; Plastic, Opaque Black",,,,,,9 SF,1.13 CF,L 1 Zone 7
1382445,Architecture,Furniture,Chair-Task Arms,Chair-Task Arms,L 1,,,,,,,,,,"Textile - Slate Blue; Plastic, Opaque Black",,,,,,9 SF,1.13 CF,L 1 Zone 7
1524568,Architecture,Furniture,Chair-Task Arms,Chair-Task Arms,L 1,,,,,,,,,,"Textile - Slate Blue; Plastic, Opaque Black",,,,,,9 SF,1.13 CF,L 1 Zone 3
1525419,Architecture,Furniture,Chair-Task Arms,Chair-Task Arms,L 1,,,,,,,,,,"Textile - Slate Blue; Plastic, Opaque Black",,,,,,9 SF,1.13 CF,
1525929,Architecture,Furniture,Chair-Task Arms,Chair-Task Arms,L 1,,,,,,,,,,"Textile - Slate Blue; Plastic, Opaque Black",,,,,,9 SF,1.13 CF,L 1 Zone 7
1525986,Architecture,Furniture,Chair-Task Arms,Chair-Task Arms,L 1,,,,,,,,,,"Textile - Slate Blue; Plastic, Opaque Black",,,,,,9 SF,1.13 CF,L 1 Zone 7
1618646,Architecture,Furniture,Chair-Task Arms,Chair-Task Arms,L 1,,,,,,,,,,"Textile - Slate Blue; Plastic, Opaque Black",,,,,,9 SF,1.13 CF,
1619086,Architecture,Furniture,Chair-Task Arms,Chair-Task Arms,L 1,,,,,,,,,,"Textile - Slate Blue; Plastic, Opaque Black",,,,,,9 SF,1.13 CF,
1619148,Architecture,Furniture,Chair-Task Arms,Chair-Task Arms,L 1,,,,,,,,,,"Textile - Slate Blue; Plastic, Opaque Black",,,,,,9 SF,1.13 CF,
1621255,Architecture,Furniture,Chair-Task Arms,Chair-Task Arms,L 1,,,,,,,,,,"Textile - Slate Blue; Plastic, Opaque Black",,,,,,9 SF,1.13 CF,L 1 Zone 3
1621403,Architecture,Furniture,Chair-Task Arms,Chair-Task Arms,L 1,,,,,,,,,,"Textile - Slate Blue; Plastic, Opaque Black",,,,,,9 SF,1.13 CF,L 1 Zone 3
1621615,Architecture,Furniture,Chair-Task Arms,Chair-Task Arms,L 1,,,,,,,,,,"Textile - Slate Blue; Plastic, Opaque Black",,,,,,9 SF,1.13 CF,L 1 Zone 3
1368734,Architecture,Furniture,Desk,"60"" x 30""",L 1,,,,,,,,,,"Laminate, Ivory, Matte; Cherry; Steel, Chrome Plated",,"5' - 0""","2' - 6""",,"2' - 6""",46 SF,15.25 CF,
1369531,Architecture,Furniture,Desk,"60"" x 30""",L 1,,,,,,,,,,"Laminate, Ivory, Matte; Cherry; Steel, Chrome Plated",,"5' - 0""","2' - 6""",,"2' - 6""",46 SF,15.25 CF,
1369594,Architecture,Furniture,Desk,"60"" x 30""",L 1,,,,,,,,,,"Laminate, Ivory, Matte; Cherry; Steel, Chrome Plated",,"5' - 0""","2' - 6""",,"2' - 6""",46 SF,15.25 CF,L 1 Zone 5
1369655,Architecture,Furniture,Desk,"60"" x 30""",L 1,,,,,,,,,,"Laminate, Ivory, Matte; Cherry; Steel, Chrome Plated",,"5' - 0""","2' - 6""",,"2' - 6""",46 SF,15.25 CF,
1369714,Architecture,Furniture,Desk,"60"" x 30""",L 1,,,,,,,,,,"Laminate, Ivory, Matte; Cherry; Steel, Chrome Plated",,"5' - 0""","2' - 6""",,"2' - 6""",46 SF,15.25 CF,
1369809,Architecture,Furniture,Desk,"60"" x 30""",L 1,,,,,,,,,,"Laminate, Ivory, Matte; Cherry; Steel, Chrome Plated",,"5' - 0""","2' - 6""",,"2' - 6""",46 SF,15.25 CF,
1370271,Architecture,Furniture,Desk,"60"" x 30""",L 1,,,,,,,,,,"Laminate, Ivory, Matte; Cherry; Steel, Chrome Plated",,"5' - 0""","2' - 6""",,"2' - 6""",46 SF,15.25 CF,L 1 Zone 3
1378152,Architecture,Furniture,Desk,"60"" x 30""",L 1,,,,,,,,,,"Laminate, Ivory, Matte; Cherry; Steel, Chrome Plated",,"5' - 0""","2' - 6""",,"2' - 6""",46 SF,15.25 CF,L 1 Zone 4
1378209,Architecture,Furniture,Desk,"60"" x 30""",L 1,,,,,,,,,,"Laminate, Ivory, Matte; Cherry; Steel, Chrome Plated",,"5' - 0""","2' - 6""",,"2' - 6""",46 SF,15.25 CF,L 1 Zone 4
1378266,Architecture,Furniture,Desk,"60"" x 30""",L 1,,,,,,,,,,"Laminate, Ivory, Matte; Cherry; Steel, Chrome Plated",,"5' - 0""","2' - 6""",,"2' - 6""",46 SF,15.25 CF,L 1 Zone 4
1378325,Architecture,Furniture,Desk,"60"" x 30""",L 1,,,,,,,,,,"Laminate, Ivory, Matte; Cherry; Steel, Chrome Plated",,"5' - 0""","2' - 6""",,"2' - 6""",46 SF,15.25 CF,L 1 Zone 4
1378383,Architecture,Furniture,Desk,"60"" x 30""",L 1,,,,,,,,,,"Laminate, Ivory, Matte; Cherry; Steel, Chrome Plated",,"5' - 0""","2' - 6""",,"2' - 6""",46 SF,15.25 CF,L 1 Zone 4
1378440,Architecture,Furniture,Desk,"60"" x 30""",L 1,,,,,,,,,,"Laminate, Ivory, Matte; Cherry; Steel, Chrome Plated",,"5' - 0""","2' - 6""",,"2' - 6""",46 SF,15.25 CF,L 1 Zone 4
1378498,Architecture,Furniture,Desk,"60"" x 30""",L 1,,,,,,,,,,"Laminate, Ivory, Matte; Cherry; Steel, Chrome Plated",,"5' - 0""","2' - 6""",,"2' - 6""",46 SF,15.25 CF,
1378555,Architecture,Furniture,Desk,"60"" x 30""",L 1,,,,,,,,,,"Laminate, Ivory, Matte; Cherry; Steel, Chrome Plated",,"5' - 0""","2' - 6""",,"2' - 6""",46 SF,15.25 CF,
1378612,Architecture,Furniture,Desk,"60"" x 30""",L 1,,,,,,,,,,"Laminate, Ivory, Matte; Cherry; Steel, Chrome Plated",,"5' - 0""","2' - 6""",,"2' - 6""",46 SF,15.25 CF,
1378661,Architecture,Furniture,Desk,"60"" x 30""",L 1,,,,,,,,,,"Laminate, Ivory, Matte; Cherry; Steel, Chrome Plated",,"5' - 0""","2' - 6""",,"2' - 6""",46 SF,15.25 CF,
1378708,Architecture,Furniture,Desk,"60"" x 30""",L 1,,,,,,,,,,"Laminate, Ivory, Matte; Cherry; Steel, Chrome Plated",,"5' - 0""","2' - 6""",,"2' - 6""",46 SF,15.25 CF,
1378754,Architecture,Furniture,Desk,"60"" x 30""",L 1,,,,,,,,,,"Laminate, Ivory, Matte; Cherry; Steel, Chrome Plated",,"5' - 0""","2' - 6""",,"2' - 6""",46 SF,15.25 CF,
1378801,Architecture,Furniture,Desk,"60"" x 30""",L 1,,,,,,,,,,"Laminate, Ivory, Matte; Cherry; Steel, Chrome Plated",,"5' - 0""","2' - 6""",,"2' - 6""",46 SF,15.25 CF,
1379259,Architecture,Furniture,Desk,"60"" x 30""",L 1,,,,,,,,,,"Laminate, Ivory, Matte; Cherry; Steel, Chrome Plated",,"5' - 0""","2' - 6""",,"2' - 6""",46 SF,15.25 CF,L 1 Zone 7
1379355,Architecture,Furniture,Desk,"60"" x 30""",L 1,,,,,,,,,,"Laminate, Ivory, Matte; Cherry; Steel, Chrome Plated",,"5' - 0""","2' - 6""",,"2' - 6""",46 SF,15.25 CF,L 1 Zone 7
1382380,Architecture,Furniture,Desk,"60"" x 30""",L 1,,,,,,,,,,"Laminate, Ivory, Matte; Cherry; Steel, Chrome Plated",,"5' - 0""","2' - 6""",,"2' - 6""",46 SF,15.25 CF,L 1 Zone 7
1382382,Architecture,Furniture,Desk,"60"" x 30""",L 1,,,,,,,,,,"Laminate, Ivory, Matte; Cherry; Steel, Chrome Plated",,"5' - 0""","2' - 6""",,"2' - 6""",46 SF,15.25 CF,L 1 Zone 7
1382442,Architecture,Furniture,Desk,"60"" x 30""",L 1,,,,,,,,,,"Laminate, Ivory, Matte; Cherry; Steel, Chrome Plated",,"5' - 0""","2' - 6""",,"2' - 6""",46 SF,15.25 CF,L 1 Zone 7
1382444,Architecture,Furniture,Desk,"60"" x 30""",L 1,,,,,,,,,,"Laminate, Ivory, Matte; Cherry; Steel, Chrome Plated",,"5' - 0""","2' - 6""",,"2' - 6""",46 SF,15.25 CF,L 1 Zone 7
1524567,Architecture,Furniture,Desk,"60"" x 30""",L 1,,,,,,,,,,"Laminate, Ivory, Matte; Cherry; Steel, Chrome Plated",,"5' - 0""","2' - 6""",,"2' - 6""",46 SF,15.25 CF,L 1 Zone 3
1525418,Architecture,Furniture,Desk,"60"" x 30""",L 1,,,,,,,,,,"Laminate, Ivory, Matte; Cherry; Steel, Chrome Plated",,"5' - 0""","2' - 6""",,"2' - 6""",46 SF,15.25 CF,
1525928,Architecture,Furniture,Desk,"60"" x 30""",L 1,,,,,,,,,,"Laminate, Ivory, Matte; Cherry; Steel, Chrome Plated",,"5' - 0""","2' - 6""",,"2' - 6""",46 SF,15.25 CF,L 1 Zone 7
1525985,Architecture,Furniture,Desk,"60"" x 30""",L 1,,,,,,,,,,"Laminate, Ivory, Matte; Cherry; Steel, Chrome Plated",,"5' - 0""","2' - 6""",,"2' - 6""",46 SF,15.25 CF,L 1 Zone 7
1618645,Architecture,Furniture,Desk,"60"" x 30""",L 1,,,,,,,,,,"Laminate, Ivory, Matte; Cherry; Steel, Chrome Plated",,"5' - 0""","2' - 6""",,"2' - 6""",46 SF,15.25 CF,
1619085,Architecture,Furniture,Desk,"60"" x 30""",L 1,,,,,,,,,,"Laminate, Ivory, Matte; Cherry; Steel, Chrome Plated",,"5' - 0""","2' - 6""",,"2' - 6""",46 SF,15.25 CF,L 1 Zone 7
1619147,Architecture,Furniture,Desk,"60"" x 30""",L 1,,,,,,,,,,"Laminate, Ivory, Matte; Cherry; Steel, Chrome Plated",,"5' - 0""","2' - 6""",,"2' - 6""",46 SF,15.25 CF,
1621254,Architecture,Furniture,Desk,"60"" x 30""",L 1,,,,,,,,,,"Laminate, Ivory, Matte; Cherry; Steel, Chrome Plated",,"5' - 0""","2' - 6""",,"2' - 6""",46 SF,15.25 CF,L 1 Zone 3
1621402,Architecture,Furniture,Desk,"60"" x 30""",L 1,,,,,,,,,,"Laminate, Ivory, Matte; Cherry; Steel, Chrome Plated",,"5' - 0""","2' - 6""",,"2' - 6""",46 SF,15.25 CF,L 1 Zone 3
1621614,Architecture,Furniture,Desk,"60"" x 30""",L 1,,,,,,,,,,"Laminate, Ivory, Matte; Cherry; Steel, Chrome Plated",,"5' - 0""","2' - 6""",,"2' - 6""",46 SF,15.25 CF,L 1 Zone 3
1532471,Architecture,Furniture,Haworth_Hushoffice_HushFree.S.Hybrid_1Person_SeatedHeightTable_NA,Haworth_Hushoffice_HushFree.S.Hybrid_1Person_SeatedHeightTable_NA,L 1,,,,,,,,,,Haworth_Glass_Clear HOG-PRZ; Haworth_Laminate_White_HOL-ABB; Haworth_Fabric_Athlon Plus_Light Gray_HAP-LTG; Haworth_Laminate_Velvet Black_HOL-AGA; Haworth_Fabric_Athlon_Dark Gray_HA-DKG; Haworth_Fabric_Athlon_Light Gray_HA-LTG; Haworth_Carpet_Dark Gray; Haworth_Paint_Cosmos Grey_HOT-JGC; Haworth_Light; Haworth_Plywood Edgeband; Haworth_Paint_Black; Haworth_Polymer_Black,,,,,,245 SF,27.45 CF,
1532315,Architecture,Furniture,Haworth_Hushoffice_HushFree.XM_2Person_NA (1),Haworth_Hushoffice_HushFree.XM_2Person_NA,L 1,,,,,,,,,,Haworth_Glass_Clear HOG-PRZ; Haworth_Laminate_White_HOL-ABB; Haworth_Fabric_Athlon Plus_Light Gray_HAP-LTG; Haworth_Laminate_Velvet Black_HOL-AGA; Haworth_Fabric_Athlon_Dark Gray_HA-DKG; Haworth_Fabric_Athlon_Light Gray_HA-LTG; Haworth_Carpet_Dark Gray; Haworth_Paint_Cosmos Grey_HOT-JGC; Haworth_Light; Haworth_Plywood Edgeband; Haworth_Paint_Black; Haworth_Polymer_Black,,,,,,354 SF,36.30 CF,
2126859,Architecture,Furniture,Haworth_Openest_FeatherSofa_Symmetrical,Left Table,L 1,,,,,,,,E2020200,,Haworth _ Fabric _ King _ Dark Blue LH-DB; Haworth _ Paint _ Vapor; Haworth _ Wood _ White Oak,,,,,,58 SF,13.40 CF,L 1 Zone 5
2001821,Architecture,Furniture,LR1172_Conjunto_Banheiro_Comercial_2,LR1172_Conjunto_Banheiro_Comercial_2,L 1,,,,,,,,D2010,Plumbing Fixtures,MARMORE; CROMADO; ESPELHO; Porcelana - Linho,,,,,,189 SF,8.82 CF,L 1 Zone 8
2008438,Architecture,Furniture,LR1172_Conjunto_Banheiro_Comercial_2,LR1172_Conjunto_Banheiro_Comercial_2,L 1,,,,,,,,D2010,Plumbing Fixtures,MARMORE; CROMADO; ESPELHO; Porcelana - Linho,,,,,,189 SF,8.82 CF,L 1 Zone 8
1419804,Architecture,Furniture,Locker 4x2,Locker 4x2,L 1,,,,,,,,,,Paint - Grey; Paint - White,,,,,,126 SF,9.98 CF,L 1 Zone 7
1419855,Architecture,Furniture,Locker 4x2,Locker 4x2,L 1,,,,,,,,,,Paint - Grey; Paint - White,,,,,,126 SF,9.98 CF,L 1 Zone 7
1419967,Architecture,Furniture,Locker 4x2,Locker 4x2,L 1,,,,,,,,,,Paint - Grey; Paint - White,,,,,,126 SF,9.98 CF,
1525931,Architecture,Furniture,Locker 4x2,Locker 4x2,L 1,,,,,,,,,,Paint - Grey; Paint - White,,,,,,126 SF,9.98 CF,L 1 Zone 7
1619272,Architecture,Furniture,Locker 4x2,Locker 4x2,L 1,,,,,,,,,,Paint - Grey; Paint - White,,,,,,126 SF,9.98 CF,
1620071,Architecture,Furniture,Modernform 5-M-COS-MG-R-1816-xx-O-xx-xx,Modernform 5-M-COS-MG-R-1816-xx-O-xx-xx,L 1,,,,,,,,,,Aluminium; Black; White,,"5' - 3""","2' - 4 11/32""","5' - 10 7/8""",,69 SF,3.88 CF,L 1 Zone 2
1529509,Architecture,Furniture,Seating38,Seating38,L 1,,,,,,,,,,,,,,,,,,
1530060,Architecture,Furniture,Seating38,Seating38,L 1,,,,,,,,,,,,,,,,,,
1532431,Architecture,Furniture,Seating38,Seating38,L 1,,,,,,,,,,,,,,,,,,
1532433,Architecture,Furniture,Seating38,Seating38,L 1,,,,,,,,,,,,,,,,,,
1529573,Architecture,Furniture,Table - Cafe,Table - Cafe,L 1,,,,,,,,E2010,Fixed Furnishings,Wood - Birch; Metal - Chrome,,,,,,13 SF,1.31 CF,
1532432,Architecture,Furniture,Table - Cafe,Table - Cafe,L 1,,,,,,,,E2010,Fixed Furnishings,Wood - Birch; Metal - Chrome,,,,,,13 SF,1.31 CF,
1622327,Architecture,Furniture,Table - Dining w Chairs (1),900mm Diameter,L 1,,,,,,,,E2010,Fixed Furnishings,"Wood - Pine; Laminate - Linen,Matte",,,"2' - 5 29/32""",,,14 SF,1.32 CF,L 1 Zone 3
1623102,Architecture,Furniture,Table - Dining w Chairs (1),900mm Diameter,L 1,,,,,,,,E2010,Fixed Furnishings,"Wood - Pine; Laminate - Linen,Matte",,,"2' - 5 29/32""",,,14 SF,1.32 CF,
2008496,Architecture,Furniture Systems,Meeting Room Table with Chairs,2400 x 1200,L 1,,,,,,,,,,,,,,,,78 SF,7.80 CF,L 1 Zone 5
1901772,Architecture,Generic Models,Classic Series_Partition-14_Panels_High_Compact-26'-1_to_28'-2_FC_7950_to_8585,"26' - 1""",L 1,,,,,,,,,,Default; Cut mat; Wood; Seal_Plastic; Plastic_Seal,,,,,,2105 SF,357.97 CF,
1926269,Architecture,Generic Models,Classic Series_Partition-14_Panels_High_Compact-26'-1_to_28'-2_FC_7950_to_8585,"26' - 1""",L 1,,,,,,,,,,Default; Cut mat; Wood; Seal_Plastic; Plastic_Seal,,,,,,2105 SF,357.97 CF,L 1 Zone 9
2138681,Architecture,Generic Models,MESH WITH FRAME,MESH WITH FRAME,L 1,,,,,,,,,,Default New Material,,,,,,64 SF,0.33 CF,
2138903,Architecture,Generic Models,MESH WITH FRAME,MESH WITH FRAME,L 1,,,,,,,,,,Default New Material,,,,,,64 SF,0.33 CF,
2138921,Architecture,Generic Models,MESH WITH FRAME,MESH WITH FRAME,L 1,,,,,,,,,,Default New Material,,,,,,64 SF,0.33 CF,
2138939,Architecture,Generic Models,MESH WITH FRAME,MESH WITH FRAME,L 1,,,,,,,,,,Default New Material,,,,,,64 SF,0.33 CF,
2139096,Architecture,Generic Models,MESH WITH FRAME,MESH WITH FRAME,L 1,,,,,,,,,,Default New Material,,,,,,64 SF,0.33 CF,
2139114,Architecture,Generic Models,MESH WITH FRAME,MESH WITH FRAME,L 1,,,,,,,,,,Default New Material,,,,,,64 SF,0.33 CF,
2139132,Architecture,Generic Models,MESH WITH FRAME,MESH WITH FRAME,L 1,,,,,,,,,,Default New Material,,,,,,64 SF,0.33 CF,
2139168,Architecture,Generic Models,MESH WITH FRAME,MESH WITH FRAME,L 1,,,,,,,,,,Default New Material,,,,,,64 SF,0.33 CF,
2139234,Architecture,Generic Models,MESH WITH FRAME,MESH WITH FRAME,L 1,,,,,,,,,,Default New Material,,,,,,64 SF,0.33 CF,
2139235,Architecture,Generic Models,MESH WITH FRAME,MESH WITH FRAME,L 1,,,,,,,,,,Default New Material,,,,,,64 SF,0.33 CF,
2139236,Architecture,Generic Models,MESH WITH FRAME,MESH WITH FRAME,L 1,,,,,,,,,,Default New Material,,,,,,64 SF,0.33 CF,
2139237,Architecture,Generic Models,MESH WITH FRAME,MESH WITH FRAME,L 1,,,,,,,,,,Default New Material,,,,,,64 SF,0.33 CF,
2139274,Architecture,Generic Models,MESH WITH FRAME,MESH WITH FRAME,L 1,,,,,,,,,,Default New Material,,,,,,64 SF,0.33 CF,
2139275,Architecture,Generic Models,MESH WITH FRAME,MESH WITH FRAME,L 1,,,,,,,,,,Default New Material,,,,,,64 SF,0.33 CF,
2139276,Architecture,Generic Models,MESH WITH FRAME,MESH WITH FRAME,L 1,,,,,,,,,,Default New Material,,,,,,64 SF,0.33 CF,
2139277,Architecture,Generic Models,MESH WITH FRAME,MESH WITH FRAME,L 1,,,,,,,,,,Default New Material,,,,,,64 SF,0.33 CF,
2139278,Architecture,Generic Models,MESH WITH FRAME,MESH WITH FRAME,L 1,,,,,,,,,,Default New Material,,,,,,64 SF,0.33 CF,
2139577,Architecture,Generic Models,MESH WITH FRAME,MESH WITH FRAME,L 1,,,,,,,,,,Default New Material,,,,,,64 SF,0.33 CF,
2139578,Architecture,Generic Models,MESH WITH FRAME,MESH WITH FRAME,L 1,,,,,,,,,,Default New Material,,,,,,64 SF,0.33 CF,
2139579,Architecture,Generic Models,MESH WITH FRAME,MESH WITH FRAME,L 1,,,,,,,,,,Default New Material,,,,,,64 SF,0.33 CF,
2139580,Architecture,Generic Models,MESH WITH FRAME,MESH WITH FRAME,L 1,,,,,,,,,,Default New Material,,,,,,64 SF,0.33 CF,
2139581,Architecture,Generic Models,MESH WITH FRAME,MESH WITH FRAME,L 1,,,,,,,,,,Default New Material,,,,,,64 SF,0.33 CF,
2139599,Architecture,Generic Models,MESH WITH FRAME,MESH WITH FRAME,L 1,,,,,,,,,,Default New Material,,,,,,64 SF,0.33 CF,
2139600,Architecture,Generic Models,MESH WITH FRAME,MESH WITH FRAME,L 1,,,,,,,,,,Default New Material,,,,,,64 SF,0.33 CF,
2139601,Architecture,Generic Models,MESH WITH FRAME,MESH WITH FRAME,L 1,,,,,,,,,,Default New Material,,,,,,64 SF,0.33 CF,
2139602,Architecture,Generic Models,MESH WITH FRAME,MESH WITH FRAME,L 1,,,,,,,,,,Default New Material,,,,,,64 SF,0.33 CF,
2139603,Architecture,Generic Models,MESH WITH FRAME,MESH WITH FRAME,L 1,,,,,,,,,,Default New Material,,,,,,64 SF,0.33 CF,
2139604,Architecture,Generic Models,MESH WITH FRAME,MESH WITH FRAME,L 1,,,,,,,,,,Default New Material,,,,,,64 SF,0.33 CF,
2139605,Architecture,Generic Models,MESH WITH FRAME,MESH WITH FRAME,L 1,,,,,,,,,,Default New Material,,,,,,64 SF,0.33 CF,
2139606,Architecture,Generic Models,MESH WITH FRAME,MESH WITH FRAME,L 1,,,,,,,,,,Default New Material,,,,,,64 SF,0.33 CF,
2139607,Architecture,Generic Models,MESH WITH FRAME,MESH WITH FRAME,L 1,,,,,,,,,,Default New Material,,,,,,64 SF,0.33 CF,
2139608,Architecture,Generic Models,MESH WITH FRAME,MESH WITH FRAME,L 1,,,,,,,,,,Default New Material,,,,,,64 SF,0.33 CF,
2139610,Architecture,Generic Models,MESH WITH FRAME,MESH WITH FRAME,L 1,,,,,,,,,,Default New Material,,,,,,64 SF,0.33 CF,
2139611,Architecture,Generic Models,MESH WITH FRAME,MESH WITH FRAME,L 1,,,,,,,,,,Default New Material,,,,,,64 SF,0.33 CF,
2139612,Architecture,Generic Models,MESH WITH FRAME,MESH WITH FRAME,L 1,,,,,,,,,,Default New Material,,,,,,64 SF,0.33 CF,
2139613,Architecture,Generic Models,MESH WITH FRAME,MESH WITH FRAME,L 1,,,,,,,,,,Default New Material,,,,,,64 SF,0.33 CF,
2139614,Architecture,Generic Models,MESH WITH FRAME,MESH WITH FRAME,L 1,,,,,,,,,,Default New Material,,,,,,64 SF,0.33 CF,
2139615,Architecture,Generic Models,MESH WITH FRAME,MESH WITH FRAME,L 1,,,,,,,,,,Default New Material,,,,,,64 SF,0.33 CF,
2139616,Architecture,Generic Models,MESH WITH FRAME,MESH WITH FRAME,L 1,,,,,,,,,,Default New Material,,,,,,64 SF,0.33 CF,
2139617,Architecture,Generic Models,MESH WITH FRAME,MESH WITH FRAME,L 1,,,,,,,,,,Default New Material,,,,,,64 SF,0.33 CF,
2139618,Architecture,Generic Models,MESH WITH FRAME,MESH WITH FRAME,L 1,,,,,,,,,,Default New Material,,,,,,64 SF,0.33 CF,
2139619,Architecture,Generic Models,MESH WITH FRAME,MESH WITH FRAME,L 1,,,,,,,,,,Default New Material,,,,,,64 SF,0.33 CF,
2139633,Architecture,Generic Models,MESH WITH FRAME,MESH WITH FRAME,L 1,,,,,,,,,,Default New Material,,,,,,64 SF,0.33 CF,
2139634,Architecture,Generic Models,MESH WITH FRAME,MESH WITH FRAME,L 1,,,,,,,,,,Default New Material,,,,,,64 SF,0.33 CF,
2139635,Architecture,Generic Models,MESH WITH FRAME,MESH WITH FRAME,L 1,,,,,,,,,,Default New Material,,,,,,64 SF,0.33 CF,
2139653,Architecture,Generic Models,MESH WITH FRAME,MESH WITH FRAME,L 1,,,,,,,,,,Default New Material,,,,,,64 SF,0.33 CF,
2139805,Architecture,Generic Models,MESH WITH FRAME,MESH WITH FRAME,L 1,,,,,,,,,,Default New Material,,,,,,64 SF,0.33 CF,
2139810,Architecture,Generic Models,MESH WITH FRAME,MESH WITH FRAME,L 1,,,,,,,,,,Default New Material,,,,,,64 SF,0.33 CF,
2139815,Architecture,Generic Models,MESH WITH FRAME,MESH WITH FRAME,L 1,,,,,,,,,,Default New Material,,,,,,64 SF,0.33 CF,
2139820,Architecture,Generic Models,MESH WITH FRAME,MESH WITH FRAME,L 1,,,,,,,,,,Default New Material,,,,,,64 SF,0.33 CF,
2139825,Architecture,Generic Models,MESH WITH FRAME,MESH WITH FRAME,L 1,,,,,,,,,,Default New Material,,,,,,64 SF,0.33 CF,
2139830,Architecture,Generic Models,MESH WITH FRAME,MESH WITH FRAME,L 1,,,,,,,,,,Default New Material,,,,,,64 SF,0.33 CF,
2139835,Architecture,Generic Models,MESH WITH FRAME,MESH WITH FRAME,L 1,,,,,,,,,,Default New Material,,,,,,64 SF,0.33 CF,
2139840,Architecture,Generic Models,MESH WITH FRAME,MESH WITH FRAME,L 1,,,,,,,,,,Default New Material,,,,,,64 SF,0.33 CF,
2139845,Architecture,Generic Models,MESH WITH FRAME,MESH WITH FRAME,L 1,,,,,,,,,,Default New Material,,,,,,64 SF,0.33 CF,
2139850,Architecture,Generic Models,MESH WITH FRAME,MESH WITH FRAME,L 1,,,,,,,,,,Default New Material,,,,,,64 SF,0.33 CF,
2139855,Architecture,Generic Models,MESH WITH FRAME,MESH WITH FRAME,L 1,,,,,,,,,,Default New Material,,,,,,64 SF,0.33 CF,
2139860,Architecture,Generic Models,MESH WITH FRAME,MESH WITH FRAME,L 1,,,,,,,,,,Default New Material,,,,,,64 SF,0.33 CF,
2139865,Architecture,Generic Models,MESH WITH FRAME,MESH WITH FRAME,L 1,,,,,,,,,,Default New Material,,,,,,64 SF,0.33 CF,
2139870,Architecture,Generic Models,MESH WITH FRAME,MESH WITH FRAME,L 1,,,,,,,,,,Default New Material,,,,,,64 SF,0.33 CF,
2139875,Architecture,Generic Models,MESH WITH FRAME,MESH WITH FRAME,L 1,,,,,,,,,,Default New Material,,,,,,64 SF,0.33 CF,
2139880,Architecture,Generic Models,MESH WITH FRAME,MESH WITH FRAME,L 1,,,,,,,,,,Default New Material,,,,,,64 SF,0.33 CF,
2139885,Architecture,Generic Models,MESH WITH FRAME,MESH WITH FRAME,L 1,,,,,,,,,,Default New Material,,,,,,64 SF,0.33 CF,
2139890,Architecture,Generic Models,MESH WITH FRAME,MESH WITH FRAME,L 1,,,,,,,,,,Default New Material,,,,,,64 SF,0.33 CF,
2139895,Architecture,Generic Models,MESH WITH FRAME,MESH WITH FRAME,L 1,,,,,,,,,,Default New Material,,,,,,64 SF,0.33 CF,
2139900,Architecture,Generic Models,MESH WITH FRAME,MESH WITH FRAME,L 1,,,,,,,,,,Default New Material,,,,,,64 SF,0.33 CF,
2139921,Architecture,Generic Models,MESH WITH FRAME,MESH WITH FRAME,L 1,,,,,,,,,,Default New Material,,,,,,64 SF,0.33 CF,
2139926,Architecture,Generic Models,MESH WITH FRAME,MESH WITH FRAME,L 1,,,,,,,,,,Default New Material,,,,,,64 SF,0.33 CF,
2139931,Architecture,Generic Models,MESH WITH FRAME,MESH WITH FRAME,L 1,,,,,,,,,,Default New Material,,,,,,64 SF,0.33 CF,
2139936,Architecture,Generic Models,MESH WITH FRAME,MESH WITH FRAME,L 1,,,,,,,,,,Default New Material,,,,,,64 SF,0.33 CF,
2139941,Architecture,Generic Models,MESH WITH FRAME,MESH WITH FRAME,L 1,,,,,,,,,,Default New Material,,,,,,64 SF,0.33 CF,
2139946,Architecture,Generic Models,MESH WITH FRAME,MESH WITH FRAME,L 1,,,,,,,,,,Default New Material,,,,,,64 SF,0.33 CF,
2139951,Architecture,Generic Models,MESH WITH FRAME,MESH WITH FRAME,L 1,,,,,,,,,,Default New Material,,,,,,64 SF,0.33 CF,
2139956,Architecture,Generic Models,MESH WITH FRAME,MESH WITH FRAME,L 1,,,,,,,,,,Default New Material,,,,,,64 SF,0.33 CF,
2139961,Architecture,Generic Models,MESH WITH FRAME,MESH WITH FRAME,L 1,,,,,,,,,,Default New Material,,,,,,64 SF,0.33 CF,
2139966,Architecture,Generic Models,MESH WITH FRAME,MESH WITH FRAME,L 1,,,,,,,,,,Default New Material,,,,,,64 SF,0.33 CF,
2139971,Architecture,Generic Models,MESH WITH FRAME,MESH WITH FRAME,L 1,,,,,,,,,,Default New Material,,,,,,64 SF,0.33 CF,
2139976,Architecture,Generic Models,MESH WITH FRAME,MESH WITH FRAME,L 1,,,,,,,,,,Default New Material,,,,,,64 SF,0.33 CF,
2139981,Architecture,Generic Models,MESH WITH FRAME,MESH WITH FRAME,L 1,,,,,,,,,,Default New Material,,,,,,64 SF,0.33 CF,
2139986,Architecture,Generic Models,MESH WITH FRAME,MESH WITH FRAME,L 1,,,,,,,,,,Default New Material,,,,,,64 SF,0.33 CF,
2139991,Architecture,Generic Models,MESH WITH FRAME,MESH WITH FRAME,L 1,,,,,,,,,,Default New Material,,,,,,64 SF,0.33 CF,
2139996,Architecture,Generic Models,MESH WITH FRAME,MESH WITH FRAME,L 1,,,,,,,,,,Default New Material,,,,,,64 SF,0.33 CF,
2140001,Architecture,Generic Models,MESH WITH FRAME,MESH WITH FRAME,L 1,,,,,,,,,,Default New Material,,,,,,64 SF,0.33 CF,
2140340,Architecture,Generic Models,MESH WITH FRAME,MESH WITH FRAME,L 1,,,,,,,,,,Default New Material,,,,,,64 SF,0.33 CF,
2140410,Architecture,Generic Models,MESH WITH FRAME,MESH WITH FRAME,L 1,,,,,,,,,,Default New Material,,,,,,64 SF,0.33 CF,
2140835,Architecture,Generic Models,MESH WITH FRAME,MESH WITH FRAME,L 1,,,,,,,,,,Default New Material,,,,,,64 SF,0.33 CF,
2140905,Architecture,Generic Models,MESH WITH FRAME,MESH WITH FRAME,L 1,,,,,,,,,,Default New Material,,,,,,64 SF,0.33 CF,
2141018,Architecture,Generic Models,MESH WITH FRAME,MESH WITH FRAME,L 1,,,,,,,,,,Default New Material,,,,,,64 SF,0.33 CF,
2141019,Architecture,Generic Models,MESH WITH FRAME,MESH WITH FRAME,L 1,,,,,,,,,,Default New Material,,,,,,64 SF,0.33 CF,
2141127,Architecture,Generic Models,MESH WITH FRAME,MESH WITH FRAME,L 1,,,,,,,,,,Default New Material,,,,,,64 SF,0.33 CF,
2141128,Architecture,Generic Models,MESH WITH FRAME,MESH WITH FRAME,L 1,,,,,,,,,,Default New Material,,,,,,64 SF,0.33 CF,
2141186,Architecture,Generic Models,MESH WITH FRAME,MESH WITH FRAME,L 1,,,,,,,,,,Default New Material,,,,,,64 SF,0.33 CF,
1637113,Architecture,Stairs,,Stair-Metal-Plate Stringer,L 1,L 1,L3,,,,,,,,"Steel, Paint Finish, Dark Gray",,,,,,,,
1621362,Architecture,Walls,,"Generic - 4""",L 1,,,,,,,,,,Default Wall,,"0' - 4""",,"3' - 2""",,9 SF,2.83 CF,L 1 Zone 3
1621574,Architecture,Walls,,"Generic - 4""",L 1,,,,,,,,,,Default Wall,,"0' - 4""",,"9' - 10 1/2""",,110 SF,36.58 CF,L 1 Zone 3
1638044,Architecture,Walls,,"Generic - 4""",L 1,,,,,,,,,,Default Wall,,"0' - 4""",,"3' - 2""",,9 SF,2.83 CF,L 1 Zone 3
1928698,Architecture,Walls,,"Generic - 4""",L 1,,,,,,,,,,Default Wall,,"0' - 4""",,"14' - 6""",,35 SF,11.69 CF,L 1 Zone 7
1928796,Architecture,Walls,,"Generic - 4""",L 1,,,,,,,,,,Default Wall,,"0' - 4""",,"14' - 6""",,36 SF,11.86 CF,L 1 Zone 7
1928910,Architecture,Walls,,"Generic - 4""",L 1,,,,,,,,,,Default Wall,,"0' - 4""",,"14' - 6""",,36 SF,11.86 CF,L 1 Zone 7
1929003,Architecture,Walls,,"Generic - 4""",L 1,,,,,,,,,,Default Wall,,"0' - 4""",,"14' - 6""",,36 SF,11.86 CF,L 1 Zone 7
1929094,Architecture,Walls,,"Generic - 4""",L 1,,,,,,,,,,Default Wall,,"0' - 4""",,"14' - 6""",,43 SF,14.49 CF,L 1 Zone 7
1249235,Architecture,Walls,,"Generic - 8"" - EXTERIOR",L 1,,,,,,,,B2010,Exterior Walls,Default Wall,,"0' - 8""",,"9' - 7 3/4""",,48 SF,32.05 CF,
1249833,Architecture,Walls,,"Generic - 8"" - EXTERIOR",L 1,,,,,,,,B2010,Exterior Walls,Default Wall,,"0' - 8""",,"10' - 6 1/4""",,62 SF,41.31 CF,L 1 Zone 1
1525036,Architecture,Walls,,"Generic - 8"" - EXTERIOR",L 1,,,,,,,,B2010,Exterior Walls,Default Wall,,"0' - 8""",,"9' - 11 3/4""",,54 SF,36.24 CF,
1623960,Architecture,Walls,,"Generic - 8"" - EXTERIOR",L 1,,,,,,,,B2010,Exterior Walls,Default Wall,,"0' - 8""",,"9' - 8""",,82 SF,54.79 CF,L 1 Zone 8
1624682,Architecture,Walls,,"Generic - 8"" - EXTERIOR",L 1,,,,,,,,B2010,Exterior Walls,Default Wall,,"0' - 8""",,"12' - 2 1/4""",,81 SF,54.09 CF,L 1 Zone 3
1927220,Architecture,Walls,,"Generic - 8"" - EXTERIOR",L 1,,,,,,,,B2010,Exterior Walls,Default Wall,,"0' - 8""",,"17' - 0""",,43 SF,28.33 CF,
1928004,Architecture,Walls,,"Generic - 8"" - EXTERIOR",L 1,,,,,,,,B2010,Exterior Walls,Default Wall,,"0' - 8""",,"18' - 5 1/4""",,46 SF,30.73 CF,
1930738,Architecture,Walls,,"Generic - 8"" - EXTERIOR",L 1,,,,,,,,B2010,Exterior Walls,Default Wall,,"0' - 8""",,"19' - 0""",,89 SF,59.44 CF,L 1 Zone 4
1946656,Architecture,Walls,,"Generic - 8"" - EXTERIOR",L 1,,,,,,,,B2010,Exterior Walls,Default Wall,,"0' - 8""",,"9' - 5 1/4""",,35 SF,23.54 CF,
1946858,Architecture,Walls,,"Generic - 8"" - EXTERIOR",L 1,,,,,,,,B2010,Exterior Walls,Default Wall,,"0' - 8""",,"14' - 6""",,62 SF,41.25 CF,
1993594,Architecture,Walls,,"Generic - 8"" - EXTERIOR",L 1,,,,,,,,B2010,Exterior Walls,Default Wall,,"0' - 8""",,"0' - 6 1/4""",,6 SF,4.17 CF,L 1 Zone 3
1994221,Architecture,Walls,,"Generic - 8"" - EXTERIOR",L 1,,,,,,,,B2010,Exterior Walls,Default Wall,,"0' - 8""",,"0' - 10 1/4""",,10 SF,6.55 CF,
2193600,Architecture,Walls,,"Generic - 8"" - EXTERIOR",L 1,,,,,,,,B2010,Exterior Walls,Default Wall,,"0' - 8""",,"29' - 0""",,141 SF,93.94 CF,L 1 Zone 4
2193801,Architecture,Walls,,"Generic - 8"" - EXTERIOR",L 1,,,,,,,,B2010,Exterior Walls,Default Wall,,"0' - 8""",,"29' - 0""",,141 SF,93.92 CF,L 1 Zone 4
2194057,Architecture,Walls,,"Generic - 8"" - EXTERIOR",L 1,,,,,,,,B2010,Exterior Walls,Default Wall,,"0' - 8""",,"29' - 0""",,141 SF,93.92 CF,
2194387,Architecture,Walls,,"Generic - 8"" - EXTERIOR",L 1,,,,,,,,B2010,Exterior Walls,Default Wall,,"0' - 8""",,"29' - 4""",,143 SF,95.00 CF,
2194567,Architecture,Walls,,"Generic - 8"" - EXTERIOR",L 1,,,,,,,,B2010,Exterior Walls,Default Wall,,"0' - 8""",,"14' - 8""",,110 SF,73.10 CF,
2194568,Architecture,Walls,,"Generic - 8"" - EXTERIOR",L 1,,,,,,,,B2010,Exterior Walls,Default Wall,,"0' - 8""",,"13' - 1 3/4""",,88 SF,58.88 CF,L 1 Zone 3
1249262,Architecture,Walls,,"Generic - 8"" - INTERIOR",L 1,,,,,,,,C1010,Partitions,Default Wall,,"0' - 8""",,"9' - 11 3/4""",,111 SF,73.95 CF,L 1 Zone 4
1249295,Architecture,Walls,,"Generic - 8"" - INTERIOR",L 1,,,,,,,,C1010,Partitions,Default Wall,,"0' - 8""",,"9' - 11 3/4""",,111 SF,73.95 CF,L 1 Zone 4
1249332,Architecture,Walls,,"Generic - 8"" - INTERIOR",L 1,,,,,,,,C1010,Partitions,Default Wall,,"0' - 8""",,"9' - 11 3/4""",,111 SF,73.95 CF,L 1 Zone 4
1249372,Architecture,Walls,,"Generic - 8"" - INTERIOR",L 1,,,,,,,,C1010,Partitions,Default Wall,,"0' - 8""",,"9' - 11 3/4""",,119 SF,79.06 CF,L 1 Zone 4
1249405,Architecture,Walls,,"Generic - 8"" - INTERIOR",L 1,,,,,,,,C1010,Partitions,Default Wall,,"0' - 8""",,"9' - 7 3/4""",,107 SF,71.40 CF,L 1 Zone 4
1249438,Architecture,Walls,,"Generic - 8"" - INTERIOR",L 1,,,,,,,,C1010,Partitions,Default Wall,,"0' - 8""",,"9' - 11 3/4""",,111 SF,73.95 CF,
1249463,Architecture,Walls,,"Generic - 8"" - INTERIOR",L 1,,,,,,,,C1010,Partitions,Default Wall,,"0' - 8""",,"9' - 11 3/4""",,111 SF,73.95 CF,
1249493,Architecture,Walls,,"Generic - 8"" - INTERIOR",L 1,,,,,,,,C1010,Partitions,Default Wall,,"0' - 8""",,"9' - 11 3/4""",,111 SF,73.95 CF,
1249530,Architecture,Walls,,"Generic - 8"" - INTERIOR",L 1,,,,,,,,C1010,Partitions,Default Wall,,"0' - 8""",,"9' - 11 3/4""",,111 SF,73.95 CF,
1249558,Architecture,Walls,,"Generic - 8"" - INTERIOR",L 1,,,,,,,,C1010,Partitions,Default Wall,,"0' - 8""",,"9' - 11 3/4""",,111 SF,73.95 CF,
1249706,Architecture,Walls,,"Generic - 8"" - INTERIOR",L 1,,,,,,,,C1010,Partitions,Default Wall,,"0' - 8""",,"9' - 11 3/4""",,111 SF,73.95 CF,
1249741,Architecture,Walls,,"Generic - 8"" - INTERIOR",L 1,,,,,,,,C1010,Partitions,Default Wall,,"0' - 8""",,"9' - 11 3/4""",,111 SF,73.95 CF,
1249986,Architecture,Walls,,"Generic - 8"" - INTERIOR",L 1,,,,,,,,C1010,Partitions,Default Wall,,"0' - 8""",,"10' - 2 1/4""",,109 SF,72.99 CF,
1250022,Architecture,Walls,,"Generic - 8"" - INTERIOR",L 1,,,,,,,,C1010,Partitions,Default Wall,,"0' - 8""",,"10' - 2 1/4""",,109 SF,72.99 CF,L 1 Zone 5
1250048,Architecture,Walls,,"Generic - 8"" - INTERIOR",L 1,,,,,,,,C1010,Partitions,Default Wall,,"0' - 8""",,"10' - 2 1/4""",,95 SF,63.47 CF,L 1 Zone 5
1250076,Architecture,Walls,,"Generic - 8"" - INTERIOR",L 1,,,,,,,,C1010,Partitions,Default Wall,,"0' - 8""",,"10' - 2 1/4""",,109 SF,72.99 CF,
1250100,Architecture,Walls,,"Generic - 8"" - INTERIOR",L 1,,,,,,,,C1010,Partitions,Default Wall,,"0' - 8""",,"10' - 2 1/4""",,109 SF,72.99 CF,
1250193,Architecture,Walls,,"Generic - 8"" - INTERIOR",L 1,,,,,,,,C1010,Partitions,Default Wall,,"0' - 8""",,"10' - 2 1/4""",,95 SF,63.47 CF,L 1 Zone 1
1250299,Architecture,Walls,,"Generic - 8"" - INTERIOR",L 1,,,,,,,,C1010,Partitions,Default Wall,,"0' - 8""",,"9' - 11 3/4""",,119 SF,79.06 CF,
1286603,Architecture,Walls,,"Generic - 8"" - INTERIOR",L 1,,,,,,,,C1010,Partitions,Default Wall,,"0' - 8""",,"17' - 11 9/32""",,206 SF,137.54 CF,
1286681,Architecture,Walls,,"Generic - 8"" - INTERIOR",L 1,,,,,,,,C1010,Partitions,Default Wall,,"0' - 8""",,"24' - 2""",,245 SF,163.65 CF,L 1 Zone 3
1324711,Architecture,Walls,,"Generic - 8"" - INTERIOR",L 1,,,,,,,,C1010,Partitions,Default Wall,,"0' - 8""",,"12' - 0""",,117 SF,77.78 CF,L 1 Zone 3
1368267,Architecture,Walls,,"Generic - 8"" - INTERIOR",L 1,,,,,,,,C1010,Partitions,Default Wall,,"0' - 8""",,"5' - 6""",,26 SF,17.26 CF,
1378909,Architecture,Walls,,"Generic - 8"" - INTERIOR",L 1,,,,,,,,C1010,Partitions,Default Wall,,"0' - 8""",,"13' - 4 3/4""",,122 SF,81.40 CF,L 1 Zone 7
1379108,Architecture,Walls,,"Generic - 8"" - INTERIOR",L 1,,,,,,,,C1010,Partitions,Default Wall,,"0' - 8""",,"9' - 5 3/4""",,95 SF,63.19 CF,L 1 Zone 7
1379153,Architecture,Walls,,"Generic - 8"" - INTERIOR",L 1,,,,,,,,C1010,Partitions,Default Wall,,"0' - 8""",,"9' - 5 3/4""",,95 SF,63.19 CF,L 1 Zone 7
1379178,Architecture,Walls,,"Generic - 8"" - INTERIOR",L 1,,,,,,,,C1010,Partitions,Default Wall,,"0' - 8""",,"9' - 5 3/4""",,95 SF,63.19 CF,L 1 Zone 7
1379208,Architecture,Walls,,"Generic - 8"" - INTERIOR",L 1,,,,,,,,C1010,Partitions,Default Wall,,"0' - 8""",,"9' - 5 3/4""",,95 SF,63.19 CF,
1523748,Architecture,Walls,,"Generic - 8"" - INTERIOR",L 1,,,,,,,,C1010,Partitions,Default Wall,,"0' - 8""",,"67' - 1 1/4""",,537 SF,358.17 CF,L 1 Zone 5
1525073,Architecture,Walls,,"Generic - 8"" - INTERIOR",L 1,,,,,,,,C1010,Partitions,Default Wall,,"0' - 8""",,"9' - 8""",,58 SF,38.70 CF,
1525831,Architecture,Walls,,"Generic - 8"" - INTERIOR",L 1,,,,,,,,C1010,Partitions,Default Wall,,"0' - 8""",,"1' - 1 1/2""",,11 SF,7.50 CF,
1620235,Architecture,Walls,,"Generic - 8"" - INTERIOR",L 1,,,,,,,,C1010,Partitions,Default Wall,,"0' - 8""",,"16' - 0""",,140 SF,93.48 CF,L 1 Zone 2
1626925,Architecture,Walls,,"Generic - 8"" - INTERIOR",L 1,,,,,,,,C1010,Partitions,Default Wall,,"0' - 8""",,"19' - 4""",,94 SF,62.88 CF,
1885961,Architecture,Walls,,"Generic - 8"" - INTERIOR",L 1,,,,,,,,C1010,Partitions,Default Wall,,"0' - 8""",,"5' - 0 1/4""",,26 SF,17.20 CF,
1886283,Architecture,Walls,,"Generic - 8"" - INTERIOR",L 1,,,,,,,,C1010,Partitions,Default Wall,,"0' - 8""",,"5' - 0 1/4""",,26 SF,17.20 CF,
1886661,Architecture,Walls,,"Generic - 8"" - INTERIOR",L 1,,,,,,,,C1010,Partitions,Default Wall,,"0' - 8""",,"5' - 0 1/4""",,26 SF,17.20 CF,L 1 Zone 7
1886856,Architecture,Walls,,"Generic - 8"" - INTERIOR",L 1,,,,,,,,C1010,Partitions,Default Wall,,"0' - 8""",,"5' - 0 9/32""",,26 SF,17.22 CF,L 1 Zone 7
1887063,Architecture,Walls,,"Generic - 8"" - INTERIOR",L 1,,,,,,,,C1010,Partitions,Default Wall,,"0' - 8""",,"0' - 10 1/4""",,10 SF,6.55 CF,L 1 Zone 7
1887103,Architecture,Walls,,"Generic - 8"" - INTERIOR",L 1,,,,,,,,C1010,Partitions,Default Wall,,"0' - 8""",,"0' - 10 1/4""",,10 SF,6.55 CF,L 1 Zone 7
1887145,Architecture,Walls,,"Generic - 8"" - INTERIOR",L 1,,,,,,,,C1010,Partitions,Default Wall,,"0' - 8""",,"0' - 10 1/4""",,10 SF,6.55 CF,
1887184,Architecture,Walls,,"Generic - 8"" - INTERIOR",L 1,,,,,,,,C1010,Partitions,Default Wall,,"0' - 8""",,"0' - 10 1/4""",,10 SF,6.55 CF,
1952046,Architecture,Walls,,"Generic - 8"" - INTERIOR",L 1,,,,,,,,C1010,Partitions,Default Wall,,"0' - 8""",,"18' - 6 3/4""",,19 SF,12.37 CF,L 1 Zone 3
1952186,Architecture,Walls,,"Generic - 8"" - INTERIOR",L 1,,,,,,,,C1010,Partitions,Default Wall,,"0' - 8""",,"3' - 11 1/2""",,4 SF,2.64 CF,
1995789,Architecture,Walls,,"Generic - 8"" - INTERIOR",L 1,,,,,,,,C1010,Partitions,Default Wall,,"0' - 8""",,"9' - 7 1/2""",,79 SF,52.65 CF,
2009644,Architecture,Walls,,"Generic - 8"" - INTERIOR",L 1,,,,,,,,C1010,Partitions,Default Wall,,"0' - 8""",,"14' - 6""",,34 SF,22.57 CF,L 1 Zone 5
2009682,Architecture,Walls,,"Generic - 8"" - INTERIOR",L 1,,,,,,,,C1010,Partitions,Default Wall,,"0' - 8""",,"10' - 7 19/32""",,24 SF,15.72 CF,L 1 Zone 5
2012235,Architecture,Walls,,"Generic - 8"" - INTERIOR",L 1,,,,,,,,C1010,Partitions,Default Wall,,"0' - 8""",,"14' - 6""",,35 SF,23.39 CF,
2168568,Architecture,Walls,,"Generic - 8"" - INTERIOR",L 1,,,,,,,,C1010,Partitions,Default Wall,,"0' - 8""",,"13' - 4 1/2""",,90 SF,59.95 CF,L 1 Zone 4
2168964,Architecture,Walls,,"Generic - 8"" - INTERIOR",L 1,,,,,,,,C1010,Partitions,Default Wall,,"0' - 8""",,"9' - 4""",,74 SF,49.10 CF,L 1 Zone 4
2169090,Architecture,Walls,,"Generic - 8"" - INTERIOR",L 1,,,,,,,,C1010,Partitions,Default Wall,,"0' - 8""",,"13' - 7 1/4""",,121 SF,80.45 CF,L 1 Zone 4
2169420,Architecture,Walls,,"Generic - 8"" - INTERIOR",L 1,,,,,,,,C1010,Partitions,Default Wall,,"0' - 8""",,"13' - 11 1/4""",,125 SF,83.00 CF,
2169589,Architecture,Walls,,"Generic - 8"" - INTERIOR",L 1,,,,,,,,C1010,Partitions,Default Wall,,"0' - 8""",,"13' - 4 1/2""",,90 SF,59.95 CF,
2169746,Architecture,Walls,,"Generic - 8"" - INTERIOR",L 1,,,,,,,,C1010,Partitions,Default Wall,,"0' - 8""",,"13' - 7 1/4""",,128 SF,85.56 CF,
2169836,Architecture,Walls,,"Generic - 8"" - INTERIOR",L 1,,,,,,,,C1010,Partitions,Default Wall,,"0' - 8""",,"13' - 4 1/2""",,90 SF,59.95 CF,
2170012,Architecture,Walls,,"Generic - 8"" - INTERIOR",L 1,,,,,,,,C1010,Partitions,Default Wall,,"0' - 8""",,"13' - 7 1/4""",,128 SF,85.56 CF,
2170228,Architecture,Walls,,"Generic - 8"" - INTERIOR",L 1,,,,,,,,C1010,Partitions,Default Wall,,"0' - 8""",,"13' - 4 1/2""",,90 SF,59.95 CF,
2173074,Architecture,Walls,,"Generic - 8"" - INTERIOR",L 1,,,,,,,,C1010,Partitions,Default Wall,,"0' - 8""",,"4' - 7 13/32""",,56 SF,37.04 CF,
2173306,Architecture,Walls,,"Generic - 8"" - INTERIOR",L 1,,,,,,,,C1010,Partitions,Default Wall,,"0' - 8""",,"7' - 8 19/32""",,89 SF,59.15 CF,L 1 Zone 3
2175265,Architecture,Walls,,"Generic - 8"" - INTERIOR",L 1,,,,,,,,C1010,Partitions,Default Wall,,"0' - 8""",,"0' - 10 1/4""",,9 SF,5.69 CF,L 1 Zone 7
2175573,Architecture,Walls,,"Generic - 8"" - INTERIOR",L 1,,,,,,,,C1010,Partitions,Default Wall,,"0' - 8""",,"5' - 1 1/2""",,16 SF,10.65 CF,
2177547,Architecture,Walls,,"Generic - 8"" - INTERIOR",L 1,,,,,,,,C1010,Partitions,Default Wall,,"0' - 8""",,"14' - 3 1/4""",,111 SF,73.75 CF,
2178162,Architecture,Walls,,"Generic - 8"" - INTERIOR",L 1,,,,,,,,C1010,Partitions,Default Wall,,"0' - 8""",,"9' - 4 1/32""",,104 SF,69.02 CF,
2179179,Architecture,Walls,,"Generic - 8"" - INTERIOR",L 1,,,,,,,,C1010,Partitions,Default Wall,,"0' - 8""",,"52' - 5 13/32""",,428 SF,285.27 CF,L 1 Zone 8
2180110,Architecture,Walls,,"Generic - 8"" - INTERIOR",L 1,,,,,,,,C1010,Partitions,Default Wall,,"0' - 8""",,"13' - 4 17/32""",,154 SF,102.57 CF,L 1 Zone 5
2180442,Architecture,Walls,,"Generic - 8"" - INTERIOR",L 1,,,,,,,,C1010,Partitions,Default Wall,,"0' - 8""",,"7' - 7 1/4""",,91 SF,60.85 CF,
2180533,Architecture,Walls,,"Generic - 8"" - INTERIOR",L 1,,,,,,,,C1010,Partitions,Default Wall,,"0' - 8""",,"9' - 8 7/8""",,72 SF,48.18 CF,L 1 Zone 2
2181281,Architecture,Walls,,"Generic - 8"" - INTERIOR",L 1,,,,,,,,C1010,Partitions,Default Wall,,"0' - 8""",,"14' - 8 3/4""",,162 SF,107.81 CF,L 1 Zone 5
2181374,Architecture,Walls,,"Generic - 8"" - INTERIOR",L 1,,,,,,,,C1010,Partitions,Default Wall,,"0' - 8""",,"14' - 8 3/4""",,162 SF,107.81 CF,L 1 Zone 8
2181467,Architecture,Walls,,"Generic - 8"" - INTERIOR",L 1,,,,,,,,C1010,Partitions,Default Wall,,"0' - 8""",,"14' - 4 3/4""",,166 SF,110.37 CF,L 1 Zone 8
2181576,Architecture,Walls,,"Generic - 8"" - INTERIOR",L 1,,,,,,,,C1010,Partitions,Default Wall,,"0' - 8""",,"1' - 6""",,17 SF,11.50 CF,L 1 Zone 8
2181652,Architecture,Walls,,"Generic - 8"" - INTERIOR",L 1,,,,,,,,C1010,Partitions,Default Wall,,"0' - 8""",,"3' - 4 1/8""",,30 SF,20.07 CF,L 1 Zone 8
2181844,Architecture,Walls,,"Generic - 8"" - INTERIOR",L 1,,,,,,,,C1010,Partitions,Default Wall,,"0' - 8""",,"4' - 0 5/8""",,47 SF,31.07 CF,L 1 Zone 8
2182227,Architecture,Walls,,"Generic - 8"" - INTERIOR",L 1,,,,,,,,C1010,Partitions,Default Wall,,"0' - 8""",,"10' - 1 1/4""",,109 SF,72.35 CF,L 1 Zone 8
2182307,Architecture,Walls,,"Generic - 8"" - INTERIOR",L 1,,,,,,,,C1010,Partitions,Default Wall,,"0' - 8""",,"7' - 8 13/16""",,89 SF,59.29 CF,L 1 Zone 8
2182383,Architecture,Walls,,"Generic - 8"" - INTERIOR",L 1,,,,,,,,C1010,Partitions,Default Wall,,"0' - 8""",,"6' - 9 1/2""",,74 SF,49.52 CF,L 1 Zone 8
2182799,Architecture,Walls,,"Generic - 8"" - INTERIOR",L 1,,,,,,,,C1010,Partitions,Default Wall,,"0' - 8""",,"2' - 5 1/4""",,28 SF,18.69 CF,L 1 Zone 9
2182891,Architecture,Walls,,"Generic - 8"" - INTERIOR",L 1,,,,,,,,C1010,Partitions,Default Wall,,"0' - 8""",,"0' - 11 1/4""",,11 SF,7.19 CF,L 1 Zone 9
2182951,Architecture,Walls,,"Generic - 8"" - INTERIOR",L 1,,,,,,,,C1010,Partitions,Default Wall,,"0' - 8""",,"4' - 11 11/16""",,57 SF,38.14 CF,L 1 Zone 9
2182952,Architecture,Walls,,"Generic - 8"" - INTERIOR",L 1,,,,,,,,C1010,Partitions,Default Wall,,"0' - 8""",,"7' - 8 13/16""",,89 SF,59.29 CF,L 1 Zone 9
2183057,Architecture,Walls,,"Generic - 8"" - INTERIOR",L 1,,,,,,,,C1010,Partitions,Default Wall,,"0' - 8""",,"1' - 8 1/4""",,19 SF,12.94 CF,L 1 Zone 9
2183140,Architecture,Walls,,"Generic - 8"" - INTERIOR",L 1,,,,,,,,C1010,Partitions,Default Wall,,"0' - 8""",,"1' - 8 1/4""",,19 SF,12.94 CF,
2183250,Architecture,Walls,,"Generic - 8"" - INTERIOR",L 1,,,,,,,,C1010,Partitions,Default Wall,,"0' - 8""",,"13' - 5 1/2""",,155 SF,103.18 CF,
2186907,Architecture,Walls,,"Generic - 8"" - INTERIOR",L 1,,,,,,,,C1010,Partitions,Default Wall,,"0' - 8""",,"8' - 0 19/32""",,89 SF,59.15 CF,L 1 Zone 2
2187596,Architecture,Walls,,"Generic - 8"" - INTERIOR",L 1,,,,,,,,C1010,Partitions,Default Wall,,"0' - 8""",,"4' - 7 13/32""",,49 SF,32.84 CF,L 1 Zone 6
2187668,Architecture,Walls,,"Generic - 8"" - INTERIOR",L 1,,,,,,,,C1010,Partitions,Default Wall,,"0' - 8""",,"9' - 8 3/4""",,130 SF,86.31 CF,L 1 Zone 6
2190702,Architecture,Walls,,"Generic - 8"" - INTERIOR",L 1,,,,,,,,C1010,Partitions,Default Wall,,"0' - 8""",,"29' - 0 1/8""",,141 SF,93.96 CF,
2191628,Architecture,Walls,,"Generic - 8"" - INTERIOR",L 1,,,,,,,,C1010,Partitions,Default Wall,,"0' - 8""",,"19' - 4 7/32""",,91 SF,60.74 CF,
1525501,Architecture,Walls,,"Generic - 8"" DNC",L 1,,,,,,,,,,Default Wall,,"0' - 8""",,"14' - 2 1/4""",,139 SF,92.36 CF,L 1 Zone 3
1774321,Architecture,Walls,,"Generic - 8"" DNC",L 1,,,,,,,,,,Default Wall,,"0' - 8""",,"0' - 11 1/4""",,11 SF,7.50 CF,L 1 Zone 9
1378993,Architecture,Walls,,Storefront,L 1,,,,,,,,,,,,,,"14' - 2""",,124 SF,,L 1 Zone 7
1526221,Architecture,Walls,,Storefront,L 1,,,,,,,,,,,,,,"14' - 8 1/2""",,132 SF,,L 1 Zone 5
1928768,Architecture,Walls,,Storefront,L 1,,,,,,,,,,,,,,"14' - 2""",,124 SF,,L 1 Zone 7
1928882,Architecture,Walls,,Storefront,L 1,,,,,,,,,,,,,,"14' - 6""",,124 SF,,L 1 Zone 7
1928975,Architecture,Walls,,Storefront,L 1,,,,,,,,,,,,,,"14' - 2""",,124 SF,,L 1 Zone 7
1929066,Architecture,Walls,,Storefront,L 1,,,,,,,,,,,,,,"14' - 0 3/4""",,127 SF,,L 1 Zone 7
1525472,Architecture,Walls,,Storefront - EXTERIOR ISLAND,L 1,,,,,,,,B2010,Exterior Walls,,,,,"13' - 10""",,124 SF,,
1931297,Architecture,Walls,,Storefront - EXTERIOR ISLAND,L 1,,,,,,,,B2010,Exterior Walls,,,,,"8' - 8""",,61 SF,,L 1 Zone 4
1934568,Architecture,Walls,,Storefront - EXTERIOR ISLAND,L 1,,,,,,,,B2010,Exterior Walls,,,,,"9' - 4""",,63 SF,,L 1 Zone 4
1934742,Architecture,Walls,,Storefront - EXTERIOR ISLAND,L 1,,,,,,,,B2010,Exterior Walls,,,,,"9' - 4""",,63 SF,,L 1 Zone 4
1934812,Architecture,Walls,,Storefront - EXTERIOR ISLAND,L 1,,,,,,,,B2010,Exterior Walls,,,,,"9' - 4""",,63 SF,,L 1 Zone 4
1934939,Architecture,Walls,,Storefront - EXTERIOR ISLAND,L 1,,,,,,,,B2010,Exterior Walls,,,,,"9' - 4""",,63 SF,,L 1 Zone 4
1935007,Architecture,Walls,,Storefront - EXTERIOR ISLAND,L 1,,,,,,,,B2010,Exterior Walls,,,,,"9' - 4""",,63 SF,,L 1 Zone 4
1935081,Architecture,Walls,,Storefront - EXTERIOR ISLAND,L 1,,,,,,,,B2010,Exterior Walls,,,,,"9' - 4""",,63 SF,,L 1 Zone 4
1935149,Architecture,Walls,,Storefront - EXTERIOR ISLAND,L 1,,,,,,,,B2010,Exterior Walls,,,,,"9' - 4""",,63 SF,,
1935217,Architecture,Walls,,Storefront - EXTERIOR ISLAND,L 1,,,,,,,,B2010,Exterior Walls,,,,,"9' - 4""",,63 SF,,
1935285,Architecture,Walls,,Storefront - EXTERIOR ISLAND,L 1,,,,,,,,B2010,Exterior Walls,,,,,"9' - 4""",,63 SF,,
1935353,Architecture,Walls,,Storefront - EXTERIOR ISLAND,L 1,,,,,,,,B2010,Exterior Walls,,,,,"9' - 4""",,63 SF,,
1935421,Architecture,Walls,,Storefront - EXTERIOR ISLAND,L 1,,,,,,,,B2010,Exterior Walls,,,,,"9' - 4""",,63 SF,,
1935489,Architecture,Walls,,Storefront - EXTERIOR ISLAND,L 1,,,,,,,,B2010,Exterior Walls,,,,,"9' - 8""",,65 SF,,
1935598,Architecture,Walls,,Storefront - EXTERIOR ISLAND,L 1,,,,,,,,B2010,Exterior Walls,,,,,"9' - 4""",,63 SF,,
1938614,Architecture,Walls,,Storefront - EXTERIOR ISLAND,L 1,,,,,,,,B2010,Exterior Walls,,,,,"9' - 3 3/4""",,63 SF,,
1938800,Architecture,Walls,,Storefront - EXTERIOR ISLAND,L 1,,,,,,,,B2010,Exterior Walls,,,,,"8' - 11 3/4""",,63 SF,,
1939373,Architecture,Walls,,Storefront - EXTERIOR ISLAND,L 1,,,,,,,,B2010,Exterior Walls,,,,,"8' - 11 3/4""",,63 SF,,L 1 Zone 3
1939481,Architecture,Walls,,Storefront - EXTERIOR ISLAND,L 1,,,,,,,,B2010,Exterior Walls,,,,,"8' - 11 3/4""",,63 SF,,L 1 Zone 3
1940420,Architecture,Walls,,Storefront - EXTERIOR ISLAND,L 1,,,,,,,,B2010,Exterior Walls,,,,,"8' - 11 3/4""",,63 SF,,
1940668,Architecture,Walls,,Storefront - EXTERIOR ISLAND,L 1,,,,,,,,B2010,Exterior Walls,,,,,"8' - 11 3/4""",,63 SF,,L 1 Zone 1
1940760,Architecture,Walls,,Storefront - EXTERIOR ISLAND,L 1,,,,,,,,B2010,Exterior Walls,,,,,"8' - 11 3/4""",,63 SF,,
1941093,Architecture,Walls,,Storefront - EXTERIOR ISLAND,L 1,,,,,,,,B2010,Exterior Walls,,,,,"9' - 4""",,63 SF,,
1941152,Architecture,Walls,,Storefront - EXTERIOR ISLAND,L 1,,,,,,,,B2010,Exterior Walls,,,,,"9' - 4""",,63 SF,,
1941342,Architecture,Walls,,Storefront - EXTERIOR ISLAND,L 1,,,,,,,,B2010,Exterior Walls,,,,,"9' - 4""",,63 SF,,
1941401,Architecture,Walls,,Storefront - EXTERIOR ISLAND,L 1,,,,,,,,B2010,Exterior Walls,,,,,"9' - 4""",,63 SF,,
1941460,Architecture,Walls,,Storefront - EXTERIOR ISLAND,L 1,,,,,,,,B2010,Exterior Walls,,,,,"8' - 11 3/4""",,63 SF,,
1941517,Architecture,Walls,,Storefront - EXTERIOR ISLAND,L 1,,,,,,,,B2010,Exterior Walls,,,,,"9' - 2 3/4""",,65 SF,,
1941766,Architecture,Walls,,Storefront - EXTERIOR ISLAND,L 1,,,,,,,,B2010,Exterior Walls,,,,,"13' - 10""",,97 SF,,
1941883,Architecture,Walls,,Storefront - EXTERIOR ISLAND,L 1,,,,,,,,B2010,Exterior Walls,,,,,"8' - 5 1/4""",,59 SF,,
1355120,Architecture,Walls,,Storefront - INTERIOR ISLAND,L 1,,,,,,,,C1010,Partitions,,,,,"6' - 11""",,61 SF,,L 1 Zone 3
1620862,Architecture,Walls,,Storefront - INTERIOR ISLAND,L 1,,,,,,,,C1010,Partitions,,,,,"4' - 3 1/2""",,36 SF,,
1722264,Architecture,Walls,,Storefront - INTERIOR ISLAND,L 1,,,,,,,,C1010,Partitions,,,,,"12' - 0 1/4""",,105 SF,,L 1 Zone 3
2008766,Architecture,Walls,,Storefront - INTERIOR ISLAND,L 1,,,,,,,,C1010,Partitions,,,,,"10' - 3 19/32""",,93 SF,,L 1 Zone 5
1540649,Architecture,Doors,Door-Passage-Single-Flush,"36"" x 96""",L3,,,283.0,,,,,C1020,Interior Doors,Aluminum; Wood - Birch; Metal - Paint Finish - Grey,,"4' - 0""","8' - 0""",,"0' - 1 3/4""",70 SF,6.80 CF,
1814226,Architecture,Roofs,,Insulation on Metal Deck - EPDM,L3,L3,,,,,,,,,"Concrete, Cast-in-Place gray; Metal Deck; Rigid insulation; Roofing, EPDM Membrane",,,"0' - 7 3/4""",,"0' - 7 3/4""",106 SF,68.47 CF,
1539150,Architecture,Walls,,"Generic - 8"" - EXTERIOR",L3,,,,,,,,B2010,Exterior Walls,Default Wall,,"0' - 8""",,"20' - 2 1/4""",,209 SF,139.03 CF,
1539254,Architecture,Walls,,"Generic - 8"" - EXTERIOR",L3,,,,,,,,B2010,Exterior Walls,Default Wall,,"0' - 8""",,"22' - 8""",,184 SF,122.59 CF,
1540403,Architecture,Walls,,"Generic - 8"" - EXTERIOR",L3,,,,,,,,B2010,Exterior Walls,Default Wall,,"0' - 8""",,"22' - 8""",,227 SF,151.03 CF,
1768244,Architecture,Walls,,"Generic - 8"" - EXTERIOR",L3,,,,,,,,B2010,Exterior Walls,Default Wall,,"0' - 8""",,"67' - 3 1/4""",,204 SF,135.88 CF,
1768374,Architecture,Walls,,"Generic - 8"" - EXTERIOR",L3,,,,,,,,B2010,Exterior Walls,Default Wall,,"0' - 8""",,"18' - 4""",,54 SF,36.00 CF,
1768435,Architecture,Walls,,"Generic - 8"" - EXTERIOR",L3,,,,,,,,B2010,Exterior Walls,Default Wall,,"0' - 8""",,"20' - 4""",,60 SF,40.00 CF,
1768498,Architecture,Walls,,"Generic - 8"" - EXTERIOR",L3,,,,,,,,B2010,Exterior Walls,Default Wall,,"0' - 8""",,"16' - 4""",,48 SF,32.00 CF,
1768544,Architecture,Walls,,"Generic - 8"" - EXTERIOR",L3,,,,,,,,B2010,Exterior Walls,Default Wall,,"0' - 8""",,"6' - 8 3/4""",,20 SF,13.46 CF,
1768792,Architecture,Walls,,"Generic - 8"" - EXTERIOR",L3,,,,,,,,B2010,Exterior Walls,Default Wall,,"0' - 8""",,"15' - 4""",,45 SF,30.00 CF,
1768884,Architecture,Walls,,"Generic - 8"" - EXTERIOR",L3,,,,,,,,B2010,Exterior Walls,Default Wall,,"0' - 8""",,"19' - 4""",,57 SF,38.00 CF,
1768947,Architecture,Walls,,"Generic - 8"" - EXTERIOR",L3,,,,,,,,B2010,Exterior Walls,Default Wall,,"0' - 8""",,"14' - 4""",,42 SF,28.00 CF,
2195897,Architecture,Walls,,"Generic - 8"" - EXTERIOR",L3,,,,,,,,B2010,Exterior Walls,Default Wall,,"0' - 8""",,"19' - 4 1/4""",,58 SF,38.71 CF,
2196183,Architecture,Walls,,"Generic - 8"" - EXTERIOR",L3,,,,,,,,B2010,Exterior Walls,Default Wall,,"0' - 8""",,"18' - 0""",,54 SF,36.00 CF,
2196316,Architecture,Walls,,"Generic - 8"" - EXTERIOR",L3,,,,,,,,B2010,Exterior Walls,Default Wall,,"0' - 8""",,"14' - 2""",,44 SF,29.00 CF,
2196632,Architecture,Walls,,"Generic - 8"" - EXTERIOR",L3,,,,,,,,B2010,Exterior Walls,Default Wall,,"0' - 8""",,"16' - 5 13/32""",,49 SF,32.90 CF,
2196774,Architecture,Walls,,"Generic - 8"" - EXTERIOR",L3,,,,,,,,B2010,Exterior Walls,Default Wall,,"0' - 8""",,"16' - 4""",,48 SF,32.00 CF,
2196913,Architecture,Walls,,"Generic - 8"" - EXTERIOR",L3,,,,,,,,B2010,Exterior Walls,Default Wall,,"0' - 8""",,"16' - 6""",,50 SF,33.00 CF,
2197189,Architecture,Walls,,"Generic - 8"" - EXTERIOR",L3,,,,,,,,B2010,Exterior Walls,Default Wall,,"0' - 8""",,"20' - 8""",,63 SF,42.00 CF,
2197320,Architecture,Walls,,"Generic - 8"" - EXTERIOR",L3,,,,,,,,B2010,Exterior Walls,Default Wall,,"0' - 8""",,"21' - 4""",,64 SF,42.67 CF,
2197457,Architecture,Walls,,"Generic - 8"" - EXTERIOR",L3,,,,,,,,B2010,Exterior Walls,Default Wall,,"0' - 8""",,"20' - 8""",,63 SF,42.00 CF,
2197573,Architecture,Walls,,"Generic - 8"" - EXTERIOR",L3,,,,,,,,B2010,Exterior Walls,Default Wall,,"0' - 8""",,"17' - 7 13/32""",,53 SF,35.24 CF,
2197835,Architecture,Walls,,"Generic - 8"" - EXTERIOR",L3,,,,,,,,B2010,Exterior Walls,Default Wall,,"0' - 8""",,"19' - 8""",,60 SF,40.00 CF,
2197945,Architecture,Walls,,"Generic - 8"" - EXTERIOR",L3,,,,,,,,B2010,Exterior Walls,Default Wall,,"0' - 8""",,"20' - 0""",,60 SF,40.00 CF,
2198205,Architecture,Walls,,"Generic - 8"" - EXTERIOR",L3,,,,,,,,B2010,Exterior Walls,Default Wall,,"0' - 8""",,"19' - 10 1/4""",,60 SF,39.71 CF,
2198575,Architecture,Walls,,"Generic - 8"" - EXTERIOR",L3,,,,,,,,B2010,Exterior Walls,Default Wall,,"0' - 8""",,"20' - 0""",,60 SF,40.00 CF,
2198688,Architecture,Walls,,"Generic - 8"" - EXTERIOR",L3,,,,,,,,B2010,Exterior Walls,Default Wall,,"0' - 8""",,"20' - 0""",,60 SF,40.00 CF,
2198879,Architecture,Walls,,"Generic - 8"" - EXTERIOR",L3,,,,,,,,B2010,Exterior Walls,Default Wall,,"0' - 8""",,"20' - 0""",,60 SF,40.00 CF,
2199112,Architecture,Walls,,"Generic - 8"" - EXTERIOR",L3,,,,,,,,B2010,Exterior Walls,Default Wall,,"0' - 8""",,"20' - 0""",,60 SF,40.00 CF,
2199282,Architecture,Walls,,"Generic - 8"" - EXTERIOR",L3,,,,,,,,B2010,Exterior Walls,Default Wall,,"0' - 8""",,"21' - 4""",,64 SF,42.67 CF,
2199938,Architecture,Walls,,"Generic - 8"" - EXTERIOR",L3,,,,,,,,B2010,Exterior Walls,Default Wall,,"0' - 8""",,"13' - 8""",,42 SF,28.00 CF,
2177601,Architecture,Walls,,"Generic - 8"" - INTERIOR",L3,,,,,,,,C1010,Partitions,Default Wall,,"0' - 8""",,"20' - 6 1/4""",,141 SF,94.31 CF,
1539076,Architecture,Walls,,"Generic - 8"" DNC",L3,,,,,,,,,,Default Wall,,"0' - 8""",,"22' - 8""",,220 SF,146.66 CF,
1826871,Architecture,Windows,Skylight-Wasco-SkyMax,"GSM5296 - 49.25"" x 92.5""",L3,,,203.0,,,,,,,Glass - Wasco - Clear; Aluminum - Wasco - Aged Copper; Wood - Wasco - Douglas Firs,,"4' - 1 1/4""","0' - 5 7/16""","7' - 8 1/2""",,77 SF,3.72 CF,
1540744,Architecture,Roofs,,Insulation on Metal Deck - EPDM,L4,L4,,,,,,,,,"Concrete, Cast-in-Place gray; Metal Deck; Rigid insulation; Roofing, EPDM Membrane",,,"0' - 7 3/4""",,"0' - 7 3/4""",491 SF,317.39 CF,
2189428,Architecture,Doors,Door-Passage-Single-Flush,"36"" x 96""",Roof,,,399.0,,,,,C1020,Interior Doors,Aluminum; Wood - Birch; Metal - Paint Finish - Grey,,"4' - 0""","8' - 0""",,"0' - 1 3/4""",70 SF,6.80 CF,
631022,Architecture,Floors,,"Bamboo - 6""",Roof,,,,,,,,B1010,Floor Construction,Structural Bamboo (CLB),,,"0' - 6""",,"0' - 6""",13335 SF,6667.40 CF,
2187671,Architecture,Walls,,"Generic - 8"" - INTERIOR",Roof,,,,,,,,C1010,Partitions,Default Wall,,"0' - 8""",,"9' - 8 3/4""",,63 SF,42.29 CF,
1092426,MEP,Air Terminals,Exhaust Grill,6x6 Connection 3,L -1,,,,Mechanical Exhaust Air 1,Exhaust Air,,,,,,"3""x3""","3""","3""",,,1 SF,0.07 CF,
1092497,MEP,Air Terminals,Exhaust Grill,6x6 Connection 3,L -1,,,,Mechanical Exhaust Air 1,Exhaust Air,,,,,,"3""x3""","3""","3""",,,1 SF,0.07 CF,
1092504,MEP,Air Terminals,Exhaust Grill,6x6 Connection 3,L -1,,,,Mechanical Exhaust Air 1,Exhaust Air,,,,,,"3""x3""","3""","3""",,,1 SF,0.07 CF,
1092511,MEP,Air Terminals,Exhaust Grill,6x6 Connection 3,L -1,,,,Mechanical Exhaust Air 1,Exhaust Air,,,,,,"3""x3""","3""","3""",,,1 SF,0.07 CF,
1092518,MEP,Air Terminals,Exhaust Grill,6x6 Connection 3,L -1,,,,Mechanical Exhaust Air 1,Exhaust Air,,,,,,"3""x3""","3""","3""",,,1 SF,0.07 CF,
1092525,MEP,Air Terminals,Exhaust Grill,6x6 Connection 3,L -1,,,,Mechanical Exhaust Air 1,Exhaust Air,,,,,,"3""x3""","3""","3""",,,1 SF,0.07 CF,
1092813,MEP,Duct Fittings,Rectangular Cross,Standard,L -1,,,,Mechanical Exhaust Air 1,Exhaust Air,,,,,,"6""x5""-6""x5""-6""x5""-6""x5""",,"5""","6""x5""-6""x5""-6""x5""-6""x5""",,,0.17 CF,
1092872,MEP,Duct Fittings,Rectangular Elbow - Mitered,Standard,L -1,,,,Mechanical Exhaust Air 1,Exhaust Air,,,,,,"5""x6""-5""x6""","5""","6""","5""x6""-5""x6""",,,0.12 CF,
1092766,MEP,Duct Fittings,Rectangular Tee,Standard,L -1,,,,Mechanical Exhaust Air 1,Exhaust Air,,,,,,"6""x5""-6""x5""-6""x5""",,"5""","6""x5""-6""x5""-6""x5""",,,0.16 CF,
1092791,MEP,Duct Fittings,Rectangular Tee,Standard,L -1,,,,Mechanical Exhaust Air 1,Exhaust Air,,,,,,"6""x5""-6""x5""-6""x5""",,"5""","6""x5""-6""x5""-6""x5""",,,0.16 CF,
1092829,MEP,Duct Fittings,Rectangular Tee,Standard,L -1,,,,Mechanical Exhaust Air 1,Exhaust Air,,,,,,"6""x5""-6""x5""-6""x5""",,"5""","6""x5""-6""x5""-6""x5""",,,0.16 CF,
1092895,MEP,Duct Fittings,Rectangular to Round Transition - Angle,45 Degree,L -1,,,,Mechanical Exhaust Air 1,Exhaust Air,,,,,,"6""x5""-4""ø","6""","5""","6""x5""-4""ø",,0 SF,0.03 CF,
1092901,MEP,Duct Fittings,Rectangular to Round Transition - Angle,45 Degree,L -1,,,,Mechanical Exhaust Air 1,Exhaust Air,,,,,,"6""x5""-4""ø","6""","5""","6""x5""-4""ø",,0 SF,0.03 CF,
1092906,MEP,Duct Fittings,Rectangular to Round Transition - Angle,45 Degree,L -1,,,,Mechanical Exhaust Air 1,Exhaust Air,,,,,,"6""x5""-4""ø","6""","5""","6""x5""-4""ø",,0 SF,0.03 CF,
1092911,MEP,Duct Fittings,Rectangular to Round Transition - Angle,45 Degree,L -1,,,,Mechanical Exhaust Air 1,Exhaust Air,,,,,,"6""x5""-4""ø","6""","5""","6""x5""-4""ø",,0 SF,0.03 CF,
1092916,MEP,Duct Fittings,Rectangular to Round Transition - Angle,45 Degree,L -1,,,,Mechanical Exhaust Air 1,Exhaust Air,,,,,,"6""x5""-4""ø","6""","5""","6""x5""-4""ø",,0 SF,0.03 CF,
1092921,MEP,Duct Fittings,Rectangular to Round Transition - Angle,45 Degree,L -1,,,,Mechanical Exhaust Air 1,Exhaust Air,,,,,,"6""x5""-4""ø","6""","5""","6""x5""-4""ø",,0 SF,0.03 CF,
1092715,MEP,Ducts,,Mitered Elbows / Tees,L -1,,,,Mechanical Exhaust Air 1,Exhaust Air,,,,,,"6""x5""","6""","5""","0' - 6 3/4""",,1 SF,,
1092722,MEP,Ducts,,Mitered Elbows / Tees,L -1,,,,Mechanical Exhaust Air 1,Exhaust Air,,,,,,"6""x5""","6""","5""","12' - 3 1/2""",,23 SF,,
1092769,MEP,Ducts,,Mitered Elbows / Tees,L -1,,,,Mechanical Exhaust Air 1,Exhaust Air,,,,,,"6""x5""","6""","5""","0' - 11 3/32""",,2 SF,,
1092786,MEP,Ducts,,Mitered Elbows / Tees,L -1,,,,Mechanical Exhaust Air 1,Exhaust Air,,,,,,"6""x5""","6""","5""","2' - 6 5/32""",,5 SF,,
1092792,MEP,Ducts,,Mitered Elbows / Tees,L -1,,,,Mechanical Exhaust Air 1,Exhaust Air,,,,,,"6""x5""","6""","5""","0' - 8 27/32""",,1 SF,,
1092802,MEP,Ducts,,Mitered Elbows / Tees,L -1,,,,Mechanical Exhaust Air 1,Exhaust Air,,,,,,"6""x5""","6""","5""","2' - 6 5/32""",,5 SF,,
1092811,MEP,Ducts,,Mitered Elbows / Tees,L -1,,,,Mechanical Exhaust Air 1,Exhaust Air,,,,,,"6""x5""","6""","5""","0' - 8 27/32""",,1 SF,,
1092812,MEP,Ducts,,Mitered Elbows / Tees,L -1,,,,Mechanical Exhaust Air 1,Exhaust Air,,,,,,"6""x5""","6""","5""","2' - 8 25/32""",,5 SF,,
1092822,MEP,Ducts,,Mitered Elbows / Tees,L -1,,,,Mechanical Exhaust Air 1,Exhaust Air,,,,,,"6""x5""","6""","5""","2' - 6 5/32""",,5 SF,,
1092830,MEP,Ducts,,Mitered Elbows / Tees,L -1,,,,Mechanical Exhaust Air 1,Exhaust Air,,,,,,"6""x5""","6""","5""","0' - 8 27/32""",,1 SF,,
1092863,MEP,Ducts,,Mitered Elbows / Tees,L -1,,,,Mechanical Exhaust Air 1,Exhaust Air,,,,,,"6""x5""","6""","5""","2' - 3 1/2""",,4 SF,,
1093630,MEP,Ducts,,Mitered Elbows / Tees,L -1,,,,Mechanical Exhaust Air 1,Exhaust Air,,,,,,"6""x5""","6""","5""","14' - 10 1/2""",,27 SF,,
1093972,MEP,Ducts,,Mitered Elbows / Tees,L -1,,,,Mechanical Exhaust Air 1,Exhaust Air,,,,,,"6""x5""","6""","5""","11' - 3 1/2""",,21 SF,,
1708563,MEP,Plumbing Fixtures,M_Sink Kitchen-Island,450 x 450mm,L -1,,,,,,,,,,"Metal - Steel, Polished",,"1' - 5 23/32""",,,,5 SF,0.24 CF,L -1 Zone 1
2010745,MEP,Plumbing Fixtures,M_Toilet-Residencial-3D,M_Toilet-Residencial-3D,L -1,,,,,,,,,,"Laminado - Linho, Opaco; Porcelana - Linho",,,,,,20 SF,1.10 CF,
2010746,MEP,Plumbing Fixtures,M_Toilet-Residencial-3D,M_Toilet-Residencial-3D,L -1,,,,,,,,,,"Laminado - Linho, Opaco; Porcelana - Linho",,,,,,20 SF,1.10 CF,
2010747,MEP,Plumbing Fixtures,M_Toilet-Residencial-3D,M_Toilet-Residencial-3D,L -1,,,,,,,,,,"Laminado - Linho, Opaco; Porcelana - Linho",,,,,,20 SF,1.10 CF,
2010847,MEP,Plumbing Fixtures,M_Toilet-Residencial-3D,M_Toilet-Residencial-3D,L -1,,,,,,,,,,"Laminado - Linho, Opaco; Porcelana - Linho",,,,,,20 SF,1.10 CF,
2010848,MEP,Plumbing Fixtures,M_Toilet-Residencial-3D,M_Toilet-Residencial-3D,L -1,,,,,,,,,,"Laminado - Linho, Opaco; Porcelana - Linho",,,,,,20 SF,1.10 CF,L -1 Zone 3
2010849,MEP,Plumbing Fixtures,M_Toilet-Residencial-3D,M_Toilet-Residencial-3D,L -1,,,,,,,,,,"Laminado - Linho, Opaco; Porcelana - Linho",,,,,,20 SF,1.10 CF,
2010743,MEP,Plumbing Fixtures,M_Vão da pia-Redondo,482 x 482 mm,L -1,,,,,,,,,,Stainless Steel; Porcelana - Linho,,,,,,5 SF,0.43 CF,L -1 Zone 3
2010744,MEP,Plumbing Fixtures,M_Vão da pia-Redondo,482 x 482 mm,L -1,,,,,,,,,,Stainless Steel; Porcelana - Linho,,,,,,5 SF,0.43 CF,L -1 Zone 3
2010845,MEP,Plumbing Fixtures,M_Vão da pia-Redondo,482 x 482 mm,L -1,,,,,,,,,,Stainless Steel; Porcelana - Linho,,,,,,5 SF,0.43 CF,L -1 Zone 3
2010846,MEP,Plumbing Fixtures,M_Vão da pia-Redondo,482 x 482 mm,L -1,,,,,,,,,,Stainless Steel; Porcelana - Linho,,,,,,5 SF,0.43 CF,L -1 Zone 3
1092924,MEP,Air Terminals,Exhaust Grill,6x6 Connection 3,L 0,,,,Mechanical Exhaust Air 1,Exhaust Air,,,,,,"3""x3""","3""","3""",,,1 SF,0.07 CF,L 0 Zone 5
1093091,MEP,Air Terminals,Exhaust Grill,6x6 Connection 3,L 0,,,,Mechanical Exhaust Air 1,Exhaust Air,,,,,,"3""x3""","3""","3""",,,1 SF,0.07 CF,L 0 Zone 5
1093192,MEP,Air Terminals,Exhaust Grill,6x6 Connection 3,L 0,,,,Mechanical Exhaust Air 1,Exhaust Air,,,,,,"3""x3""","3""","3""",,,1 SF,0.07 CF,L 0 Zone 5
1093279,MEP,Air Terminals,Exhaust Grill,6x6 Connection 3,L 0,,,,Mechanical Exhaust Air 1,Exhaust Air,,,,,,"3""x3""","3""","3""",,,1 SF,0.07 CF,L 0 Zone 5
1093318,MEP,Air Terminals,Exhaust Grill,6x6 Connection 3,L 0,,,,Mechanical Exhaust Air 1,Exhaust Air,,,,,,"3""x3""","3""","3""",,,1 SF,0.07 CF,L 0 Zone 5
1093417,MEP,Air Terminals,Exhaust Grill,6x6 Connection 3,L 0,,,,Mechanical Exhaust Air 1,Exhaust Air,,,,,,"3""x3""","3""","3""",,,1 SF,0.07 CF,L 0 Zone 5
1090006,MEP,Air Terminals,PRICE-40FF- Filter Frame Stamped Residential Grille-RETURN Hosted,"24"" x 12""",L 0,,,,Mechanical Return Air 29,Return Air,,,,,,"24""x12""","1' - 0""",,"2' - 0""",,,0.26 CF,
1087552,MEP,Air Terminals,Supply Diffuser,12x12 Connection 2,L 0,,,,,,,,,,,"6""x6""","6""","6""",,,1 SF,0.19 CF,L 0 Zone 2
1087713,MEP,Air Terminals,Supply Diffuser,12x12 Connection 2,L 0,,,,,,,,,,,"6""x6""","6""","6""",,,1 SF,0.19 CF,L 0 Zone 2
1087792,MEP,Air Terminals,Supply Diffuser,12x12 Connection 2,L 0,,,,,,,,,,,"6""x6""","6""","6""",,,1 SF,0.19 CF,
1087915,MEP,Air Terminals,Supply Diffuser,12x12 Connection 2,L 0,,,,,,,,,,,"6""x6""","6""","6""",,,1 SF,0.19 CF,L 0 Zone 1
1087992,MEP,Air Terminals,Supply Diffuser,12x12 Connection 2,L 0,,,,,,,,,,,"6""x6""","6""","6""",,,1 SF,0.19 CF,L 0 Zone 1
1088081,MEP,Air Terminals,Supply Diffuser,12x12 Connection 2,L 0,,,,,,,,,,,"6""x6""","6""","6""",,,1 SF,0.19 CF,
1088361,MEP,Air Terminals,Supply Diffuser,12x12 Connection 2,L 0,,,,,,,,,,,"6""x6""","6""","6""",,,1 SF,0.19 CF,
1088501,MEP,Air Terminals,Supply Diffuser,12x12 Connection 2,L 0,,,,,,,,,,,"6""x6""","6""","6""",,,1 SF,0.19 CF,L 0 Zone 1
1088861,MEP,Air Terminals,Supply Diffuser,8x8 Connection 4,L 0,,,,Mechanical Supply Air 2,Supply Air,,,,,,"4""x4""","4""","4""",,,1 SF,0.09 CF,
1095254,MEP,Air Terminals,Supply Diffuser,8x8 Connection 4,L 0,,,,,,,,,,,"4""x4""","4""","4""",,,1 SF,0.09 CF,L 0 Zone 5
1095371,MEP,Air Terminals,Supply Diffuser,8x8 Connection 4,L 0,,,,,,,,,,,"4""x4""","4""","4""",,,1 SF,0.09 CF,
1093733,MEP,Duct Fittings,Rectangular Cross,Standard,L 0,,,,Mechanical Exhaust Air 1,Exhaust Air,,,,,,"5""x6""-5""x6""-5""x6""-5""x6""",,"6""","5""x6""-5""x6""-5""x6""-5""x6""",,,0.16 CF,L 0 Zone 5
1094863,MEP,Duct Fittings,Rectangular Cross,Standard,L 0,,,,Mechanical Supply Air 3,Supply Air,,,,,,"5""x6""-5""x6""-5""x6""-5""x6""",,"6""","5""x6""-5""x6""-5""x6""-5""x6""",,,0.16 CF,
1094919,MEP,Duct Fittings,Rectangular Cross,Standard,L 0,,,,Mechanical Supply Air 3,Supply Air,,,,,,"5""x6""-5""x6""-5""x6""-5""x6""",,"6""","5""x6""-5""x6""-5""x6""-5""x6""",,,0.16 CF,
1092419,MEP,Duct Fittings,Rectangular Elbow - Mitered,Standard,L 0,,,,Mechanical Supply Air 2,Supply Air,,,,,,"6""x5""-6""x5""","6""","5""","6""x5""-6""x5""",,,0.14 CF,
1094990,MEP,Duct Fittings,Rectangular Elbow - Mitered,Standard,L 0,,,,Mechanical Supply Air 2,Supply Air,,,,,,"5""x6""-5""x6""","5""","6""","5""x6""-5""x6""",,,0.12 CF,
1095628,MEP,Duct Fittings,Rectangular Elbow - Mitered,Standard,L 0,,,,Mechanical Supply Air 3,Supply Air,,,,,,"6""x5""-6""x5""","6""","5""","6""x5""-6""x5""",,,0.14 CF,L 0 Zone 5
1095645,MEP,Duct Fittings,Rectangular Elbow - Mitered,Standard,L 0,,,,Mechanical Supply Air 3,Supply Air,,,,,,"5""x6""-5""x6""","5""","6""","5""x6""-5""x6""",,,0.12 CF,L 0 Zone 5
1095731,MEP,Duct Fittings,Rectangular Elbow - Mitered,Standard,L 0,,,,Mechanical Supply Air 3,Supply Air,,,,,,"6""x5""-6""x5""","6""","5""","6""x5""-6""x5""",,,0.14 CF,L 0 Zone 5
1093629,MEP,Duct Fittings,Rectangular Tee,Standard,L 0,,,,Mechanical Exhaust Air 1,Exhaust Air,,,,,,"6""x6""-5""x6""-5""x6""",,"6""","6""x6""-5""x6""-5""x6""",,,0.16 CF,L 0 Zone 5
1093693,MEP,Duct Fittings,Rectangular Tee,Standard,L 0,,,,Mechanical Exhaust Air 1,Exhaust Air,,,,,,"5""x6""-5""x6""-5""x6""",,"6""","5""x6""-5""x6""-5""x6""",,,0.14 CF,L 0 Zone 5
1093750,MEP,Duct Fittings,Rectangular Tee,Standard,L 0,,,,Mechanical Exhaust Air 1,Exhaust Air,,,,,,"5""x6""-5""x6""-5""x6""",,"6""","5""x6""-5""x6""-5""x6""",,,0.14 CF,L 0 Zone 5
1093840,MEP,Duct Fittings,Rectangular Tee,Standard,L 0,,,,Mechanical Exhaust Air 1,Exhaust Air,,,,,,"5""x6""-5""x6""-5""x6""",,"6""","5""x6""-5""x6""-5""x6""",,,0.14 CF,L 0 Zone 5
1093971,MEP,Duct Fittings,Rectangular Tee,Standard,L 0,,,,Mechanical Exhaust Air 1,Exhaust Air,,,,,,"5""x6""-5""x6""-5""x6""",,"6""","5""x6""-5""x6""-5""x6""",,,0.14 CF,L 0 Zone 5
1094811,MEP,Duct Fittings,Rectangular Tee,Standard,L 0,,,,Mechanical Supply Air 3,Supply Air,,,,,,"5""x6""-5""x6""-5""x6""",,"6""","5""x6""-5""x6""-5""x6""",,,0.14 CF,
1094845,MEP,Duct Fittings,Rectangular Tee,Standard,L 0,,,,Mechanical Supply Air 3,Supply Air,,,,,,"5""x6""-5""x6""-5""x6""",,"6""","5""x6""-5""x6""-5""x6""",,,0.14 CF,L 0 Zone 1
1094936,MEP,Duct Fittings,Rectangular Tee,Standard,L 0,,,,Mechanical Supply Air 3,Supply Air,,,,,,"5""x6""-5""x6""-5""x6""",,"6""","5""x6""-5""x6""-5""x6""",,,0.14 CF,L 0 Zone 2
1094978,MEP,Duct Fittings,Rectangular Tee,Standard,L 0,,,,Mechanical Supply Air 2,Supply Air,,,,,,"6""x6""-5""x6""-5""x6""",,"6""","6""x6""-5""x6""-5""x6""",,,0.16 CF,
1095621,MEP,Duct Fittings,Rectangular Tee,Standard,L 0,,,,Mechanical Supply Air 3,Supply Air,,,,,,"6""x5""-6""x5""-5""x5""",,"5""","6""x5""-6""x5""-5""x5""",,,0.14 CF,L 0 Zone 5
1095663,MEP,Duct Fittings,Rectangular Tee,Standard,L 0,,,,Mechanical Supply Air 3,Supply Air,,,,,,"5""x6""-5""x6""-5""x6""",,"6""","5""x6""-5""x6""-5""x6""",,,0.14 CF,L 0 Zone 5
1093843,MEP,Duct Fittings,Rectangular Transition - Angle,45 Degree,L 0,,,,Mechanical Exhaust Air 1,Exhaust Air,,,,,,"6""x6""-5""x6""",,,"6""x6""-5""x6""",,0 SF,0.02 CF,L 0 Zone 5
1094981,MEP,Duct Fittings,Rectangular Transition - Angle,45 Degree,L 0,,,,Mechanical Supply Air 2,Supply Air,,,,,,"6""x6""-5""x6""",,,"6""x6""-5""x6""",,0 SF,0.02 CF,
1095626,MEP,Duct Fittings,Rectangular Transition - Angle,45 Degree,L 0,,,,Mechanical Supply Air 3,Supply Air,,,,,,"5""x6""-5""x5""",,,"5""x6""-5""x5""",,0 SF,0.02 CF,L 0 Zone 5
1086041,MEP,Duct Fittings,Rectangular to Round Transition - Angle,45 Degree,L 0,,,,Mechanical Supply Air 2,Supply Air,,,,,,"4""ø-3""x3""","3""","3""","4""ø-3""x3""",,0 SF,0.01 CF,
1086071,MEP,Duct Fittings,Rectangular to Round Transition - Angle,45 Degree,L 0,,,,Mechanical Supply Air 2,Supply Air,,,,,,"4""ø-3""x3""","3""","3""","4""ø-3""x3""",,0 SF,0.01 CF,
1086113,MEP,Duct Fittings,Rectangular to Round Transition - Angle,45 Degree,L 0,,,,Mechanical Supply Air 2,Supply Air,,,,,,"4""ø-3""x3""","3""","3""","4""ø-3""x3""",,0 SF,0.01 CF,
1086251,MEP,Duct Fittings,Rectangular to Round Transition - Angle,45 Degree,L 0,,,,Mechanical Supply Air 2,Supply Air,,,,,,"4""ø-3""x3""","3""","3""","4""ø-3""x3""",,0 SF,0.01 CF,
1086256,MEP,Duct Fittings,Rectangular to Round Transition - Angle,45 Degree,L 0,,,,Mechanical Supply Air 2,Supply Air,,,,,,"4""ø-3""x3""","3""","3""","4""ø-3""x3""",,0 SF,0.01 CF,
1086261,MEP,Duct Fittings,Rectangular to Round Transition - Angle,45 Degree,L 0,,,,Mechanical Supply Air 2,Supply Air,,,,,,"4""ø-3""x3""","3""","3""","4""ø-3""x3""",,0 SF,0.01 CF,
1086273,MEP,Duct Fittings,Rectangular to Round Transition - Angle,45 Degree,L 0,,,,Mechanical Supply Air 2,Supply Air,,,,,,"4""ø-3""x3""","3""","3""","4""ø-3""x3""",,0 SF,0.01 CF,
1086641,MEP,Duct Fittings,Rectangular to Round Transition - Angle,45 Degree,L 0,,,,Mechanical Supply Air 1,Supply Air,,,,,,"4""ø-3""x3""","3""","3""","4""ø-3""x3""",,0 SF,0.01 CF,
1086711,MEP,Duct Fittings,Rectangular to Round Transition - Angle,45 Degree,L 0,,,,Mechanical Supply Air 1,Supply Air,,,,,,"4""ø-3""x3""","3""","3""","4""ø-3""x3""",,0 SF,0.01 CF,
1086737,MEP,Duct Fittings,Rectangular to Round Transition - Angle,45 Degree,L 0,,,,Mechanical Supply Air 1,Supply Air,,,,,,"4""ø-3""x3""","3""","3""","4""ø-3""x3""",,0 SF,0.01 CF,
1086765,MEP,Duct Fittings,Rectangular to Round Transition - Angle,45 Degree,L 0,,,,Mechanical Supply Air 1,Supply Air,,,,,,"4""ø-3""x3""","3""","3""","4""ø-3""x3""",,0 SF,0.01 CF,
1086785,MEP,Duct Fittings,Rectangular to Round Transition - Angle,45 Degree,L 0,,,,Mechanical Supply Air 1,Supply Air,,,,,,"4""ø-3""x3""","3""","3""","4""ø-3""x3""",,0 SF,0.01 CF,
1086805,MEP,Duct Fittings,Rectangular to Round Transition - Angle,45 Degree,L 0,,,,Mechanical Supply Air 1,Supply Air,,,,,,"4""ø-3""x3""","3""","3""","4""ø-3""x3""",,0 SF,0.01 CF,
1086825,MEP,Duct Fittings,Rectangular to Round Transition - Angle,45 Degree,L 0,,,,Mechanical Supply Air 1,Supply Air,,,,,,"4""ø-3""x3""","3""","3""","4""ø-3""x3""",,0 SF,0.01 CF,L 0 Zone 4
1086845,MEP,Duct Fittings,Rectangular to Round Transition - Angle,45 Degree,L 0,,,,Mechanical Supply Air 1,Supply Air,,,,,,"4""ø-3""x3""","3""","3""","4""ø-3""x3""",,0 SF,0.01 CF,L 0 Zone 4
1086865,MEP,Duct Fittings,Rectangular to Round Transition - Angle,45 Degree,L 0,,,,Mechanical Supply Air 1,Supply Air,,,,,,"4""ø-3""x3""","3""","3""","4""ø-3""x3""",,0 SF,0.01 CF,
1086885,MEP,Duct Fittings,Rectangular to Round Transition - Angle,45 Degree,L 0,,,,Mechanical Supply Air 1,Supply Air,,,,,,"4""ø-3""x3""","3""","3""","4""ø-3""x3""",,0 SF,0.01 CF,
1086911,MEP,Duct Fittings,Rectangular to Round Transition - Angle,45 Degree,L 0,,,,Mechanical Supply Air 1,Supply Air,,,,,,"4""ø-3""x3""","3""","3""","4""ø-3""x3""",,0 SF,0.01 CF,L 0 Zone 3
1086931,MEP,Duct Fittings,Rectangular to Round Transition - Angle,45 Degree,L 0,,,,Mechanical Supply Air 1,Supply Air,,,,,,"4""ø-3""x3""","3""","3""","4""ø-3""x3""",,0 SF,0.01 CF,L 0 Zone 3
1086951,MEP,Duct Fittings,Rectangular to Round Transition - Angle,45 Degree,L 0,,,,Mechanical Supply Air 1,Supply Air,,,,,,"4""ø-3""x3""","3""","3""","4""ø-3""x3""",,0 SF,0.01 CF,L 0 Zone 3
1086970,MEP,Duct Fittings,Rectangular to Round Transition - Angle,45 Degree,L 0,,,,Mechanical Supply Air 1,Supply Air,,,,,,"4""ø-3""x3""","3""","3""","4""ø-3""x3""",,0 SF,0.01 CF,
1087074,MEP,Duct Fittings,Rectangular to Round Transition - Angle,45 Degree,L 0,,,,Mechanical Supply Air 2,Supply Air,,,,,,"4""x4""-4""ø","4""","4""","4""x4""-4""ø",,0 SF,0.01 CF,L 0 Zone 3
1087175,MEP,Duct Fittings,Rectangular to Round Transition - Angle,45 Degree,L 0,,,,Mechanical Supply Air 2,Supply Air,,,,,,"4""x4""-4""ø","4""","4""","4""x4""-4""ø",,0 SF,0.01 CF,L 0 Zone 3
1087350,MEP,Duct Fittings,Rectangular to Round Transition - Angle,45 Degree,L 0,,,,Mechanical Supply Air 2,Supply Air,,,,,,"4""ø-3""x3""","3""","3""","4""ø-3""x3""",,0 SF,0.01 CF,
1087366,MEP,Duct Fittings,Rectangular to Round Transition - Angle,45 Degree,L 0,,,,Mechanical Supply Air 2,Supply Air,,,,,,"4""ø-3""x3""","3""","3""","4""ø-3""x3""",,0 SF,0.01 CF,
1087382,MEP,Duct Fittings,Rectangular to Round Transition - Angle,45 Degree,L 0,,,,Mechanical Supply Air 2,Supply Air,,,,,,"4""ø-3""x3""","3""","3""","4""ø-3""x3""",,0 SF,0.01 CF,
1087398,MEP,Duct Fittings,Rectangular to Round Transition - Angle,45 Degree,L 0,,,,Mechanical Supply Air 2,Supply Air,,,,,,"4""ø-3""x3""","3""","3""","4""ø-3""x3""",,0 SF,0.01 CF,
1087423,MEP,Duct Fittings,Rectangular to Round Transition - Angle,45 Degree,L 0,,,,Mechanical Supply Air 2,Supply Air,,,,,,"4""x4""-4""ø","4""","4""","4""x4""-4""ø",,0 SF,0.01 CF,
1087450,MEP,Duct Fittings,Rectangular to Round Transition - Angle,45 Degree,L 0,,,,Mechanical Supply Air 2,Supply Air,,,,,,"4""x4""-4""ø","4""","4""","4""x4""-4""ø",,0 SF,0.01 CF,
1092897,MEP,Duct Fittings,Rectangular to Round Transition - Angle,45 Degree,L 0,,,,Mechanical Exhaust Air 1,Exhaust Air,,,,,,"4""ø-3""x3""","3""","3""","4""ø-3""x3""",,0 SF,0.01 CF,L 0 Zone 5
1092902,MEP,Duct Fittings,Rectangular to Round Transition - Angle,45 Degree,L 0,,,,Mechanical Exhaust Air 1,Exhaust Air,,,,,,"4""ø-3""x3""","3""","3""","4""ø-3""x3""",,0 SF,0.01 CF,L 0 Zone 5
1092907,MEP,Duct Fittings,Rectangular to Round Transition - Angle,45 Degree,L 0,,,,Mechanical Exhaust Air 1,Exhaust Air,,,,,,"4""ø-3""x3""","3""","3""","4""ø-3""x3""",,0 SF,0.01 CF,L 0 Zone 5
1092912,MEP,Duct Fittings,Rectangular to Round Transition - Angle,45 Degree,L 0,,,,Mechanical Exhaust Air 1,Exhaust Air,,,,,,"4""ø-3""x3""","3""","3""","4""ø-3""x3""",,0 SF,0.01 CF,L 0 Zone 5
1092917,MEP,Duct Fittings,Rectangular to Round Transition - Angle,45 Degree,L 0,,,,Mechanical Exhaust Air 1,Exhaust Air,,,,,,"4""ø-3""x3""","3""","3""","4""ø-3""x3""",,0 SF,0.01 CF,L 0 Zone 5
1092922,MEP,Duct Fittings,Rectangular to Round Transition - Angle,45 Degree,L 0,,,,Mechanical Exhaust Air 1,Exhaust Air,,,,,,"4""ø-3""x3""","3""","3""","4""ø-3""x3""",,0 SF,0.01 CF,L 0 Zone 5
1093849,MEP,Duct Fittings,Rectangular to Round Transition - Angle,45 Degree,L 0,,,,Mechanical Exhaust Air 1,Exhaust Air,,,,,,"5""x6""-4""ø","5""","6""","5""x6""-4""ø",,0 SF,0.03 CF,L 0 Zone 5
1093850,MEP,Duct Fittings,Rectangular to Round Transition - Angle,45 Degree,L 0,,,,Mechanical Exhaust Air 1,Exhaust Air,,,,,,"4""ø-3""x3""","3""","3""","4""ø-3""x3""",,0 SF,0.01 CF,L 0 Zone 5
1093855,MEP,Duct Fittings,Rectangular to Round Transition - Angle,45 Degree,L 0,,,,Mechanical Exhaust Air 1,Exhaust Air,,,,,,"5""x6""-4""ø","5""","6""","5""x6""-4""ø",,0 SF,0.03 CF,L 0 Zone 5
1093856,MEP,Duct Fittings,Rectangular to Round Transition - Angle,45 Degree,L 0,,,,Mechanical Exhaust Air 1,Exhaust Air,,,,,,"4""ø-3""x3""","3""","3""","4""ø-3""x3""",,0 SF,0.01 CF,L 0 Zone 5
1093913,MEP,Duct Fittings,Rectangular to Round Transition - Angle,45 Degree,L 0,,,,Mechanical Exhaust Air 1,Exhaust Air,,,,,,"5""x6""-4""ø","5""","6""","5""x6""-4""ø",,0 SF,0.03 CF,L 0 Zone 5
1093914,MEP,Duct Fittings,Rectangular to Round Transition - Angle,45 Degree,L 0,,,,Mechanical Exhaust Air 1,Exhaust Air,,,,,,"4""ø-3""x3""","3""","3""","4""ø-3""x3""",,0 SF,0.01 CF,L 0 Zone 5
1093918,MEP,Duct Fittings,Rectangular to Round Transition - Angle,45 Degree,L 0,,,,Mechanical Exhaust Air 1,Exhaust Air,,,,,,"5""x6""-4""ø","5""","6""","5""x6""-4""ø",,0 SF,0.03 CF,L 0 Zone 5
1093919,MEP,Duct Fittings,Rectangular to Round Transition - Angle,45 Degree,L 0,,,,Mechanical Exhaust Air 1,Exhaust Air,,,,,,"4""ø-3""x3""","3""","3""","4""ø-3""x3""",,0 SF,0.01 CF,L 0 Zone 5
1093923,MEP,Duct Fittings,Rectangular to Round Transition - Angle,45 Degree,L 0,,,,Mechanical Exhaust Air 1,Exhaust Air,,,,,,"5""x6""-4""ø","5""","6""","5""x6""-4""ø",,0 SF,0.03 CF,L 0 Zone 5
1093924,MEP,Duct Fittings,Rectangular to Round Transition - Angle,45 Degree,L 0,,,,Mechanical Exhaust Air 1,Exhaust Air,,,,,,"4""ø-3""x3""","3""","3""","4""ø-3""x3""",,0 SF,0.01 CF,L 0 Zone 5
1093928,MEP,Duct Fittings,Rectangular to Round Transition - Angle,45 Degree,L 0,,,,Mechanical Exhaust Air 1,Exhaust Air,,,,,,"5""x6""-4""ø","5""","6""","5""x6""-4""ø",,0 SF,0.03 CF,L 0 Zone 5
1093929,MEP,Duct Fittings,Rectangular to Round Transition - Angle,45 Degree,L 0,,,,Mechanical Exhaust Air 1,Exhaust Air,,,,,,"4""ø-3""x3""","3""","3""","4""ø-3""x3""",,0 SF,0.01 CF,L 0 Zone 5
1094294,MEP,Duct Fittings,Rectangular to Round Transition - Angle,45 Degree,L 0,,,,Mechanical Exhaust Air 1,Exhaust Air,,,,,,"4""ø-3""x3""","3""","3""","4""ø-3""x3""",,0 SF,0.01 CF,L 0 Zone 5
1094299,MEP,Duct Fittings,Rectangular to Round Transition - Angle,45 Degree,L 0,,,,Mechanical Exhaust Air 1,Exhaust Air,,,,,,"4""ø-3""x3""","3""","3""","4""ø-3""x3""",,0 SF,0.01 CF,L 0 Zone 5
1094304,MEP,Duct Fittings,Rectangular to Round Transition - Angle,45 Degree,L 0,,,,Mechanical Exhaust Air 1,Exhaust Air,,,,,,"4""ø-3""x3""","3""","3""","4""ø-3""x3""",,0 SF,0.01 CF,L 0 Zone 5
1094309,MEP,Duct Fittings,Rectangular to Round Transition - Angle,45 Degree,L 0,,,,Mechanical Exhaust Air 1,Exhaust Air,,,,,,"4""ø-3""x3""","3""","3""","4""ø-3""x3""",,0 SF,0.01 CF,L 0 Zone 5
1094314,MEP,Duct Fittings,Rectangular to Round Transition - Angle,45 Degree,L 0,,,,Mechanical Exhaust Air 1,Exhaust Air,,,,,,"4""ø-3""x3""","3""","3""","4""ø-3""x3""",,0 SF,0.01 CF,L 0 Zone 5
1094319,MEP,Duct Fittings,Rectangular to Round Transition - Angle,45 Degree,L 0,,,,Mechanical Exhaust Air 1,Exhaust Air,,,,,,"4""ø-3""x3""","3""","3""","4""ø-3""x3""",,0 SF,0.01 CF,L 0 Zone 5
1095014,MEP,Duct Fittings,Rectangular to Round Transition - Angle,45 Degree,L 0,,,,Mechanical Supply Air 2,Supply Air,,,,,,"5""x6""-4""ø","5""","6""","5""x6""-4""ø",,0 SF,0.03 CF,
1095015,MEP,Duct Fittings,Rectangular to Round Transition - Angle,45 Degree,L 0,,,,Mechanical Supply Air 2,Supply Air,,,,,,"4""x4""-4""ø","4""","4""","4""x4""-4""ø",,0 SF,0.01 CF,
1091557,MEP,Ducts,,Mitered Elbows / Tees,L 0,,,,Mechanical Return Air 29,Return Air,,,,,,"24""x12""","24""","12""","0' - 8""",,4 SF,,
1091843,MEP,Ducts,,Mitered Elbows / Tees,L 0,,,,Mechanical Supply Air 2,Supply Air,,,,,,"5""x6""","5""","6""","14' - 5""",,26 SF,,
1092373,MEP,Ducts,,Mitered Elbows / Tees,L 0,,,,Mechanical Supply Air 2,Supply Air,,,,,,"5""x6""","5""","6""","4' - 2""",,8 SF,,
1093671,MEP,Ducts,,Mitered Elbows / Tees,L 0,,,,Mechanical Exhaust Air 1,Exhaust Air,,,,,,"5""x6""","5""","6""","0' - 8 3/16""",,1 SF,,L 0 Zone 5
1093684,MEP,Ducts,,Mitered Elbows / Tees,L 0,,,,Mechanical Exhaust Air 1,Exhaust Air,,,,,,"5""x6""","5""","6""","2' - 6 13/16""",,5 SF,,L 0 Zone 5
1093694,MEP,Ducts,,Mitered Elbows / Tees,L 0,,,,Mechanical Exhaust Air 1,Exhaust Air,,,,,,"5""x6""","5""","6""","0' - 9 3/16""",,1 SF,,L 0 Zone 5
1093724,MEP,Ducts,,Mitered Elbows / Tees,L 0,,,,Mechanical Exhaust Air 1,Exhaust Air,,,,,,"5""x6""","5""","6""","2' - 6 13/16""",,5 SF,,L 0 Zone 5
1093731,MEP,Ducts,,Mitered Elbows / Tees,L 0,,,,Mechanical Exhaust Air 1,Exhaust Air,,,,,,"5""x6""","5""","6""","0' - 9 3/16""",,1 SF,,L 0 Zone 5
1093732,MEP,Ducts,,Mitered Elbows / Tees,L 0,,,,Mechanical Exhaust Air 1,Exhaust Air,,,,,,"5""x6""","5""","6""","2' - 10""",,5 SF,,L 0 Zone 5
1093743,MEP,Ducts,,Mitered Elbows / Tees,L 0,,,,Mechanical Exhaust Air 1,Exhaust Air,,,,,,"5""x6""","5""","6""","2' - 6 13/16""",,5 SF,,L 0 Zone 5
1093751,MEP,Ducts,,Mitered Elbows / Tees,L 0,,,,Mechanical Exhaust Air 1,Exhaust Air,,,,,,"5""x6""","5""","6""","0' - 9 3/16""",,1 SF,,L 0 Zone 5
1093833,MEP,Ducts,,Mitered Elbows / Tees,L 0,,,,Mechanical Exhaust Air 1,Exhaust Air,,,,,,"5""x6""","5""","6""","12' - 2 1/4""",,22 SF,,L 0 Zone 5
1093841,MEP,Ducts,,Mitered Elbows / Tees,L 0,,,,Mechanical Exhaust Air 1,Exhaust Air,,,,,,"5""x6""","5""","6""","0' - 11 13/16""",,2 SF,,L 0 Zone 5
1094774,MEP,Ducts,,Mitered Elbows / Tees,L 0,,,,Mechanical Supply Air 3,Supply Air,,,,,,"5""x6""","5""","6""","26' - 5""",,48 SF,,L 0 Zone 1
1094783,MEP,Ducts,,Mitered Elbows / Tees,L 0,,,,Mechanical Supply Air 3,Supply Air,,,,,,"5""x6""","5""","6""","13' - 0 11/16""",,24 SF,,L 0 Zone 2
1094813,MEP,Ducts,,Mitered Elbows / Tees,L 0,,,,Mechanical Supply Air 3,Supply Air,,,,,,"5""x6""","5""","6""","15' - 3""",,28 SF,,L 0 Zone 1
1094838,MEP,Ducts,,Mitered Elbows / Tees,L 0,,,,Mechanical Supply Air 3,Supply Air,,,,,,"5""x6""","5""","6""","3' - 8""",,7 SF,,
1094846,MEP,Ducts,,Mitered Elbows / Tees,L 0,,,,Mechanical Supply Air 3,Supply Air,,,,,,"5""x6""","5""","6""","3' - 8""",,7 SF,,L 0 Zone 1
1094854,MEP,Ducts,,Mitered Elbows / Tees,L 0,,,,Mechanical Supply Air 3,Supply Air,,,,,,"5""x6""","5""","6""","3' - 8""",,7 SF,,
1094861,MEP,Ducts,,Mitered Elbows / Tees,L 0,,,,Mechanical Supply Air 3,Supply Air,,,,,,"5""x6""","5""","6""","3' - 8""",,7 SF,,L 0 Zone 1
1094862,MEP,Ducts,,Mitered Elbows / Tees,L 0,,,,Mechanical Supply Air 3,Supply Air,,,,,,"5""x6""","5""","6""","18' - 5""",,34 SF,,
1094908,MEP,Ducts,,Mitered Elbows / Tees,L 0,,,,Mechanical Supply Air 3,Supply Air,,,,,,"5""x6""","5""","6""","3' - 8""",,7 SF,,
1094917,MEP,Ducts,,Mitered Elbows / Tees,L 0,,,,Mechanical Supply Air 3,Supply Air,,,,,,"5""x6""","5""","6""","3' - 8""",,7 SF,,L 0 Zone 1
1094918,MEP,Ducts,,Mitered Elbows / Tees,L 0,,,,Mechanical Supply Air 3,Supply Air,,,,,,"5""x6""","5""","6""","3' - 5 5/16""",,6 SF,,
1094929,MEP,Ducts,,Mitered Elbows / Tees,L 0,,,,Mechanical Supply Air 3,Supply Air,,,,,,"5""x6""","5""","6""","3' - 8""",,7 SF,,L 0 Zone 2
1094937,MEP,Ducts,,Mitered Elbows / Tees,L 0,,,,Mechanical Supply Air 3,Supply Air,,,,,,"5""x6""","5""","6""","3' - 8""",,7 SF,,L 0 Zone 2
1094973,MEP,Ducts,,Mitered Elbows / Tees,L 0,,,,Mechanical Supply Air 2,Supply Air,,,,,,"5""x6""","5""","6""","5' - 10 5/8""",,11 SF,,
1094979,MEP,Ducts,,Mitered Elbows / Tees,L 0,,,,Mechanical Supply Air 2,Supply Air,,,,,,"5""x6""","5""","6""","11' - 3""",,21 SF,,
1094983,MEP,Ducts,,Mitered Elbows / Tees,L 0,,,,Mechanical Supply Air 2,Supply Air,,,,,,"5""x6""","5""","6""","1' - 0""",,2 SF,,
1095620,MEP,Ducts,,Mitered Elbows / Tees,L 0,,,,Mechanical Supply Air 3,Supply Air,,,,,,"5""x6""","5""","6""","1' - 7 25/32""",,3 SF,,L 0 Zone 5
1095622,MEP,Ducts,,Mitered Elbows / Tees,L 0,,,,Mechanical Supply Air 3,Supply Air,,,,,,"5""x6""","5""","6""","4' - 8""",,9 SF,,L 0 Zone 5
1095631,MEP,Ducts,,Mitered Elbows / Tees,L 0,,,,Mechanical Supply Air 3,Supply Air,,,,,,"5""x6""","5""","6""","7' - 5""",,14 SF,,L 0 Zone 5
1095638,MEP,Ducts,,Mitered Elbows / Tees,L 0,,,,Mechanical Supply Air 3,Supply Air,,,,,,"5""x6""","5""","6""","1' - 5 1/2""",,3 SF,,
1095656,MEP,Ducts,,Mitered Elbows / Tees,L 0,,,,Mechanical Supply Air 3,Supply Air,,,,,,"5""x6""","5""","6""","1' - 5 1/2""",,3 SF,,L 0 Zone 5
1095664,MEP,Ducts,,Mitered Elbows / Tees,L 0,,,,Mechanical Supply Air 3,Supply Air,,,,,,"5""x6""","5""","6""","29' - 8 13/16""",,55 SF,,L 0 Zone 5
1095724,MEP,Ducts,,Mitered Elbows / Tees,L 0,,,,Mechanical Supply Air 3,Supply Air,,,,,,"5""x6""","5""","6""","20' - 8""",,38 SF,,L 0 Zone 5
1086036,MEP,Flex Ducts,,Flex - Round,L 0,,,,Mechanical Supply Air 2,Supply Air,,,,,,"4""ø",,,"1' - 5 1/2""",,,,
1086067,MEP,Flex Ducts,,Flex - Round,L 0,,,,Mechanical Supply Air 2,Supply Air,,,,,,"4""ø",,,"1' - 5 1/2""",,,,
1086109,MEP,Flex Ducts,,Flex - Round,L 0,,,,Mechanical Supply Air 2,Supply Air,,,,,,"4""ø",,,"1' - 5 1/2""",,,,
1086247,MEP,Flex Ducts,,Flex - Round,L 0,,,,Mechanical Supply Air 2,Supply Air,,,,,,"4""ø",,,"1' - 5 1/2""",,,,
1086252,MEP,Flex Ducts,,Flex - Round,L 0,,,,Mechanical Supply Air 2,Supply Air,,,,,,"4""ø",,,"1' - 5 1/2""",,,,
1086257,MEP,Flex Ducts,,Flex - Round,L 0,,,,Mechanical Supply Air 2,Supply Air,,,,,,"4""ø",,,"1' - 5 1/2""",,,,
1086269,MEP,Flex Ducts,,Flex - Round,L 0,,,,Mechanical Supply Air 2,Supply Air,,,,,,"4""ø",,,"1' - 5 1/2""",,,,
1086637,MEP,Flex Ducts,,Flex - Round,L 0,,,,Mechanical Supply Air 1,Supply Air,,,,,,"4""ø",,,"1' - 2 3/32""",,,,
1086707,MEP,Flex Ducts,,Flex - Round,L 0,,,,Mechanical Supply Air 1,Supply Air,,,,,,"4""ø",,,"1' - 2 3/32""",,,,
1086733,MEP,Flex Ducts,,Flex - Round,L 0,,,,Mechanical Supply Air 1,Supply Air,,,,,,"4""ø",,,"1' - 2 3/32""",,,,
1086761,MEP,Flex Ducts,,Flex - Round,L 0,,,,Mechanical Supply Air 1,Supply Air,,,,,,"4""ø",,,"1' - 2 3/32""",,,,
1086781,MEP,Flex Ducts,,Flex - Round,L 0,,,,Mechanical Supply Air 1,Supply Air,,,,,,"4""ø",,,"1' - 2 3/32""",,,,
1086801,MEP,Flex Ducts,,Flex - Round,L 0,,,,Mechanical Supply Air 1,Supply Air,,,,,,"4""ø",,,"1' - 2 3/32""",,,,
1086821,MEP,Flex Ducts,,Flex - Round,L 0,,,,Mechanical Supply Air 1,Supply Air,,,,,,"4""ø",,,"1' - 2 3/32""",,,,L 0 Zone 4
1086841,MEP,Flex Ducts,,Flex - Round,L 0,,,,Mechanical Supply Air 1,Supply Air,,,,,,"4""ø",,,"1' - 2 3/32""",,,,L 0 Zone 4
1086861,MEP,Flex Ducts,,Flex - Round,L 0,,,,Mechanical Supply Air 1,Supply Air,,,,,,"4""ø",,,"1' - 2 3/32""",,,,
1086881,MEP,Flex Ducts,,Flex - Round,L 0,,,,Mechanical Supply Air 1,Supply Air,,,,,,"4""ø",,,"1' - 2 3/32""",,,,
1086907,MEP,Flex Ducts,,Flex - Round,L 0,,,,Mechanical Supply Air 1,Supply Air,,,,,,"4""ø",,,"1' - 2 3/32""",,,,L 0 Zone 3
1086927,MEP,Flex Ducts,,Flex - Round,L 0,,,,Mechanical Supply Air 1,Supply Air,,,,,,"4""ø",,,"1' - 2 3/32""",,,,L 0 Zone 3
1086947,MEP,Flex Ducts,,Flex - Round,L 0,,,,Mechanical Supply Air 1,Supply Air,,,,,,"4""ø",,,"1' - 2 3/32""",,,,L 0 Zone 3
1086966,MEP,Flex Ducts,,Flex - Round,L 0,,,,Mechanical Supply Air 1,Supply Air,,,,,,"4""ø",,,"1' - 2 3/32""",,,,
1087070,MEP,Flex Ducts,,Flex - Round,L 0,,,,Mechanical Supply Air 2,Supply Air,,,,,,"4""ø",,,"1' - 10 13/32""",,,,L 0 Zone 3
1087171,MEP,Flex Ducts,,Flex - Round,L 0,,,,Mechanical Supply Air 2,Supply Air,,,,,,"4""ø",,,"1' - 8 21/32""",,,,L 0 Zone 3
1087346,MEP,Flex Ducts,,Flex - Round,L 0,,,,Mechanical Supply Air 2,Supply Air,,,,,,"4""ø",,,"1' - 7 15/16""",,,,
1087362,MEP,Flex Ducts,,Flex - Round,L 0,,,,Mechanical Supply Air 2,Supply Air,,,,,,"4""ø",,,"1' - 7 27/32""",,,,
1087378,MEP,Flex Ducts,,Flex - Round,L 0,,,,Mechanical Supply Air 2,Supply Air,,,,,,"4""ø",,,"1' - 7 27/32""",,,,
1087394,MEP,Flex Ducts,,Flex - Round,L 0,,,,Mechanical Supply Air 2,Supply Air,,,,,,"4""ø",,,"1' - 7 27/32""",,,,
1087419,MEP,Flex Ducts,,Flex - Round,L 0,,,,Mechanical Supply Air 2,Supply Air,,,,,,"4""ø",,,"2' - 10 3/16""",,,,
1087446,MEP,Flex Ducts,,Flex - Round,L 0,,,,Mechanical Supply Air 2,Supply Air,,,,,,"4""ø",,,"4' - 1 29/32""",,,,
1092892,MEP,Flex Ducts,,Flex - Round,L 0,,,,Mechanical Exhaust Air 1,Exhaust Air,,,,,,"4""ø",,,"1' - 7 1/32""",,,,L 0 Zone 5
1092898,MEP,Flex Ducts,,Flex - Round,L 0,,,,Mechanical Exhaust Air 1,Exhaust Air,,,,,,"4""ø",,,"1' - 7 11/16""",,,,L 0 Zone 5
1092903,MEP,Flex Ducts,,Flex - Round,L 0,,,,Mechanical Exhaust Air 1,Exhaust Air,,,,,,"4""ø",,,"1' - 7 1/32""",,,,L 0 Zone 5
1092908,MEP,Flex Ducts,,Flex - Round,L 0,,,,Mechanical Exhaust Air 1,Exhaust Air,,,,,,"4""ø",,,"1' - 7 11/16""",,,,L 0 Zone 5
1092913,MEP,Flex Ducts,,Flex - Round,L 0,,,,Mechanical Exhaust Air 1,Exhaust Air,,,,,,"4""ø",,,"1' - 7 1/32""",,,,L 0 Zone 5
1092918,MEP,Flex Ducts,,Flex - Round,L 0,,,,Mechanical Exhaust Air 1,Exhaust Air,,,,,,"4""ø",,,"1' - 7 11/16""",,,,L 0 Zone 5
1093846,MEP,Flex Ducts,,Flex - Round,L 0,,,,Mechanical Exhaust Air 1,Exhaust Air,,,,,,"4""ø",,,"1' - 7 21/32""",,,,L 0 Zone 5
1093852,MEP,Flex Ducts,,Flex - Round,L 0,,,,Mechanical Exhaust Air 1,Exhaust Air,,,,,,"4""ø",,,"1' - 8 9/32""",,,,L 0 Zone 5
1093910,MEP,Flex Ducts,,Flex - Round,L 0,,,,Mechanical Exhaust Air 1,Exhaust Air,,,,,,"4""ø",,,"1' - 7 21/32""",,,,L 0 Zone 5
1093915,MEP,Flex Ducts,,Flex - Round,L 0,,,,Mechanical Exhaust Air 1,Exhaust Air,,,,,,"4""ø",,,"1' - 8 9/32""",,,,L 0 Zone 5
1093920,MEP,Flex Ducts,,Flex - Round,L 0,,,,Mechanical Exhaust Air 1,Exhaust Air,,,,,,"4""ø",,,"1' - 7 21/32""",,,,L 0 Zone 5
1093925,MEP,Flex Ducts,,Flex - Round,L 0,,,,Mechanical Exhaust Air 1,Exhaust Air,,,,,,"4""ø",,,"1' - 8 9/32""",,,,L 0 Zone 5
1094290,MEP,Flex Ducts,,Flex - Round,L 0,,,,Mechanical Exhaust Air 1,Exhaust Air,,,,,,"4""ø",,,"1' - 7 15/32""",,,,L 0 Zone 5
1094295,MEP,Flex Ducts,,Flex - Round,L 0,,,,Mechanical Exhaust Air 1,Exhaust Air,,,,,,"4""ø",,,"1' - 10 31/32""",,,,L 0 Zone 5
1094300,MEP,Flex Ducts,,Flex - Round,L 0,,,,Mechanical Exhaust Air 1,Exhaust Air,,,,,,"4""ø",,,"1' - 7 15/32""",,,,L 0 Zone 5
1094305,MEP,Flex Ducts,,Flex - Round,L 0,,,,Mechanical Exhaust Air 1,Exhaust Air,,,,,,"4""ø",,,"1' - 10 31/32""",,,,L 0 Zone 5
1094310,MEP,Flex Ducts,,Flex - Round,L 0,,,,Mechanical Exhaust Air 1,Exhaust Air,,,,,,"4""ø",,,"1' - 10 31/32""",,,,L 0 Zone 5
1094315,MEP,Flex Ducts,,Flex - Round,L 0,,,,Mechanical Exhaust Air 1,Exhaust Air,,,,,,"4""ø",,,"1' - 7 15/32""",,,,L 0 Zone 5
1095011,MEP,Flex Ducts,,Flex - Round,L 0,,,,Mechanical Supply Air 2,Supply Air,,,,,,"4""ø",,,"2' - 7 1/4""",,,,
1974654,MEP,Plumbing Fixtures,M_Toilet-Residencial-3D,M_Toilet-Residencial-3D,L 0,,,,,,,,,,"Laminado - Linho, Opaco; Porcelana - Linho",,,,,,20 SF,1.10 CF,L 0 Zone 1
1974655,MEP,Plumbing Fixtures,M_Toilet-Residencial-3D,M_Toilet-Residencial-3D,L 0,,,,,,,,,,"Laminado - Linho, Opaco; Porcelana - Linho",,,,,,20 SF,1.10 CF,L 0 Zone 1
1974656,MEP,Plumbing Fixtures,M_Toilet-Residencial-3D,M_Toilet-Residencial-3D,L 0,,,,,,,,,,"Laminado - Linho, Opaco; Porcelana - Linho",,,,,,20 SF,1.10 CF,L 0 Zone 1
1982031,MEP,Plumbing Fixtures,M_Toilet-Residencial-3D,M_Toilet-Residencial-3D,L 0,,,,,,,,,,"Laminado - Linho, Opaco; Porcelana - Linho",,,,,,20 SF,1.10 CF,L 0 Zone 1
1982032,MEP,Plumbing Fixtures,M_Toilet-Residencial-3D,M_Toilet-Residencial-3D,L 0,,,,,,,,,,"Laminado - Linho, Opaco; Porcelana - Linho",,,,,,20 SF,1.10 CF,L 0 Zone 1
1982033,MEP,Plumbing Fixtures,M_Toilet-Residencial-3D,M_Toilet-Residencial-3D,L 0,,,,,,,,,,"Laminado - Linho, Opaco; Porcelana - Linho",,,,,,20 SF,1.10 CF,L 0 Zone 1
1967527,MEP,Plumbing Fixtures,M_Vão da pia-Redondo,482 x 482 mm,L 0,,,,,,,,,,Stainless Steel; Porcelana - Linho,,,,,,5 SF,0.43 CF,L 0 Zone 1
1967528,MEP,Plumbing Fixtures,M_Vão da pia-Redondo,482 x 482 mm,L 0,,,,,,,,,,Stainless Steel; Porcelana - Linho,,,,,,5 SF,0.43 CF,L 0 Zone 1
1982029,MEP,Plumbing Fixtures,M_Vão da pia-Redondo,482 x 482 mm,L 0,,,,,,,,,,Stainless Steel; Porcelana - Linho,,,,,,5 SF,0.43 CF,L 0 Zone 1
1982030,MEP,Plumbing Fixtures,M_Vão da pia-Redondo,482 x 482 mm,L 0,,,,,,,,,,Stainless Steel; Porcelana - Linho,,,,,,5 SF,0.43 CF,L 0 Zone 1
1094072,MEP,Air Terminals,Exhaust Grill,6x6 Connection 3,L 1,,,,Mechanical Exhaust Air 1,Exhaust Air,,,,,,"3""x3""","3""","3""",,,1 SF,0.07 CF,L 1 Zone 9
1094079,MEP,Air Terminals,Exhaust Grill,6x6 Connection 3,L 1,,,,Mechanical Exhaust Air 1,Exhaust Air,,,,,,"3""x3""","3""","3""",,,1 SF,0.07 CF,L 1 Zone 9
1094090,MEP,Air Terminals,Exhaust Grill,6x6 Connection 3,L 1,,,,Mechanical Exhaust Air 1,Exhaust Air,,,,,,"3""x3""","3""","3""",,,1 SF,0.07 CF,L 1 Zone 9
1094097,MEP,Air Terminals,Exhaust Grill,6x6 Connection 3,L 1,,,,Mechanical Exhaust Air 1,Exhaust Air,,,,,,"3""x3""","3""","3""",,,1 SF,0.07 CF,L 1 Zone 9
1094104,MEP,Air Terminals,Exhaust Grill,6x6 Connection 3,L 1,,,,Mechanical Exhaust Air 1,Exhaust Air,,,,,,"3""x3""","3""","3""",,,1 SF,0.07 CF,L 1 Zone 9
1094124,MEP,Air Terminals,Exhaust Grill,6x6 Connection 3,L 1,,,,Mechanical Exhaust Air 1,Exhaust Air,,,,,,"3""x3""","3""","3""",,,1 SF,0.07 CF,L 1 Zone 9
1085173,MEP,Air Terminals,PRICE-40FF- Filter Frame Stamped Residential Grille-RETURN Hosted,"20"" x 12""",L 1,,,,Mechanical Return Air 28,Return Air,,,,,,"20""x12""","1' - 0""",,"1' - 8""",,,0.21 CF,
1075275,MEP,Air Terminals,PRICE-40FF- Filter Frame Stamped Residential Grille-RETURN Hosted,"24"" x 12""",L 1,,,,Mechanical Return Air 1,Return Air,,,,,,"24""x12""","1' - 0""",,"2' - 0""",,,0.26 CF,
1075531,MEP,Air Terminals,PRICE-40FF- Filter Frame Stamped Residential Grille-RETURN Hosted,"24"" x 12""",L 1,,,,Mechanical Return Air 2,Return Air,,,,,,"24""x12""","1' - 0""",,"2' - 0""",,,0.26 CF,
1075678,MEP,Air Terminals,PRICE-40FF- Filter Frame Stamped Residential Grille-RETURN Hosted,"24"" x 12""",L 1,,,,Mechanical Return Air 3,Return Air,,,,,,"24""x12""","1' - 0""",,"2' - 0""",,,0.26 CF,
1075694,MEP,Air Terminals,PRICE-40FF- Filter Frame Stamped Residential Grille-RETURN Hosted,"24"" x 12""",L 1,,,,Mechanical Return Air 4,Return Air,,,,,,"24""x12""","1' - 0""",,"2' - 0""",,,0.26 CF,
1075922,MEP,Air Terminals,PRICE-40FF- Filter Frame Stamped Residential Grille-RETURN Hosted,"24"" x 12""",L 1,,,,Mechanical Return Air 5,Return Air,,,,,,"24""x12""","1' - 0""",,"2' - 0""",,,0.26 CF,
1076158,MEP,Air Terminals,PRICE-40FF- Filter Frame Stamped Residential Grille-RETURN Hosted,"24"" x 12""",L 1,,,,Mechanical Return Air 6,Return Air,,,,,,"24""x12""","1' - 0""",,"2' - 0""",,,0.26 CF,
1076478,MEP,Air Terminals,PRICE-40FF- Filter Frame Stamped Residential Grille-RETURN Hosted,"24"" x 12""",L 1,,,,Mechanical Return Air 7,Return Air,,,,,,"24""x12""","1' - 0""",,"2' - 0""",,,0.26 CF,
1076777,MEP,Air Terminals,PRICE-40FF- Filter Frame Stamped Residential Grille-RETURN Hosted,"24"" x 12""",L 1,,,,Mechanical Return Air 8,Return Air,,,,,,"24""x12""","1' - 0""",,"2' - 0""",,,0.26 CF,L 1 Zone 3
1076907,MEP,Air Terminals,PRICE-40FF- Filter Frame Stamped Residential Grille-RETURN Hosted,"24"" x 12""",L 1,,,,Mechanical Return Air 9,Return Air,,,,,,"24""x12""","1' - 0""",,"2' - 0""",,,0.26 CF,
1077331,MEP,Air Terminals,PRICE-40FF- Filter Frame Stamped Residential Grille-RETURN Hosted,"24"" x 12""",L 1,,,,Mechanical Return Air 10,Return Air,,,,,,"24""x12""","1' - 0""",,"2' - 0""",,,0.26 CF,
1077545,MEP,Air Terminals,PRICE-40FF- Filter Frame Stamped Residential Grille-RETURN Hosted,"24"" x 12""",L 1,,,,Mechanical Return Air 11,Return Air,,,,,,"24""x12""","1' - 0""",,"2' - 0""",,,0.26 CF,
1077707,MEP,Air Terminals,PRICE-40FF- Filter Frame Stamped Residential Grille-RETURN Hosted,"24"" x 12""",L 1,,,,Mechanical Return Air 12,Return Air,,,,,,"24""x12""","1' - 0""",,"2' - 0""",,,0.26 CF,
1078173,MEP,Air Terminals,PRICE-40FF- Filter Frame Stamped Residential Grille-RETURN Hosted,"24"" x 12""",L 1,,,,Mechanical Return Air 13,Return Air,,,,,,"24""x12""","1' - 0""",,"2' - 0""",,,0.26 CF,
1078457,MEP,Air Terminals,PRICE-40FF- Filter Frame Stamped Residential Grille-RETURN Hosted,"24"" x 12""",L 1,,,,Mechanical Return Air 14,Return Air,,,,,,"24""x12""","1' - 0""",,"2' - 0""",,,0.26 CF,L 1 Zone 7
1078632,MEP,Air Terminals,PRICE-40FF- Filter Frame Stamped Residential Grille-RETURN Hosted,"24"" x 12""",L 1,,,,Mechanical Return Air 15,Return Air,,,,,,"24""x12""","1' - 0""",,"2' - 0""",,,0.26 CF,L 1 Zone 7
1078870,MEP,Air Terminals,PRICE-40FF- Filter Frame Stamped Residential Grille-RETURN Hosted,"24"" x 12""",L 1,,,,Mechanical Return Air 16,Return Air,,,,,,"24""x12""","1' - 0""",,"2' - 0""",,,0.26 CF,L 1 Zone 7
1079075,MEP,Air Terminals,PRICE-40FF- Filter Frame Stamped Residential Grille-RETURN Hosted,"24"" x 12""",L 1,,,,Mechanical Return Air 17,Return Air,,,,,,"24""x12""","1' - 0""",,"2' - 0""",,,0.26 CF,L 1 Zone 7
1079301,MEP,Air Terminals,PRICE-40FF- Filter Frame Stamped Residential Grille-RETURN Hosted,"24"" x 12""",L 1,,,,Mechanical Return Air 18,Return Air,,,,,,"24""x12""","1' - 0""",,"2' - 0""",,,0.26 CF,L 1 Zone 7
1079491,MEP,Air Terminals,PRICE-40FF- Filter Frame Stamped Residential Grille-RETURN Hosted,"24"" x 12""",L 1,,,,Mechanical Return Air 19,Return Air,,,,,,"24""x12""","1' - 0""",,"2' - 0""",,,0.26 CF,
1079678,MEP,Air Terminals,PRICE-40FF- Filter Frame Stamped Residential Grille-RETURN Hosted,"24"" x 12""",L 1,,,,Mechanical Return Air 20,Return Air,,,,,,"24""x12""","1' - 0""",,"2' - 0""",,,0.26 CF,
1079891,MEP,Air Terminals,PRICE-40FF- Filter Frame Stamped Residential Grille-RETURN Hosted,"24"" x 12""",L 1,,,,Mechanical Return Air 21,Return Air,,,,,,"24""x12""","1' - 0""",,"2' - 0""",,,0.26 CF,
1080588,MEP,Air Terminals,PRICE-40FF- Filter Frame Stamped Residential Grille-RETURN Hosted,"24"" x 16""",L 1,,,,Mechanical Return Air 22,Return Air,,,,,,"24""x16""","1' - 4""",,"2' - 0""",,,0.34 CF,L 1 Zone 5
1080672,MEP,Air Terminals,PRICE-40FF- Filter Frame Stamped Residential Grille-RETURN Hosted,"24"" x 16""",L 1,,,,Mechanical Return Air 23,Return Air,,,,,,"24""x16""","1' - 4""",,"2' - 0""",,,0.34 CF,L 1 Zone 5
1080821,MEP,Air Terminals,PRICE-40FF- Filter Frame Stamped Residential Grille-RETURN Hosted,"24"" x 16""",L 1,,,,Mechanical Return Air 24,Return Air,,,,,,"24""x16""","1' - 4""",,"2' - 0""",,,0.34 CF,
1081006,MEP,Air Terminals,PRICE-40FF- Filter Frame Stamped Residential Grille-RETURN Hosted,"24"" x 16""",L 1,,,,Mechanical Return Air 25,Return Air,,,,,,"24""x16""","1' - 4""",,"2' - 0""",,,0.34 CF,
1081145,MEP,Air Terminals,PRICE-40FF- Filter Frame Stamped Residential Grille-RETURN Hosted,"24"" x 16""",L 1,,,,Mechanical Return Air 26,Return Air,,,,,,"24""x16""","1' - 4""",,"2' - 0""",,,0.34 CF,
1081589,MEP,Air Terminals,PRICE-40FF- Filter Frame Stamped Residential Grille-RETURN Hosted,"24"" x 16""",L 1,,,,Mechanical Return Air 27,Return Air,,,,,,"24""x16""","1' - 4""",,"2' - 0""",,,0.34 CF,
1085261,MEP,Air Terminals,Supply Diffuser,12x12 Connection 2,L 1,,,,,,,,,,,"6""x6""","6""","6""",,,1 SF,0.19 CF,L 1 Zone 9
1081775,MEP,Air Terminals,Supply Diffuser,6x6 Connection 3,L 1,,,,Mechanical Supply Air 2,Supply Air,,,,,,"3""x3""","3""","3""",,,1 SF,0.06 CF,
1081804,MEP,Air Terminals,Supply Diffuser,6x6 Connection 3,L 1,,,,Mechanical Supply Air 2,Supply Air,,,,,,"3""x3""","3""","3""",,,1 SF,0.06 CF,
1081812,MEP,Air Terminals,Supply Diffuser,6x6 Connection 3,L 1,,,,Mechanical Supply Air 2,Supply Air,,,,,,"3""x3""","3""","3""",,,1 SF,0.06 CF,
1081819,MEP,Air Terminals,Supply Diffuser,6x6 Connection 3,L 1,,,,Mechanical Supply Air 2,Supply Air,,,,,,"3""x3""","3""","3""",,,1 SF,0.06 CF,
1081824,MEP,Air Terminals,Supply Diffuser,6x6 Connection 3,L 1,,,,Mechanical Supply Air 2,Supply Air,,,,,,"3""x3""","3""","3""",,,1 SF,0.06 CF,
1081829,MEP,Air Terminals,Supply Diffuser,6x6 Connection 3,L 1,,,,Mechanical Supply Air 2,Supply Air,,,,,,"3""x3""","3""","3""",,,1 SF,0.06 CF,
1081836,MEP,Air Terminals,Supply Diffuser,6x6 Connection 3,L 1,,,,Mechanical Supply Air 2,Supply Air,,,,,,"3""x3""","3""","3""",,,1 SF,0.06 CF,
1082008,MEP,Air Terminals,Supply Diffuser,6x6 Connection 3,L 1,,,,Mechanical Supply Air 1,Supply Air,,,,,,"3""x3""","3""","3""",,,1 SF,0.06 CF,L 1 Zone 3
1082138,MEP,Air Terminals,Supply Diffuser,6x6 Connection 3,L 1,,,,Mechanical Supply Air 1,Supply Air,,,,,,"3""x3""","3""","3""",,,1 SF,0.06 CF,L 1 Zone 3
1082231,MEP,Air Terminals,Supply Diffuser,6x6 Connection 3,L 1,,,,Mechanical Supply Air 1,Supply Air,,,,,,"3""x3""","3""","3""",,,1 SF,0.06 CF,L 1 Zone 3
1082246,MEP,Air Terminals,Supply Diffuser,6x6 Connection 3,L 1,,,,Mechanical Supply Air 1,Supply Air,,,,,,"3""x3""","3""","3""",,,1 SF,0.06 CF,L 1 Zone 3
1082257,MEP,Air Terminals,Supply Diffuser,6x6 Connection 3,L 1,,,,Mechanical Supply Air 1,Supply Air,,,,,,"3""x3""","3""","3""",,,1 SF,0.06 CF,
1082264,MEP,Air Terminals,Supply Diffuser,6x6 Connection 3,L 1,,,,Mechanical Supply Air 1,Supply Air,,,,,,"3""x3""","3""","3""",,,1 SF,0.06 CF,
1082271,MEP,Air Terminals,Supply Diffuser,6x6 Connection 3,L 1,,,,Mechanical Supply Air 1,Supply Air,,,,,,"3""x3""","3""","3""",,,1 SF,0.06 CF,
1082278,MEP,Air Terminals,Supply Diffuser,6x6 Connection 3,L 1,,,,Mechanical Supply Air 1,Supply Air,,,,,,"3""x3""","3""","3""",,,1 SF,0.06 CF,
1082285,MEP,Air Terminals,Supply Diffuser,6x6 Connection 3,L 1,,,,Mechanical Supply Air 1,Supply Air,,,,,,"3""x3""","3""","3""",,,1 SF,0.06 CF,
1082292,MEP,Air Terminals,Supply Diffuser,6x6 Connection 3,L 1,,,,Mechanical Supply Air 1,Supply Air,,,,,,"3""x3""","3""","3""",,,1 SF,0.06 CF,
1082299,MEP,Air Terminals,Supply Diffuser,6x6 Connection 3,L 1,,,,Mechanical Supply Air 1,Supply Air,,,,,,"3""x3""","3""","3""",,,1 SF,0.06 CF,
1082306,MEP,Air Terminals,Supply Diffuser,6x6 Connection 3,L 1,,,,Mechanical Supply Air 1,Supply Air,,,,,,"3""x3""","3""","3""",,,1 SF,0.06 CF,
1082313,MEP,Air Terminals,Supply Diffuser,6x6 Connection 3,L 1,,,,Mechanical Supply Air 1,Supply Air,,,,,,"3""x3""","3""","3""",,,1 SF,0.06 CF,
1082320,MEP,Air Terminals,Supply Diffuser,6x6 Connection 3,L 1,,,,Mechanical Supply Air 1,Supply Air,,,,,,"3""x3""","3""","3""",,,1 SF,0.06 CF,
1082486,MEP,Air Terminals,Supply Diffuser,6x6 Connection 3,L 1,,,,Mechanical Supply Air 2,Supply Air,,,,,,"3""x3""","3""","3""",,,1 SF,0.06 CF,L 1 Zone 2
1082649,MEP,Air Terminals,Supply Diffuser,6x6 Connection 3,L 1,,,,Mechanical Supply Air 2,Supply Air,,,,,,"3""x3""","3""","3""",,,1 SF,0.06 CF,L 1 Zone 2
1082712,MEP,Air Terminals,Supply Diffuser,6x6 Connection 3,L 1,,,,Mechanical Supply Air 2,Supply Air,,,,,,"3""x3""","3""","3""",,,1 SF,0.06 CF,
1082897,MEP,Air Terminals,Supply Diffuser,6x6 Connection 3,L 1,,,,Mechanical Supply Air 2,Supply Air,,,,,,"3""x3""","3""","3""",,,1 SF,0.06 CF,L 1 Zone 1
1094338,MEP,Air Terminals,Supply Diffuser,6x6 Connection 3,L 1,,,,,,,,,,,"3""x3""","3""","3""",,,1 SF,0.06 CF,L 1 Zone 9
1094427,MEP,Air Terminals,Supply Diffuser,6x6 Connection 3,L 1,,,,,,,,,,,"3""x3""","3""","3""",,,1 SF,0.06 CF,
1083126,MEP,Air Terminals,Supply Diffuser,8x8 Connection 4,L 1,,,,Mechanical Supply Air 2,Supply Air,,,,,,"4""x4""","4""","4""",,,1 SF,0.09 CF,
1083618,MEP,Air Terminals,Supply Diffuser,8x8 Connection 4,L 1,,,,Mechanical Supply Air 2,Supply Air,,,,,,"4""x4""","4""","4""",,,1 SF,0.09 CF,
1083945,MEP,Air Terminals,Supply Diffuser,8x8 Connection 4,L 1,,,,Mechanical Supply Air 2,Supply Air,,,,,,"4""x4""","4""","4""",,,1 SF,0.09 CF,
1084400,MEP,Air Terminals,Supply Diffuser,8x8 Connection 4,L 1,,,,Mechanical Supply Air 2,Supply Air,,,,,,"4""x4""","4""","4""",,,1 SF,0.09 CF,
1085625,MEP,Air Terminals,Supply Diffuser,8x8 Connection 4,L 1,,,,,,,,,,,"4""x4""","4""","4""",,,1 SF,0.09 CF,
1094571,MEP,Air Terminals,Supply Diffuser,8x8 Connection 4,L 1,,,,,,,,,,,"4""x4""","4""","4""",,,1 SF,0.09 CF,L 1 Zone 5
1094607,MEP,Air Terminals,Supply Diffuser,8x8 Connection 4,L 1,,,,,,,,,,,"4""x4""","4""","4""",,,1 SF,0.09 CF,L 1 Zone 8
1094614,MEP,Air Terminals,Supply Diffuser,8x8 Connection 4,L 1,,,,,,,,,,,"4""x4""","4""","4""",,,1 SF,0.09 CF,L 1 Zone 8
1094621,MEP,Air Terminals,Supply Diffuser,8x8 Connection 4,L 1,,,,,,,,,,,"4""x4""","4""","4""",,,1 SF,0.09 CF,L 1 Zone 8
1094628,MEP,Air Terminals,Supply Diffuser,8x8 Connection 4,L 1,,,,,,,,,,,"4""x4""","4""","4""",,,1 SF,0.09 CF,
1094261,MEP,Duct Fittings,Rectangular Cross,Standard,L 1,,,,Mechanical Exhaust Air 1,Exhaust Air,,,,,,"5""x6""-5""x6""-5""x6""-5""x6""",,"6""","5""x6""-5""x6""-5""x6""-5""x6""",,,0.16 CF,L 1 Zone 9
1086087,MEP,Duct Fittings,Rectangular Elbow - Mitered,Standard,L 1,,,,Mechanical Supply Air 2,Supply Air,,,,,,"5""x6""-5""x6""","5""","6""","5""x6""-5""x6""",,,0.12 CF,
1086596,MEP,Duct Fittings,Rectangular Elbow - Mitered,Standard,L 1,,,,Mechanical Supply Air 1,Supply Air,,,,,,"5""x6""-5""x6""","5""","6""","5""x6""-5""x6""",,,0.12 CF,
1087033,MEP,Duct Fittings,Rectangular Elbow - Mitered,Standard,L 1,,,,Mechanical Supply Air 2,Supply Air,,,,,,"5""x6""-5""x6""","5""","6""","5""x6""-5""x6""",,,0.12 CF,
1087034,MEP,Duct Fittings,Rectangular Elbow - Mitered,Standard,L 1,,,,Mechanical Supply Air 1,Supply Air,,,,,,"5""x6""-5""x6""","5""","6""","5""x6""-5""x6""",,,0.12 CF,L 1 Zone 3
1087060,MEP,Duct Fittings,Rectangular Elbow - Mitered,Standard,L 1,,,,Mechanical Supply Air 2,Supply Air,,,,,,"5""x6""-5""x6""","5""","6""","5""x6""-5""x6""",,,0.12 CF,
1092346,MEP,Duct Fittings,Rectangular Elbow - Mitered,Standard,L 1,,,,Mechanical Supply Air 2,Supply Air,,,,,,"6""x5""-6""x5""","6""","5""","6""x5""-6""x5""",,,0.14 CF,
1085984,MEP,Duct Fittings,Rectangular Tee,Standard,L 1,,,,Mechanical Supply Air 2,Supply Air,,,,,,"5""x6""-5""x6""-5""x6""",,"6""","5""x6""-5""x6""-5""x6""",,,0.14 CF,
1086050,MEP,Duct Fittings,Rectangular Tee,Standard,L 1,,,,Mechanical Supply Air 2,Supply Air,,,,,,"5""x6""-5""x6""-5""x6""",,"6""","5""x6""-5""x6""-5""x6""",,,0.14 CF,
1086122,MEP,Duct Fittings,Rectangular Tee,Standard,L 1,,,,Mechanical Supply Air 2,Supply Air,,,,,,"5""x6""-5""x6""-5""x6""",,"6""","5""x6""-5""x6""-5""x6""",,,0.14 CF,
1086140,MEP,Duct Fittings,Rectangular Tee,Standard,L 1,,,,Mechanical Supply Air 2,Supply Air,,,,,,"5""x6""-5""x6""-5""x6""",,"6""","5""x6""-5""x6""-5""x6""",,,0.14 CF,
1086188,MEP,Duct Fittings,Rectangular Tee,Standard,L 1,,,,Mechanical Supply Air 2,Supply Air,,,,,,"5""x6""-5""x6""-5""x6""",,"6""","5""x6""-5""x6""-5""x6""",,,0.14 CF,
1086231,MEP,Duct Fittings,Rectangular Tee,Standard,L 1,,,,Mechanical Supply Air 2,Supply Air,,,,,,"5""x6""-5""x6""-5""x6""",,"6""","5""x6""-5""x6""-5""x6""",,,0.14 CF,
1086380,MEP,Duct Fittings,Rectangular Tee,Standard,L 1,,,,Mechanical Supply Air 1,Supply Air,,,,,,"5""x6""-5""x6""-5""x6""",,"6""","5""x6""-5""x6""-5""x6""",,,0.14 CF,L 1 Zone 3
1086414,MEP,Duct Fittings,Rectangular Tee,Standard,L 1,,,,Mechanical Supply Air 1,Supply Air,,,,,,"5""x6""-5""x6""-5""x6""",,"6""","5""x6""-5""x6""-5""x6""",,,0.14 CF,L 1 Zone 3
1086429,MEP,Duct Fittings,Rectangular Tee,Standard,L 1,,,,Mechanical Supply Air 1,Supply Air,,,,,,"5""x6""-5""x6""-5""x6""",,"6""","5""x6""-5""x6""-5""x6""",,,0.14 CF,L 1 Zone 3
1086444,MEP,Duct Fittings,Rectangular Tee,Standard,L 1,,,,Mechanical Supply Air 1,Supply Air,,,,,,"5""x6""-5""x6""-5""x6""",,"6""","5""x6""-5""x6""-5""x6""",,,0.14 CF,L 1 Zone 3
1086476,MEP,Duct Fittings,Rectangular Tee,Standard,L 1,,,,Mechanical Supply Air 1,Supply Air,,,,,,"5""x6""-5""x6""-5""x6""",,"6""","5""x6""-5""x6""-5""x6""",,,0.14 CF,
1086491,MEP,Duct Fittings,Rectangular Tee,Standard,L 1,,,,Mechanical Supply Air 1,Supply Air,,,,,,"5""x6""-5""x6""-5""x6""",,"6""","5""x6""-5""x6""-5""x6""",,,0.14 CF,
1086506,MEP,Duct Fittings,Rectangular Tee,Standard,L 1,,,,Mechanical Supply Air 1,Supply Air,,,,,,"5""x6""-5""x6""-5""x6""",,"6""","5""x6""-5""x6""-5""x6""",,,0.14 CF,L 1 Zone 7
1086521,MEP,Duct Fittings,Rectangular Tee,Standard,L 1,,,,Mechanical Supply Air 1,Supply Air,,,,,,"5""x6""-5""x6""-5""x6""",,"6""","5""x6""-5""x6""-5""x6""",,,0.14 CF,L 1 Zone 7
1086536,MEP,Duct Fittings,Rectangular Tee,Standard,L 1,,,,Mechanical Supply Air 1,Supply Air,,,,,,"5""x6""-5""x6""-5""x6""",,"6""","5""x6""-5""x6""-5""x6""",,,0.14 CF,L 1 Zone 7
1086551,MEP,Duct Fittings,Rectangular Tee,Standard,L 1,,,,Mechanical Supply Air 1,Supply Air,,,,,,"5""x6""-5""x6""-5""x6""",,"6""","5""x6""-5""x6""-5""x6""",,,0.14 CF,L 1 Zone 7
1086566,MEP,Duct Fittings,Rectangular Tee,Standard,L 1,,,,Mechanical Supply Air 1,Supply Air,,,,,,"5""x6""-5""x6""-5""x6""",,"6""","5""x6""-5""x6""-5""x6""",,,0.14 CF,L 1 Zone 7
1086581,MEP,Duct Fittings,Rectangular Tee,Standard,L 1,,,,Mechanical Supply Air 1,Supply Air,,,,,,"5""x6""-5""x6""-5""x6""",,"6""","5""x6""-5""x6""-5""x6""",,,0.14 CF,L 1 Zone 7
1086746,MEP,Duct Fittings,Rectangular Tee,Standard,L 1,,,,Mechanical Supply Air 1,Supply Air,,,,,,"5""x6""-5""x6""-5""x6""",,"6""","5""x6""-5""x6""-5""x6""",,,0.14 CF,L 1 Zone 7
1087051,MEP,Duct Fittings,Rectangular Tee,Standard,L 1,,,,Mechanical Supply Air 2,Supply Air,,,,,,"5""x6""-5""x6""-5""x6""",,"6""","5""x6""-5""x6""-5""x6""",,,0.14 CF,L 1 Zone 2
1087152,MEP,Duct Fittings,Rectangular Tee,Standard,L 1,,,,Mechanical Supply Air 2,Supply Air,,,,,,"5""x6""-5""x6""-5""x6""",,"6""","5""x6""-5""x6""-5""x6""",,,0.14 CF,
1087184,MEP,Duct Fittings,Rectangular Tee,Standard,L 1,,,,Mechanical Supply Air 2,Supply Air,,,,,,"5""x6""-5""x6""-5""x6""",,"6""","5""x6""-5""x6""-5""x6""",,,0.14 CF,L 1 Zone 2
1087207,MEP,Duct Fittings,Rectangular Tee,Standard,L 1,,,,Mechanical Supply Air 2,Supply Air,,,,,,"5""x6""-5""x6""-5""x6""",,"6""","5""x6""-5""x6""-5""x6""",,,0.14 CF,L 1 Zone 2
1087222,MEP,Duct Fittings,Rectangular Tee,Standard,L 1,,,,Mechanical Supply Air 2,Supply Air,,,,,,"5""x6""-5""x6""-5""x6""",,"6""","5""x6""-5""x6""-5""x6""",,,0.14 CF,L 1 Zone 2
1087237,MEP,Duct Fittings,Rectangular Tee,Standard,L 1,,,,Mechanical Supply Air 2,Supply Air,,,,,,"5""x6""-5""x6""-5""x6""",,"6""","5""x6""-5""x6""-5""x6""",,,0.14 CF,L 1 Zone 1
1087406,MEP,Duct Fittings,Rectangular Tee,Standard,L 1,,,,Mechanical Supply Air 2,Supply Air,,,,,,"5""x6""-5""x6""-5""x6""",,"6""","5""x6""-5""x6""-5""x6""",,,0.14 CF,L 1 Zone 1
1087433,MEP,Duct Fittings,Rectangular Tee,Standard,L 1,,,,Mechanical Supply Air 2,Supply Air,,,,,,"5""x6""-5""x6""-5""x6""",,"6""","5""x6""-5""x6""-5""x6""",,,0.14 CF,L 1 Zone 1
1087460,MEP,Duct Fittings,Rectangular Tee,Standard,L 1,,,,Mechanical Supply Air 2,Supply Air,,,,,,"5""x6""-5""x6""-5""x6""",,"6""","5""x6""-5""x6""-5""x6""",,,0.14 CF,
1094220,MEP,Duct Fittings,Rectangular Tee,Standard,L 1,,,,Mechanical Exhaust Air 1,Exhaust Air,,,,,,"6""x6""-5""x6""-5""x6""",,"6""","6""x6""-5""x6""-5""x6""",,,0.16 CF,L 1 Zone 9
1094244,MEP,Duct Fittings,Rectangular Tee,Standard,L 1,,,,Mechanical Exhaust Air 1,Exhaust Air,,,,,,"5""x6""-5""x6""-5""x6""",,"6""","5""x6""-5""x6""-5""x6""",,,0.14 CF,L 1 Zone 9
1094278,MEP,Duct Fittings,Rectangular Tee,Standard,L 1,,,,Mechanical Exhaust Air 1,Exhaust Air,,,,,,"5""x6""-5""x6""-5""x6""",,"6""","5""x6""-5""x6""-5""x6""",,,0.14 CF,L 1 Zone 9
1094221,MEP,Duct Fittings,Rectangular Transition - Angle,45 Degree,L 1,,,,Mechanical Exhaust Air 1,Exhaust Air,,,,,,"6""x6""-6""x5""",,,"6""x6""-6""x5""",,0 SF,0.02 CF,L 1 Zone 9
1086039,MEP,Duct Fittings,Rectangular to Round Transition - Angle,45 Degree,L 1,,,,Mechanical Supply Air 2,Supply Air,,,,,,"5""x6""-4""ø","5""","6""","5""x6""-4""ø",,0 SF,0.03 CF,
1086070,MEP,Duct Fittings,Rectangular to Round Transition - Angle,45 Degree,L 1,,,,Mechanical Supply Air 2,Supply Air,,,,,,"5""x6""-4""ø","5""","6""","5""x6""-4""ø",,0 SF,0.03 CF,
1086112,MEP,Duct Fittings,Rectangular to Round Transition - Angle,45 Degree,L 1,,,,Mechanical Supply Air 2,Supply Air,,,,,,"5""x6""-4""ø","5""","6""","5""x6""-4""ø",,0 SF,0.03 CF,
1086250,MEP,Duct Fittings,Rectangular to Round Transition - Angle,45 Degree,L 1,,,,Mechanical Supply Air 2,Supply Air,,,,,,"5""x6""-4""ø","5""","6""","5""x6""-4""ø",,0 SF,0.03 CF,
1086255,MEP,Duct Fittings,Rectangular to Round Transition - Angle,45 Degree,L 1,,,,Mechanical Supply Air 2,Supply Air,,,,,,"5""x6""-4""ø","5""","6""","5""x6""-4""ø",,0 SF,0.03 CF,
1086260,MEP,Duct Fittings,Rectangular to Round Transition - Angle,45 Degree,L 1,,,,Mechanical Supply Air 2,Supply Air,,,,,,"5""x6""-4""ø","5""","6""","5""x6""-4""ø",,0 SF,0.03 CF,
1086272,MEP,Duct Fittings,Rectangular to Round Transition - Angle,45 Degree,L 1,,,,Mechanical Supply Air 2,Supply Air,,,,,,"5""x6""-4""ø","5""","6""","5""x6""-4""ø",,0 SF,0.03 CF,
1086640,MEP,Duct Fittings,Rectangular to Round Transition - Angle,45 Degree,L 1,,,,Mechanical Supply Air 1,Supply Air,,,,,,"5""x6""-4""ø","5""","6""","5""x6""-4""ø",,0 SF,0.03 CF,
1086710,MEP,Duct Fittings,Rectangular to Round Transition - Angle,45 Degree,L 1,,,,Mechanical Supply Air 1,Supply Air,,,,,,"5""x6""-4""ø","5""","6""","5""x6""-4""ø",,0 SF,0.03 CF,L 1 Zone 7
1086736,MEP,Duct Fittings,Rectangular to Round Transition - Angle,45 Degree,L 1,,,,Mechanical Supply Air 1,Supply Air,,,,,,"5""x6""-4""ø","5""","6""","5""x6""-4""ø",,0 SF,0.03 CF,L 1 Zone 7
1086764,MEP,Duct Fittings,Rectangular to Round Transition - Angle,45 Degree,L 1,,,,Mechanical Supply Air 1,Supply Air,,,,,,"5""x6""-4""ø","5""","6""","5""x6""-4""ø",,0 SF,0.03 CF,L 1 Zone 7
1086784,MEP,Duct Fittings,Rectangular to Round Transition - Angle,45 Degree,L 1,,,,Mechanical Supply Air 1,Supply Air,,,,,,"5""x6""-4""ø","5""","6""","5""x6""-4""ø",,0 SF,0.03 CF,L 1 Zone 7
1086804,MEP,Duct Fittings,Rectangular to Round Transition - Angle,45 Degree,L 1,,,,Mechanical Supply Air 1,Supply Air,,,,,,"5""x6""-4""ø","5""","6""","5""x6""-4""ø",,0 SF,0.03 CF,L 1 Zone 7
1086824,MEP,Duct Fittings,Rectangular to Round Transition - Angle,45 Degree,L 1,,,,Mechanical Supply Air 1,Supply Air,,,,,,"5""x6""-4""ø","5""","6""","5""x6""-4""ø",,0 SF,0.03 CF,L 1 Zone 7
1086844,MEP,Duct Fittings,Rectangular to Round Transition - Angle,45 Degree,L 1,,,,Mechanical Supply Air 1,Supply Air,,,,,,"5""x6""-4""ø","5""","6""","5""x6""-4""ø",,0 SF,0.03 CF,L 1 Zone 7
1086864,MEP,Duct Fittings,Rectangular to Round Transition - Angle,45 Degree,L 1,,,,Mechanical Supply Air 1,Supply Air,,,,,,"5""x6""-4""ø","5""","6""","5""x6""-4""ø",,0 SF,0.03 CF,
1086884,MEP,Duct Fittings,Rectangular to Round Transition - Angle,45 Degree,L 1,,,,Mechanical Supply Air 1,Supply Air,,,,,,"5""x6""-4""ø","5""","6""","5""x6""-4""ø",,0 SF,0.03 CF,
1086910,MEP,Duct Fittings,Rectangular to Round Transition - Angle,45 Degree,L 1,,,,Mechanical Supply Air 1,Supply Air,,,,,,"5""x6""-4""ø","5""","6""","5""x6""-4""ø",,0 SF,0.03 CF,L 1 Zone 3
1086930,MEP,Duct Fittings,Rectangular to Round Transition - Angle,45 Degree,L 1,,,,Mechanical Supply Air 1,Supply Air,,,,,,"5""x6""-4""ø","5""","6""","5""x6""-4""ø",,0 SF,0.03 CF,L 1 Zone 3
1086950,MEP,Duct Fittings,Rectangular to Round Transition - Angle,45 Degree,L 1,,,,Mechanical Supply Air 1,Supply Air,,,,,,"5""x6""-4""ø","5""","6""","5""x6""-4""ø",,0 SF,0.03 CF,L 1 Zone 3
1086969,MEP,Duct Fittings,Rectangular to Round Transition - Angle,45 Degree,L 1,,,,Mechanical Supply Air 1,Supply Air,,,,,,"5""x6""-4""ø","5""","6""","5""x6""-4""ø",,0 SF,0.03 CF,L 1 Zone 3
1087073,MEP,Duct Fittings,Rectangular to Round Transition - Angle,45 Degree,L 1,,,,Mechanical Supply Air 2,Supply Air,,,,,,"5""x6""-4""ø","5""","6""","5""x6""-4""ø",,0 SF,0.03 CF,
1087174,MEP,Duct Fittings,Rectangular to Round Transition - Angle,45 Degree,L 1,,,,Mechanical Supply Air 2,Supply Air,,,,,,"5""x6""-4""ø","5""","6""","5""x6""-4""ø",,0 SF,0.03 CF,
1087349,MEP,Duct Fittings,Rectangular to Round Transition - Angle,45 Degree,L 1,,,,Mechanical Supply Air 2,Supply Air,,,,,,"5""x6""-4""ø","5""","6""","5""x6""-4""ø",,0 SF,0.03 CF,L 1 Zone 2
1087365,MEP,Duct Fittings,Rectangular to Round Transition - Angle,45 Degree,L 1,,,,Mechanical Supply Air 2,Supply Air,,,,,,"5""x6""-4""ø","5""","6""","5""x6""-4""ø",,0 SF,0.03 CF,L 1 Zone 2
1087381,MEP,Duct Fittings,Rectangular to Round Transition - Angle,45 Degree,L 1,,,,Mechanical Supply Air 2,Supply Air,,,,,,"5""x6""-4""ø","5""","6""","5""x6""-4""ø",,0 SF,0.03 CF,L 1 Zone 2
1087397,MEP,Duct Fittings,Rectangular to Round Transition - Angle,45 Degree,L 1,,,,Mechanical Supply Air 2,Supply Air,,,,,,"5""x6""-4""ø","5""","6""","5""x6""-4""ø",,0 SF,0.03 CF,L 1 Zone 1
1087422,MEP,Duct Fittings,Rectangular to Round Transition - Angle,45 Degree,L 1,,,,Mechanical Supply Air 2,Supply Air,,,,,,"5""x6""-4""ø","5""","6""","5""x6""-4""ø",,0 SF,0.03 CF,
1087449,MEP,Duct Fittings,Rectangular to Round Transition - Angle,45 Degree,L 1,,,,Mechanical Supply Air 2,Supply Air,,,,,,"5""x6""-4""ø","5""","6""","5""x6""-4""ø",,0 SF,0.03 CF,
1094293,MEP,Duct Fittings,Rectangular to Round Transition - Angle,45 Degree,L 1,,,,Mechanical Exhaust Air 1,Exhaust Air,,,,,,"5""x6""-4""ø","5""","6""","5""x6""-4""ø",,0 SF,0.03 CF,L 1 Zone 9
1094298,MEP,Duct Fittings,Rectangular to Round Transition - Angle,45 Degree,L 1,,,,Mechanical Exhaust Air 1,Exhaust Air,,,,,,"5""x6""-4""ø","5""","6""","5""x6""-4""ø",,0 SF,0.03 CF,L 1 Zone 9
1094303,MEP,Duct Fittings,Rectangular to Round Transition - Angle,45 Degree,L 1,,,,Mechanical Exhaust Air 1,Exhaust Air,,,,,,"5""x6""-4""ø","5""","6""","5""x6""-4""ø",,0 SF,0.03 CF,L 1 Zone 9
1094308,MEP,Duct Fittings,Rectangular to Round Transition - Angle,45 Degree,L 1,,,,Mechanical Exhaust Air 1,Exhaust Air,,,,,,"5""x6""-4""ø","5""","6""","5""x6""-4""ø",,0 SF,0.03 CF,L 1 Zone 9
1094313,MEP,Duct Fittings,Rectangular to Round Transition - Angle,45 Degree,L 1,,,,Mechanical Exhaust Air 1,Exhaust Air,,,,,,"5""x6""-4""ø","5""","6""","5""x6""-4""ø",,0 SF,0.03 CF,L 1 Zone 9
1094318,MEP,Duct Fittings,Rectangular to Round Transition - Angle,45 Degree,L 1,,,,Mechanical Exhaust Air 1,Exhaust Air,,,,,,"5""x6""-4""ø","5""","6""","5""x6""-4""ø",,0 SF,0.03 CF,L 1 Zone 9
1075438,MEP,Ducts,,Mitered Elbows / Tees,L 1,,,,Mechanical Return Air 1,Return Air,,,,,,"24""x12""","24""","12""","0' - 8""",,4 SF,,
1075659,MEP,Ducts,,Mitered Elbows / Tees,L 1,,,,Mechanical Return Air 2,Return Air,,,,,,"24""x12""","24""","12""","0' - 8""",,4 SF,,
1076665,MEP,Ducts,,Mitered Elbows / Tees,L 1,,,,Mechanical Return Air 3,Return Air,,,,,,"24""x12""","24""","12""","0' - 8""",,4 SF,,
1076684,MEP,Ducts,,Mitered Elbows / Tees,L 1,,,,Mechanical Return Air 4,Return Air,,,,,,"24""x12""","24""","12""","0' - 8""",,4 SF,,
1076705,MEP,Ducts,,Mitered Elbows / Tees,L 1,,,,Mechanical Return Air 5,Return Air,,,,,,"24""x12""","24""","12""","0' - 8""",,4 SF,,
1076739,MEP,Ducts,,Mitered Elbows / Tees,L 1,,,,Mechanical Return Air 6,Return Air,,,,,,"24""x12""","24""","12""","0' - 8""",,4 SF,,
1076760,MEP,Ducts,,Mitered Elbows / Tees,L 1,,,,Mechanical Return Air 7,Return Air,,,,,,"24""x12""","24""","12""","0' - 8""",,4 SF,,
1080346,MEP,Ducts,,Mitered Elbows / Tees,L 1,,,,Mechanical Return Air 8,Return Air,,,,,,"24""x12""","24""","12""","0' - 8""",,4 SF,,L 1 Zone 3
1080369,MEP,Ducts,,Mitered Elbows / Tees,L 1,,,,Mechanical Return Air 9,Return Air,,,,,,"24""x12""","24""","12""","0' - 8""",,4 SF,,
1080388,MEP,Ducts,,Mitered Elbows / Tees,L 1,,,,Mechanical Return Air 10,Return Air,,,,,,"24""x12""","24""","12""","0' - 8""",,4 SF,,
1080407,MEP,Ducts,,Mitered Elbows / Tees,L 1,,,,Mechanical Return Air 11,Return Air,,,,,,"24""x12""","24""","12""","0' - 8""",,4 SF,,
1080422,MEP,Ducts,,Mitered Elbows / Tees,L 1,,,,Mechanical Return Air 12,Return Air,,,,,,"24""x12""","24""","12""","0' - 8""",,4 SF,,
1080439,MEP,Ducts,,Mitered Elbows / Tees,L 1,,,,Mechanical Return Air 13,Return Air,,,,,,"24""x12""","24""","12""","0' - 9 5/16""",,5 SF,,
1080454,MEP,Ducts,,Mitered Elbows / Tees,L 1,,,,Mechanical Return Air 14,Return Air,,,,,,"24""x12""","24""","12""","0' - 8""",,4 SF,,L 1 Zone 7
1080469,MEP,Ducts,,Mitered Elbows / Tees,L 1,,,,Mechanical Return Air 15,Return Air,,,,,,"24""x12""","24""","12""","0' - 8""",,4 SF,,L 1 Zone 7
1080484,MEP,Ducts,,Mitered Elbows / Tees,L 1,,,,Mechanical Return Air 16,Return Air,,,,,,"24""x12""","24""","12""","0' - 8""",,4 SF,,L 1 Zone 7
1080499,MEP,Ducts,,Mitered Elbows / Tees,L 1,,,,Mechanical Return Air 17,Return Air,,,,,,"24""x12""","24""","12""","0' - 8""",,4 SF,,L 1 Zone 7
1080516,MEP,Ducts,,Mitered Elbows / Tees,L 1,,,,Mechanical Return Air 18,Return Air,,,,,,"24""x12""","24""","12""","0' - 8""",,4 SF,,L 1 Zone 7
1080533,MEP,Ducts,,Mitered Elbows / Tees,L 1,,,,Mechanical Return Air 19,Return Air,,,,,,"24""x12""","24""","12""","0' - 8""",,4 SF,,
1080548,MEP,Ducts,,Mitered Elbows / Tees,L 1,,,,Mechanical Return Air 20,Return Air,,,,,,"24""x12""","24""","12""","0' - 8""",,4 SF,,
1080565,MEP,Ducts,,Mitered Elbows / Tees,L 1,,,,Mechanical Return Air 21,Return Air,,,,,,"24""x12""","24""","12""","0' - 8""",,4 SF,,
1081502,MEP,Ducts,,Mitered Elbows / Tees,L 1,,,,Mechanical Return Air 22,Return Air,,,,,,"24""x16""","24""","16""","0' - 8""",,5 SF,,L 1 Zone 5
1081523,MEP,Ducts,,Mitered Elbows / Tees,L 1,,,,Mechanical Return Air 23,Return Air,,,,,,"24""x16""","24""","16""","0' - 8""",,5 SF,,L 1 Zone 5
1081540,MEP,Ducts,,Mitered Elbows / Tees,L 1,,,,Mechanical Return Air 24,Return Air,,,,,,"24""x16""","24""","16""","0' - 8""",,5 SF,,
1081555,MEP,Ducts,,Mitered Elbows / Tees,L 1,,,,Mechanical Return Air 25,Return Air,,,,,,"24""x16""","24""","16""","0' - 8""",,5 SF,,
1081570,MEP,Ducts,,Mitered Elbows / Tees,L 1,,,,Mechanical Return Air 26,Return Air,,,,,,"24""x16""","24""","16""","0' - 8""",,5 SF,,
1081680,MEP,Ducts,,Mitered Elbows / Tees,L 1,,,,Mechanical Return Air 27,Return Air,,,,,,"24""x16""","24""","16""","0' - 8""",,5 SF,,
1085232,MEP,Ducts,,Mitered Elbows / Tees,L 1,,,,Mechanical Return Air 28,Return Air,,,,,,"20""x12""","20""","12""","0' - 8""",,4 SF,,
1085776,MEP,Ducts,,Mitered Elbows / Tees,L 1,,,,Mechanical Supply Air 2,Supply Air,,,,,,"5""x6""","5""","6""","3' - 4""",,6 SF,,
1085785,MEP,Ducts,,Mitered Elbows / Tees,L 1,,,,Mechanical Supply Air 1,Supply Air,,,,,,"5""x6""","5""","6""","18' - 7 25/32""",,34 SF,,L 1 Zone 3
1086051,MEP,Ducts,,Mitered Elbows / Tees,L 1,,,,Mechanical Supply Air 2,Supply Air,,,,,,"5""x6""","5""","6""","9' - 1 5/8""",,17 SF,,
1086073,MEP,Ducts,,Mitered Elbows / Tees,L 1,,,,Mechanical Supply Air 2,Supply Air,,,,,,"5""x6""","5""","6""","9' - 0 1/16""",,17 SF,,
1086123,MEP,Ducts,,Mitered Elbows / Tees,L 1,,,,Mechanical Supply Air 2,Supply Air,,,,,,"5""x6""","5""","6""","9' - 0 25/32""",,17 SF,,
1086141,MEP,Ducts,,Mitered Elbows / Tees,L 1,,,,Mechanical Supply Air 2,Supply Air,,,,,,"5""x6""","5""","6""","5' - 6 7/8""",,10 SF,,
1086189,MEP,Ducts,,Mitered Elbows / Tees,L 1,,,,Mechanical Supply Air 2,Supply Air,,,,,,"5""x6""","5""","6""","9' - 0 15/32""",,17 SF,,
1086232,MEP,Ducts,,Mitered Elbows / Tees,L 1,,,,Mechanical Supply Air 2,Supply Air,,,,,,"5""x6""","5""","6""","9' - 1 1/16""",,17 SF,,
1086275,MEP,Ducts,,Mitered Elbows / Tees,L 1,,,,Mechanical Supply Air 1,Supply Air,,,,,,"5""x6""","5""","6""","2' - 10 7/16""",,5 SF,,L 1 Zone 3
1086381,MEP,Ducts,,Mitered Elbows / Tees,L 1,,,,Mechanical Supply Air 1,Supply Air,,,,,,"5""x6""","5""","6""","9' - 5""",,17 SF,,L 1 Zone 3
1086415,MEP,Ducts,,Mitered Elbows / Tees,L 1,,,,Mechanical Supply Air 1,Supply Air,,,,,,"5""x6""","5""","6""","9' - 1 3/32""",,17 SF,,L 1 Zone 3
1086430,MEP,Ducts,,Mitered Elbows / Tees,L 1,,,,Mechanical Supply Air 1,Supply Air,,,,,,"5""x6""","5""","6""","9' - 0 25/32""",,17 SF,,L 1 Zone 3
1086445,MEP,Ducts,,Mitered Elbows / Tees,L 1,,,,Mechanical Supply Air 1,Supply Air,,,,,,"5""x6""","5""","6""","9' - 1 13/32""",,17 SF,,L 1 Zone 3
1086477,MEP,Ducts,,Mitered Elbows / Tees,L 1,,,,Mechanical Supply Air 1,Supply Air,,,,,,"5""x6""","5""","6""","9' - 1""",,17 SF,,
1086492,MEP,Ducts,,Mitered Elbows / Tees,L 1,,,,Mechanical Supply Air 1,Supply Air,,,,,,"5""x6""","5""","6""","9' - 0 3/8""",,17 SF,,L 1 Zone 7
1086507,MEP,Ducts,,Mitered Elbows / Tees,L 1,,,,Mechanical Supply Air 1,Supply Air,,,,,,"5""x6""","5""","6""","9' - 0 9/16""",,17 SF,,L 1 Zone 7
1086522,MEP,Ducts,,Mitered Elbows / Tees,L 1,,,,Mechanical Supply Air 1,Supply Air,,,,,,"5""x6""","5""","6""","9' - 1 27/32""",,17 SF,,L 1 Zone 7
1086537,MEP,Ducts,,Mitered Elbows / Tees,L 1,,,,Mechanical Supply Air 1,Supply Air,,,,,,"5""x6""","5""","6""","8' - 11 19/32""",,16 SF,,L 1 Zone 7
1086552,MEP,Ducts,,Mitered Elbows / Tees,L 1,,,,Mechanical Supply Air 1,Supply Air,,,,,,"5""x6""","5""","6""","9' - 1""",,17 SF,,L 1 Zone 7
1086567,MEP,Ducts,,Mitered Elbows / Tees,L 1,,,,Mechanical Supply Air 1,Supply Air,,,,,,"5""x6""","5""","6""","9' - 4 3/32""",,17 SF,,L 1 Zone 7
1086582,MEP,Ducts,,Mitered Elbows / Tees,L 1,,,,Mechanical Supply Air 1,Supply Air,,,,,,"5""x6""","5""","6""","9' - 5""",,17 SF,,
1086747,MEP,Ducts,,Mitered Elbows / Tees,L 1,,,,Mechanical Supply Air 1,Supply Air,,,,,,"5""x6""","5""","6""","9' - 1 29/32""",,17 SF,,L 1 Zone 7
1087044,MEP,Ducts,,Mitered Elbows / Tees,L 1,,,,Mechanical Supply Air 2,Supply Air,,,,,,"5""x6""","5""","6""","9' - 6 9/32""",,17 SF,,
1087052,MEP,Ducts,,Mitered Elbows / Tees,L 1,,,,Mechanical Supply Air 2,Supply Air,,,,,,"5""x6""","5""","6""","1' - 8 11/32""",,3 SF,,L 1 Zone 2
1087053,MEP,Ducts,,Mitered Elbows / Tees,L 1,,,,Mechanical Supply Air 2,Supply Air,,,,,,"5""x6""","5""","6""","0' - 3 1/2""",,1 SF,,
1087153,MEP,Ducts,,Mitered Elbows / Tees,L 1,,,,Mechanical Supply Air 2,Supply Air,,,,,,"5""x6""","5""","6""","20' - 2 7/16""",,37 SF,,L 1 Zone 2
1087185,MEP,Ducts,,Mitered Elbows / Tees,L 1,,,,Mechanical Supply Air 2,Supply Air,,,,,,"5""x6""","5""","6""","3' - 3 5/16""",,6 SF,,L 1 Zone 2
1087208,MEP,Ducts,,Mitered Elbows / Tees,L 1,,,,Mechanical Supply Air 2,Supply Air,,,,,,"5""x6""","5""","6""","5' - 5 27/32""",,10 SF,,L 1 Zone 2
1087223,MEP,Ducts,,Mitered Elbows / Tees,L 1,,,,Mechanical Supply Air 2,Supply Air,,,,,,"5""x6""","5""","6""","5' - 11 3/4""",,11 SF,,L 1 Zone 1
1087238,MEP,Ducts,,Mitered Elbows / Tees,L 1,,,,Mechanical Supply Air 2,Supply Air,,,,,,"5""x6""","5""","6""","6' - 11""",,13 SF,,L 1 Zone 1
1087401,MEP,Ducts,,Mitered Elbows / Tees,L 1,,,,Mechanical Supply Air 2,Supply Air,,,,,,"5""x6""","5""","6""","0' - 8 1/2""",,1 SF,,
1087407,MEP,Ducts,,Mitered Elbows / Tees,L 1,,,,Mechanical Supply Air 2,Supply Air,,,,,,"5""x6""","5""","6""","22' - 5 1/16""",,41 SF,,
1087426,MEP,Ducts,,Mitered Elbows / Tees,L 1,,,,Mechanical Supply Air 2,Supply Air,,,,,,"5""x6""","5""","6""","19' - 2 1/2""",,35 SF,,
1087434,MEP,Ducts,,Mitered Elbows / Tees,L 1,,,,Mechanical Supply Air 2,Supply Air,,,,,,"5""x6""","5""","6""","2' - 11""",,5 SF,,L 1 Zone 1
1087453,MEP,Ducts,,Mitered Elbows / Tees,L 1,,,,Mechanical Supply Air 2,Supply Air,,,,,,"5""x6""","5""","6""","22' - 4 1/2""",,41 SF,,
1087461,MEP,Ducts,,Mitered Elbows / Tees,L 1,,,,Mechanical Supply Air 2,Supply Air,,,,,,"5""x6""","5""","6""","2' - 9 21/32""",,5 SF,,
1093963,MEP,Ducts,,Mitered Elbows / Tees,L 1,,,,Mechanical Exhaust Air 1,Exhaust Air,,,,,,"6""x5""","6""","5""","11' - 9 25/32""",,22 SF,,L 1 Zone 9
1094186,MEP,Ducts,,Mitered Elbows / Tees,L 1,,,,Mechanical Exhaust Air 1,Exhaust Air,,,,,,"5""x6""","5""","6""","2' - 10 13/32""",,5 SF,,L 1 Zone 9
1094224,MEP,Ducts,,Mitered Elbows / Tees,L 1,,,,Mechanical Exhaust Air 1,Exhaust Air,,,,,,"5""x6""","5""","6""","0' - 8 7/8""",,1 SF,,L 1 Zone 9
1094239,MEP,Ducts,,Mitered Elbows / Tees,L 1,,,,Mechanical Exhaust Air 1,Exhaust Air,,,,,,"5""x6""","5""","6""","2' - 10 3/4""",,5 SF,,L 1 Zone 9
1094245,MEP,Ducts,,Mitered Elbows / Tees,L 1,,,,Mechanical Exhaust Air 1,Exhaust Air,,,,,,"5""x6""","5""","6""","0' - 7 1/4""",,1 SF,,L 1 Zone 9
1094254,MEP,Ducts,,Mitered Elbows / Tees,L 1,,,,Mechanical Exhaust Air 1,Exhaust Air,,,,,,"5""x6""","5""","6""","2' - 10 3/4""",,5 SF,,L 1 Zone 9
1094259,MEP,Ducts,,Mitered Elbows / Tees,L 1,,,,Mechanical Exhaust Air 1,Exhaust Air,,,,,,"5""x6""","5""","6""","0' - 7 1/4""",,1 SF,,L 1 Zone 9
1094260,MEP,Ducts,,Mitered Elbows / Tees,L 1,,,,Mechanical Exhaust Air 1,Exhaust Air,,,,,,"5""x6""","5""","6""","0' - 10 11/16""",,2 SF,,L 1 Zone 9
1094271,MEP,Ducts,,Mitered Elbows / Tees,L 1,,,,Mechanical Exhaust Air 1,Exhaust Air,,,,,,"5""x6""","5""","6""","2' - 10 3/4""",,5 SF,,L 1 Zone 9
1094279,MEP,Ducts,,Mitered Elbows / Tees,L 1,,,,Mechanical Exhaust Air 1,Exhaust Air,,,,,,"5""x6""","5""","6""","0' - 7 1/4""",,1 SF,,L 1 Zone 9
1525525,MEP,Plumbing Fixtures,M_Sink Kitchen-Island,450 x 450mm,L 1,,,,,,,,,,"Metal - Steel, Polished",,"1' - 5 23/32""",,,,5 SF,0.24 CF,L 1 Zone 3
2001824,MEP,Plumbing Fixtures,M_Toilet-Residencial-3D,M_Toilet-Residencial-3D,L 1,,,,,,,,,,"Laminado - Linho, Opaco; Porcelana - Linho",,,,,,20 SF,1.10 CF,L 1 Zone 8
2001825,MEP,Plumbing Fixtures,M_Toilet-Residencial-3D,M_Toilet-Residencial-3D,L 1,,,,,,,,,,"Laminado - Linho, Opaco; Porcelana - Linho",,,,,,20 SF,1.10 CF,L 1 Zone 8
2001826,MEP,Plumbing Fixtures,M_Toilet-Residencial-3D,M_Toilet-Residencial-3D,L 1,,,,,,,,,,"Laminado - Linho, Opaco; Porcelana - Linho",,,,,,20 SF,1.10 CF,
2008441,MEP,Plumbing Fixtures,M_Toilet-Residencial-3D,M_Toilet-Residencial-3D,L 1,,,,,,,,,,"Laminado - Linho, Opaco; Porcelana - Linho",,,,,,20 SF,1.10 CF,
2008442,MEP,Plumbing Fixtures,M_Toilet-Residencial-3D,M_Toilet-Residencial-3D,L 1,,,,,,,,,,"Laminado - Linho, Opaco; Porcelana - Linho",,,,,,20 SF,1.10 CF,
2008443,MEP,Plumbing Fixtures,M_Toilet-Residencial-3D,M_Toilet-Residencial-3D,L 1,,,,,,,,,,"Laminado - Linho, Opaco; Porcelana - Linho",,,,,,20 SF,1.10 CF,
2001822,MEP,Plumbing Fixtures,M_Vão da pia-Redondo,482 x 482 mm,L 1,,,,,,,,,,Stainless Steel; Porcelana - Linho,,,,,,5 SF,0.43 CF,L 1 Zone 8
2001823,MEP,Plumbing Fixtures,M_Vão da pia-Redondo,482 x 482 mm,L 1,,,,,,,,,,Stainless Steel; Porcelana - Linho,,,,,,5 SF,0.43 CF,L 1 Zone 8
2008439,MEP,Plumbing Fixtures,M_Vão da pia-Redondo,482 x 482 mm,L 1,,,,,,,,,,Stainless Steel; Porcelana - Linho,,,,,,5 SF,0.43 CF,L 1 Zone 8
2008440,MEP,Plumbing Fixtures,M_Vão da pia-Redondo,482 x 482 mm,L 1,,,,,,,,,,Stainless Steel; Porcelana - Linho,,,,,,5 SF,0.43 CF,L 1 Zone 8
618153,Structural,Structural Foundations,,"Bearing Footing - 36"" x 12""",,,,,,,,,,,"Concrete, Normal Weight - 4 ksi",,"3' - 0""",,"58' - 0""",,150 SF,150.00 CF,
591738,Structural,Structural Framing,Concrete-Rectangular Beam,16 x 16,,,,,,,,,A1010,,"Concrete, Normal Weight - 4 ksi",,,,"30' - 4""",,,51.26 CF,
591739,Structural,Structural Framing,Concrete-Rectangular Beam,16 x 16,,,,,,,,,A1010,,"Concrete, Normal Weight - 4 ksi",,,,"29' - 0""",,,48.89 CF,
591740,Structural,Structural Framing,Concrete-Rectangular Beam,16 x 16,,,,,,,,,A1010,,"Concrete, Normal Weight - 4 ksi",,,,"29' - 0""",,,48.89 CF,
591741,Structural,Structural Framing,Concrete-Rectangular Beam,16 x 16,,,,,,,,,A1010,,"Concrete, Normal Weight - 4 ksi",,,,"29' - 0""",,,48.89 CF,
591742,Structural,Structural Framing,Concrete-Rectangular Beam,16 x 16,,,,,,,,,A1010,,"Concrete, Normal Weight - 4 ksi",,,,"30' - 4""",,,49.93 CF,
591743,Structural,Structural Framing,Concrete-Rectangular Beam,16 x 16,,,,,,,,,A1010,,"Concrete, Normal Weight - 4 ksi",,,,"29' - 0""",,,48.89 CF,
591744,Structural,Structural Framing,Concrete-Rectangular Beam,16 x 16,,,,,,,,,A1010,,"Concrete, Normal Weight - 4 ksi",,,,"29' - 0""",,,48.89 CF,
591745,Structural,Structural Framing,Concrete-Rectangular Beam,16 x 16,,,,,,,,,A1010,,"Concrete, Normal Weight - 4 ksi",,,,"29' - 0""",,,48.89 CF,
591746,Structural,Structural Framing,Concrete-Rectangular Beam,16 x 16,,,,,,,,,A1010,,"Concrete, Normal Weight - 4 ksi",,,,"30' - 4""",,,49.93 CF,
591747,Structural,Structural Framing,Concrete-Rectangular Beam,16 x 16,,,,,,,,,A1010,,"Concrete, Normal Weight - 4 ksi",,,,"29' - 0""",,,48.89 CF,
591748,Structural,Structural Framing,Concrete-Rectangular Beam,16 x 16,,,,,,,,,A1010,,"Concrete, Normal Weight - 4 ksi",,,,"28' - 4""",,,48.37 CF,
591750,Structural,Structural Framing,Concrete-Rectangular Beam,16 x 16,,,,,,,,,A1010,,"Concrete, Normal Weight - 4 ksi",,,,"27' - 8""",,,49.19 CF,
591751,Structural,Structural Framing,Concrete-Rectangular Beam,16 x 16,,,,,,,,,A1010,,"Concrete, Normal Weight - 4 ksi",,,,"27' - 8""",,,49.19 CF,
591754,Structural,Structural Framing,Concrete-Rectangular Beam,16 x 16,,,,,,,,,A1010,,"Concrete, Normal Weight - 4 ksi",,,,"29' - 0""",,,49.70 CF,
591755,Structural,Structural Framing,Concrete-Rectangular Beam,16 x 16,,,,,,,,,A1010,,"Concrete, Normal Weight - 4 ksi",,,,"27' - 8""",,,49.19 CF,
591758,Structural,Structural Framing,Concrete-Rectangular Beam,16 x 16,,,,,,,,,A1010,,"Concrete, Normal Weight - 4 ksi",,,,"27' - 8""",,,49.19 CF,
591759,Structural,Structural Framing,Concrete-Rectangular Beam,16 x 16,,,,,,,,,A1010,,"Concrete, Normal Weight - 4 ksi",,,,"27' - 8""",,,49.19 CF,
591760,Structural,Structural Framing,Concrete-Rectangular Beam,16 x 16,,,,,,,,,A1010,,"Concrete, Normal Weight - 4 ksi",,,,"27' - 8""",,,47.85 CF,
591761,Structural,Structural Framing,Concrete-Rectangular Beam,16 x 16,,,,,,,,,A1010,,"Concrete, Normal Weight - 4 ksi",,,,"27' - 8""",,,49.19 CF,
591765,Structural,Structural Framing,Concrete-Rectangular Beam,16 x 16,,,,,,,,,A1010,,"Concrete, Normal Weight - 4 ksi",,,,"28' - 4""",,,49.48 CF,
591766,Structural,Structural Framing,Concrete-Rectangular Beam,16 x 16,,,,,,,,,A1010,,"Concrete, Normal Weight - 4 ksi",,,,"27' - 8""",,,49.19 CF,
594720,Structural,Structural Framing,Concrete-Rectangular Beam,16 x 16,,,,,,,,,A1010,,"Concrete, Cast-in-Place gray",,,,"0' - 0 1/2""",,,0.04 CF,
618215,Structural,Structural Framing,Concrete-Rectangular Beam,16 x 16,,,,,,,,,A1010,,"Concrete, Normal Weight - 4 ksi",,,,"29' - 8""",,,48.75 CF,
620265,Structural,Structural Framing,Concrete-Rectangular Beam,16 x 16,,,,,,,,,A1010,,"Concrete, Normal Weight - 4 ksi",,,,"29' - 0""",,,49.74 CF,
620300,Structural,Structural Framing,Concrete-Rectangular Beam,16 x 16,,,,,,,,,A1010,,"Concrete, Normal Weight - 4 ksi",,,,"58' - 0""",,,101.30 CF,
635522,Structural,Structural Framing,Concrete-Rectangular Beam,16 x 16,,,,,,,,,A1010,,"Concrete, Normal Weight - 4 ksi",,,,"27' - 8""",,,47.85 CF,
635545,Structural,Structural Framing,Concrete-Rectangular Beam,16 x 16,,,,,,,,,A1010,,"Concrete, Normal Weight - 4 ksi",,,,"27' - 8""",,,49.19 CF,
635572,Structural,Structural Framing,Concrete-Rectangular Beam,16 x 16,,,,,,,,,A1010,,"Concrete, Normal Weight - 4 ksi",,,,"27' - 8""",,,49.19 CF,
635605,Structural,Structural Framing,Concrete-Rectangular Beam,16 x 16,,,,,,,,,A1010,,"Concrete, Normal Weight - 4 ksi",,,,"27' - 8""",,,49.19 CF,
635633,Structural,Structural Framing,Concrete-Rectangular Beam,16 x 16,,,,,,,,,A1010,,"Concrete, Normal Weight - 4 ksi",,,,"13' - 2""",,,23.41 CF,
637357,Structural,Structural Framing,Concrete-Rectangular Beam,16 x 16,,,,,,,,,A1010,,"Concrete, Normal Weight - 4 ksi",,,,"29' - 7 1/2""",,,50.32 CF,
637562,Structural,Structural Framing,Concrete-Rectangular Beam,16 x 16,,,,,,,,,A1010,,"Concrete, Normal Weight - 4 ksi",,,,"29' - 10 5/8""",,,50.53 CF,
637572,Structural,Structural Framing,Concrete-Rectangular Beam,16 x 16,,,,,,,,,A1010,,"Concrete, Normal Weight - 4 ksi",,,,"29' - 10 5/8""",,,50.53 CF,
637859,Structural,Structural Framing,Concrete-Rectangular Beam,16 x 16,,,,,,,,,A1010,,"Concrete, Normal Weight - 4 ksi",,,,"30' - 1 7/8""",,,50.37 CF,
638002,Structural,Structural Framing,Concrete-Rectangular Beam,16 x 16,,,,,,,,,A1010,,"Concrete, Normal Weight - 4 ksi",,,,"29' - 10 1/8""",,,49.86 CF,
638012,Structural,Structural Framing,Concrete-Rectangular Beam,16 x 16,,,,,,,,,A1010,,"Concrete, Normal Weight - 4 ksi",,,,"29' - 2 1/2""",,,50.13 CF,
669594,Structural,Structural Framing,Concrete-Rectangular Beam,16 x 16,,,,,,,,,A1010,,"Concrete, Normal Weight - 4 ksi",,,,"27' - 8""",,,49.19 CF,
669708,Structural,Structural Framing,Concrete-Rectangular Beam,16 x 16,,,,,,,,,A1010,,"Concrete, Normal Weight - 4 ksi",,,,"27' - 8""",,,49.19 CF,
670047,Structural,Structural Framing,Concrete-Rectangular Beam,16 x 16,,,,,,,,,A1010,,"Concrete, Normal Weight - 4 ksi",,,,"27' - 8""",,,49.19 CF,
670564,Structural,Structural Framing,Concrete-Rectangular Beam,16 x 16,,,,,,,,,A1010,,"Concrete, Normal Weight - 4 ksi",,,,"27' - 8""",,,47.85 CF,
671455,Structural,Structural Framing,Concrete-Rectangular Beam,16 x 16,,,,,,,,,A1010,,"Concrete, Normal Weight - 4 ksi",,,,"29' - 0""",,,49.74 CF,
607246,Structural,Structural Framing,Glulam-Western Species,14x18,,,,,,,,,B1010,,Structural Bamboo (CLB),,,,"27' - 10 1/2""",,,48.78 CF,
607325,Structural,Structural Framing,Glulam-Western Species,14x18,,,,,,,,,B1010,,Structural Bamboo (CLB),,,,"13' - 4 1/2""",,,23.41 CF,
607366,Structural,Structural Framing,Glulam-Western Species,14x18,,,,,,,,,B1010,,Structural Bamboo (CLB),,,,"27' - 2 7/8""",,,47.66 CF,
607409,Structural,Structural Framing,Glulam-Western Species,14x18,,,,,,,,,B1010,,Structural Bamboo (CLB),,,,"27' - 10 1/2""",,,48.78 CF,
607445,Structural,Structural Framing,Glulam-Western Species,14x18,,,,,,,,,B1010,,Structural Bamboo (CLB),,,,"27' - 10 1/2""",,,48.78 CF,
607483,Structural,Structural Framing,Glulam-Western Species,14x18,,,,,,,,,B1010,,Structural Bamboo (CLB),,,,"27' - 10 1/2""",,,48.78 CF,
607516,Structural,Structural Framing,Glulam-Western Species,14x18,,,,,,,,,B1010,,Structural Bamboo (CLB),,,,"27' - 10 1/2""",,,48.78 CF,
607550,Structural,Structural Framing,Glulam-Western Species,14x18,,,,,,,,,B1010,,Structural Bamboo (CLB),,,,"17' - 2 3/8""",,,30.10 CF,
607586,Structural,Structural Framing,Glulam-Western Species,14x18,,,,,,,,,B1010,,Structural Bamboo (CLB),,,,"27' - 10 1/2""",,,48.78 CF,
607670,Structural,Structural Framing,Glulam-Western Species,14x18,,,,,,,,,B1010,,Structural Bamboo (CLB),,,,"27' - 10 1/2""",,,48.78 CF,
607671,Structural,Structural Framing,Glulam-Western Species,14x18,,,,,,,,,B1010,,Structural Bamboo (CLB),,,,"20' - 9 1/4""",,,36.35 CF,
607672,Structural,Structural Framing,Glulam-Western Species,14x18,,,,,,,,,B1010,,Structural Bamboo (CLB),,,,"13' - 11 1/4""",,,24.39 CF,
607673,Structural,Structural Framing,Glulam-Western Species,14x18,,,,,,,,,B1010,,Structural Bamboo (CLB),,,,"27' - 10 1/2""",,,48.78 CF,
607674,Structural,Structural Framing,Glulam-Western Species,14x18,,,,,,,,,B1010,,Structural Bamboo (CLB),,,,"27' - 10 1/2""",,,48.78 CF,
607675,Structural,Structural Framing,Glulam-Western Species,14x18,,,,,,,,,B1010,,Structural Bamboo (CLB),,,,"27' - 10 1/2""",,,48.78 CF,
607676,Structural,Structural Framing,Glulam-Western Species,14x18,,,,,,,,,B1010,,Structural Bamboo (CLB),,,,"27' - 10 1/2""",,,48.78 CF,
607677,Structural,Structural Framing,Glulam-Western Species,14x18,,,,,,,,,B1010,,Structural Bamboo (CLB),,,,"27' - 10 1/2""",,,48.78 CF,
607678,Structural,Structural Framing,Glulam-Western Species,14x18,,,,,,,,,B1010,,Structural Bamboo (CLB),,,,"17' - 2 3/8""",,,30.10 CF,
607679,Structural,Structural Framing,Glulam-Western Species,14x18,,,,,,,,,B1010,,Structural Bamboo (CLB),,,,"27' - 10 1/2""",,,48.78 CF,
607684,Structural,Structural Framing,Glulam-Western Species,14x18,,,,,,,,,B1010,,Structural Bamboo (CLB),,,,"27' - 10 1/2""",,,48.78 CF,
607685,Structural,Structural Framing,Glulam-Western Species,14x18,,,,,,,,,B1010,,Structural Bamboo (CLB),,,,"13' - 4 1/2""",,,23.41 CF,
607686,Structural,Structural Framing,Glulam-Western Species,14x18,,,,,,,,,B1010,,Structural Bamboo (CLB),,,,"13' - 4 1/2""",,,23.41 CF,
607687,Structural,Structural Framing,Glulam-Western Species,14x18,,,,,,,,,B1010,,Structural Bamboo (CLB),,,,"27' - 10 1/2""",,,48.78 CF,
607688,Structural,Structural Framing,Glulam-Western Species,14x18,,,,,,,,,B1010,,Structural Bamboo (CLB),,,,"27' - 10 1/2""",,,48.78 CF,
607689,Structural,Structural Framing,Glulam-Western Species,14x18,,,,,,,,,B1010,,Structural Bamboo (CLB),,,,"27' - 10 1/2""",,,48.78 CF,
607690,Structural,Structural Framing,Glulam-Western Species,14x18,,,,,,,,,B1010,,Structural Bamboo (CLB),,,,"27' - 10 1/2""",,,48.78 CF,
607691,Structural,Structural Framing,Glulam-Western Species,14x18,,,,,,,,,B1010,,Structural Bamboo (CLB),,,,"27' - 10 1/2""",,,48.78 CF,
607692,Structural,Structural Framing,Glulam-Western Species,14x18,,,,,,,,,B1010,,Structural Bamboo (CLB),,,,"9' - 6 5/8""",,,16.72 CF,
607693,Structural,Structural Framing,Glulam-Western Species,14x18,,,,,,,,,B1010,,Structural Bamboo (CLB),,,,"27' - 10 1/2""",,,48.78 CF,
629989,Structural,Structural Framing,Glulam-Western Species,14x18,,,,,,,,,B1010,,Structural Bamboo (CLB),,,,"20' - 9 1/4""",,,36.35 CF,
630128,Structural,Structural Framing,Glulam-Western Species,14x18,,,,,,,,,B1010,,Structural Bamboo (CLB),,,,"8' - 10 1/8""",,,15.48 CF,
633194,Structural,Structural Framing,Glulam-Western Species,14x18,,,,,,,,,B1010,,Structural Bamboo (CLB),,,,"13' - 4 1/2""",,,23.41 CF,
650141,Structural,Structural Framing,Glulam-Western Species,14x18,,,,,,,,,B1010,,Structural Bamboo (CLB),,,,"7' - 4 1/4""",,,12.88 CF,
650432,Structural,Structural Framing,Glulam-Western Species,14x18,,,,,,,,,B1010,,Structural Bamboo (CLB),,,,"11' - 0 1/8""",,,19.28 CF,
659039,Structural,Structural Framing,Glulam-Western Species,14x18,,,,,,,,,B1010,,Structural Bamboo (CLB),,,,"7' - 4 1/4""",,,12.88 CF,
659040,Structural,Structural Framing,Glulam-Western Species,14x18,,,,,,,,,B1010,,Structural Bamboo (CLB),,,,"7' - 4 1/4""",,,12.88 CF,
659596,Structural,Structural Framing,Glulam-Western Species,14x18,,,,,,,,,B1010,,Structural Bamboo (CLB),,,,"9' - 5 1/4""",,,16.52 CF,
660641,Structural,Structural Framing,Glulam-Western Species,14x18,,,,,,,,,B1010,,Structural Bamboo (CLB),,,,"9' - 5""",,,16.48 CF,
660669,Structural,Structural Framing,Glulam-Western Species,14x18,,,,,,,,,B1010,,Structural Bamboo (CLB),,,,"9' - 5""",,,16.48 CF,
660706,Structural,Structural Framing,Glulam-Western Species,14x18,,,,,,,,,B1010,,Structural Bamboo (CLB),,,,"9' - 5""",,,16.48 CF,
660739,Structural,Structural Framing,Glulam-Western Species,14x18,,,,,,,,,B1010,,Structural Bamboo (CLB),,,,"9' - 5""",,,16.48 CF,
660771,Structural,Structural Framing,Glulam-Western Species,14x18,,,,,,,,,B1010,,Structural Bamboo (CLB),,,,"9' - 5""",,,16.48 CF,
660803,Structural,Structural Framing,Glulam-Western Species,14x18,,,,,,,,,B1010,,Structural Bamboo (CLB),,,,"9' - 5""",,,16.48 CF,
660835,Structural,Structural Framing,Glulam-Western Species,14x18,,,,,,,,,B1010,,Structural Bamboo (CLB),,,,"9' - 5""",,,16.48 CF,
660863,Structural,Structural Framing,Glulam-Western Species,14x18,,,,,,,,,B1010,,Structural Bamboo (CLB),,,,"9' - 5""",,,16.48 CF,
660895,Structural,Structural Framing,Glulam-Western Species,14x18,,,,,,,,,B1010,,Structural Bamboo (CLB),,,,"9' - 5""",,,16.48 CF,
661390,Structural,Structural Framing,Glulam-Western Species,14x18,,,,,,,,,B1010,,Structural Bamboo (CLB),,,,"9' - 5 1/4""",,,16.52 CF,
661758,Structural,Structural Framing,Glulam-Western Species,14x18,,,,,,,,,B1010,,Structural Bamboo (CLB),,,,"9' - 5 1/4""",,,16.52 CF,
661759,Structural,Structural Framing,Glulam-Western Species,14x18,,,,,,,,,B1010,,Structural Bamboo (CLB),,,,"9' - 5""",,,16.48 CF,
661760,Structural,Structural Framing,Glulam-Western Species,14x18,,,,,,,,,B1010,,Structural Bamboo (CLB),,,,"9' - 5""",,,16.48 CF,
661761,Structural,Structural Framing,Glulam-Western Species,14x18,,,,,,,,,B1010,,Structural Bamboo (CLB),,,,"9' - 5""",,,16.48 CF,
661762,Structural,Structural Framing,Glulam-Western Species,14x18,,,,,,,,,B1010,,Structural Bamboo (CLB),,,,"9' - 5""",,,16.48 CF,
661763,Structural,Structural Framing,Glulam-Western Species,14x18,,,,,,,,,B1010,,Structural Bamboo (CLB),,,,"9' - 5""",,,16.48 CF,
661764,Structural,Structural Framing,Glulam-Western Species,14x18,,,,,,,,,B1010,,Structural Bamboo (CLB),,,,"9' - 5""",,,16.48 CF,
661765,Structural,Structural Framing,Glulam-Western Species,14x18,,,,,,,,,B1010,,Structural Bamboo (CLB),,,,"9' - 5""",,,16.48 CF,
661766,Structural,Structural Framing,Glulam-Western Species,14x18,,,,,,,,,B1010,,Structural Bamboo (CLB),,,,"9' - 5""",,,16.48 CF,
661767,Structural,Structural Framing,Glulam-Western Species,14x18,,,,,,,,,B1010,,Structural Bamboo (CLB),,,,"9' - 5""",,,16.48 CF,
661768,Structural,Structural Framing,Glulam-Western Species,14x18,,,,,,,,,B1010,,Structural Bamboo (CLB),,,,"9' - 5 1/4""",,,16.52 CF,
661960,Structural,Structural Framing,Glulam-Western Species,14x18,,,,,,,,,B1010,,Structural Bamboo (CLB),,,,"9' - 5 1/4""",,,16.52 CF,
662335,Structural,Structural Framing,Glulam-Western Species,14x18,,,,,,,,,B1010,,Structural Bamboo (CLB),,,,"9' - 5 1/4""",,,16.52 CF,
662336,Structural,Structural Framing,Glulam-Western Species,14x18,,,,,,,,,B1010,,Structural Bamboo (CLB),,,,"9' - 5 1/4""",,,16.52 CF,
662337,Structural,Structural Framing,Glulam-Western Species,14x18,,,,,,,,,B1010,,Structural Bamboo (CLB),,,,"9' - 5 1/4""",,,16.52 CF,
662462,Structural,Structural Framing,Glulam-Western Species,14x18,,,,,,,,,B1010,,Structural Bamboo (CLB),,,,"9' - 11 1/2""",,,17.43 CF,
662491,Structural,Structural Framing,Glulam-Western Species,14x18,,,,,,,,,B1010,,Structural Bamboo (CLB),,,,"9' - 11 1/2""",,,17.43 CF,
662530,Structural,Structural Framing,Glulam-Western Species,14x18,,,,,,,,,B1010,,Structural Bamboo (CLB),,,,"9' - 11 1/2""",,,17.43 CF,
662560,Structural,Structural Framing,Glulam-Western Species,14x18,,,,,,,,,B1010,,Structural Bamboo (CLB),,,,"9' - 11 1/2""",,,17.43 CF,
662669,Structural,Structural Framing,Glulam-Western Species,14x18,,,,,,,,,B1010,,Structural Bamboo (CLB),,,,"9' - 11 1/2""",,,17.43 CF,
662670,Structural,Structural Framing,Glulam-Western Species,14x18,,,,,,,,,B1010,,Structural Bamboo (CLB),,,,"9' - 11 1/2""",,,17.43 CF,
662671,Structural,Structural Framing,Glulam-Western Species,14x18,,,,,,,,,B1010,,Structural Bamboo (CLB),,,,"9' - 11 1/2""",,,17.43 CF,
662672,Structural,Structural Framing,Glulam-Western Species,14x18,,,,,,,,,B1010,,Structural Bamboo (CLB),,,,"9' - 11 1/2""",,,17.43 CF,
664493,Structural,Structural Framing,Glulam-Western Species,14x18,,,,,,,,,B1010,,Structural Bamboo (CLB),,,,"20' - 9 1/4""",,,36.35 CF,
665010,Structural,Structural Framing,Glulam-Western Species,14x18,,,,,,,,,B1010,,Structural Bamboo (CLB),,,,"13' - 4 1/2""",,,23.41 CF,
665471,Structural,Structural Framing,Glulam-Western Species,14x18,,,,,,,,,B1010,,Structural Bamboo (CLB),,,,"18' - 5 1/4""",,,32.27 CF,
671646,Structural,Structural Framing,Glulam-Western Species,14x18,,,,,,,,,B1010,,Structural Bamboo (CLB),,,,"27' - 10 1/2""",,,48.78 CF,
671736,Structural,Structural Framing,Glulam-Western Species,14x18,,,,,,,,,B1010,,Structural Bamboo (CLB),,,,"27' - 10 1/2""",,,48.78 CF,
671775,Structural,Structural Framing,Glulam-Western Species,14x18,,,,,,,,,B1010,,Structural Bamboo (CLB),,,,"27' - 10 1/2""",,,48.78 CF,
672414,Structural,Structural Framing,Glulam-Western Species,14x18,,,,,,,,,B1010,,Structural Bamboo (CLB),,,,"13' - 9 1/4""",,,24.10 CF,
672526,Structural,Structural Framing,Glulam-Western Species,14x18,,,,,,,,,B1010,,Structural Bamboo (CLB),,,,"27' - 10 1/2""",,,48.78 CF,
672824,Structural,Structural Framing,Glulam-Western Species,14x18,,,,,,,,,B1010,,Structural Bamboo (CLB),,,,"27' - 10 1/2""",,,48.78 CF,
672959,Structural,Structural Framing,Glulam-Western Species,14x18,,,,,,,,,B1010,,Structural Bamboo (CLB),,,,"8' - 8 1/8""",,,15.18 CF,
673977,Structural,Structural Framing,Glulam-Western Species,14x18,,,,,,,,,B1010,,Structural Bamboo (CLB),,,,"27' - 10 1/2""",,,48.78 CF,
674148,Structural,Structural Framing,Glulam-Western Species,14x18,,,,,,,,,B1010,,Structural Bamboo (CLB),,,,"15' - 3 3/8""",,,26.75 CF,
674851,Structural,Structural Framing,Glulam-Western Species,14x18,,,,,,,,,B1010,,Structural Bamboo (CLB),,,,"27' - 10 1/2""",,,48.78 CF,
674893,Structural,Structural Framing,Glulam-Western Species,14x18,,,,,,,,,B1010,,Structural Bamboo (CLB),,,,"27' - 10 1/2""",,,48.78 CF,
675283,Structural,Structural Framing,Glulam-Western Species,14x18,,,,,,,,,B1010,,Structural Bamboo (CLB),,,,"27' - 10 1/2""",,,48.78 CF,
676672,Structural,Structural Framing,Glulam-Western Species,14x18,,,,,,,,,B1010,,Structural Bamboo (CLB),,,,"13' - 4 1/2""",,,23.41 CF,
676820,Structural,Structural Framing,Glulam-Western Species,14x18,,,,,,,,,B1010,,Structural Bamboo (CLB),,,,"27' - 10 1/2""",,,48.78 CF,
677144,Structural,Structural Framing,Glulam-Western Species,14x18,,,,,,,,,B1010,,Structural Bamboo (CLB),,,,"27' - 10 1/2""",,,48.78 CF,
677462,Structural,Structural Framing,Glulam-Western Species,14x18,,,,,,,,,B1010,,Structural Bamboo (CLB),,,,"27' - 10 1/2""",,,48.78 CF,
677531,Structural,Structural Framing,Glulam-Western Species,14x18,,,,,,,,,B1010,,Structural Bamboo (CLB),,,,"27' - 10 1/2""",,,48.78 CF,
677618,Structural,Structural Framing,Glulam-Western Species,14x18,,,,,,,,,B1010,,Structural Bamboo (CLB),,,,"27' - 10 1/2""",,,48.78 CF,
677777,Structural,Structural Framing,Glulam-Western Species,14x18,,,,,,,,,B1010,,Structural Bamboo (CLB),,,,"27' - 10 1/2""",,,48.78 CF,
678180,Structural,Structural Framing,Glulam-Western Species,14x18,,,,,,,,,B1010,,Structural Bamboo (CLB),,,,"27' - 10 1/2""",,,48.78 CF,
678315,Structural,Structural Framing,Glulam-Western Species,14x18,,,,,,,,,B1010,,Structural Bamboo (CLB),,,,"13' - 11 1/4""",,,24.39 CF,
678744,Structural,Structural Framing,Glulam-Western Species,14x18,,,,,,,,,B1010,,Structural Bamboo (CLB),,,,"17' - 2 3/8""",,,30.10 CF,
681743,Structural,Structural Framing,Glulam-Western Species,14x18,,,,,,,,,B1010,,Structural Bamboo (CLB),,,,"27' - 10 1/2""",,,48.78 CF,
682112,Structural,Structural Framing,Glulam-Western Species,14x18,,,,,,,,,B1010,,Structural Bamboo (CLB),,,,"8' - 10 1/8""",,,15.48 CF,
682671,Structural,Structural Framing,Glulam-Western Species,14x18,,,,,,,,,B1010,,Structural Bamboo (CLB),,,,"13' - 9 1/4""",,,24.10 CF,
647342,Structural,Structural Framing,Glulam-Western Species,14x36,,,,,,,,,,,Structural Bamboo (CLB),,,,"56' - 10""",,,198.92 CF,
647379,Structural,Structural Framing,Glulam-Western Species,14x36,,,,,,,,,,,Structural Bamboo (CLB),,,,"56' - 10 1/2""",,,199.06 CF,
647424,Structural,Structural Framing,Glulam-Western Species,14x36,,,,,,,,,,,Structural Bamboo (CLB),,,,"57' - 4""",,,200.67 CF,
647454,Structural,Structural Framing,Glulam-Western Species,14x36,,,,,,,,,,,Structural Bamboo (CLB),,,,"27' - 10 1/2""",,,97.56 CF,
648230,Structural,Structural Framing,Glulam-Western Species,14x36,,,,,,,,,,,Structural Bamboo (CLB),,,,"27' - 10 1/2""",,,97.56 CF,
648366,Structural,Structural Framing,Glulam-Western Species,14x36,,,,,,,,,,,Structural Bamboo (CLB),,,,"27' - 10 1/2""",,,97.56 CF,
677855,Structural,Structural Framing,Glulam-Western Species,14x36,,,,,,,,,,,Structural Bamboo (CLB),,,,"27' - 10 1/2""",,,97.56 CF,
678054,Structural,Structural Framing,Glulam-Western Species,14x36,,,,,,,,,,,Structural Bamboo (CLB),,,,"27' - 10 1/2""",,,97.56 CF,
678868,Structural,Structural Framing,Glulam-Western Species,14x36,,,,,,,,,,,Structural Bamboo (CLB),,,,"5' - 7 1/8""",,,19.59 CF,
679076,Structural,Structural Framing,Glulam-Western Species,14x36,,,,,,,,,,,Structural Bamboo (CLB),,,,"5' - 7 1/8""",,,19.59 CF,
679347,Structural,Structural Framing,Glulam-Western Species,14x36,,,,,,,,,,,Structural Bamboo (CLB),,,,"27' - 10 1/2""",,,97.56 CF,
680397,Structural,Structural Framing,Glulam-Western Species,14x36,,,,,,,,,,,Structural Bamboo (CLB),,,,"2' - 11 1/2""",,,10.35 CF,
680682,Structural,Structural Framing,Glulam-Western Species,14x36,,,,,,,,,,,Structural Bamboo (CLB),,,,"2' - 8 3/4""",,,9.55 CF,
680912,Structural,Structural Framing,Glulam-Western Species,14x36,,,,,,,,,,,Structural Bamboo (CLB),,,,"2' - 8 3/4""",,,9.55 CF,
681310,Structural,Structural Framing,Glulam-Western Species,14x36,,,,,,,,,,,Structural Bamboo (CLB),,,,"2' - 8 1/2""",,,9.48 CF,
1789655,Structural,Floors,,"Concrete 6"" DNC",L -1,,,,,,,,B1010,,"Concrete, Cast-in-Place gray",,,"0' - 6""",,"0' - 6""",1858 SF,929.17 CF,
1241457,Structural,Floors,,"Generic - 12""",L -1,,,,,,,,A1010,,Default Floor,,,"1' - 0""",,"1' - 0""",6848 SF,6847.99 CF,
1533476,Structural,Floors,,"Wood Joist 10"" - Ceramic Tile DNC",L -1,,,,,,,,,,"Plywood, Sheathing; Tile, Mosaic, Gray; Structure, Wood Joist/Rafter Layer; Cementitious Backer Board",,,"0' - 10 3/4""",,"0' - 10 3/4""",4828 SF,4324.80 CF,
621063,Structural,Structural Columns,Concrete-Rectangular-Column,12x12,L -1,L -1,L -1,,,,,,A1010,,"Concrete, Normal Weight - 4 ksi",,,,,,,4.00 CF,
621150,Structural,Structural Columns,Concrete-Rectangular-Column,12x12,L -1,L -1,L -1,,,,,,A1010,,"Concrete, Normal Weight - 4 ksi",,,,,,,4.00 CF,
622192,Structural,Structural Columns,Concrete-Rectangular-Column,12x12,L -1,L -1,L -1,,,,,,A1010,,"Concrete, Normal Weight - 4 ksi",,,,,,,4.00 CF,
622193,Structural,Structural Columns,Concrete-Rectangular-Column,12x12,L -1,L -1,L -1,,,,,,A1010,,"Concrete, Normal Weight - 4 ksi",,,,,,,4.00 CF,
622194,Structural,Structural Columns,Concrete-Rectangular-Column,12x12,L -1,L -1,L -1,,,,,,A1010,,"Concrete, Normal Weight - 4 ksi",,,,,,,4.00 CF,
622195,Structural,Structural Columns,Concrete-Rectangular-Column,12x12,L -1,L -1,L -1,,,,,,A1010,,"Concrete, Normal Weight - 4 ksi",,,,,,,4.00 CF,
622196,Structural,Structural Columns,Concrete-Rectangular-Column,12x12,L -1,L -1,L -1,,,,,,A1010,,"Concrete, Normal Weight - 4 ksi",,,,,,,4.00 CF,
622197,Structural,Structural Columns,Concrete-Rectangular-Column,12x12,L -1,L -1,L -1,,,,,,A1010,,"Concrete, Normal Weight - 4 ksi",,,,,,,4.00 CF,L -1 Zone 5
622198,Structural,Structural Columns,Concrete-Rectangular-Column,12x12,L -1,L -1,L -1,,,,,,A1010,,"Concrete, Normal Weight - 4 ksi",,,,,,,4.00 CF,
622199,Structural,Structural Columns,Concrete-Rectangular-Column,12x12,L -1,L -1,L -1,,,,,,A1010,,"Concrete, Normal Weight - 4 ksi",,,,,,,4.00 CF,
622200,Structural,Structural Columns,Concrete-Rectangular-Column,12x12,L -1,L -1,L -1,,,,,,A1010,,"Concrete, Normal Weight - 4 ksi",,,,,,,4.00 CF,L -1 Zone 5
622201,Structural,Structural Columns,Concrete-Rectangular-Column,12x12,L -1,L -1,L -1,,,,,,A1010,,"Concrete, Normal Weight - 4 ksi",,,,,,,4.00 CF,
622202,Structural,Structural Columns,Concrete-Rectangular-Column,12x12,L -1,L -1,L -1,,,,,,A1010,,"Concrete, Normal Weight - 4 ksi",,,,,,,4.00 CF,L -1 Zone 4
622203,Structural,Structural Columns,Concrete-Rectangular-Column,12x12,L -1,L -1,L -1,,,,,,A1010,,"Concrete, Normal Weight - 4 ksi",,,,,,,4.00 CF,L -1 Zone 4
622204,Structural,Structural Columns,Concrete-Rectangular-Column,12x12,L -1,L -1,L -1,,,,,,A1010,,"Concrete, Normal Weight - 4 ksi",,,,,,,4.00 CF,
622205,Structural,Structural Columns,Concrete-Rectangular-Column,12x12,L -1,L -1,L -1,,,,,,A1010,,"Concrete, Normal Weight - 4 ksi",,,,,,,4.00 CF,
622206,Structural,Structural Columns,Concrete-Rectangular-Column,12x12,L -1,L -1,L -1,,,,,,A1010,,"Concrete, Normal Weight - 4 ksi",,,,,,,4.00 CF,L -1 Zone 4
622207,Structural,Structural Columns,Concrete-Rectangular-Column,12x12,L -1,L -1,L -1,,,,,,A1010,,"Concrete, Normal Weight - 4 ksi",,,,,,,4.00 CF,
622208,Structural,Structural Columns,Concrete-Rectangular-Column,12x12,L -1,L -1,L -1,,,,,,A1010,,"Concrete, Normal Weight - 4 ksi",,,,,,,4.00 CF,
622209,Structural,Structural Columns,Concrete-Rectangular-Column,12x12,L -1,L -1,L -1,,,,,,A1010,,"Concrete, Normal Weight - 4 ksi",,,,,,,4.00 CF,L -1 Zone 4
622210,Structural,Structural Columns,Concrete-Rectangular-Column,12x12,L -1,L -1,L -1,,,,,,A1010,,"Concrete, Normal Weight - 4 ksi",,,,,,,4.00 CF,
622212,Structural,Structural Columns,Concrete-Rectangular-Column,12x12,L -1,L -1,L -1,,,,,,A1010,,"Concrete, Normal Weight - 4 ksi",,,,,,,4.00 CF,
622213,Structural,Structural Columns,Concrete-Rectangular-Column,12x12,L -1,L -1,L -1,,,,,,A1010,,"Concrete, Normal Weight - 4 ksi",,,,,,,4.00 CF,
622214,Structural,Structural Columns,Concrete-Rectangular-Column,12x12,L -1,L -1,L -1,,,,,,A1010,,"Concrete, Normal Weight - 4 ksi",,,,,,,4.00 CF,
622918,Structural,Structural Columns,Concrete-Rectangular-Column,12x12,L -1,L -1,L -1,,,,,,A1010,,"Concrete, Normal Weight - 4 ksi",,,,,,,4.00 CF,L -1 Zone 2
634191,Structural,Structural Columns,Concrete-Rectangular-Column,12x12,L -1,L -1,L -1,,,,,,A1010,,"Concrete, Normal Weight - 4 ksi",,,,,,,4.00 CF,L -1 Zone 1
634277,Structural,Structural Columns,Concrete-Rectangular-Column,12x12,L -1,L -1,L -1,,,,,,A1010,,"Concrete, Normal Weight - 4 ksi",,,,,,,4.00 CF,L -1 Zone 1
634794,Structural,Structural Columns,Concrete-Rectangular-Column,12x12,L -1,L -1,L -1,,,,,,A1010,,"Concrete, Normal Weight - 4 ksi",,,,,,,4.00 CF,
638122,Structural,Structural Columns,Concrete-Rectangular-Column,12x12,L -1,L -1,L -1,,,,,,A1010,,"Concrete, Normal Weight - 4 ksi",,,,,,,4.00 CF,
611709,Structural,Structural Columns,Concrete-Rectangular-Column,14x14,L -1,L -1,L 0,,,,,,A1010,,"Concrete, Cast-in-Place gray",,,,,,,6.81 CF,
611833,Structural,Structural Columns,Concrete-Rectangular-Column,14x14,L -1,L -1,L 0,,,,,,A1010,,"Concrete, Cast-in-Place gray",,,,,,,6.81 CF,
611868,Structural,Structural Columns,Concrete-Rectangular-Column,14x14,L -1,L -1,L 0,,,,,,A1010,,"Concrete, Cast-in-Place gray",,,,,,,6.81 CF,
612178,Structural,Structural Columns,Concrete-Rectangular-Column,14x14,L -1,L -1,L 0,,,,,,A1010,,"Concrete, Cast-in-Place gray",,,,,,,13.61 CF,
612945,Structural,Structural Columns,Concrete-Rectangular-Column,14x14,L -1,L -1,L 0,,,,,,A1010,,"Concrete, Cast-in-Place gray",,,,,,,13.61 CF,
602783,Structural,Structural Columns,Timber-Column,14x14,L -1,L -1,L 0,,,,,,B10,,Structural Bamboo (CLB),,,,,,,18.98 CF,
602784,Structural,Structural Columns,Timber-Column,14x14,L -1,L -1,L 0,,,,,,B10,,Structural Bamboo (CLB),,,,,,,18.98 CF,
602786,Structural,Structural Columns,Timber-Column,14x14,L -1,L -1,L 0,,,,,,B10,,Structural Bamboo (CLB),,,,,,,18.98 CF,
602787,Structural,Structural Columns,Timber-Column,14x14,L -1,L -1,L 0,,,,,,B10,,Structural Bamboo (CLB),,,,,,,18.98 CF,L -1 Zone 5
602789,Structural,Structural Columns,Timber-Column,14x14,L -1,L -1,L 0,,,,,,B10,,Structural Bamboo (CLB),,,,,,,18.98 CF,
602790,Structural,Structural Columns,Timber-Column,14x14,L -1,L -1,L 0,,,,,,B10,,Structural Bamboo (CLB),,,,,,,18.98 CF,L -1 Zone 5
602792,Structural,Structural Columns,Timber-Column,14x14,L -1,L -1,L 0,,,,,,B10,,Structural Bamboo (CLB),,,,,,,18.98 CF,L -1 Zone 4
602793,Structural,Structural Columns,Timber-Column,14x14,L -1,L -1,L 0,,,,,,B10,,Structural Bamboo (CLB),,,,,,,18.98 CF,L -1 Zone 4
602794,Structural,Structural Columns,Timber-Column,14x14,L -1,L -1,L 0,,,,,,B10,,Structural Bamboo (CLB),,,,,,,18.98 CF,
602795,Structural,Structural Columns,Timber-Column,14x14,L -1,L -1,L 0,,,,,,B10,,Structural Bamboo (CLB),,,,,,,18.98 CF,
602796,Structural,Structural Columns,Timber-Column,14x14,L -1,L -1,L 0,,,,,,B10,,Structural Bamboo (CLB),,,,,,,18.98 CF,L -1 Zone 4
602797,Structural,Structural Columns,Timber-Column,14x14,L -1,L -1,L 0,,,,,,B10,,Structural Bamboo (CLB),,,,,,,18.98 CF,
602798,Structural,Structural Columns,Timber-Column,14x14,L -1,L -1,L 0,,,,,,B10,,Structural Bamboo (CLB),,,,,,,18.98 CF,
602799,Structural,Structural Columns,Timber-Column,14x14,L -1,L -1,L 0,,,,,,B10,,Structural Bamboo (CLB),,,,,,,18.98 CF,L -1 Zone 4
602800,Structural,Structural Columns,Timber-Column,14x14,L -1,L -1,L 0,,,,,,B10,,Structural Bamboo (CLB),,,,,,,18.98 CF,
602802,Structural,Structural Columns,Timber-Column,14x14,L -1,L -1,L 0,,,,,,B10,,Structural Bamboo (CLB),,,,,,,18.98 CF,
602803,Structural,Structural Columns,Timber-Column,14x14,L -1,L -1,L 0,,,,,,B10,,Structural Bamboo (CLB),,,,,,,18.98 CF,
602804,Structural,Structural Columns,Timber-Column,14x14,L -1,L -1,L 0,,,,,,B10,,Structural Bamboo (CLB),,,,,,,18.98 CF,L -1 Zone 1
602805,Structural,Structural Columns,Timber-Column,14x14,L -1,L -1,L 0,,,,,,B10,,Structural Bamboo (CLB),,,,,,,18.98 CF,
602806,Structural,Structural Columns,Timber-Column,14x14,L -1,L -1,L 0,,,,,,B10,,Structural Bamboo (CLB),,,,,,,18.98 CF,
602807,Structural,Structural Columns,Timber-Column,14x14,L -1,L -1,L 0,,,,,,B10,,Structural Bamboo (CLB),,,,,,,18.98 CF,
602808,Structural,Structural Columns,Timber-Column,14x14,L -1,L -1,L 0,,,,,,B10,,Structural Bamboo (CLB),,,,,,,18.98 CF,
603849,Structural,Structural Columns,Timber-Column,14x14,L -1,L -1,L 0,,,,,,B10,,Structural Bamboo (CLB),,,,,,,18.98 CF,L -1 Zone 2
644661,Structural,Structural Columns,Timber-Column,14x14,L -1,L -1,L 0,,,,,,B10,,Structural Bamboo (CLB),,,,,,,18.98 CF,L -1 Zone 3
656461,Structural,Structural Columns,Timber-Column,14x14,L -1,L -1,L 0,,,,,,B10,,Structural Bamboo (CLB),,,,,,,18.98 CF,
656462,Structural,Structural Columns,Timber-Column,14x14,L -1,L -1,L 0,,,,,,B10,,Structural Bamboo (CLB),,,,,,,18.98 CF,
657251,Structural,Structural Columns,Timber-Column,14x14,L -1,L -1,L 0,,,,,,B10,,Structural Bamboo (CLB),,,,,,,18.98 CF,
657746,Structural,Structural Columns,Timber-Column,14x14,L -1,L -1,L 0,,,,,,B10,,Structural Bamboo (CLB),,,,,,,18.98 CF,
591542,Structural,Structural Foundations,Footing-Rectangular,"4' x 4' x 12""",L -1,,,,,,,,A1010,,"Concrete, Normal Weight - 4 ksi",,"4' - 0""",,"4' - 0""",,16 SF,16.00 CF,
591543,Structural,Structural Foundations,Footing-Rectangular,"4' x 4' x 12""",L -1,,,,,,,,A1010,,"Concrete, Normal Weight - 4 ksi",,"4' - 0""",,"4' - 0""",,16 SF,16.00 CF,
591544,Structural,Structural Foundations,Footing-Rectangular,"4' x 4' x 12""",L -1,,,,,,,,A1010,,"Concrete, Normal Weight - 4 ksi",,"4' - 0""",,"4' - 0""",,16 SF,16.00 CF,
591545,Structural,Structural Foundations,Footing-Rectangular,"4' x 4' x 12""",L -1,,,,,,,,A1010,,"Concrete, Normal Weight - 4 ksi",,"4' - 0""",,"4' - 0""",,16 SF,16.00 CF,
591546,Structural,Structural Foundations,Footing-Rectangular,"4' x 4' x 12""",L -1,,,,,,,,A1010,,"Concrete, Normal Weight - 4 ksi",,"4' - 0""",,"4' - 0""",,16 SF,16.00 CF,
591548,Structural,Structural Foundations,Footing-Rectangular,"4' x 4' x 12""",L -1,,,,,,,,A1010,,"Concrete, Normal Weight - 4 ksi",,"4' - 0""",,"4' - 0""",,16 SF,16.00 CF,
591549,Structural,Structural Foundations,Footing-Rectangular,"4' x 4' x 12""",L -1,,,,,,,,A1010,,"Concrete, Normal Weight - 4 ksi",,"4' - 0""",,"4' - 0""",,16 SF,16.00 CF,
591550,Structural,Structural Foundations,Footing-Rectangular,"4' x 4' x 12""",L -1,,,,,,,,A1010,,"Concrete, Normal Weight - 4 ksi",,"4' - 0""",,"4' - 0""",,16 SF,16.00 CF,L -1 Zone 5
591551,Structural,Structural Foundations,Footing-Rectangular,"4' x 4' x 12""",L -1,,,,,,,,A1010,,"Concrete, Normal Weight - 4 ksi",,"4' - 0""",,"4' - 0""",,16 SF,16.00 CF,L -1 Zone 4
591553,Structural,Structural Foundations,Footing-Rectangular,"4' x 4' x 12""",L -1,,,,,,,,A1010,,"Concrete, Normal Weight - 4 ksi",,"4' - 0""",,"4' - 0""",,16 SF,16.00 CF,
623957,Structural,Structural Foundations,Footing-Rectangular,"4' x 4' x 12""",L -1,,,,,,,,A1010,,"Concrete, Normal Weight - 4 ksi",,"4' - 0""",,"4' - 0""",,16 SF,16.00 CF,L -1 Zone 4
624038,Structural,Structural Foundations,Footing-Rectangular,"4' x 4' x 12""",L -1,,,,,,,,A1010,,"Concrete, Normal Weight - 4 ksi",,"4' - 0""",,"4' - 0""",,16 SF,16.00 CF,
624107,Structural,Structural Foundations,Footing-Rectangular,"4' x 4' x 12""",L -1,,,,,,,,A1010,,"Concrete, Normal Weight - 4 ksi",,"4' - 0""",,"4' - 0""",,16 SF,16.00 CF,
624304,Structural,Structural Foundations,Footing-Rectangular,"4' x 4' x 12""",L -1,,,,,,,,A1010,,"Concrete, Normal Weight - 4 ksi",,"4' - 0""",,"4' - 0""",,16 SF,16.00 CF,
624371,Structural,Structural Foundations,Footing-Rectangular,"4' x 4' x 12""",L -1,,,,,,,,A1010,,"Concrete, Normal Weight - 4 ksi",,"4' - 0""",,"4' - 0""",,16 SF,16.00 CF,
624492,Structural,Structural Foundations,Footing-Rectangular,"4' x 4' x 12""",L -1,,,,,,,,A1010,,"Concrete, Normal Weight - 4 ksi",,"4' - 0""",,"4' - 0""",,16 SF,16.00 CF,
624539,Structural,Structural Foundations,Footing-Rectangular,"4' x 4' x 12""",L -1,,,,,,,,A1010,,"Concrete, Normal Weight - 4 ksi",,"4' - 0""",,"4' - 0""",,16 SF,16.00 CF,
624760,Structural,Structural Foundations,Footing-Rectangular,"4' x 4' x 12""",L -1,,,,,,,,A1010,,"Concrete, Normal Weight - 4 ksi",,"4' - 0""",,"4' - 0""",,16 SF,16.00 CF,L -1 Zone 4
624849,Structural,Structural Foundations,Footing-Rectangular,"4' x 4' x 12""",L -1,,,,,,,,A1010,,"Concrete, Normal Weight - 4 ksi",,"4' - 0""",,"4' - 0""",,16 SF,16.00 CF,L -1 Zone 4
624938,Structural,Structural Foundations,Footing-Rectangular,"4' x 4' x 12""",L -1,,,,,,,,A1010,,"Concrete, Normal Weight - 4 ksi",,"4' - 0""",,"4' - 0""",,16 SF,16.00 CF,L -1 Zone 5
625295,Structural,Structural Foundations,Footing-Rectangular,"4' x 4' x 12""",L -1,,,,,,,,A1010,,"Concrete, Normal Weight - 4 ksi",,"4' - 0""",,"4' - 0""",,16 SF,16.00 CF,
625298,Structural,Structural Foundations,Footing-Rectangular,"4' x 4' x 12""",L -1,,,,,,,,A1010,,"Concrete, Normal Weight - 4 ksi",,"4' - 0""",,"4' - 0""",,16 SF,16.00 CF,
625307,Structural,Structural Foundations,Footing-Rectangular,"4' x 4' x 12""",L -1,,,,,,,,A1010,,"Concrete, Normal Weight - 4 ksi",,"4' - 0""",,"4' - 0""",,16 SF,16.00 CF,L -1 Zone 2
625308,Structural,Structural Foundations,Footing-Rectangular,"4' x 4' x 12""",L -1,,,,,,,,A1010,,"Concrete, Normal Weight - 4 ksi",,"4' - 0""",,"4' - 0""",,16 SF,16.00 CF,
625595,Structural,Structural Foundations,Footing-Rectangular,"4' x 4' x 12""",L -1,,,,,,,,A1010,,"Concrete, Normal Weight - 4 ksi",,"4' - 0""",,"4' - 0""",,16 SF,16.00 CF,
633719,Structural,Structural Foundations,Footing-Rectangular,"4' x 4' x 12""",L -1,,,,,,,,A1010,,"Concrete, Normal Weight - 4 ksi",,"4' - 0""",,"4' - 0""",,16 SF,16.00 CF,L -1 Zone 1
633768,Structural,Structural Foundations,Footing-Rectangular,"4' x 4' x 12""",L -1,,,,,,,,A1010,,"Concrete, Normal Weight - 4 ksi",,"4' - 0""",,"4' - 0""",,16 SF,16.00 CF,L -1 Zone 1
635246,Structural,Structural Foundations,Footing-Rectangular,"4' x 4' x 12""",L -1,,,,,,,,A1010,,"Concrete, Normal Weight - 4 ksi",,"4' - 0""",,"4' - 0""",,16 SF,16.00 CF,
638123,Structural,Structural Foundations,Footing-Rectangular,"4' x 4' x 12""",L -1,,,,,,,,A1010,,"Concrete, Normal Weight - 4 ksi",,"4' - 0""",,"4' - 0""",,16 SF,16.00 CF,
1241717,Structural,Floors,,"Concrete 6"" DNC",L 0,,,,,,,,B1010,,"Concrete, Cast-in-Place gray",,,"0' - 6""",,"0' - 6""",9690 SF,4844.92 CF,
1789623,Structural,Floors,,"Concrete 6"" DNC",L 0,,,,,,,,B1010,,"Concrete, Cast-in-Place gray",,,"0' - 6""",,"0' - 6""",1628 SF,813.87 CF,
1502300,Structural,Floors,,"Wood Joist 10"" - Wood Finish DNC",L 0,,,,,,,,,,"Plywood, Sheathing; Oak Flooring; Structure, Wood Joist/Rafter Layer",,,"0' - 10 3/4""",,"0' - 10 3/4""",5771 SF,5169.91 CF,
604345,Structural,Structural Columns,Timber-Column,14x14,L 0,L 0,L 1,,,,,,B10,,Structural Bamboo (CLB),,,,,,,18.98 CF,
604347,Structural,Structural Columns,Timber-Column,14x14,L 0,L 0,L 1,,,,,,B10,,Structural Bamboo (CLB),,,,,,,18.98 CF,
604349,Structural,Structural Columns,Timber-Column,14x14,L 0,L 0,L 1,,,,,,B10,,Structural Bamboo (CLB),,,,,,,18.98 CF,
604350,Structural,Structural Columns,Timber-Column,14x14,L 0,L 0,L 1,,,,,,B10,,Structural Bamboo (CLB),,,,,,,18.98 CF,L 0 Zone 4
604352,Structural,Structural Columns,Timber-Column,14x14,L 0,L 0,L 1,,,,,,B10,,Structural Bamboo (CLB),,,,,,,18.98 CF,
604353,Structural,Structural Columns,Timber-Column,14x14,L 0,L 0,L 1,,,,,,B10,,Structural Bamboo (CLB),,,,,,,18.98 CF,
604354,Structural,Structural Columns,Timber-Column,14x14,L 0,L 0,L 1,,,,,,B10,,Structural Bamboo (CLB),,,,,,,18.98 CF,L 0 Zone 2
604355,Structural,Structural Columns,Timber-Column,14x14,L 0,L 0,L 1,,,,,,B10,,Structural Bamboo (CLB),,,,,,,18.98 CF,L 0 Zone 2
604356,Structural,Structural Columns,Timber-Column,14x14,L 0,L 0,L 1,,,,,,B10,,Structural Bamboo (CLB),,,,,,,18.98 CF,L 0 Zone 2
604357,Structural,Structural Columns,Timber-Column,14x14,L 0,L 0,L 1,,,,,,B10,,Structural Bamboo (CLB),,,,,,,18.98 CF,
604358,Structural,Structural Columns,Timber-Column,14x14,L 0,L 0,L 1,,,,,,B10,,Structural Bamboo (CLB),,,,,,,18.98 CF,
604359,Structural,Structural Columns,Timber-Column,14x14,L 0,L 0,L 1,,,,,,B10,,Structural Bamboo (CLB),,,,,,,18.98 CF,
604360,Structural,Structural Columns,Timber-Column,14x14,L 0,L 0,L 1,,,,,,B10,,Structural Bamboo (CLB),,,,,,,18.98 CF,
604361,Structural,Structural Columns,Timber-Column,14x14,L 0,L 0,L 1,,,,,,B10,,Structural Bamboo (CLB),,,,,,,18.98 CF,L 0 Zone 3
604362,Structural,Structural Columns,Timber-Column,14x14,L 0,L 0,L 1,,,,,,B10,,Structural Bamboo (CLB),,,,,,,18.98 CF,L 0 Zone 3
604363,Structural,Structural Columns,Timber-Column,14x14,L 0,L 0,L 1,,,,,,B10,,Structural Bamboo (CLB),,,,,,,18.98 CF,L 0 Zone 3
604404,Structural,Structural Columns,Timber-Column,14x14,L 0,L 0,L 1,,,,,,B10,,Structural Bamboo (CLB),,,,,,,18.98 CF,
604405,Structural,Structural Columns,Timber-Column,14x14,L 0,L 0,L 1,,,,,,B10,,Structural Bamboo (CLB),,,,,,,18.98 CF,L 0 Zone 4
604406,Structural,Structural Columns,Timber-Column,14x14,L 0,L 0,L 1,,,,,,B10,,Structural Bamboo (CLB),,,,,,,18.98 CF,L 0 Zone 4
604407,Structural,Structural Columns,Timber-Column,14x14,L 0,L 0,L 1,,,,,,B10,,Structural Bamboo (CLB),,,,,,,18.98 CF,L 0 Zone 4
604408,Structural,Structural Columns,Timber-Column,14x14,L 0,L 0,L 1,,,,,,B10,,Structural Bamboo (CLB),,,,,,,18.98 CF,
604409,Structural,Structural Columns,Timber-Column,14x14,L 0,L 0,L 1,,,,,,B10,,Structural Bamboo (CLB),,,,,,,18.98 CF,
613589,Structural,Structural Columns,Timber-Column,14x14,L 0,L 0,L 1,,,,,,B10,,Structural Bamboo (CLB),,,,,,,18.98 CF,
614073,Structural,Structural Columns,Timber-Column,14x14,L 0,L 0,L 1,,,,,,B10,,Structural Bamboo (CLB),,,,,,,18.98 CF,
614174,Structural,Structural Columns,Timber-Column,14x14,L 0,L 0,L 1,,,,,,B10,,Structural Bamboo (CLB),,,,,,,18.98 CF,
614285,Structural,Structural Columns,Timber-Column,14x14,L 0,L 0,L 1,,,,,,B10,,Structural Bamboo (CLB),,,,,,,18.98 CF,
614376,Structural,Structural Columns,Timber-Column,14x14,L 0,L 0,L 1,,,,,,B10,,Structural Bamboo (CLB),,,,,,,18.98 CF,
629229,Structural,Structural Columns,Timber-Column,14x14,L 0,L 0,L 0,,,,,,B10,,Structural Bamboo (CLB),,,,,,,18.98 CF,L 0 Zone 3
632386,Structural,Structural Columns,Timber-Column,14x14,L 0,L 0,L 0,,,,,,B10,,Structural Bamboo (CLB),,,,,,,18.98 CF,L 0 Zone 3
643885,Structural,Structural Columns,Timber-Column,14x14,L 0,L 0,L 1,,,,,,B10,,Structural Bamboo (CLB),,,,,,,18.98 CF,L 0 Zone 1
655943,Structural,Structural Columns,Timber-Column,14x14,L 0,L 0,L 1,,,,,,B10,,Structural Bamboo (CLB),,,,,,,18.98 CF,L 0 Zone 1
656062,Structural,Structural Columns,Timber-Column,14x14,L 0,L 0,L 1,,,,,,B10,,Structural Bamboo (CLB),,,,,,,18.98 CF,L 0 Zone 1
656645,Structural,Structural Columns,Timber-Column,14x14,L 0,L 0,L 1,,,,,,B10,,Structural Bamboo (CLB),,,,,,,18.98 CF,L 0 Zone 1
657294,Structural,Structural Columns,Timber-Column,14x14,L 0,L 0,L 1,,,,,,B10,,Structural Bamboo (CLB),,,,,,,18.98 CF,
668818,Structural,Structural Columns,Timber-Column,14x14,L 0,L 0,L 1,,,,,,B10,,Structural Bamboo (CLB),,,,,,,18.98 CF,L 0 Zone 3
611089,Structural,Structural Foundations,,"6"" Foundation Slab",L 0,,,,,,,,A1030,,"Concrete, Normal Weight - 4 ksi",,"58' - 0 1/4""","0' - 6""","58' - 6 1/4""","0' - 6""",3395 SF,1697.71 CF,L 0 Zone 5
591535,Structural,Structural Foundations,Footing-Rectangular,"4' x 4' x 12""",L 0,,,,,,,,A1010,,"Concrete, Normal Weight - 4 ksi",,"4' - 0""",,"4' - 0""",,16 SF,16.00 CF,
591536,Structural,Structural Foundations,Footing-Rectangular,"4' x 4' x 12""",L 0,,,,,,,,A1010,,"Concrete, Normal Weight - 4 ksi",,"4' - 0""",,"4' - 0""",,16 SF,16.00 CF,
591537,Structural,Structural Foundations,Footing-Rectangular,"4' x 4' x 12""",L 0,,,,,,,,A1010,,"Concrete, Normal Weight - 4 ksi",,"4' - 0""",,"4' - 0""",,16 SF,16.00 CF,
591538,Structural,Structural Foundations,Footing-Rectangular,"4' x 4' x 12""",L 0,,,,,,,,A1010,,"Concrete, Normal Weight - 4 ksi",,"4' - 0""",,"4' - 0""",,16 SF,16.00 CF,
594845,Structural,Structural Foundations,Footing-Rectangular,"4' x 4' x 12""",L 0,,,,,,,,A1010,,"Concrete, Normal Weight - 4 ksi",,"4' - 0""",,"4' - 0""",,16 SF,16.00 CF,
1241762,Structural,Floors,,"Concrete 6"" DNC",L 1,,,,,,,,B1010,,"Concrete, Cast-in-Place gray",,,"0' - 6""",,"0' - 6""",9485 SF,4742.27 CF,L 1 Zone 7
604371,Structural,Structural Columns,Timber-Column,14x14,L 1,L 1,Roof,,,,,,B10,,Structural Bamboo (CLB),,,,,,,15.19 CF,
604373,Structural,Structural Columns,Timber-Column,14x14,L 1,L 1,Roof,,,,,,B10,,Structural Bamboo (CLB),,,,,,,15.19 CF,
604375,Structural,Structural Columns,Timber-Column,14x14,L 1,L 1,Roof,,,,,,B10,,Structural Bamboo (CLB),,,,,,,15.19 CF,
604376,Structural,Structural Columns,Timber-Column,14x14,L 1,L 1,Roof,,,,,,B10,,Structural Bamboo (CLB),,,,,,,15.19 CF,
604378,Structural,Structural Columns,Timber-Column,14x14,L 1,L 1,Roof,,,,,,B10,,Structural Bamboo (CLB),,,,,,,15.19 CF,L 1 Zone 7
604379,Structural,Structural Columns,Timber-Column,14x14,L 1,L 1,Roof,,,,,,B10,,Structural Bamboo (CLB),,,,,,,15.19 CF,L 1 Zone 5
604380,Structural,Structural Columns,Timber-Column,14x14,L 1,L 1,Roof,,,,,,B10,,Structural Bamboo (CLB),,,,,,,15.19 CF,L 1 Zone 7
604381,Structural,Structural Columns,Timber-Column,14x14,L 1,L 1,Roof,,,,,,B10,,Structural Bamboo (CLB),,,,,,,15.19 CF,L 1 Zone 5
604382,Structural,Structural Columns,Timber-Column,14x14,L 1,L 1,Roof,,,,,,B10,,Structural Bamboo (CLB),,,,,,,15.19 CF,L 1 Zone 7
604383,Structural,Structural Columns,Timber-Column,14x14,L 1,L 1,Roof,,,,,,B10,,Structural Bamboo (CLB),,,,,,,15.19 CF,
604384,Structural,Structural Columns,Timber-Column,14x14,L 1,L 1,Roof,,,,,,B10,,Structural Bamboo (CLB),,,,,,,15.19 CF,L 1 Zone 5
604385,Structural,Structural Columns,Timber-Column,14x14,L 1,L 1,Roof,,,,,,B10,,Structural Bamboo (CLB),,,,,,,15.19 CF,
604386,Structural,Structural Columns,Timber-Column,14x14,L 1,L 1,Roof,,,,,,B10,,Structural Bamboo (CLB),,,,,,,15.19 CF,
604387,Structural,Structural Columns,Timber-Column,14x14,L 1,L 1,Roof,,,,,,B10,,Structural Bamboo (CLB),,,,,,,15.19 CF,L 1 Zone 3
604388,Structural,Structural Columns,Timber-Column,14x14,L 1,L 1,Roof,,,,,,B10,,Structural Bamboo (CLB),,,,,,,15.19 CF,L 1 Zone 1
604389,Structural,Structural Columns,Timber-Column,14x14,L 1,L 1,Roof,,,,,,B10,,Structural Bamboo (CLB),,,,,,,15.19 CF,
604390,Structural,Structural Columns,Timber-Column,14x14,L 1,L 1,Roof,,,,,,B10,,Structural Bamboo (CLB),,,,,,,15.19 CF,
604391,Structural,Structural Columns,Timber-Column,14x14,L 1,L 1,Roof,,,,,,B10,,Structural Bamboo (CLB),,,,,,,15.19 CF,L 1 Zone 5
604414,Structural,Structural Columns,Timber-Column,14x14,L 1,L 1,Roof,,,,,,B10,,Structural Bamboo (CLB),,,,,,,15.19 CF,
604415,Structural,Structural Columns,Timber-Column,14x14,L 1,L 1,Roof,,,,,,B10,,Structural Bamboo (CLB),,,,,,,15.19 CF,
604416,Structural,Structural Columns,Timber-Column,14x14,L 1,L 1,Roof,,,,,,B10,,Structural Bamboo (CLB),,,,,,,15.19 CF,
604417,Structural,Structural Columns,Timber-Column,14x14,L 1,L 1,Roof,,,,,,B10,,Structural Bamboo (CLB),,,,,,,15.19 CF,
604418,Structural,Structural Columns,Timber-Column,14x14,L 1,L 1,Roof,,,,,,B10,,Structural Bamboo (CLB),,,,,,,15.19 CF,L 1 Zone 4
604419,Structural,Structural Columns,Timber-Column,14x14,L 1,L 1,Roof,,,,,,B10,,Structural Bamboo (CLB),,,,,,,15.19 CF,L 1 Zone 4
614870,Structural,Structural Columns,Timber-Column,14x14,L 1,L 1,Roof,,,,,,B10,,Structural Bamboo (CLB),,,,,,,15.19 CF,
615012,Structural,Structural Columns,Timber-Column,14x14,L 1,L 1,Roof,,,,,,B10,,Structural Bamboo (CLB),,,,,,,15.19 CF,
615093,Structural,Structural Columns,Timber-Column,14x14,L 1,L 1,Roof,,,,,,B10,,Structural Bamboo (CLB),,,,,,,15.19 CF,
615162,Structural,Structural Columns,Timber-Column,14x14,L 1,L 1,Roof,,,,,,B10,,Structural Bamboo (CLB),,,,,,,15.19 CF,L 1 Zone 9
615289,Structural,Structural Columns,Timber-Column,14x14,L 1,L 1,Roof,,,,,,B10,,Structural Bamboo (CLB),,,,,,,15.19 CF,
628948,Structural,Structural Columns,Timber-Column,14x14,L 1,L 1,L 1,,,,,,B10,,Structural Bamboo (CLB),,,,,,,18.98 CF,
644665,Structural,Structural Columns,Timber-Column,14x14,L 1,L 1,Roof,,,,,,B10,,Structural Bamboo (CLB),,,,,,,15.19 CF,L 1 Zone 8
656466,Structural,Structural Columns,Timber-Column,14x14,L 1,L 1,Roof,,,,,,B10,,Structural Bamboo (CLB),,,,,,,15.19 CF,
656467,Structural,Structural Columns,Timber-Column,14x14,L 1,L 1,Roof,,,,,,B10,,Structural Bamboo (CLB),,,,,,,15.19 CF,
657238,Structural,Structural Columns,Timber-Column,14x14,L 1,L 1,Roof,,,,,,B10,,Structural Bamboo (CLB),,,,,,,15.19 CF,L 1 Zone 9
657750,Structural,Structural Columns,Timber-Column,14x14,L 1,L 1,Roof,,,,,,B10,,Structural Bamboo (CLB),,,,,,,15.19 CF,
629697,Structural,Structural Columns,Timber-Column,14x14,Roof,Roof,Roof,,,,,,B10,,Structural Bamboo (CLB),,,,,,,15.19 CF,
