ElementId,Category,Family,Type,Original Category,Original Family,Original Type,Level,Mark,Assembly Code,Assembly Description,Length,Width,Depth,Height,Area,Volume,Weight,Unit Weight,Material,Type Comments,Base Level,Top Level,Base Offset,Top Offset,Location Type,Position X (ft),Position Y (ft),Position Z (ft),Start X (ft),Start Y (ft),Start Z (ft),End X (ft),End Y (ft),End Z (ft),Rotation (deg),Bounding Box Min X (ft),Bounding Box Min Y (ft),Bounding Box Min Z (ft),Bounding Box Max X (ft),Bounding Box Max Y (ft),Bounding Box Max Z (ft),Bounding Box Center X (ft),Bounding Box Center Y (ft),Bounding Box Center Z (ft),Comments,Parameter Snapshot
591535,Structural Foundations,Footing-Rectangular,"4' x 4' x 12""",,,,L 0,,A1010,,"4' - 0""","4' - 0""",,,16 SF,16.00 CF,,,"Concrete, Normal Weight - 4 ksi",,,,,,Point,124.548,256.666,-5,,,,,,,0,122.548,254.666,-6,126.548,258.666,-5,124.548,256.666,-5.5,,"Area=16 SF | Assembly Code=A1010 | Assembly Description=Standard Foundations | Foundation Thickness=1' - 0"" | Height Offset From Level=-5' - 0"" | Length=4' - 0"" | Level=L 0 | Structural Material=Concrete, Normal Weight - 4 ksi | Volume=16.00 CF | Width=4' - 0"""
591536,Structural Foundations,Footing-Rectangular,"4' x 4' x 12""",,,,L 0,,A1010,,"4' - 0""","4' - 0""",,,16 SF,16.00 CF,,,"Concrete, Normal Weight - 4 ksi",,,,,,Point,66.548,256.666,-5,,,,,,,0,64.548,254.666,-6,68.548,258.666,-5,66.548,256.666,-5.5,,"Area=16 SF | Assembly Code=A1010 | Assembly Description=Standard Foundations | Foundation Thickness=1' - 0"" | Height Offset From Level=-5' - 0"" | Length=4' - 0"" | Level=L 0 | Structural Material=Concrete, Normal Weight - 4 ksi | Volume=16.00 CF | Width=4' - 0"""
591537,Structural Foundations,Footing-Rectangular,"4' x 4' x 12""",,,,L 0,,A1010,,"4' - 0""","4' - 0""",,,16 SF,16.00 CF,,,"Concrete, Normal Weight - 4 ksi",,,,,,Point,124.548,227.666,-10,,,,,,,0,122.548,225.666,-11,126.548,229.666,-10,124.548,227.666,-10.5,,"Area=16 SF | Assembly Code=A1010 | Assembly Description=Standard Foundations | Foundation Thickness=1' - 0"" | Height Offset From Level=-10' - 0"" | Length=4' - 0"" | Level=L 0 | Structural Material=Concrete, Normal Weight - 4 ksi | Volume=16.00 CF | Width=4' - 0"""
591538,Structural Foundations,Footing-Rectangular,"4' x 4' x 12""",,,,L 0,,A1010,,"4' - 0""","4' - 0""",,,16 SF,16.00 CF,,,"Concrete, Normal Weight - 4 ksi",,,,,,Point,66.548,227.666,-10,,,,,,,0,64.548,225.666,-11,68.548,229.666,-10,66.548,227.666,-10.5,,"Area=16 SF | Assembly Code=A1010 | Assembly Description=Standard Foundations | Foundation Thickness=1' - 0"" | Height Offset From Level=-10' - 0"" | Length=4' - 0"" | Level=L 0 | Structural Material=Concrete, Normal Weight - 4 ksi | Volume=16.00 CF | Width=4' - 0"""
591542,Structural Foundations,Footing-Rectangular,"4' x 4' x 12""",,,,L -1,,A1010,,"4' - 0""","4' - 0""",,,16 SF,16.00 CF,,,"Concrete, Normal Weight - 4 ksi",,,,,,Point,37.548,198.666,-19,,,,,,,0,35.548,196.666,-20,39.548,200.666,-19,37.548,198.666,-19.5,,"Area=16 SF | Assembly Code=A1010 | Assembly Description=Standard Foundations | Foundation Thickness=1' - 0"" | Height Offset From Level=-4' - 0"" | Length=4' - 0"" | Level=L -1 | Structural Material=Concrete, Normal Weight - 4 ksi | Volume=16.00 CF | Width=4' - 0"""
591543,Structural Foundations,Footing-Rectangular,"4' x 4' x 12""",,,,L -1,,A1010,,"4' - 0""","4' - 0""",,,16 SF,16.00 CF,,,"Concrete, Normal Weight - 4 ksi",,,,,,Point,8.548,198.666,-19,,,,,,,0,6.548,196.666,-20,10.548,200.666,-19,8.548,198.666,-19.5,,"Area=16 SF | Assembly Code=A1010 | Assembly Description=Standard Foundations | Foundation Thickness=1' - 0"" | Height Offset From Level=-4' - 0"" | Length=4' - 0"" | Level=L -1 | Structural Material=Concrete, Normal Weight - 4 ksi | Volume=16.00 CF | Width=4' - 0"""
591544,Structural Foundations,Footing-Rectangular,"4' x 4' x 12""",,,,L -1,,A1010,,"4' - 0""","4' - 0""",,,16 SF,16.00 CF,,,"Concrete, Normal Weight - 4 ksi",,,,,,Point,124.548,169.666,-19,,,,,,,0,122.548,167.666,-20,126.548,171.666,-19,124.548,169.666,-19.5,,"Area=16 SF | Assembly Code=A1010 | Assembly Description=Standard Foundations | Foundation Thickness=1' - 0"" | Height Offset From Level=-4' - 0"" | Length=4' - 0"" | Level=L -1 | Structural Material=Concrete, Normal Weight - 4 ksi | Volume=16.00 CF | Width=4' - 0"""
591545,Structural Foundations,Footing-Rectangular,"4' x 4' x 12""",,,,L -1,,A1010,,"4' - 0""","4' - 0""",,,16 SF,16.00 CF,,,"Concrete, Normal Weight - 4 ksi",,,,,,Point,95.548,169.666,-19,,,,,,,0,93.548,167.666,-20,97.548,171.666,-19,95.548,169.666,-19.5,,"Area=16 SF | Assembly Code=A1010 | Assembly Description=Standard Foundations | Foundation Thickness=1' - 0"" | Height Offset From Level=-4' - 0"" | Length=4' - 0"" | Level=L -1 | Structural Material=Concrete, Normal Weight - 4 ksi | Volume=16.00 CF | Width=4' - 0"""
591546,Structural Foundations,Footing-Rectangular,"4' x 4' x 12""",,,,L -1,,A1010,,"4' - 0""","4' - 0""",,,16 SF,16.00 CF,,,"Concrete, Normal Weight - 4 ksi",,,,,,Point,66.548,169.666,-19,,,,,,,0,64.548,167.666,-20,68.548,171.666,-19,66.548,169.666,-19.5,,"Area=16 SF | Assembly Code=A1010 | Assembly Description=Standard Foundations | Foundation Thickness=1' - 0"" | Height Offset From Level=-4' - 0"" | Length=4' - 0"" | Level=L -1 | Structural Material=Concrete, Normal Weight - 4 ksi | Volume=16.00 CF | Width=4' - 0"""
591548,Structural Foundations,Footing-Rectangular,"4' x 4' x 12""",,,,L -1,,A1010,,"4' - 0""","4' - 0""",,,16 SF,16.00 CF,,,"Concrete, Normal Weight - 4 ksi",,,,,,Point,8.548,169.666,-19,,,,,,,0,6.548,167.666,-20,10.548,171.666,-19,8.548,169.666,-19.5,,"Area=16 SF | Assembly Code=A1010 | Assembly Description=Standard Foundations | Foundation Thickness=1' - 0"" | Height Offset From Level=-4' - 0"" | Length=4' - 0"" | Level=L -1 | Structural Material=Concrete, Normal Weight - 4 ksi | Volume=16.00 CF | Width=4' - 0"""
591549,Structural Foundations,Footing-Rectangular,"4' x 4' x 12""",,,,L -1,,A1010,,"4' - 0""","4' - 0""",,,16 SF,16.00 CF,,,"Concrete, Normal Weight - 4 ksi",,,,,,Point,124.548,140.666,-19,,,,,,,0,122.548,138.666,-20,126.548,142.666,-19,124.548,140.666,-19.5,,"Area=16 SF | Assembly Code=A1010 | Assembly Description=Standard Foundations | Foundation Thickness=1' - 0"" | Height Offset From Level=-4' - 0"" | Length=4' - 0"" | Level=L -1 | Structural Material=Concrete, Normal Weight - 4 ksi | Volume=16.00 CF | Width=4' - 0"""
591550,Structural Foundations,Footing-Rectangular,"4' x 4' x 12""",,,,L -1,,A1010,,"4' - 0""","4' - 0""",,,16 SF,16.00 CF,,,"Concrete, Normal Weight - 4 ksi",,,,,,Point,95.548,140.666,-19,,,,,,,0,93.548,138.666,-20,97.548,142.666,-19,95.548,140.666,-19.5,,"Area=16 SF | Assembly Code=A1010 | Assembly Description=Standard Foundations | Foundation Thickness=1' - 0"" | Height Offset From Level=-4' - 0"" | Length=4' - 0"" | Level=L -1 | Structural Material=Concrete, Normal Weight - 4 ksi | Volume=16.00 CF | Width=4' - 0"""
591551,Structural Foundations,Footing-Rectangular,"4' x 4' x 12""",,,,L -1,,A1010,,"4' - 0""","4' - 0""",,,16 SF,16.00 CF,,,"Concrete, Normal Weight - 4 ksi",,,,,,Point,66.548,140.666,-19,,,,,,,0,64.548,138.666,-20,68.548,142.666,-19,66.548,140.666,-19.5,,"Area=16 SF | Assembly Code=A1010 | Assembly Description=Standard Foundations | Foundation Thickness=1' - 0"" | Height Offset From Level=-4' - 0"" | Length=4' - 0"" | Level=L -1 | Structural Material=Concrete, Normal Weight - 4 ksi | Volume=16.00 CF | Width=4' - 0"""
591553,Structural Foundations,Footing-Rectangular,"4' x 4' x 12""",,,,L -1,,A1010,,"4' - 0""","4' - 0""",,,16 SF,16.00 CF,,,"Concrete, Normal Weight - 4 ksi",,,,,,Point,8.548,140.666,-19,,,,,,,0,6.548,138.666,-20,10.548,142.666,-19,8.548,140.666,-19.5,,"Area=16 SF | Assembly Code=A1010 | Assembly Description=Standard Foundations | Foundation Thickness=1' - 0"" | Height Offset From Level=-4' - 0"" | Length=4' - 0"" | Level=L -1 | Structural Material=Concrete, Normal Weight - 4 ksi | Volume=16.00 CF | Width=4' - 0"""
591738,Structural Framing,Concrete-Rectangular Beam,16 x 16,,,,,,A1010,,"29' - 1 1/2""",,,,,50.44 CF,,,"Concrete, Normal Weight - 4 ksi",,,,,,Curve,23.048,169.666,-15,8.548,169.666,-15,37.548,169.666,-15,,7.882,168.999,-16.333,37.548,170.333,-15,22.715,169.666,-15.667,,"Assembly Code=A1010 | Assembly Description=Standard Foundations | Cut Length=29' - 1 1/2"" | End Level Offset=0' - 0"" | Reference Level=L -1 | Reference Level Elevation=-15' - 0"" | Start Level Offset=0' - 0"" | Structural Material=Concrete, Normal Weight - 4 ksi | System Length=29' - 0"" | Volume=50.44 CF | y Offset Value=0' - 0"" | z Offset Value=0' - 0"""
591739,Structural Framing,Concrete-Rectangular Beam,16 x 16,,,,,,A1010,,"14' - 6""",,,,,24.44 CF,,,"Concrete, Normal Weight - 4 ksi",,,,,,Curve,44.798,169.666,-15,37.548,169.666,-15,52.048,169.666,-15,,37.548,168.999,-16.333,52.715,170.333,-15,45.132,169.666,-15.667,,"Assembly Code=A1010 | Assembly Description=Standard Foundations | Cut Length=14' - 6"" | End Level Offset=0' - 0"" | Reference Level=L -1 | Reference Level Elevation=-15' - 0"" | Start Level Offset=0' - 0"" | Structural Material=Concrete, Normal Weight - 4 ksi | System Length=14' - 6"" | Volume=24.44 CF | y Offset Value=0' - 0"" | z Offset Value=0' - 0"""
591740,Structural Framing,Concrete-Rectangular Beam,16 x 16,,,,,,A1010,,"15' - 2""",,,,,24.96 CF,,,"Concrete, Normal Weight - 4 ksi",,,,,,Curve,73.798,169.666,-15,66.548,169.666,-15,81.048,169.666,-15,,66.548,168.999,-16.333,81.715,170.333,-15,74.132,169.666,-15.667,,"Assembly Code=A1010 | Assembly Description=Standard Foundations | Cut Length=15' - 2"" | End Level Offset=0' - 0"" | Reference Level=L -1 | Reference Level Elevation=-15' - 0"" | Start Level Offset=0' - 0"" | Structural Material=Concrete, Normal Weight - 4 ksi | System Length=14' - 6"" | Volume=24.96 CF | y Offset Value=0' - 0"" | z Offset Value=0' - 0"""
591741,Structural Framing,Concrete-Rectangular Beam,16 x 16,,,,,,A1010,,"15' - 10""",,,,,25.48 CF,,,"Concrete, Normal Weight - 4 ksi",,,,,,Curve,102.798,169.666,-15,95.548,169.666,-15,110.048,169.666,-15,,94.882,168.999,-16.333,110.715,170.333,-15,102.798,169.666,-15.667,,"Assembly Code=A1010 | Assembly Description=Standard Foundations | Cut Length=15' - 10"" | End Level Offset=0' - 0"" | Reference Level=L -1 | Reference Level Elevation=-15' - 0"" | Start Level Offset=0' - 0"" | Structural Material=Concrete, Normal Weight - 4 ksi | System Length=14' - 6"" | Volume=25.48 CF | y Offset Value=0' - 0"" | z Offset Value=0' - 0"""
591742,Structural Framing,Concrete-Rectangular Beam,16 x 16,,,,,,A1010,,"30' - 4""",,,,,49.93 CF,,,"Concrete, Normal Weight - 4 ksi",,,,,,Curve,23.048,140.666,-15,8.548,140.666,-15,37.548,140.666,-15,,7.882,139.999,-16.333,38.215,141.333,-15,23.048,140.666,-15.667,,"Assembly Code=A1010 | Assembly Description=Standard Foundations | Cut Length=30' - 4"" | End Level Offset=0' - 0"" | Reference Level=L -1 | Reference Level Elevation=-15' - 0"" | Start Level Offset=0' - 0"" | Structural Material=Concrete, Normal Weight - 4 ksi | System Length=29' - 0"" | Volume=49.93 CF | y Offset Value=0' - 0"" | z Offset Value=0' - 0"""
591743,Structural Framing,Concrete-Rectangular Beam,16 x 16,,,,,,A1010,,"29' - 0""",,,,,48.89 CF,,,"Concrete, Normal Weight - 4 ksi",,,,,,Curve,52.048,140.666,-15,37.548,140.666,-15,66.548,140.666,-15,,37.548,139.999,-16.333,67.215,141.333,-15,52.382,140.666,-15.667,,"Assembly Code=A1010 | Assembly Description=Standard Foundations | Cut Length=29' - 0"" | End Level Offset=0' - 0"" | Reference Level=L -1 | Reference Level Elevation=-15' - 0"" | Start Level Offset=0' - 0"" | Structural Material=Concrete, Normal Weight - 4 ksi | System Length=29' - 0"" | Volume=48.89 CF | y Offset Value=0' - 0"" | z Offset Value=0' - 0"""
591744,Structural Framing,Concrete-Rectangular Beam,16 x 16,,,,,,A1010,,"29' - 0""",,,,,48.89 CF,,,"Concrete, Normal Weight - 4 ksi",,,,,,Curve,81.048,140.666,-15,66.548,140.666,-15,95.548,140.666,-15,,66.548,139.999,-16.333,96.215,141.333,-15,81.382,140.666,-15.667,,"Assembly Code=A1010 | Assembly Description=Standard Foundations | Cut Length=29' - 0"" | End Level Offset=0' - 0"" | Reference Level=L -1 | Reference Level Elevation=-15' - 0"" | Start Level Offset=0' - 0"" | Structural Material=Concrete, Normal Weight - 4 ksi | System Length=29' - 0"" | Volume=48.89 CF | y Offset Value=0' - 0"" | z Offset Value=0' - 0"""
591745,Structural Framing,Concrete-Rectangular Beam,16 x 16,,,,,,A1010,,"29' - 0""",,,,,48.89 CF,,,"Concrete, Normal Weight - 4 ksi",,,,,,Curve,110.048,140.666,-15,95.548,140.666,-15,124.548,140.666,-15,,95.548,139.999,-16.333,125.215,141.333,-15,110.382,140.666,-15.667,,"Assembly Code=A1010 | Assembly Description=Standard Foundations | Cut Length=29' - 0"" | End Level Offset=0' - 0"" | Reference Level=L -1 | Reference Level Elevation=-15' - 0"" | Start Level Offset=0' - 0"" | Structural Material=Concrete, Normal Weight - 4 ksi | System Length=29' - 0"" | Volume=48.89 CF | y Offset Value=0' - 0"" | z Offset Value=0' - 0"""
591746,Structural Framing,Concrete-Rectangular Beam,16 x 16,,,,,,A1010,,"30' - 4""",,,,,49.93 CF,,,"Concrete, Normal Weight - 4 ksi",,,,,,Curve,23.048,198.666,-15,8.548,198.666,-15,37.548,198.666,-15,,7.882,197.999,-16.333,38.215,199.333,-15,23.048,198.666,-15.667,,"Assembly Code=A1010 | Assembly Description=Standard Foundations | Cut Length=30' - 4"" | End Level Offset=0' - 0"" | Reference Level=L -1 | Reference Level Elevation=-15' - 0"" | Start Level Offset=0' - 0"" | Structural Material=Concrete, Normal Weight - 4 ksi | System Length=29' - 0"" | Volume=49.93 CF | y Offset Value=0' - 0"" | z Offset Value=0' - 0"""
591747,Structural Framing,Concrete-Rectangular Beam,16 x 16,,,,,,A1010,,"29' - 0""",,,,,48.89 CF,,,"Concrete, Normal Weight - 4 ksi",,,,,,Curve,52.048,198.666,-15,37.548,198.666,-15,66.548,198.666,-15,,37.548,197.999,-16.333,67.215,199.333,-15,52.382,198.666,-15.667,,"Assembly Code=A1010 | Assembly Description=Standard Foundations | Cut Length=29' - 0"" | End Level Offset=0' - 0"" | Reference Level=L -1 | Reference Level Elevation=-15' - 0"" | Start Level Offset=0' - 0"" | Structural Material=Concrete, Normal Weight - 4 ksi | System Length=29' - 0"" | Volume=48.89 CF | y Offset Value=0' - 0"" | z Offset Value=0' - 0"""
591748,Structural Framing,Concrete-Rectangular Beam,16 x 16,,,,,,A1010,,"14' - 6""",,,,,24.44 CF,,,"Concrete, Normal Weight - 4 ksi",,,,,,Curve,73.798,198.666,-15,66.548,198.666,-15,81.048,198.666,-15,,66.548,197.999,-16.333,81.715,199.333,-15,74.132,198.666,-15.667,,"Assembly Code=A1010 | Assembly Description=Standard Foundations | Cut Length=14' - 6"" | End Level Offset=0' - 0"" | Reference Level=L -1 | Reference Level Elevation=-15' - 0"" | Start Level Offset=0' - 0"" | Structural Material=Concrete, Normal Weight - 4 ksi | System Length=14' - 6"" | Volume=24.44 CF | y Offset Value=0' - 0"" | z Offset Value=0' - 0"""
591750,Structural Framing,Concrete-Rectangular Beam,16 x 16,,,,,,A1010,,"27' - 8""",,,,,49.19 CF,,,"Concrete, Normal Weight - 4 ksi",,,,,,Curve,8.548,184.166,-15,8.548,198.666,-15,8.548,169.666,-15,,7.882,169.666,-16.333,9.215,198.666,-15,8.548,184.166,-15.667,,"Assembly Code=A1010 | Assembly Description=Standard Foundations | Cut Length=27' - 8"" | End Level Offset=0' - 0"" | Reference Level=L -1 | Reference Level Elevation=-15' - 0"" | Start Level Offset=0' - 0"" | Structural Material=Concrete, Normal Weight - 4 ksi | System Length=29' - 0"" | Volume=49.19 CF | y Offset Value=0' - 0"" | z Offset Value=0' - 0"""
591751,Structural Framing,Concrete-Rectangular Beam,16 x 16,,,,,,A1010,,"27' - 8""",,,,,49.19 CF,,,"Concrete, Normal Weight - 4 ksi",,,,,,Curve,8.548,155.166,-15,8.548,169.666,-15,8.548,140.666,-15,,7.882,140.666,-16.333,9.215,169.666,-15,8.548,155.166,-15.667,,"Assembly Code=A1010 | Assembly Description=Standard Foundations | Cut Length=27' - 8"" | End Level Offset=0' - 0"" | Reference Level=L -1 | Reference Level Elevation=-15' - 0"" | Start Level Offset=0' - 0"" | Structural Material=Concrete, Normal Weight - 4 ksi | System Length=29' - 0"" | Volume=49.19 CF | y Offset Value=0' - 0"" | z Offset Value=0' - 0"""
591754,Structural Framing,Concrete-Rectangular Beam,16 x 16,,,,,,A1010,,"29' - 1 1/2""",,,,,49.93 CF,,,"Concrete, Normal Weight - 4 ksi",,,,,,Curve,124.548,184.166,-15,124.548,198.666,-15,124.548,169.666,-15,,123.882,169.666,-16.333,125.215,199.333,-15,124.548,184.499,-15.667,,"Assembly Code=A1010 | Assembly Description=Standard Foundations | Cut Length=29' - 1 1/2"" | End Level Offset=0' - 0"" | Reference Level=L -1 | Reference Level Elevation=-15' - 0"" | Start Level Offset=0' - 0"" | Structural Material=Concrete, Normal Weight - 4 ksi | System Length=29' - 0"" | Volume=49.93 CF | y Offset Value=0' - 0"" | z Offset Value=0' - 0"""
591755,Structural Framing,Concrete-Rectangular Beam,16 x 16,,,,,,A1010,,"27' - 8""",,,,,49.19 CF,,,"Concrete, Normal Weight - 4 ksi",,,,,,Curve,124.548,155.166,-15,124.548,169.666,-15,124.548,140.666,-15,,123.882,140.666,-16.333,125.215,169.666,-15,124.548,155.166,-15.667,,"Assembly Code=A1010 | Assembly Description=Standard Foundations | Cut Length=27' - 8"" | End Level Offset=0' - 0"" | Reference Level=L -1 | Reference Level Elevation=-15' - 0"" | Start Level Offset=0' - 0"" | Structural Material=Concrete, Normal Weight - 4 ksi | System Length=29' - 0"" | Volume=49.19 CF | y Offset Value=0' - 0"" | z Offset Value=0' - 0"""
591758,Structural Framing,Concrete-Rectangular Beam,16 x 16,,,,,,A1010,,"29' - 0""",,,,,49.70 CF,,,"Concrete, Normal Weight - 4 ksi",,,,,,Curve,66.548,184.166,-15,66.548,198.666,-15,66.548,169.666,-15,,65.882,168.999,-16.333,67.215,198.666,-15,66.548,183.833,-15.667,,"Assembly Code=A1010 | Assembly Description=Standard Foundations | Cut Length=29' - 0"" | End Level Offset=0' - 0"" | Reference Level=L -1 | Reference Level Elevation=-15' - 0"" | Start Level Offset=0' - 0"" | Structural Material=Concrete, Normal Weight - 4 ksi | System Length=29' - 0"" | Volume=49.70 CF | y Offset Value=0' - 0"" | z Offset Value=0' - 0"""
591759,Structural Framing,Concrete-Rectangular Beam,16 x 16,,,,,,A1010,,"27' - 8""",,,,,49.19 CF,,,"Concrete, Normal Weight - 4 ksi",,,,,,Curve,66.548,155.166,-15,66.548,169.666,-15,66.548,140.666,-15,,65.882,140.666,-16.333,67.215,169.666,-15,66.548,155.166,-15.667,,"Assembly Code=A1010 | Assembly Description=Standard Foundations | Cut Length=27' - 8"" | End Level Offset=0' - 0"" | Reference Level=L -1 | Reference Level Elevation=-15' - 0"" | Start Level Offset=0' - 0"" | Structural Material=Concrete, Normal Weight - 4 ksi | System Length=29' - 0"" | Volume=49.19 CF | y Offset Value=0' - 0"" | z Offset Value=0' - 0"""
591760,Structural Framing,Concrete-Rectangular Beam,16 x 16,,,,,,A1010,,"14' - 6""",,,,,24.44 CF,,,"Concrete, Normal Weight - 4 ksi",,,,,,Curve,37.548,191.416,-15,37.548,198.666,-15,37.548,184.166,-15,,36.882,183.499,-16.333,38.215,198.666,-15,37.548,191.083,-15.667,,"Assembly Code=A1010 | Assembly Description=Standard Foundations | Cut Length=14' - 6"" | End Level Offset=0' - 0"" | Reference Level=L -1 | Reference Level Elevation=-15' - 0"" | Start Level Offset=0' - 0"" | Structural Material=Concrete, Normal Weight - 4 ksi | System Length=14' - 6"" | Volume=24.44 CF | y Offset Value=0' - 0"" | z Offset Value=0' - 0"""
591761,Structural Framing,Concrete-Rectangular Beam,16 x 16,,,,,,A1010,,"29' - 0""",,,,,51.33 CF,,,"Concrete, Normal Weight - 4 ksi",,,,,,Curve,37.548,155.166,-15,37.548,169.666,-15,37.548,140.666,-15,,36.882,140.666,-16.333,38.215,170.333,-15,37.548,155.499,-15.667,,"Assembly Code=A1010 | Assembly Description=Standard Foundations | Cut Length=29' - 0"" | End Level Offset=0' - 0"" | Reference Level=L -1 | Reference Level Elevation=-15' - 0"" | Start Level Offset=0' - 0"" | Structural Material=Concrete, Normal Weight - 4 ksi | System Length=29' - 0"" | Volume=51.33 CF | y Offset Value=0' - 0"" | z Offset Value=0' - 0"""
591765,Structural Framing,Concrete-Rectangular Beam,16 x 16,,,,,,A1010,,"27' - 10""",,,,,49.31 CF,,,"Concrete, Normal Weight - 4 ksi",,,,,,Curve,95.548,184.166,-15,95.548,198.666,-15,95.548,169.666,-15,,94.882,169.666,-16.333,96.215,198.666,-15,95.548,184.166,-15.667,,"Assembly Code=A1010 | Assembly Description=Standard Foundations | Cut Length=27' - 10"" | End Level Offset=0' - 0"" | Reference Level=L -1 | Reference Level Elevation=-15' - 0"" | Start Level Offset=0' - 0"" | Structural Material=Concrete, Normal Weight - 4 ksi | System Length=29' - 0"" | Volume=49.31 CF | y Offset Value=0' - 0"" | z Offset Value=0' - 0"""
591766,Structural Framing,Concrete-Rectangular Beam,16 x 16,,,,,,A1010,,"27' - 8""",,,,,49.19 CF,,,"Concrete, Normal Weight - 4 ksi",,,,,,Curve,95.548,155.166,-15,95.548,169.666,-15,95.548,140.666,-15,,94.882,140.666,-16.333,96.215,169.666,-15,95.548,155.166,-15.667,,"Assembly Code=A1010 | Assembly Description=Standard Foundations | Cut Length=27' - 8"" | End Level Offset=0' - 0"" | Reference Level=L -1 | Reference Level Elevation=-15' - 0"" | Start Level Offset=0' - 0"" | Structural Material=Concrete, Normal Weight - 4 ksi | System Length=29' - 0"" | Volume=49.19 CF | y Offset Value=0' - 0"" | z Offset Value=0' - 0"""
594720,Structural Framing,Concrete-Rectangular Beam,16 x 16,,,,,,A1010,,"0' - 0 1/2""",,,,,0.04 CF,,,"Concrete, Cast-in-Place gray",,,,,,Curve,95.548,198.666,-15,95.548,198.666,-15,95.548,198.666,-15,,94.882,198.624,-15.667,96.215,198.708,-14.333,95.548,198.666,-15,,"Assembly Code=A1010 | Assembly Description=Standard Foundations | Cut Length=0' - 0 1/2"" | End Level Offset=0' - 0"" | Reference Level=L -1 | Reference Level Elevation=-15' - 0"" | Start Level Offset=0' - 0"" | Structural Material=Concrete, Cast-in-Place gray | System Length=0' - 0"" | Volume=0.04 CF | y Offset Value=0' - 0"" | z Offset Value=0' - 0"""
594845,Structural Foundations,Footing-Rectangular,"4' x 4' x 12""",,,,L 0,,A1010,,"4' - 0""","4' - 0""",,,16 SF,16.00 CF,,,"Concrete, Normal Weight - 4 ksi",,,,,,Point,95.548,256.666,-5,,,,,,,0,93.548,254.666,-6,97.548,258.666,-5,95.548,256.666,-5.5,,"Area=16 SF | Assembly Code=A1010 | Assembly Description=Standard Foundations | Foundation Thickness=1' - 0"" | Height Offset From Level=-5' - 0"" | Length=4' - 0"" | Level=L 0 | Structural Material=Concrete, Normal Weight - 4 ksi | Volume=16.00 CF | Width=4' - 0"""
602783,Structural Columns,Timber-Column,14x14,,,,L -1,,B10,,,,,,,18.98 CF,,,Structural Bamboo (CLB),,L -1,L 0,"0' - 0""","0' - 0""",Point,124.548,169.666,0,,,,,,,0,123.986,169.104,-15,125.111,170.229,0,124.548,169.666,-7.5,,"Assembly Code=B10 | Assembly Description=Superstructure | Base Level=L -1 | Base Offset=0' - 0"" | Column Location Mark=J-4 | Level=L -1 | Structural Material=Structural Bamboo (CLB) | System Length=15' - 0"" | Top Level=L 0 | Top Offset=0' - 0"" | Volume=18.98 CF"
602784,Structural Columns,Timber-Column,14x14,,,,L -1,,B10,,,,,,,18.98 CF,,,Structural Bamboo (CLB),,L -1,L 0,"0' - 0""","0' - 0""",Point,124.548,140.666,0,,,,,,,0,123.986,140.104,-15,125.111,141.229,0,124.548,140.666,-7.5,,"Assembly Code=B10 | Assembly Description=Superstructure | Base Level=L -1 | Base Offset=0' - 0"" | Column Location Mark=J-2 | Level=L -1 | Structural Material=Structural Bamboo (CLB) | System Length=15' - 0"" | Top Level=L 0 | Top Offset=0' - 0"" | Volume=18.98 CF"
602786,Structural Columns,Timber-Column,14x14,,,,L -1,,B10,,,,,,,18.98 CF,,,Structural Bamboo (CLB),,L -1,L 0,"0' - 0""","0' - 0""",Point,110.048,169.666,0,,,,,,,0,109.486,169.104,-15,110.611,170.229,0,110.048,169.666,-7.5,,"Assembly Code=B10 | Assembly Description=Superstructure | Base Level=L -1 | Base Offset=0' - 0"" | Column Location Mark=I-4 | Level=L -1 | Structural Material=Structural Bamboo (CLB) | System Length=15' - 0"" | Top Level=L 0 | Top Offset=0' - 0"" | Volume=18.98 CF"
602787,Structural Columns,Timber-Column,14x14,,,,L -1,,B10,,,,,,,18.98 CF,,,Structural Bamboo (CLB),,L -1,L 0,"0' - 0""","0' - 0""",Point,110.048,140.666,0,,,,,,,0,109.486,140.104,-15,110.611,141.229,0,110.048,140.666,-7.5,,"Assembly Code=B10 | Assembly Description=Superstructure | Base Level=L -1 | Base Offset=0' - 0"" | Column Location Mark=I-2 | Level=L -1 | Structural Material=Structural Bamboo (CLB) | System Length=15' - 0"" | Top Level=L 0 | Top Offset=0' - 0"" | Volume=18.98 CF"
602789,Structural Columns,Timber-Column,14x14,,,,L -1,,B10,,,,,,,18.98 CF,,,Structural Bamboo (CLB),,L -1,L 0,"0' - 0""","0' - 0""",Point,95.548,169.666,0,,,,,,,0,94.986,169.104,-15,96.111,170.229,0,95.548,169.666,-7.5,,"Assembly Code=B10 | Assembly Description=Superstructure | Base Level=L -1 | Base Offset=0' - 0"" | Column Location Mark=H-4 | Level=L -1 | Structural Material=Structural Bamboo (CLB) | System Length=15' - 0"" | Top Level=L 0 | Top Offset=0' - 0"" | Volume=18.98 CF"
602790,Structural Columns,Timber-Column,14x14,,,,L -1,,B10,,,,,,,18.98 CF,,,Structural Bamboo (CLB),,L -1,L 0,"0' - 0""","0' - 0""",Point,95.548,140.666,0,,,,,,,0,94.986,140.104,-15,96.111,141.229,0,95.548,140.666,-7.5,,"Assembly Code=B10 | Assembly Description=Superstructure | Base Level=L -1 | Base Offset=0' - 0"" | Column Location Mark=H-2 | Level=L -1 | Structural Material=Structural Bamboo (CLB) | System Length=15' - 0"" | Top Level=L 0 | Top Offset=0' - 0"" | Volume=18.98 CF"
602792,Structural Columns,Timber-Column,14x14,,,,L -1,,B10,,,,,,,18.98 CF,,,Structural Bamboo (CLB),,L -1,L 0,"0' - 0""","0' - 0""",Point,81.048,169.666,0,,,,,,,0,80.486,169.104,-15,81.611,170.229,0,81.048,169.666,-7.5,,"Assembly Code=B10 | Assembly Description=Superstructure | Base Level=L -1 | Base Offset=0' - 0"" | Column Location Mark=G-4 | Level=L -1 | Structural Material=Structural Bamboo (CLB) | System Length=15' - 0"" | Top Level=L 0 | Top Offset=0' - 0"" | Volume=18.98 CF"
602793,Structural Columns,Timber-Column,14x14,,,,L -1,,B10,,,,,,,18.98 CF,,,Structural Bamboo (CLB),,L -1,L 0,"0' - 0""","0' - 0""",Point,81.048,140.666,0,,,,,,,0,80.486,140.104,-15,81.611,141.229,0,81.048,140.666,-7.5,,"Assembly Code=B10 | Assembly Description=Superstructure | Base Level=L -1 | Base Offset=0' - 0"" | Column Location Mark=G-2 | Level=L -1 | Structural Material=Structural Bamboo (CLB) | System Length=15' - 0"" | Top Level=L 0 | Top Offset=0' - 0"" | Volume=18.98 CF"
602794,Structural Columns,Timber-Column,14x14,,,,L -1,,B10,,,,,,,18.98 CF,,,Structural Bamboo (CLB),,L -1,L 0,"0' - 0""","0' - 0""",Point,66.548,198.666,0,,,,,,,0,65.986,198.104,-15,67.111,199.229,0,66.548,198.666,-7.5,,"Assembly Code=B10 | Assembly Description=Superstructure | Base Level=L -1 | Base Offset=0' - 0"" | Column Location Mark=F-6 | Level=L -1 | Structural Material=Structural Bamboo (CLB) | System Length=15' - 0"" | Top Level=L 0 | Top Offset=0' - 0"" | Volume=18.98 CF"
602795,Structural Columns,Timber-Column,14x14,,,,L -1,,B10,,,,,,,18.98 CF,,,Structural Bamboo (CLB),,L -1,L 0,"0' - 0""","0' - 0""",Point,66.548,169.666,0,,,,,,,0,65.986,169.104,-15,67.111,170.229,0,66.548,169.666,-7.5,,"Assembly Code=B10 | Assembly Description=Superstructure | Base Level=L -1 | Base Offset=0' - 0"" | Column Location Mark=F-4 | Level=L -1 | Structural Material=Structural Bamboo (CLB) | System Length=15' - 0"" | Top Level=L 0 | Top Offset=0' - 0"" | Volume=18.98 CF"
602796,Structural Columns,Timber-Column,14x14,,,,L -1,,B10,,,,,,,18.98 CF,,,Structural Bamboo (CLB),,L -1,L 0,"0' - 0""","0' - 0""",Point,66.548,140.666,0,,,,,,,0,65.986,140.104,-15,67.111,141.229,0,66.548,140.666,-7.5,,"Assembly Code=B10 | Assembly Description=Superstructure | Base Level=L -1 | Base Offset=0' - 0"" | Column Location Mark=F-2 | Level=L -1 | Structural Material=Structural Bamboo (CLB) | System Length=15' - 0"" | Top Level=L 0 | Top Offset=0' - 0"" | Volume=18.98 CF"
602797,Structural Columns,Timber-Column,14x14,,,,L -1,,B10,,,,,,,18.98 CF,,,Structural Bamboo (CLB),,L -1,L 0,"0' - 0""","0' - 0""",Point,52.048,198.666,0,,,,,,,0,51.486,198.104,-15,52.611,199.229,0,52.048,198.666,-7.5,,"Assembly Code=B10 | Assembly Description=Superstructure | Base Level=L -1 | Base Offset=0' - 0"" | Column Location Mark=E-6 | Level=L -1 | Structural Material=Structural Bamboo (CLB) | System Length=15' - 0"" | Top Level=L 0 | Top Offset=0' - 0"" | Volume=18.98 CF"
602798,Structural Columns,Timber-Column,14x14,,,,L -1,,B10,,,,,,,18.98 CF,,,Structural Bamboo (CLB),,L -1,L 0,"0' - 0""","0' - 0""",Point,52.048,169.666,0,,,,,,,0,51.486,169.104,-15,52.611,170.229,0,52.048,169.666,-7.5,,"Assembly Code=B10 | Assembly Description=Superstructure | Base Level=L -1 | Base Offset=0' - 0"" | Column Location Mark=E-4 | Level=L -1 | Structural Material=Structural Bamboo (CLB) | System Length=15' - 0"" | Top Level=L 0 | Top Offset=0' - 0"" | Volume=18.98 CF"
602799,Structural Columns,Timber-Column,14x14,,,,L -1,,B10,,,,,,,18.98 CF,,,Structural Bamboo (CLB),,L -1,L 0,"0' - 0""","0' - 0""",Point,52.048,140.666,0,,,,,,,0,51.486,140.104,-15,52.611,141.229,0,52.048,140.666,-7.5,,"Assembly Code=B10 | Assembly Description=Superstructure | Base Level=L -1 | Base Offset=0' - 0"" | Column Location Mark=E-2 | Level=L -1 | Structural Material=Structural Bamboo (CLB) | System Length=15' - 0"" | Top Level=L 0 | Top Offset=0' - 0"" | Volume=18.98 CF"
602800,Structural Columns,Timber-Column,14x14,,,,L -1,,B10,,,,,,,18.98 CF,,,Structural Bamboo (CLB),,L -1,L 0,"0' - 0""","0' - 0""",Point,37.548,198.666,0,,,,,,,0,36.986,198.104,-15,38.111,199.229,0,37.548,198.666,-7.5,,"Assembly Code=B10 | Assembly Description=Superstructure | Base Level=L -1 | Base Offset=0' - 0"" | Column Location Mark=D-6 | Level=L -1 | Structural Material=Structural Bamboo (CLB) | System Length=15' - 0"" | Top Level=L 0 | Top Offset=0' - 0"" | Volume=18.98 CF"
602802,Structural Columns,Timber-Column,14x14,,,,L -1,,B10,,,,,,,18.98 CF,,,Structural Bamboo (CLB),,L -1,L 0,"0' - 0""","0' - 0""",Point,37.548,140.666,0,,,,,,,0,36.986,140.104,-15,38.111,141.229,0,37.548,140.666,-7.5,,"Assembly Code=B10 | Assembly Description=Superstructure | Base Level=L -1 | Base Offset=0' - 0"" | Column Location Mark=D-2 | Level=L -1 | Structural Material=Structural Bamboo (CLB) | System Length=15' - 0"" | Top Level=L 0 | Top Offset=0' - 0"" | Volume=18.98 CF"
602803,Structural Columns,Timber-Column,14x14,,,,L -1,,B10,,,,,,,18.98 CF,,,Structural Bamboo (CLB),,L -1,L 0,"0' - 0""","0' - 0""",Point,23.048,198.666,0,,,,,,,0,22.486,198.104,-15,23.611,199.229,0,23.048,198.666,-7.5,,"Assembly Code=B10 | Assembly Description=Superstructure | Base Level=L -1 | Base Offset=0' - 0"" | Column Location Mark=C-6 | Level=L -1 | Structural Material=Structural Bamboo (CLB) | System Length=15' - 0"" | Top Level=L 0 | Top Offset=0' - 0"" | Volume=18.98 CF"
602804,Structural Columns,Timber-Column,14x14,,,,L -1,,B10,,,,,,,18.98 CF,,,Structural Bamboo (CLB),,L -1,L 0,"0' - 0""","0' - 0""",Point,23.048,162.562,0,,,,,,,0,22.486,161.999,-15,23.611,163.124,0,23.048,162.562,-7.5,,"Assembly Code=B10 | Assembly Description=Superstructure | Base Level=L -1 | Base Offset=0' - 0"" | Column Location Mark=C-3(7' - 4 3/4"") | Level=L -1 | Structural Material=Structural Bamboo (CLB) | System Length=15' - 0"" | Top Level=L 0 | Top Offset=0' - 0"" | Volume=18.98 CF"
602805,Structural Columns,Timber-Column,14x14,,,,L -1,,B10,,,,,,,18.98 CF,,,Structural Bamboo (CLB),,L -1,L 0,"0' - 0""","0' - 0""",Point,23.048,140.666,0,,,,,,,0,22.486,140.104,-15,23.611,141.229,0,23.048,140.666,-7.5,,"Assembly Code=B10 | Assembly Description=Superstructure | Base Level=L -1 | Base Offset=0' - 0"" | Column Location Mark=C-2 | Level=L -1 | Structural Material=Structural Bamboo (CLB) | System Length=15' - 0"" | Top Level=L 0 | Top Offset=0' - 0"" | Volume=18.98 CF"
602806,Structural Columns,Timber-Column,14x14,,,,L -1,,B10,,,,,,,18.98 CF,,,Structural Bamboo (CLB),,L -1,L 0,"0' - 0""","0' - 0""",Point,8.548,198.666,0,,,,,,,0,7.986,198.104,-15,9.111,199.229,0,8.548,198.666,-7.5,,"Assembly Code=B10 | Assembly Description=Superstructure | Base Level=L -1 | Base Offset=0' - 0"" | Column Location Mark=B-6 | Level=L -1 | Structural Material=Structural Bamboo (CLB) | System Length=15' - 0"" | Top Level=L 0 | Top Offset=0' - 0"" | Volume=18.98 CF"
602807,Structural Columns,Timber-Column,14x14,,,,L -1,,B10,,,,,,,18.98 CF,,,Structural Bamboo (CLB),,L -1,L 0,"0' - 0""","0' - 0""",Point,8.548,169.666,0,,,,,,,0,7.986,169.104,-15,9.111,170.229,0,8.548,169.666,-7.5,,"Assembly Code=B10 | Assembly Description=Superstructure | Base Level=L -1 | Base Offset=0' - 0"" | Column Location Mark=B-4 | Level=L -1 | Structural Material=Structural Bamboo (CLB) | System Length=15' - 0"" | Top Level=L 0 | Top Offset=0' - 0"" | Volume=18.98 CF"
602808,Structural Columns,Timber-Column,14x14,,,,L -1,,B10,,,,,,,18.98 CF,,,Structural Bamboo (CLB),,L -1,L 0,"0' - 0""","0' - 0""",Point,8.548,140.666,0,,,,,,,0,7.986,140.104,-15,9.111,141.229,0,8.548,140.666,-7.5,,"Assembly Code=B10 | Assembly Description=Superstructure | Base Level=L -1 | Base Offset=0' - 0"" | Column Location Mark=B-2 | Level=L -1 | Structural Material=Structural Bamboo (CLB) | System Length=15' - 0"" | Top Level=L 0 | Top Offset=0' - 0"" | Volume=18.98 CF"
603849,Structural Columns,Timber-Column,14x14,,,,L -1,,B10,,,,,,,18.98 CF,,,Structural Bamboo (CLB),,L -1,L 0,"0' - 0""","0' - 0""",Point,37.548,184.166,0,,,,,,,0,36.986,183.604,-15,38.111,184.729,0,37.548,184.166,-7.5,,"Assembly Code=B10 | Assembly Description=Superstructure | Base Level=L -1 | Base Offset=0' - 0"" | Column Location Mark=D-5 | Level=L -1 | Structural Material=Structural Bamboo (CLB) | System Length=15' - 0"" | Top Level=L 0 | Top Offset=0' - 0"" | Volume=18.98 CF"
604345,Structural Columns,Timber-Column,14x14,,,,L 0,,B10,,,,,,,18.98 CF,,,Structural Bamboo (CLB),,L 0,L 1,"0' - 0""","0' - 0""",Point,124.548,169.666,0,,,,,,,0,123.986,169.104,0,125.111,170.229,15,124.548,169.666,7.5,,"Assembly Code=B10 | Assembly Description=Superstructure | Base Level=L 0 | Base Offset=0' - 0"" | Column Location Mark=J-4 | Level=L 0 | Structural Material=Structural Bamboo (CLB) | System Length=15' - 0"" | Top Level=L 1 | Top Offset=0' - 0"" | Volume=18.98 CF"
604347,Structural Columns,Timber-Column,14x14,,,,L 0,,B10,,,,,,,18.98 CF,,,Structural Bamboo (CLB),,L 0,L 1,"0' - 0""","0' - 0""",Point,110.048,169.666,0,,,,,,,0,109.486,169.104,0,110.611,170.229,15,110.048,169.666,7.5,,"Assembly Code=B10 | Assembly Description=Superstructure | Base Level=L 0 | Base Offset=0' - 0"" | Column Location Mark=I-4 | Level=L 0 | Structural Material=Structural Bamboo (CLB) | System Length=15' - 0"" | Top Level=L 1 | Top Offset=0' - 0"" | Volume=18.98 CF"
604349,Structural Columns,Timber-Column,14x14,,,,L 0,,B10,,,,,,,18.98 CF,,,Structural Bamboo (CLB),,L 0,L 1,"0' - 0""","0' - 0""",Point,95.548,169.666,0,,,,,,,0,94.986,169.104,0,96.111,170.229,15,95.548,169.666,7.5,,"Assembly Code=B10 | Assembly Description=Superstructure | Base Level=L 0 | Base Offset=0' - 0"" | Column Location Mark=H-4 | Level=L 0 | Structural Material=Structural Bamboo (CLB) | System Length=15' - 0"" | Top Level=L 1 | Top Offset=0' - 0"" | Volume=18.98 CF"
604350,Structural Columns,Timber-Column,14x14,,,,L 0,,B10,,,,,,,18.98 CF,,,Structural Bamboo (CLB),,L 0,L 1,"0' - 0""","0' - 0""",Point,95.548,140.666,0,,,,,,,0,94.986,140.104,0,96.111,141.229,15,95.548,140.666,7.5,,"Assembly Code=B10 | Assembly Description=Superstructure | Base Level=L 0 | Base Offset=0' - 0"" | Column Location Mark=H-2 | Level=L 0 | Structural Material=Structural Bamboo (CLB) | System Length=15' - 0"" | Top Level=L 1 | Top Offset=0' - 0"" | Volume=18.98 CF"
604352,Structural Columns,Timber-Column,14x14,,,,L 0,,B10,,,,,,,18.98 CF,,,Structural Bamboo (CLB),,L 0,L 1,"0' - 0""","0' - 0""",Point,81.048,169.666,0,,,,,,,0,80.486,169.104,0,81.611,170.229,15,81.048,169.666,7.5,,"Assembly Code=B10 | Assembly Description=Superstructure | Base Level=L 0 | Base Offset=0' - 0"" | Column Location Mark=G-4 | Level=L 0 | Structural Material=Structural Bamboo (CLB) | System Length=15' - 0"" | Top Level=L 1 | Top Offset=0' - 0"" | Volume=18.98 CF"
604353,Structural Columns,Timber-Column,14x14,,,,L 0,,B10,,,,,,,18.98 CF,,,Structural Bamboo (CLB),,L 0,L 1,"0' - 0""","0' - 0""",Point,66.548,198.666,0,,,,,,,0,65.986,198.104,0,67.111,199.229,15,66.548,198.666,7.5,,"Assembly Code=B10 | Assembly Description=Superstructure | Base Level=L 0 | Base Offset=0' - 0"" | Column Location Mark=F-6 | Level=L 0 | Structural Material=Structural Bamboo (CLB) | System Length=15' - 0"" | Top Level=L 1 | Top Offset=0' - 0"" | Volume=18.98 CF"
604354,Structural Columns,Timber-Column,14x14,,,,L 0,,B10,,,,,,,18.98 CF,,,Structural Bamboo (CLB),,L 0,L 1,"0' - 0""","0' - 0""",Point,66.548,169.666,0,,,,,,,0,65.986,169.104,0,67.111,170.229,15,66.548,169.666,7.5,,"Assembly Code=B10 | Assembly Description=Superstructure | Base Level=L 0 | Base Offset=0' - 0"" | Column Location Mark=F-4 | Level=L 0 | Structural Material=Structural Bamboo (CLB) | System Length=15' - 0"" | Top Level=L 1 | Top Offset=0' - 0"" | Volume=18.98 CF"
604355,Structural Columns,Timber-Column,14x14,,,,L 0,,B10,,,,,,,18.98 CF,,,Structural Bamboo (CLB),,L 0,L 1,"0' - 0""","0' - 0""",Point,52.048,198.666,0,,,,,,,0,51.486,198.104,0,52.611,199.229,15,52.048,198.666,7.5,,"Assembly Code=B10 | Assembly Description=Superstructure | Base Level=L 0 | Base Offset=0' - 0"" | Column Location Mark=E-6 | Level=L 0 | Structural Material=Structural Bamboo (CLB) | System Length=15' - 0"" | Top Level=L 1 | Top Offset=0' - 0"" | Volume=18.98 CF"
604356,Structural Columns,Timber-Column,14x14,,,,L 0,,B10,,,,,,,18.98 CF,,,Structural Bamboo (CLB),,L 0,L 1,"0' - 0""","0' - 0""",Point,52.048,169.666,0,,,,,,,0,51.486,169.104,0,52.611,170.229,15,52.048,169.666,7.5,,"Assembly Code=B10 | Assembly Description=Superstructure | Base Level=L 0 | Base Offset=0' - 0"" | Column Location Mark=E-4 | Level=L 0 | Structural Material=Structural Bamboo (CLB) | System Length=15' - 0"" | Top Level=L 1 | Top Offset=0' - 0"" | Volume=18.98 CF"
604357,Structural Columns,Timber-Column,14x14,,,,L 0,,B10,,,,,,,18.98 CF,,,Structural Bamboo (CLB),,L 0,L 1,"0' - 0""","0' - 0""",Point,52.048,140.666,0,,,,,,,0,51.486,140.104,0,52.611,141.229,15,52.048,140.666,7.5,,"Assembly Code=B10 | Assembly Description=Superstructure | Base Level=L 0 | Base Offset=0' - 0"" | Column Location Mark=E-2 | Level=L 0 | Structural Material=Structural Bamboo (CLB) | System Length=15' - 0"" | Top Level=L 1 | Top Offset=0' - 0"" | Volume=18.98 CF"
604358,Structural Columns,Timber-Column,14x14,,,,L 0,,B10,,,,,,,18.98 CF,,,Structural Bamboo (CLB),,L 0,L 1,"0' - 0""","0' - 0""",Point,37.548,198.666,0,,,,,,,0,36.986,198.104,0,38.111,199.229,15,37.548,198.666,7.5,,"Assembly Code=B10 | Assembly Description=Superstructure | Base Level=L 0 | Base Offset=0' - 0"" | Column Location Mark=D-6 | Level=L 0 | Structural Material=Structural Bamboo (CLB) | System Length=15' - 0"" | Top Level=L 1 | Top Offset=0' - 0"" | Volume=18.98 CF"
604359,Structural Columns,Timber-Column,14x14,,,,L 0,,B10,,,,,,,18.98 CF,,,Structural Bamboo (CLB),,L 0,L 1,"0' - 0""","0' - 0""",Point,37.548,140.666,0,,,,,,,0,36.986,140.104,0,38.111,141.229,15,37.548,140.666,7.5,,"Assembly Code=B10 | Assembly Description=Superstructure | Base Level=L 0 | Base Offset=0' - 0"" | Column Location Mark=D-2 | Level=L 0 | Structural Material=Structural Bamboo (CLB) | System Length=15' - 0"" | Top Level=L 1 | Top Offset=0' - 0"" | Volume=18.98 CF"
604360,Structural Columns,Timber-Column,14x14,,,,L 0,,B10,,,,,,,18.98 CF,,,Structural Bamboo (CLB),,L 0,L 1,"0' - 0""","0' - 0""",Point,23.048,198.666,0,,,,,,,0,22.486,198.104,0,23.611,199.229,15,23.048,198.666,7.5,,"Assembly Code=B10 | Assembly Description=Superstructure | Base Level=L 0 | Base Offset=0' - 0"" | Column Location Mark=C-6 | Level=L 0 | Structural Material=Structural Bamboo (CLB) | System Length=15' - 0"" | Top Level=L 1 | Top Offset=0' - 0"" | Volume=18.98 CF"
604361,Structural Columns,Timber-Column,14x14,,,,L 0,,B10,,,,,,,18.98 CF,,,Structural Bamboo (CLB),,L 0,L 1,"0' - 0""","0' - 0""",Point,23.048,162.562,0,,,,,,,0,22.486,161.999,0,23.611,163.124,15,23.048,162.562,7.5,,"Assembly Code=B10 | Assembly Description=Superstructure | Base Level=L 0 | Base Offset=0' - 0"" | Column Location Mark=C-3(7' - 4 3/4"") | Level=L 0 | Structural Material=Structural Bamboo (CLB) | System Length=15' - 0"" | Top Level=L 1 | Top Offset=0' - 0"" | Volume=18.98 CF"
604362,Structural Columns,Timber-Column,14x14,,,,L 0,,B10,,,,,,,18.98 CF,,,Structural Bamboo (CLB),,L 0,L 1,"0' - 0""","0' - 0""",Point,8.548,198.666,0,,,,,,,0,7.986,198.104,0,9.111,199.229,15,8.548,198.666,7.5,,"Assembly Code=B10 | Assembly Description=Superstructure | Base Level=L 0 | Base Offset=0' - 0"" | Column Location Mark=B-6 | Level=L 0 | Structural Material=Structural Bamboo (CLB) | System Length=15' - 0"" | Top Level=L 1 | Top Offset=0' - 0"" | Volume=18.98 CF"
604363,Structural Columns,Timber-Column,14x14,,,,L 0,,B10,,,,,,,18.98 CF,,,Structural Bamboo (CLB),,L 0,L 1,"0' - 0""","0' - 0""",Point,8.548,169.666,0,,,,,,,0,7.986,169.104,0,9.111,170.229,15,8.548,169.666,7.5,,"Assembly Code=B10 | Assembly Description=Superstructure | Base Level=L 0 | Base Offset=0' - 0"" | Column Location Mark=B-4 | Level=L 0 | Structural Material=Structural Bamboo (CLB) | System Length=15' - 0"" | Top Level=L 1 | Top Offset=0' - 0"" | Volume=18.98 CF"
604371,Structural Columns,Timber-Column,14x14,,,,L 1,,B10,,,,,,,15.19 CF,,,Structural Bamboo (CLB),,L 1,Roof,"0' - 0""","-3' - 0""",Point,124.548,169.666,0,,,,,,,0,123.986,169.104,15,125.111,170.229,27,124.548,169.666,21,,"Assembly Code=B10 | Assembly Description=Superstructure | Base Level=L 1 | Base Offset=0' - 0"" | Column Location Mark=J-4 | Level=L 1 | Structural Material=Structural Bamboo (CLB) | System Length=12' - 0"" | Top Level=Roof | Top Offset=-3' - 0"" | Volume=15.19 CF"
604373,Structural Columns,Timber-Column,14x14,,,,L 1,,B10,,,,,,,15.19 CF,,,Structural Bamboo (CLB),,L 1,Roof,"0' - 0""","-3' - 0""",Point,110.048,169.666,0,,,,,,,0,109.486,169.104,15,110.611,170.229,27,110.048,169.666,21,,"Assembly Code=B10 | Assembly Description=Superstructure | Base Level=L 1 | Base Offset=0' - 0"" | Column Location Mark=I-4 | Level=L 1 | Structural Material=Structural Bamboo (CLB) | System Length=12' - 0"" | Top Level=Roof | Top Offset=-3' - 0"" | Volume=15.19 CF"
604375,Structural Columns,Timber-Column,14x14,,,,L 1,,B10,,,,,,,15.19 CF,,,Structural Bamboo (CLB),,L 1,Roof,"0' - 0""","-3' - 0""",Point,95.548,169.666,0,,,,,,,0,94.986,169.104,15,96.111,170.229,27,95.548,169.666,21,,"Assembly Code=B10 | Assembly Description=Superstructure | Base Level=L 1 | Base Offset=0' - 0"" | Column Location Mark=H-4 | Level=L 1 | Structural Material=Structural Bamboo (CLB) | System Length=12' - 0"" | Top Level=Roof | Top Offset=-3' - 0"" | Volume=15.19 CF"
604376,Structural Columns,Timber-Column,14x14,,,,L 1,,B10,,,,,,,15.19 CF,,,Structural Bamboo (CLB),,L 1,Roof,"0' - 0""","-3' - 0""",Point,95.548,140.666,0,,,,,,,0,94.986,140.104,15,96.111,141.229,27,95.548,140.666,21,,"Assembly Code=B10 | Assembly Description=Superstructure | Base Level=L 1 | Base Offset=0' - 0"" | Column Location Mark=H-2 | Level=L 1 | Structural Material=Structural Bamboo (CLB) | System Length=12' - 0"" | Top Level=Roof | Top Offset=-3' - 0"" | Volume=15.19 CF"
604378,Structural Columns,Timber-Column,14x14,,,,L 1,,B10,,,,,,,15.19 CF,,,Structural Bamboo (CLB),,L 1,Roof,"0' - 0""","-3' - 0""",Point,81.048,169.666,0,,,,,,,0,80.486,169.104,15,81.611,170.229,27,81.048,169.666,21,,"Assembly Code=B10 | Assembly Description=Superstructure | Base Level=L 1 | Base Offset=0' - 0"" | Column Location Mark=G-4 | Level=L 1 | Structural Material=Structural Bamboo (CLB) | System Length=12' - 0"" | Top Level=Roof | Top Offset=-3' - 0"" | Volume=15.19 CF"
604379,Structural Columns,Timber-Column,14x14,,,,L 1,,B10,,,,,,,15.19 CF,,,Structural Bamboo (CLB),,L 1,Roof,"0' - 0""","-3' - 0""",Point,66.548,198.666,0,,,,,,,0,65.986,198.104,15,67.111,199.229,27,66.548,198.666,21,,"Assembly Code=B10 | Assembly Description=Superstructure | Base Level=L 1 | Base Offset=0' - 0"" | Column Location Mark=F-6 | Level=L 1 | Structural Material=Structural Bamboo (CLB) | System Length=12' - 0"" | Top Level=Roof | Top Offset=-3' - 0"" | Volume=15.19 CF"
604380,Structural Columns,Timber-Column,14x14,,,,L 1,,B10,,,,,,,15.19 CF,,,Structural Bamboo (CLB),,L 1,Roof,"0' - 0""","-3' - 0""",Point,66.548,169.666,0,,,,,,,0,65.986,169.104,15,67.111,170.229,27,66.548,169.666,21,,"Assembly Code=B10 | Assembly Description=Superstructure | Base Level=L 1 | Base Offset=0' - 0"" | Column Location Mark=F-4 | Level=L 1 | Structural Material=Structural Bamboo (CLB) | System Length=12' - 0"" | Top Level=Roof | Top Offset=-3' - 0"" | Volume=15.19 CF"
604381,Structural Columns,Timber-Column,14x14,,,,L 1,,B10,,,,,,,15.19 CF,,,Structural Bamboo (CLB),,L 1,Roof,"0' - 0""","-3' - 0""",Point,52.048,198.666,0,,,,,,,0,51.486,198.104,15,52.611,199.229,27,52.048,198.666,21,,"Assembly Code=B10 | Assembly Description=Superstructure | Base Level=L 1 | Base Offset=0' - 0"" | Column Location Mark=E-6 | Level=L 1 | Structural Material=Structural Bamboo (CLB) | System Length=12' - 0"" | Top Level=Roof | Top Offset=-3' - 0"" | Volume=15.19 CF"
604382,Structural Columns,Timber-Column,14x14,,,,L 1,,B10,,,,,,,15.19 CF,,,Structural Bamboo (CLB),,L 1,Roof,"0' - 0""","-3' - 0""",Point,52.048,169.666,0,,,,,,,0,51.486,169.104,15,52.611,170.229,27,52.048,169.666,21,,"Assembly Code=B10 | Assembly Description=Superstructure | Base Level=L 1 | Base Offset=0' - 0"" | Column Location Mark=E-4 | Level=L 1 | Structural Material=Structural Bamboo (CLB) | System Length=12' - 0"" | Top Level=Roof | Top Offset=-3' - 0"" | Volume=15.19 CF"
604383,Structural Columns,Timber-Column,14x14,,,,L 1,,B10,,,,,,,15.19 CF,,,Structural Bamboo (CLB),,L 1,Roof,"0' - 0""","-3' - 0""",Point,52.048,140.666,0,,,,,,,0,51.486,140.104,15,52.611,141.229,27,52.048,140.666,21,,"Assembly Code=B10 | Assembly Description=Superstructure | Base Level=L 1 | Base Offset=0' - 0"" | Column Location Mark=E-2 | Level=L 1 | Structural Material=Structural Bamboo (CLB) | System Length=12' - 0"" | Top Level=Roof | Top Offset=-3' - 0"" | Volume=15.19 CF"
604384,Structural Columns,Timber-Column,14x14,,,,L 1,,B10,,,,,,,15.19 CF,,,Structural Bamboo (CLB),,L 1,Roof,"0' - 0""","-3' - 0""",Point,37.548,198.666,0,,,,,,,0,36.986,198.104,15,38.111,199.229,27,37.548,198.666,21,,"Assembly Code=B10 | Assembly Description=Superstructure | Base Level=L 1 | Base Offset=0' - 0"" | Column Location Mark=D-6 | Level=L 1 | Structural Material=Structural Bamboo (CLB) | System Length=12' - 0"" | Top Level=Roof | Top Offset=-3' - 0"" | Volume=15.19 CF"
604385,Structural Columns,Timber-Column,14x14,,,,L 1,,B10,,,,,,,15.19 CF,,,Structural Bamboo (CLB),,L 1,Roof,"0' - 0""","-3' - 0""",Point,37.548,140.666,0,,,,,,,0,36.986,140.104,15,38.111,141.229,27,37.548,140.666,21,,"Assembly Code=B10 | Assembly Description=Superstructure | Base Level=L 1 | Base Offset=0' - 0"" | Column Location Mark=D-2 | Level=L 1 | Structural Material=Structural Bamboo (CLB) | System Length=12' - 0"" | Top Level=Roof | Top Offset=-3' - 0"" | Volume=15.19 CF"
604386,Structural Columns,Timber-Column,14x14,,,,L 1,,B10,,,,,,,15.19 CF,,,Structural Bamboo (CLB),,L 1,Roof,"0' - 0""","-3' - 0""",Point,23.048,198.666,0,,,,,,,0,22.486,198.104,15,23.611,199.229,27,23.048,198.666,21,,"Assembly Code=B10 | Assembly Description=Superstructure | Base Level=L 1 | Base Offset=0' - 0"" | Column Location Mark=C-6 | Level=L 1 | Structural Material=Structural Bamboo (CLB) | System Length=12' - 0"" | Top Level=Roof | Top Offset=-3' - 0"" | Volume=15.19 CF"
604387,Structural Columns,Timber-Column,14x14,,,,L 1,,B10,,,,,,,15.19 CF,,,Structural Bamboo (CLB),,L 1,Roof,"0' - 0""","-3' - 0""",Point,23.048,162.562,0,,,,,,,0,22.486,161.999,15,23.611,163.124,27,23.048,162.562,21,,"Assembly Code=B10 | Assembly Description=Superstructure | Base Level=L 1 | Base Offset=0' - 0"" | Column Location Mark=C-3(7' - 4 3/4"") | Level=L 1 | Structural Material=Structural Bamboo (CLB) | System Length=12' - 0"" | Top Level=Roof | Top Offset=-3' - 0"" | Volume=15.19 CF"
604388,Structural Columns,Timber-Column,14x14,,,,L 1,,B10,,,,,,,15.19 CF,,,Structural Bamboo (CLB),,L 1,Roof,"0' - 0""","-3' - 0""",Point,8.548,198.666,0,,,,,,,0,7.986,198.104,15,9.111,199.229,27,8.548,198.666,21,,"Assembly Code=B10 | Assembly Description=Superstructure | Base Level=L 1 | Base Offset=0' - 0"" | Column Location Mark=B-6 | Level=L 1 | Structural Material=Structural Bamboo (CLB) | System Length=12' - 0"" | Top Level=Roof | Top Offset=-3' - 0"" | Volume=15.19 CF"
604389,Structural Columns,Timber-Column,14x14,,,,L 1,,B10,,,,,,,15.19 CF,,,Structural Bamboo (CLB),,L 1,Roof,"0' - 0""","-3' - 0""",Point,8.548,169.666,0,,,,,,,0,7.986,169.104,15,9.111,170.229,27,8.548,169.666,21,,"Assembly Code=B10 | Assembly Description=Superstructure | Base Level=L 1 | Base Offset=0' - 0"" | Column Location Mark=B-4 | Level=L 1 | Structural Material=Structural Bamboo (CLB) | System Length=12' - 0"" | Top Level=Roof | Top Offset=-3' - 0"" | Volume=15.19 CF"
604390,Structural Columns,Timber-Column,14x14,,,,L 1,,B10,,,,,,,15.19 CF,,,Structural Bamboo (CLB),,L 1,Roof,"0' - 0""","-3' - 0""",Point,37.548,169.666,0,,,,,,,0,36.986,169.104,15,38.111,170.229,27,37.548,169.666,21,,"Assembly Code=B10 | Assembly Description=Superstructure | Base Level=L 1 | Base Offset=0' - 0"" | Column Location Mark=D-4 | Level=L 1 | Structural Material=Structural Bamboo (CLB) | System Length=12' - 0"" | Top Level=Roof | Top Offset=-3' - 0"" | Volume=15.19 CF"
604391,Structural Columns,Timber-Column,14x14,,,,L 1,,B10,,,,,,,15.19 CF,,,Structural Bamboo (CLB),,L 1,Roof,"0' - 0""","-3' - 0""",Point,37.548,184.166,0,,,,,,,0,36.986,183.604,15,38.111,184.729,27,37.548,184.166,21,,"Assembly Code=B10 | Assembly Description=Superstructure | Base Level=L 1 | Base Offset=0' - 0"" | Column Location Mark=D-5 | Level=L 1 | Structural Material=Structural Bamboo (CLB) | System Length=12' - 0"" | Top Level=Roof | Top Offset=-3' - 0"" | Volume=15.19 CF"
604404,Structural Columns,Timber-Column,14x14,,,,L 0,,B10,,,,,,,18.98 CF,,,Structural Bamboo (CLB),,L 0,L 1,"0' - 0""","0' - 0""",Point,124.548,140.666,0,,,,,,,0,123.986,140.104,0,125.111,141.229,15,124.548,140.666,7.5,,"Assembly Code=B10 | Assembly Description=Superstructure | Base Level=L 0 | Base Offset=0' - 0"" | Column Location Mark=J-2 | Level=L 0 | Structural Material=Structural Bamboo (CLB) | System Length=15' - 0"" | Top Level=L 1 | Top Offset=0' - 0"" | Volume=18.98 CF"
604405,Structural Columns,Timber-Column,14x14,,,,L 0,,B10,,,,,,,18.98 CF,,,Structural Bamboo (CLB),,L 0,L 1,"0' - 0""","0' - 0""",Point,110.048,140.666,0,,,,,,,0,109.486,140.104,0,110.611,141.229,15,110.048,140.666,7.5,,"Assembly Code=B10 | Assembly Description=Superstructure | Base Level=L 0 | Base Offset=0' - 0"" | Column Location Mark=I-2 | Level=L 0 | Structural Material=Structural Bamboo (CLB) | System Length=15' - 0"" | Top Level=L 1 | Top Offset=0' - 0"" | Volume=18.98 CF"
604406,Structural Columns,Timber-Column,14x14,,,,L 0,,B10,,,,,,,18.98 CF,,,Structural Bamboo (CLB),,L 0,L 1,"0' - 0""","0' - 0""",Point,81.048,140.666,0,,,,,,,0,80.486,140.104,0,81.611,141.229,15,81.048,140.666,7.5,,"Assembly Code=B10 | Assembly Description=Superstructure | Base Level=L 0 | Base Offset=0' - 0"" | Column Location Mark=G-2 | Level=L 0 | Structural Material=Structural Bamboo (CLB) | System Length=15' - 0"" | Top Level=L 1 | Top Offset=0' - 0"" | Volume=18.98 CF"
604407,Structural Columns,Timber-Column,14x14,,,,L 0,,B10,,,,,,,18.98 CF,,,Structural Bamboo (CLB),,L 0,L 1,"0' - 0""","0' - 0""",Point,66.548,140.666,0,,,,,,,0,65.986,140.104,0,67.111,141.229,15,66.548,140.666,7.5,,"Assembly Code=B10 | Assembly Description=Superstructure | Base Level=L 0 | Base Offset=0' - 0"" | Column Location Mark=F-2 | Level=L 0 | Structural Material=Structural Bamboo (CLB) | System Length=15' - 0"" | Top Level=L 1 | Top Offset=0' - 0"" | Volume=18.98 CF"
604408,Structural Columns,Timber-Column,14x14,,,,L 0,,B10,,,,,,,18.98 CF,,,Structural Bamboo (CLB),,L 0,L 1,"0' - 0""","0' - 0""",Point,23.048,140.666,0,,,,,,,0,22.486,140.104,0,23.611,141.229,15,23.048,140.666,7.5,,"Assembly Code=B10 | Assembly Description=Superstructure | Base Level=L 0 | Base Offset=0' - 0"" | Column Location Mark=C-2 | Level=L 0 | Structural Material=Structural Bamboo (CLB) | System Length=15' - 0"" | Top Level=L 1 | Top Offset=0' - 0"" | Volume=18.98 CF"
604409,Structural Columns,Timber-Column,14x14,,,,L 0,,B10,,,,,,,18.98 CF,,,Structural Bamboo (CLB),,L 0,L 1,"0' - 0""","0' - 0""",Point,8.548,140.666,0,,,,,,,0,7.986,140.104,0,9.111,141.229,15,8.548,140.666,7.5,,"Assembly Code=B10 | Assembly Description=Superstructure | Base Level=L 0 | Base Offset=0' - 0"" | Column Location Mark=B-2 | Level=L 0 | Structural Material=Structural Bamboo (CLB) | System Length=15' - 0"" | Top Level=L 1 | Top Offset=0' - 0"" | Volume=18.98 CF"
604414,Structural Columns,Timber-Column,14x14,,,,L 1,,B10,,,,,,,15.19 CF,,,Structural Bamboo (CLB),,L 1,Roof,"0' - 0""","-3' - 0""",Point,124.548,140.666,0,,,,,,,0,123.986,140.104,15,125.111,141.229,27,124.548,140.666,21,,"Assembly Code=B10 | Assembly Description=Superstructure | Base Level=L 1 | Base Offset=0' - 0"" | Column Location Mark=J-2 | Level=L 1 | Structural Material=Structural Bamboo (CLB) | System Length=12' - 0"" | Top Level=Roof | Top Offset=-3' - 0"" | Volume=15.19 CF"
604415,Structural Columns,Timber-Column,14x14,,,,L 1,,B10,,,,,,,15.19 CF,,,Structural Bamboo (CLB),,L 1,Roof,"0' - 0""","-3' - 0""",Point,110.048,140.666,0,,,,,,,0,109.486,140.104,15,110.611,141.229,27,110.048,140.666,21,,"Assembly Code=B10 | Assembly Description=Superstructure | Base Level=L 1 | Base Offset=0' - 0"" | Column Location Mark=I-2 | Level=L 1 | Structural Material=Structural Bamboo (CLB) | System Length=12' - 0"" | Top Level=Roof | Top Offset=-3' - 0"" | Volume=15.19 CF"
604416,Structural Columns,Timber-Column,14x14,,,,L 1,,B10,,,,,,,15.19 CF,,,Structural Bamboo (CLB),,L 1,Roof,"0' - 0""","-3' - 0""",Point,81.048,140.666,0,,,,,,,0,80.486,140.104,15,81.611,141.229,27,81.048,140.666,21,,"Assembly Code=B10 | Assembly Description=Superstructure | Base Level=L 1 | Base Offset=0' - 0"" | Column Location Mark=G-2 | Level=L 1 | Structural Material=Structural Bamboo (CLB) | System Length=12' - 0"" | Top Level=Roof | Top Offset=-3' - 0"" | Volume=15.19 CF"
604417,Structural Columns,Timber-Column,14x14,,,,L 1,,B10,,,,,,,15.19 CF,,,Structural Bamboo (CLB),,L 1,Roof,"0' - 0""","-3' - 0""",Point,66.548,140.666,0,,,,,,,0,65.986,140.104,15,67.111,141.229,27,66.548,140.666,21,,"Assembly Code=B10 | Assembly Description=Superstructure | Base Level=L 1 | Base Offset=0' - 0"" | Column Location Mark=F-2 | Level=L 1 | Structural Material=Structural Bamboo (CLB) | System Length=12' - 0"" | Top Level=Roof | Top Offset=-3' - 0"" | Volume=15.19 CF"
604418,Structural Columns,Timber-Column,14x14,,,,L 1,,B10,,,,,,,15.19 CF,,,Structural Bamboo (CLB),,L 1,Roof,"0' - 0""","-3' - 0""",Point,23.048,140.666,0,,,,,,,0,22.486,140.104,15,23.611,141.229,27,23.048,140.666,21,,"Assembly Code=B10 | Assembly Description=Superstructure | Base Level=L 1 | Base Offset=0' - 0"" | Column Location Mark=C-2 | Level=L 1 | Structural Material=Structural Bamboo (CLB) | System Length=12' - 0"" | Top Level=Roof | Top Offset=-3' - 0"" | Volume=15.19 CF"
604419,Structural Columns,Timber-Column,14x14,,,,L 1,,B10,,,,,,,15.19 CF,,,Structural Bamboo (CLB),,L 1,Roof,"0' - 0""","-3' - 0""",Point,8.548,140.666,0,,,,,,,0,7.986,140.104,15,9.111,141.229,27,8.548,140.666,21,,"Assembly Code=B10 | Assembly Description=Superstructure | Base Level=L 1 | Base Offset=0' - 0"" | Column Location Mark=B-2 | Level=L 1 | Structural Material=Structural Bamboo (CLB) | System Length=12' - 0"" | Top Level=Roof | Top Offset=-3' - 0"" | Volume=15.19 CF"
607246,Structural Framing,Glulam-Western Species,14x18,,,,,,B1010,,"27' - 10 1/2""",,,,,48.78 CF,,,Structural Bamboo (CLB),,,,,,Curve,8.548,184.166,-0.5,8.548,198.666,-0.5,8.548,169.666,-0.5,,7.965,169.666,-2,9.132,198.666,-0.5,8.548,184.166,-1.25,,"Assembly Code=B1010 | Assembly Description=Floor Construction | Cut Length=27' - 10 1/2"" | End Level Offset=-0' - 6"" | Reference Level=L 0 | Reference Level Elevation=0' - 0"" | Start Level Offset=-0' - 6"" | Structural Material=Structural Bamboo (CLB) | System Length=29' - 0"" | Volume=48.78 CF | y Offset Value=0' - 0"" | z Offset Value=0' - 0"""
607325,Structural Framing,Glulam-Western Species,14x18,,,,,,B1010,,"13' - 4 1/2""",,,,,23.41 CF,,,Structural Bamboo (CLB),,,,,,Curve,37.548,191.416,-0.5,37.548,198.666,-0.5,37.548,184.166,-0.5,,36.965,184.166,-2,38.132,198.666,-0.5,37.548,191.416,-1.25,,"Assembly Code=B1010 | Assembly Description=Floor Construction | Cut Length=13' - 4 1/2"" | End Level Offset=-0' - 6"" | Reference Level=L 0 | Reference Level Elevation=0' - 0"" | Start Level Offset=-0' - 6"" | Structural Material=Structural Bamboo (CLB) | System Length=14' - 6"" | Volume=23.41 CF | y Offset Value=0' - 0"" | z Offset Value=0' - 0"""
607366,Structural Framing,Glulam-Western Species,14x18,,,,,,B1010,,"27' - 10 1/2""",,,,,48.78 CF,,,Structural Bamboo (CLB),,,,,,Curve,37.548,155.166,-0.5,37.548,169.666,-0.5,37.548,140.666,-0.5,,36.965,140.666,-2,38.132,169.666,-0.5,37.548,155.166,-1.25,,"Assembly Code=B1010 | Assembly Description=Floor Construction | Cut Length=27' - 10 1/2"" | End Level Offset=-0' - 6"" | Reference Level=L 0 | Reference Level Elevation=0' - 0"" | Start Level Offset=-0' - 6"" | Structural Material=Structural Bamboo (CLB) | System Length=29' - 0"" | Volume=48.78 CF | y Offset Value=0' - 0"" | z Offset Value=0' - 0"""
607409,Structural Framing,Glulam-Western Species,14x18,,,,,,B1010,,"27' - 10 1/2""",,,,,48.78 CF,,,Structural Bamboo (CLB),,,,,,Curve,52.048,184.166,-0.5,52.048,198.666,-0.5,52.048,169.666,-0.5,,51.465,169.666,-2,52.632,198.666,-0.5,52.048,184.166,-1.25,,"Assembly Code=B1010 | Assembly Description=Floor Construction | Cut Length=27' - 10 1/2"" | End Level Offset=-0' - 6"" | Reference Level=L 0 | Reference Level Elevation=0' - 0"" | Start Level Offset=-0' - 6"" | Structural Material=Structural Bamboo (CLB) | System Length=29' - 0"" | Volume=48.78 CF | y Offset Value=0' - 0"" | z Offset Value=0' - 0"""
607445,Structural Framing,Glulam-Western Species,14x18,,,,,,B1010,,"27' - 10 1/2""",,,,,48.78 CF,,,Structural Bamboo (CLB),,,,,,Curve,66.548,184.166,-0.5,66.548,198.666,-0.5,66.548,169.666,-0.5,,65.965,169.666,-2,67.132,198.666,-0.5,66.548,184.166,-1.25,,"Assembly Code=B1010 | Assembly Description=Floor Construction | Cut Length=27' - 10 1/2"" | End Level Offset=-0' - 6"" | Reference Level=L 0 | Reference Level Elevation=0' - 0"" | Start Level Offset=-0' - 6"" | Structural Material=Structural Bamboo (CLB) | System Length=29' - 0"" | Volume=48.78 CF | y Offset Value=0' - 0"" | z Offset Value=0' - 0"""
607483,Structural Framing,Glulam-Western Species,14x18,,,,,,B1010,,"27' - 10 1/2""",,,,,48.78 CF,,,Structural Bamboo (CLB),,,,,,Curve,81.048,184.166,-0.5,81.048,198.666,-0.5,81.048,169.666,-0.5,,80.465,169.666,-2,81.632,198.666,-0.5,81.048,184.166,-1.25,,"Assembly Code=B1010 | Assembly Description=Floor Construction | Cut Length=27' - 10 1/2"" | End Level Offset=-0' - 6"" | Reference Level=L 0 | Reference Level Elevation=0' - 0"" | Start Level Offset=-0' - 6"" | Structural Material=Structural Bamboo (CLB) | System Length=29' - 0"" | Volume=48.78 CF | y Offset Value=0' - 0"" | z Offset Value=0' - 0"""
607516,Structural Framing,Glulam-Western Species,14x18,,,,,,B1010,,"27' - 10 1/2""",,,,,48.78 CF,,,Structural Bamboo (CLB),,,,,,Curve,95.548,184.166,-0.5,95.548,198.666,-0.5,95.548,169.666,-0.5,,94.965,169.666,-2,96.132,198.666,-0.5,95.548,184.166,-1.25,,"Assembly Code=B1010 | Assembly Description=Floor Construction | Cut Length=27' - 10 1/2"" | End Level Offset=-0' - 6"" | Reference Level=L 0 | Reference Level Elevation=0' - 0"" | Start Level Offset=-0' - 6"" | Structural Material=Structural Bamboo (CLB) | System Length=29' - 0"" | Volume=48.78 CF | y Offset Value=0' - 0"" | z Offset Value=0' - 0"""
607550,Structural Framing,Glulam-Western Species,14x18,,,,,,B1010,,"17' - 2 3/8""",,,,,30.10 CF,,,Structural Bamboo (CLB),,,,,,Curve,110.048,178.828,-0.5,110.048,187.989,-0.5,110.048,169.666,-0.5,,109.465,169.666,-2,110.632,187.989,-0.5,110.048,178.828,-1.25,,"Assembly Code=B1010 | Assembly Description=Floor Construction | Cut Length=17' - 2 3/8"" | End Level Offset=-0' - 6"" | Reference Level=L 0 | Reference Level Elevation=0' - 0"" | Start Level Offset=-0' - 6"" | Structural Material=Structural Bamboo (CLB) | System Length=18' - 3 7/8"" | Volume=30.10 CF | y Offset Value=0' - 0"" | z Offset Value=0' - 0"""
607586,Structural Framing,Glulam-Western Species,14x18,,,,,,B1010,,"17' - 0 1/4""",,,,,29.79 CF,,,Structural Bamboo (CLB),,,,,,Curve,124.548,149.458,-0.5,124.548,140.666,-0.5,124.548,158.249,-0.5,,123.965,140.666,-2,125.132,158.249,-0.5,124.548,149.458,-1.25,,"Assembly Code=B1010 | Assembly Description=Floor Construction | Cut Length=17' - 0 1/4"" | End Level Offset=-0' - 6"" | Reference Level=L 0 | Reference Level Elevation=0' - 0"" | Start Level Offset=-0' - 6"" | Structural Material=Structural Bamboo (CLB) | System Length=17' - 7"" | Volume=29.79 CF | y Offset Value=0' - 0"" | z Offset Value=0' - 0"""
607670,Structural Framing,Glulam-Western Species,14x18,,,,,,B1010,,"27' - 10 1/2""",,,,,48.78 CF,,,Structural Bamboo (CLB),,,,,,Curve,8.548,184.166,14.5,8.548,198.666,14.5,8.548,169.666,14.5,,7.965,169.666,13,9.132,198.666,14.5,8.548,184.166,13.75,,"Assembly Code=B1010 | Assembly Description=Floor Construction | Cut Length=27' - 10 1/2"" | End Level Offset=-0' - 6"" | Reference Level=L 1 | Reference Level Elevation=15' - 0"" | Start Level Offset=-0' - 6"" | Structural Material=Structural Bamboo (CLB) | System Length=29' - 0"" | Volume=48.78 CF | y Offset Value=0' - 0"" | z Offset Value=0' - 0"""
607671,Structural Framing,Glulam-Western Species,14x18,,,,,,B1010,,"20' - 9 1/4""",,,,,36.35 CF,,,Structural Bamboo (CLB),,,,,,Curve,23.048,151.614,14.5,23.048,162.562,14.5,23.048,140.666,14.5,,22.465,140.666,13,23.632,162.562,14.5,23.048,151.614,13.75,,"Assembly Code=B1010 | Assembly Description=Floor Construction | Cut Length=20' - 9 1/4"" | End Level Offset=-0' - 6"" | Reference Level=L 1 | Reference Level Elevation=15' - 0"" | Start Level Offset=-0' - 6"" | Structural Material=Structural Bamboo (CLB) | System Length=21' - 10 3/4"" | Volume=36.35 CF | y Offset Value=0' - 0"" | z Offset Value=0' - 0"""
607672,Structural Framing,Glulam-Western Species,14x18,,,,,,B1010,,"13' - 11 1/4""",,,,,24.39 CF,,,Structural Bamboo (CLB),,,,,,Curve,37.548,191.416,14.5,37.548,198.666,14.5,37.548,184.166,14.5,,36.965,184.166,13,38.132,198.666,14.5,37.548,191.416,13.75,,"Assembly Code=B1010 | Assembly Description=Floor Construction | Cut Length=13' - 11 1/4"" | End Level Offset=-0' - 6"" | Reference Level=L 1 | Reference Level Elevation=15' - 0"" | Start Level Offset=-0' - 6"" | Structural Material=Structural Bamboo (CLB) | System Length=14' - 6"" | Volume=24.39 CF | y Offset Value=0' - 0"" | z Offset Value=0' - 0"""
607673,Structural Framing,Glulam-Western Species,14x18,,,,,,B1010,,"27' - 10 1/2""",,,,,48.78 CF,,,Structural Bamboo (CLB),,,,,,Curve,37.548,155.166,14.5,37.548,169.666,14.5,37.548,140.666,14.5,,36.965,140.666,13,38.132,169.666,14.5,37.548,155.166,13.75,,"Assembly Code=B1010 | Assembly Description=Floor Construction | Cut Length=27' - 10 1/2"" | End Level Offset=-0' - 6"" | Reference Level=L 1 | Reference Level Elevation=15' - 0"" | Start Level Offset=-0' - 6"" | Structural Material=Structural Bamboo (CLB) | System Length=29' - 0"" | Volume=48.78 CF | y Offset Value=0' - 0"" | z Offset Value=0' - 0"""
607674,Structural Framing,Glulam-Western Species,14x18,,,,,,B1010,,"27' - 10 1/2""",,,,,48.78 CF,,,Structural Bamboo (CLB),,,,,,Curve,52.048,184.166,14.5,52.048,198.666,14.5,52.048,169.666,14.5,,51.465,169.666,13,52.632,198.666,14.5,52.048,184.166,13.75,,"Assembly Code=B1010 | Assembly Description=Floor Construction | Cut Length=27' - 10 1/2"" | End Level Offset=-0' - 6"" | Reference Level=L 1 | Reference Level Elevation=15' - 0"" | Start Level Offset=-0' - 6"" | Structural Material=Structural Bamboo (CLB) | System Length=29' - 0"" | Volume=48.78 CF | y Offset Value=0' - 0"" | z Offset Value=0' - 0"""
607675,Structural Framing,Glulam-Western Species,14x18,,,,,,B1010,,"27' - 10 1/2""",,,,,48.78 CF,,,Structural Bamboo (CLB),,,,,,Curve,66.548,184.166,14.5,66.548,198.666,14.5,66.548,169.666,14.5,,65.965,169.666,13,67.132,198.666,14.5,66.548,184.166,13.75,,"Assembly Code=B1010 | Assembly Description=Floor Construction | Cut Length=27' - 10 1/2"" | End Level Offset=-0' - 6"" | Reference Level=L 1 | Reference Level Elevation=15' - 0"" | Start Level Offset=-0' - 6"" | Structural Material=Structural Bamboo (CLB) | System Length=29' - 0"" | Volume=48.78 CF | y Offset Value=0' - 0"" | z Offset Value=0' - 0"""
607676,Structural Framing,Glulam-Western Species,14x18,,,,,,B1010,,"27' - 10 1/2""",,,,,48.78 CF,,,Structural Bamboo (CLB),,,,,,Curve,81.048,184.166,14.5,81.048,198.666,14.5,81.048,169.666,14.5,,80.465,169.666,13,81.632,198.666,14.5,81.048,184.166,13.75,,"Assembly Code=B1010 | Assembly Description=Floor Construction | Cut Length=27' - 10 1/2"" | End Level Offset=-0' - 6"" | Reference Level=L 1 | Reference Level Elevation=15' - 0"" | Start Level Offset=-0' - 6"" | Structural Material=Structural Bamboo (CLB) | System Length=29' - 0"" | Volume=48.78 CF | y Offset Value=0' - 0"" | z Offset Value=0' - 0"""
607677,Structural Framing,Glulam-Western Species,14x18,,,,,,B1010,,"27' - 10 1/2""",,,,,48.78 CF,,,Structural Bamboo (CLB),,,,,,Curve,95.548,184.166,14.5,95.548,198.666,14.5,95.548,169.666,14.5,,94.965,169.666,13,96.132,198.666,14.5,95.548,184.166,13.75,,"Assembly Code=B1010 | Assembly Description=Floor Construction | Cut Length=27' - 10 1/2"" | End Level Offset=-0' - 6"" | Reference Level=L 1 | Reference Level Elevation=15' - 0"" | Start Level Offset=-0' - 6"" | Structural Material=Structural Bamboo (CLB) | System Length=29' - 0"" | Volume=48.78 CF | y Offset Value=0' - 0"" | z Offset Value=0' - 0"""
607678,Structural Framing,Glulam-Western Species,14x18,,,,,,B1010,,"17' - 2 3/8""",,,,,30.10 CF,,,Structural Bamboo (CLB),,,,,,Curve,110.048,178.828,14.5,110.048,187.989,14.5,110.048,169.666,14.5,,109.465,169.666,13,110.632,187.989,14.5,110.048,178.828,13.75,,"Assembly Code=B1010 | Assembly Description=Floor Construction | Cut Length=17' - 2 3/8"" | End Level Offset=-0' - 6"" | Reference Level=L 1 | Reference Level Elevation=15' - 0"" | Start Level Offset=-0' - 6"" | Structural Material=Structural Bamboo (CLB) | System Length=18' - 3 7/8"" | Volume=30.10 CF | y Offset Value=0' - 0"" | z Offset Value=0' - 0"""
607679,Structural Framing,Glulam-Western Species,14x18,,,,,,B1010,,"17' - 0 1/4""",,,,,29.79 CF,,,Structural Bamboo (CLB),,,,,,Curve,124.548,149.458,14.5,124.548,140.666,14.5,124.548,158.249,14.5,,123.965,140.666,13,125.132,158.249,14.5,124.548,149.458,13.75,,"Assembly Code=B1010 | Assembly Description=Floor Construction | Cut Length=17' - 0 1/4"" | End Level Offset=-0' - 6"" | Reference Level=L 1 | Reference Level Elevation=15' - 0"" | Start Level Offset=-0' - 6"" | Structural Material=Structural Bamboo (CLB) | System Length=17' - 7"" | Volume=29.79 CF | y Offset Value=0' - 0"" | z Offset Value=0' - 0"""
607684,Structural Framing,Glulam-Western Species,14x18,,,,,,B1010,,"27' - 10 1/2""",,,,,48.78 CF,,,Structural Bamboo (CLB),,,,,,Curve,8.548,184.166,26.5,8.548,198.666,26.5,8.548,169.666,26.5,,7.965,169.666,25,9.132,198.666,26.5,8.548,184.166,25.75,,"Assembly Code=B1010 | Assembly Description=Floor Construction | Cut Length=27' - 10 1/2"" | End Level Offset=-3' - 6"" | Reference Level=Roof | Reference Level Elevation=30' - 0"" | Start Level Offset=-3' - 6"" | Structural Material=Structural Bamboo (CLB) | System Length=29' - 0"" | Volume=48.78 CF | y Offset Value=0' - 0"" | z Offset Value=0' - 0"""
607685,Structural Framing,Glulam-Western Species,14x18,,,,,,B1010,,"13' - 4 1/2""",,,,,23.41 CF,,,Structural Bamboo (CLB),,,,,,Curve,23.048,191.416,26.5,23.048,198.666,26.5,23.048,184.166,26.5,,22.465,184.166,25,23.632,198.666,26.5,23.048,191.416,25.75,,"Assembly Code=B1010 | Assembly Description=Floor Construction | Cut Length=13' - 4 1/2"" | End Level Offset=-3' - 6"" | Reference Level=Roof | Reference Level Elevation=30' - 0"" | Start Level Offset=-3' - 6"" | Structural Material=Structural Bamboo (CLB) | System Length=14' - 6"" | Volume=23.41 CF | y Offset Value=0' - 0"" | z Offset Value=0' - 0"""
607686,Structural Framing,Glulam-Western Species,14x18,,,,,,B1010,,"13' - 4 1/2""",,,,,23.41 CF,,,Structural Bamboo (CLB),,,,,,Curve,37.548,191.416,26.5,37.548,198.666,26.5,37.548,184.166,26.5,,36.965,184.166,25,38.132,198.666,26.5,37.548,191.416,25.75,,"Assembly Code=B1010 | Assembly Description=Floor Construction | Cut Length=13' - 4 1/2"" | End Level Offset=-3' - 6"" | Reference Level=Roof | Reference Level Elevation=30' - 0"" | Start Level Offset=-3' - 6"" | Structural Material=Structural Bamboo (CLB) | System Length=14' - 6"" | Volume=23.41 CF | y Offset Value=0' - 0"" | z Offset Value=0' - 0"""
607687,Structural Framing,Glulam-Western Species,14x18,,,,,,B1010,,"27' - 10 1/2""",,,,,48.78 CF,,,Structural Bamboo (CLB),,,,,,Curve,37.548,155.166,26.5,37.548,169.666,26.5,37.548,140.666,26.5,,36.965,140.666,25,38.132,169.666,26.5,37.548,155.166,25.75,,"Assembly Code=B1010 | Assembly Description=Floor Construction | Cut Length=27' - 10 1/2"" | End Level Offset=-3' - 6"" | Reference Level=Roof | Reference Level Elevation=30' - 0"" | Start Level Offset=-3' - 6"" | Structural Material=Structural Bamboo (CLB) | System Length=29' - 0"" | Volume=48.78 CF | y Offset Value=0' - 0"" | z Offset Value=0' - 0"""
607688,Structural Framing,Glulam-Western Species,14x18,,,,,,B1010,,"27' - 10 1/2""",,,,,48.78 CF,,,Structural Bamboo (CLB),,,,,,Curve,52.048,184.166,26.5,52.048,198.666,26.5,52.048,169.666,26.5,,51.465,169.666,25,52.632,198.666,26.5,52.048,184.166,25.75,,"Assembly Code=B1010 | Assembly Description=Floor Construction | Cut Length=27' - 10 1/2"" | End Level Offset=-3' - 6"" | Reference Level=Roof | Reference Level Elevation=30' - 0"" | Start Level Offset=-3' - 6"" | Structural Material=Structural Bamboo (CLB) | System Length=29' - 0"" | Volume=48.78 CF | y Offset Value=0' - 0"" | z Offset Value=0' - 0"""
607689,Structural Framing,Glulam-Western Species,14x18,,,,,,B1010,,"27' - 10 1/2""",,,,,48.78 CF,,,Structural Bamboo (CLB),,,,,,Curve,66.548,184.166,26.5,66.548,198.666,26.5,66.548,169.666,26.5,,65.965,169.666,25,67.132,198.666,26.5,66.548,184.166,25.75,,"Assembly Code=B1010 | Assembly Description=Floor Construction | Cut Length=27' - 10 1/2"" | End Level Offset=-3' - 6"" | Reference Level=Roof | Reference Level Elevation=30' - 0"" | Start Level Offset=-3' - 6"" | Structural Material=Structural Bamboo (CLB) | System Length=29' - 0"" | Volume=48.78 CF | y Offset Value=0' - 0"" | z Offset Value=0' - 0"""
607690,Structural Framing,Glulam-Western Species,14x18,,,,,,B1010,,"27' - 10 1/2""",,,,,48.78 CF,,,Structural Bamboo (CLB),,,,,,Curve,81.048,184.166,26.5,81.048,198.666,26.5,81.048,169.666,26.5,,80.465,169.666,25,81.632,198.666,26.5,81.048,184.166,25.75,,"Assembly Code=B1010 | Assembly Description=Floor Construction | Cut Length=27' - 10 1/2"" | End Level Offset=-3' - 6"" | Reference Level=Roof | Reference Level Elevation=30' - 0"" | Start Level Offset=-3' - 6"" | Structural Material=Structural Bamboo (CLB) | System Length=29' - 0"" | Volume=48.78 CF | y Offset Value=0' - 0"" | z Offset Value=0' - 0"""
607691,Structural Framing,Glulam-Western Species,14x18,,,,,,B1010,,"27' - 10 1/2""",,,,,48.78 CF,,,Structural Bamboo (CLB),,,,,,Curve,95.548,184.166,26.5,95.548,198.666,26.5,95.548,169.666,26.5,,94.965,169.666,25,96.132,198.666,26.5,95.548,184.166,25.75,,"Assembly Code=B1010 | Assembly Description=Floor Construction | Cut Length=27' - 10 1/2"" | End Level Offset=-3' - 6"" | Reference Level=Roof | Reference Level Elevation=30' - 0"" | Start Level Offset=-3' - 6"" | Structural Material=Structural Bamboo (CLB) | System Length=29' - 0"" | Volume=48.78 CF | y Offset Value=0' - 0"" | z Offset Value=0' - 0"""
607692,Structural Framing,Glulam-Western Species,14x18,,,,,,B1010,,"9' - 6 5/8""",,,,,16.72 CF,,,Structural Bamboo (CLB),,,,,,Curve,110.048,193.416,26.5,110.048,198.666,26.5,110.048,188.166,26.5,,109.465,188.166,25,110.632,198.666,26.5,110.048,193.416,25.75,,"Assembly Code=B1010 | Assembly Description=Floor Construction | Cut Length=9' - 6 5/8"" | End Level Offset=-3' - 6"" | Reference Level=Roof | Reference Level Elevation=30' - 0"" | Start Level Offset=-3' - 6"" | Structural Material=Structural Bamboo (CLB) | System Length=10' - 6"" | Volume=16.72 CF | y Offset Value=0' - 0"" | z Offset Value=0' - 0"""
607693,Structural Framing,Glulam-Western Species,14x18,,,,,,B1010,,"17' - 0 1/4""",,,,,29.79 CF,,,Structural Bamboo (CLB),,,,,,Curve,124.548,149.458,26.5,124.548,140.666,26.5,124.548,158.249,26.5,,123.965,140.666,25,125.132,158.249,26.5,124.548,149.458,25.75,,"Assembly Code=B1010 | Assembly Description=Floor Construction | Cut Length=17' - 0 1/4"" | End Level Offset=-3' - 6"" | Reference Level=Roof | Reference Level Elevation=30' - 0"" | Start Level Offset=-3' - 6"" | Structural Material=Structural Bamboo (CLB) | System Length=17' - 7"" | Volume=29.79 CF | y Offset Value=0' - 0"" | z Offset Value=0' - 0"""
611089,Structural Foundations,,"6"" Foundation Slab",,,,L 0,,A1030,,"58' - 6 1/4""","58' - 0 1/4""","0' - 6""","0' - 6""",3395 SF,1697.71 CF,,,"Concrete, Normal Weight - 4 ksi",,,,,,BoundingBox,95.809,227.677,-0.25,,,,,,,,66.548,198.666,-0.5,125.069,256.687,0,95.809,227.677,-0.25,,"Area=3395 SF | Assembly Code=A1030 | Core Thickness=0' - 6"" | Default Thickness=0' - 6"" | Foundation Thickness=0' - 6"" | Height Offset From Level=0' - 0"" | Length=58' - 6 1/4"" | Level=L 0 | Related to Mass=False | Structural Material=Concrete, Normal Weight - 4 ksi | Thermal Mass=11.2658 BTU/(ft²·°F) | Thickness=0' - 6"" | Volume=1697.71 CF | Width=58' - 0 1/4"""
611709,Structural Columns,Concrete-Rectangular-Column,14x14,,,,L -1,,A1010,,,,,,,6.81 CF,,,"Concrete, Cast-in-Place gray",,L -1,L 0,"10' - 0""","0' - 0""",Point,66.548,256.666,0,,,,,,,0,65.965,256.083,-5,67.132,257.249,0,66.548,256.666,-2.5,,"Assembly Code=A1010 | Assembly Description=Standard Foundations | Base Level=L -1 | Base Offset=10' - 0"" | Column Location Mark=F-10 | Level=L -1 | Structural Material=Concrete, Cast-in-Place gray | System Length=5' - 0"" | Top Level=L 0 | Top Offset=0' - 0"" | Volume=6.81 CF"
611833,Structural Columns,Concrete-Rectangular-Column,14x14,,,,L -1,,A1010,,,,,,,6.81 CF,,,"Concrete, Cast-in-Place gray",,L -1,L 0,"10' - 0""","0' - 0""",Point,95.548,256.666,0,,,,,,,0,94.965,256.083,-5,96.132,257.249,0,95.548,256.666,-2.5,,"Assembly Code=A1010 | Assembly Description=Standard Foundations | Base Level=L -1 | Base Offset=10' - 0"" | Column Location Mark=H-10 | Level=L -1 | Structural Material=Concrete, Cast-in-Place gray | System Length=5' - 0"" | Top Level=L 0 | Top Offset=0' - 0"" | Volume=6.81 CF"
611868,Structural Columns,Concrete-Rectangular-Column,14x14,,,,L -1,,A1010,,,,,,,6.81 CF,,,"Concrete, Cast-in-Place gray",,L -1,L 0,"10' - 0""","0' - 0""",Point,124.548,256.666,0,,,,,,,0,123.965,256.083,-5,125.132,257.249,0,124.548,256.666,-2.5,,"Assembly Code=A1010 | Assembly Description=Standard Foundations | Base Level=L -1 | Base Offset=10' - 0"" | Column Location Mark=J-10 | Level=L -1 | Structural Material=Concrete, Cast-in-Place gray | System Length=5' - 0"" | Top Level=L 0 | Top Offset=0' - 0"" | Volume=6.81 CF"
612178,Structural Columns,Concrete-Rectangular-Column,14x14,,,,L -1,,A1010,,,,,,,13.61 CF,,,"Concrete, Cast-in-Place gray",,L -1,L 0,"5' - 0""","0' - 0""",Point,66.548,227.666,0,,,,,,,0,65.965,227.083,-10,67.132,228.249,0,66.548,227.666,-5,,"Assembly Code=A1010 | Assembly Description=Standard Foundations | Base Level=L -1 | Base Offset=5' - 0"" | Column Location Mark=F-8 | Level=L -1 | Structural Material=Concrete, Cast-in-Place gray | System Length=10' - 0"" | Top Level=L 0 | Top Offset=0' - 0"" | Volume=13.61 CF"
612945,Structural Columns,Concrete-Rectangular-Column,14x14,,,,L -1,,A1010,,,,,,,13.61 CF,,,"Concrete, Cast-in-Place gray",,L -1,L 0,"5' - 0""","0' - 0""",Point,124.548,227.666,0,,,,,,,0,123.965,227.083,-10,125.132,228.249,0,124.548,227.666,-5,,"Assembly Code=A1010 | Assembly Description=Standard Foundations | Base Level=L -1 | Base Offset=5' - 0"" | Column Location Mark=J-8 | Level=L -1 | Structural Material=Concrete, Cast-in-Place gray | System Length=10' - 0"" | Top Level=L 0 | Top Offset=0' - 0"" | Volume=13.61 CF"
613589,Structural Columns,Timber-Column,14x14,,,,L 0,,B10,,,,,,,18.98 CF,,,Structural Bamboo (CLB),,L 0,L 1,"0' - 0""","0' - 0""",Point,124.548,256.666,0,,,,,,,0,123.986,256.104,0,125.111,257.229,15,124.548,256.666,7.5,,"Assembly Code=B10 | Assembly Description=Superstructure | Base Level=L 0 | Base Offset=0' - 0"" | Column Location Mark=J-10 | Level=L 0 | Structural Material=Structural Bamboo (CLB) | System Length=15' - 0"" | Top Level=L 1 | Top Offset=0' - 0"" | Volume=18.98 CF"
614073,Structural Columns,Timber-Column,14x14,,,,L 0,,B10,,,,,,,18.98 CF,,,Structural Bamboo (CLB),,L 0,L 1,"0' - 0""","0' - 0""",Point,95.548,256.666,0,,,,,,,0,94.986,256.104,0,96.111,257.229,15,95.548,256.666,7.5,,"Assembly Code=B10 | Assembly Description=Superstructure | Base Level=L 0 | Base Offset=0' - 0"" | Column Location Mark=H-10 | Level=L 0 | Structural Material=Structural Bamboo (CLB) | System Length=15' - 0"" | Top Level=L 1 | Top Offset=0' - 0"" | Volume=18.98 CF"
614174,Structural Columns,Timber-Column,14x14,,,,L 0,,B10,,,,,,,18.98 CF,,,Structural Bamboo (CLB),,L 0,L 1,"0' - 0""","0' - 0""",Point,66.548,256.666,0,,,,,,,0,65.986,256.104,0,67.111,257.229,15,66.548,256.666,7.5,,"Assembly Code=B10 | Assembly Description=Superstructure | Base Level=L 0 | Base Offset=0' - 0"" | Column Location Mark=F-10 | Level=L 0 | Structural Material=Structural Bamboo (CLB) | System Length=15' - 0"" | Top Level=L 1 | Top Offset=0' - 0"" | Volume=18.98 CF"
614285,Structural Columns,Timber-Column,14x14,,,,L 0,,B10,,,,,,,18.98 CF,,,Structural Bamboo (CLB),,L 0,L 1,"0' - 0""","0' - 0""",Point,66.548,227.666,0,,,,,,,0,65.986,227.104,0,67.111,228.229,15,66.548,227.666,7.5,,"Assembly Code=B10 | Assembly Description=Superstructure | Base Level=L 0 | Base Offset=0' - 0"" | Column Location Mark=F-8 | Level=L 0 | Structural Material=Structural Bamboo (CLB) | System Length=15' - 0"" | Top Level=L 1 | Top Offset=0' - 0"" | Volume=18.98 CF"
614376,Structural Columns,Timber-Column,14x14,,,,L 0,,B10,,,,,,,18.98 CF,,,Structural Bamboo (CLB),,L 0,L 1,"0' - 0""","0' - 0""",Point,124.548,227.666,0,,,,,,,0,123.986,227.104,0,125.111,228.229,15,124.548,227.666,7.5,,"Assembly Code=B10 | Assembly Description=Superstructure | Base Level=L 0 | Base Offset=0' - 0"" | Column Location Mark=J-8 | Level=L 0 | Structural Material=Structural Bamboo (CLB) | System Length=15' - 0"" | Top Level=L 1 | Top Offset=0' - 0"" | Volume=18.98 CF"
614870,Structural Columns,Timber-Column,14x14,,,,L 1,,B10,,,,,,,15.19 CF,,,Structural Bamboo (CLB),,L 1,Roof,"0' - 0""","-3' - 0""",Point,66.548,256.666,0,,,,,,,0,65.986,256.104,15,67.111,257.229,27,66.548,256.666,21,,"Assembly Code=B10 | Assembly Description=Superstructure | Base Level=L 1 | Base Offset=0' - 0"" | Column Location Mark=F-10 | Level=L 1 | Structural Material=Structural Bamboo (CLB) | System Length=12' - 0"" | Top Level=Roof | Top Offset=-3' - 0"" | Volume=15.19 CF"
615012,Structural Columns,Timber-Column,14x14,,,,L 1,,B10,,,,,,,15.19 CF,,,Structural Bamboo (CLB),,L 1,Roof,"0' - 0""","-3' - 0""",Point,95.548,256.666,0,,,,,,,0,94.986,256.104,15,96.111,257.229,27,95.548,256.666,21,,"Assembly Code=B10 | Assembly Description=Superstructure | Base Level=L 1 | Base Offset=0' - 0"" | Column Location Mark=H-10 | Level=L 1 | Structural Material=Structural Bamboo (CLB) | System Length=12' - 0"" | Top Level=Roof | Top Offset=-3' - 0"" | Volume=15.19 CF"
615093,Structural Columns,Timber-Column,14x14,,,,L 1,,B10,,,,,,,15.19 CF,,,Structural Bamboo (CLB),,L 1,Roof,"0' - 0""","-3' - 0""",Point,124.548,256.666,0,,,,,,,0,123.986,256.104,15,125.111,257.229,27,124.548,256.666,21,,"Assembly Code=B10 | Assembly Description=Superstructure | Base Level=L 1 | Base Offset=0' - 0"" | Column Location Mark=J-10 | Level=L 1 | Structural Material=Structural Bamboo (CLB) | System Length=12' - 0"" | Top Level=Roof | Top Offset=-3' - 0"" | Volume=15.19 CF"
615162,Structural Columns,Timber-Column,14x14,,,,L 1,,B10,,,,,,,15.19 CF,,,Structural Bamboo (CLB),,L 1,Roof,"0' - 0""","-3' - 0""",Point,66.548,227.666,0,,,,,,,0,65.986,227.104,15,67.111,228.229,27,66.548,227.666,21,,"Assembly Code=B10 | Assembly Description=Superstructure | Base Level=L 1 | Base Offset=0' - 0"" | Column Location Mark=F-8 | Level=L 1 | Structural Material=Structural Bamboo (CLB) | System Length=12' - 0"" | Top Level=Roof | Top Offset=-3' - 0"" | Volume=15.19 CF"
615289,Structural Columns,Timber-Column,14x14,,,,L 1,,B10,,,,,,,15.19 CF,,,Structural Bamboo (CLB),,L 1,Roof,"0' - 0""","-3' - 0""",Point,124.548,227.666,0,,,,,,,0,123.986,227.104,15,125.111,228.229,27,124.548,227.666,21,,"Assembly Code=B10 | Assembly Description=Superstructure | Base Level=L 1 | Base Offset=0' - 0"" | Column Location Mark=J-8 | Level=L 1 | Structural Material=Structural Bamboo (CLB) | System Length=12' - 0"" | Top Level=Roof | Top Offset=-3' - 0"" | Volume=15.19 CF"
618153,Structural Foundations,,"Bearing Footing - 36"" x 12""",,,,,,,,"58' - 0""","3' - 0""",,,150 SF,150.00 CF,,,"Concrete, Normal Weight - 4 ksi",,,,,,BoundingBox,95.548,200.666,-19.5,,,,,,,,66.548,199.166,-20,124.548,202.166,-19,95.548,200.666,-19.5,,"Area=150 SF | Default End Extension Length=0' - 0"" | Foundation Thickness=1' - 0"" | Length=58' - 0"" | Structural Material=Concrete, Normal Weight - 4 ksi | Volume=150.00 CF | Width=3' - 0"""
618215,Structural Framing,Concrete-Rectangular Beam,16 x 16,,,,,,A1010,,"15' - 2""",,,,,24.83 CF,,,"Concrete, Normal Weight - 4 ksi",,,,,,Curve,102.798,198.666,-15,95.548,198.666,-15,110.048,198.666,-15,,95.548,197.999,-16.333,110.715,199.333,-15,103.132,198.666,-15.667,,"Assembly Code=A1010 | Assembly Description=Standard Foundations | Cut Length=15' - 2"" | End Level Offset=0' - 0"" | Reference Level=L -1 | Reference Level Elevation=-15' - 0"" | Start Level Offset=0' - 0"" | Structural Material=Concrete, Normal Weight - 4 ksi | System Length=14' - 6"" | Volume=24.83 CF | y Offset Value=0' - 0"" | z Offset Value=0' - 0"""
620265,Structural Framing,Concrete-Rectangular Beam,16 x 16,,,,,,A1010,,"29' - 0""",,,,,49.74 CF,,,"Concrete, Normal Weight - 4 ksi",,,,,,Curve,81.048,256.666,-2,66.548,256.666,-2,95.548,256.666,-2,,66.548,255.999,-3.333,95.548,257.333,-2,81.048,256.666,-2.667,,"Assembly Code=A1010 | Assembly Description=Standard Foundations | Cut Length=29' - 0"" | End Level Offset=-2' - 0"" | Reference Level=L 0 | Reference Level Elevation=0' - 0"" | Start Level Offset=-2' - 0"" | Structural Material=Concrete, Normal Weight - 4 ksi | System Length=29' - 0"" | Volume=49.74 CF | y Offset Value=0' - 0"" | z Offset Value=0' - 0"""
620300,Structural Framing,Concrete-Rectangular Beam,16 x 16,,,,,,A1010,,"58' - 0""",,,,,101.30 CF,,,"Concrete, Normal Weight - 4 ksi",,,,,,Curve,95.548,227.666,-8,66.548,227.666,-8,124.548,227.666,-8,,66.548,226.999,-9.333,124.548,228.333,-8,95.548,227.666,-8.667,,"Assembly Code=A1010 | Assembly Description=Standard Foundations | Cut Length=58' - 0"" | End Level Offset=-8' - 0"" | Reference Level=L 0 | Reference Level Elevation=0' - 0"" | Start Level Offset=-8' - 0"" | Structural Material=Concrete, Normal Weight - 4 ksi | System Length=58' - 0"" | Volume=101.30 CF | y Offset Value=0' - 0"" | z Offset Value=0' - 0"""
621063,Structural Columns,Concrete-Rectangular-Column,12x12,,,,L -1,,A1010,,,,,,,4.00 CF,,,"Concrete, Normal Weight - 4 ksi",,L -1,L -1,"-4' - 0""","0' - 0""",Point,8.548,198.666,0,,,,,,,0,8.048,198.166,-19,9.048,199.166,-15,8.548,198.666,-17,,"Assembly Code=A1010 | Assembly Description=Standard Foundations | Base Level=L -1 | Base Offset=-4' - 0"" | Column Location Mark=B-6 | Level=L -1 | Structural Material=Concrete, Normal Weight - 4 ksi | System Length=4' - 0"" | Top Level=L -1 | Top Offset=0' - 0"" | Volume=4.00 CF"
621150,Structural Columns,Concrete-Rectangular-Column,12x12,,,,L -1,,A1010,,,,,,,4.00 CF,,,"Concrete, Normal Weight - 4 ksi",,L -1,L -1,"-4' - 0""","0' - 0""",Point,37.548,198.666,0,,,,,,,0,37.048,198.166,-19,38.048,199.166,-15,37.548,198.666,-17,,"Assembly Code=A1010 | Assembly Description=Standard Foundations | Base Level=L -1 | Base Offset=-4' - 0"" | Column Location Mark=D-6 | Level=L -1 | Structural Material=Concrete, Normal Weight - 4 ksi | System Length=4' - 0"" | Top Level=L -1 | Top Offset=0' - 0"" | Volume=4.00 CF"
622192,Structural Columns,Concrete-Rectangular-Column,12x12,,,,L -1,,A1010,,,,,,,4.00 CF,,,"Concrete, Normal Weight - 4 ksi",,L -1,L -1,"-4' - 0""","0' - 0""",Point,124.548,198.666,0,,,,,,,0,124.048,198.166,-19,125.048,199.166,-15,124.548,198.666,-17,,"Assembly Code=A1010 | Assembly Description=Standard Foundations | Base Level=L -1 | Base Offset=-4' - 0"" | Column Location Mark=J-6 | Level=L -1 | Structural Material=Concrete, Normal Weight - 4 ksi | System Length=4' - 0"" | Top Level=L -1 | Top Offset=0' - 0"" | Volume=4.00 CF"
622193,Structural Columns,Concrete-Rectangular-Column,12x12,,,,L -1,,A1010,,,,,,,4.00 CF,,,"Concrete, Normal Weight - 4 ksi",,L -1,L -1,"-4' - 0""","0' - 0""",Point,124.548,169.666,0,,,,,,,0,124.048,169.166,-19,125.048,170.166,-15,124.548,169.666,-17,,"Assembly Code=A1010 | Assembly Description=Standard Foundations | Base Level=L -1 | Base Offset=-4' - 0"" | Column Location Mark=J-4 | Level=L -1 | Structural Material=Concrete, Normal Weight - 4 ksi | System Length=4' - 0"" | Top Level=L -1 | Top Offset=0' - 0"" | Volume=4.00 CF"
622194,Structural Columns,Concrete-Rectangular-Column,12x12,,,,L -1,,A1010,,,,,,,4.00 CF,,,"Concrete, Normal Weight - 4 ksi",,L -1,L -1,"-4' - 0""","0' - 0""",Point,124.548,140.666,0,,,,,,,0,124.048,140.166,-19,125.048,141.166,-15,124.548,140.666,-17,,"Assembly Code=A1010 | Assembly Description=Standard Foundations | Base Level=L -1 | Base Offset=-4' - 0"" | Column Location Mark=J-2 | Level=L -1 | Structural Material=Concrete, Normal Weight - 4 ksi | System Length=4' - 0"" | Top Level=L -1 | Top Offset=0' - 0"" | Volume=4.00 CF"
622195,Structural Columns,Concrete-Rectangular-Column,12x12,,,,L -1,,A1010,,,,,,,4.00 CF,,,"Concrete, Normal Weight - 4 ksi",,L -1,L -1,"-4' - 0""","0' - 0""",Point,110.048,198.666,0,,,,,,,0,109.548,198.166,-19,110.548,199.166,-15,110.048,198.666,-17,,"Assembly Code=A1010 | Assembly Description=Standard Foundations | Base Level=L -1 | Base Offset=-4' - 0"" | Column Location Mark=I-6 | Level=L -1 | Structural Material=Concrete, Normal Weight - 4 ksi | System Length=4' - 0"" | Top Level=L -1 | Top Offset=0' - 0"" | Volume=4.00 CF"
622196,Structural Columns,Concrete-Rectangular-Column,12x12,,,,L -1,,A1010,,,,,,,4.00 CF,,,"Concrete, Normal Weight - 4 ksi",,L -1,L -1,"-4' - 0""","0' - 0""",Point,110.048,169.666,0,,,,,,,0,109.548,169.166,-19,110.548,170.166,-15,110.048,169.666,-17,,"Assembly Code=A1010 | Assembly Description=Standard Foundations | Base Level=L -1 | Base Offset=-4' - 0"" | Column Location Mark=I-4 | Level=L -1 | Structural Material=Concrete, Normal Weight - 4 ksi | System Length=4' - 0"" | Top Level=L -1 | Top Offset=0' - 0"" | Volume=4.00 CF"
622197,Structural Columns,Concrete-Rectangular-Column,12x12,,,,L -1,,A1010,,,,,,,4.00 CF,,,"Concrete, Normal Weight - 4 ksi",,L -1,L -1,"-4' - 0""","0' - 0""",Point,110.048,140.666,0,,,,,,,0,109.548,140.166,-19,110.548,141.166,-15,110.048,140.666,-17,,"Assembly Code=A1010 | Assembly Description=Standard Foundations | Base Level=L -1 | Base Offset=-4' - 0"" | Column Location Mark=I-2 | Level=L -1 | Structural Material=Concrete, Normal Weight - 4 ksi | System Length=4' - 0"" | Top Level=L -1 | Top Offset=0' - 0"" | Volume=4.00 CF"
622198,Structural Columns,Concrete-Rectangular-Column,12x12,,,,L -1,,A1010,,,,,,,4.00 CF,,,"Concrete, Normal Weight - 4 ksi",,L -1,L -1,"-4' - 0""","0' - 0""",Point,95.548,198.666,0,,,,,,,0,95.048,198.166,-19,96.048,199.166,-15,95.548,198.666,-17,,"Assembly Code=A1010 | Assembly Description=Standard Foundations | Base Level=L -1 | Base Offset=-4' - 0"" | Column Location Mark=H-6 | Level=L -1 | Structural Material=Concrete, Normal Weight - 4 ksi | System Length=4' - 0"" | Top Level=L -1 | Top Offset=0' - 0"" | Volume=4.00 CF"
622199,Structural Columns,Concrete-Rectangular-Column,12x12,,,,L -1,,A1010,,,,,,,4.00 CF,,,"Concrete, Normal Weight - 4 ksi",,L -1,L -1,"-4' - 0""","0' - 0""",Point,95.548,169.666,0,,,,,,,0,95.048,169.166,-19,96.048,170.166,-15,95.548,169.666,-17,,"Assembly Code=A1010 | Assembly Description=Standard Foundations | Base Level=L -1 | Base Offset=-4' - 0"" | Column Location Mark=H-4 | Level=L -1 | Structural Material=Concrete, Normal Weight - 4 ksi | System Length=4' - 0"" | Top Level=L -1 | Top Offset=0' - 0"" | Volume=4.00 CF"
622200,Structural Columns,Concrete-Rectangular-Column,12x12,,,,L -1,,A1010,,,,,,,4.00 CF,,,"Concrete, Normal Weight - 4 ksi",,L -1,L -1,"-4' - 0""","0' - 0""",Point,95.548,140.666,0,,,,,,,0,95.048,140.166,-19,96.048,141.166,-15,95.548,140.666,-17,,"Assembly Code=A1010 | Assembly Description=Standard Foundations | Base Level=L -1 | Base Offset=-4' - 0"" | Column Location Mark=H-2 | Level=L -1 | Structural Material=Concrete, Normal Weight - 4 ksi | System Length=4' - 0"" | Top Level=L -1 | Top Offset=0' - 0"" | Volume=4.00 CF"
622201,Structural Columns,Concrete-Rectangular-Column,12x12,,,,L -1,,A1010,,,,,,,4.00 CF,,,"Concrete, Normal Weight - 4 ksi",,L -1,L -1,"-4' - 0""","0' - 0""",Point,81.048,198.666,0,,,,,,,0,80.548,198.166,-19,81.548,199.166,-15,81.048,198.666,-17,,"Assembly Code=A1010 | Assembly Description=Standard Foundations | Base Level=L -1 | Base Offset=-4' - 0"" | Column Location Mark=G-6 | Level=L -1 | Structural Material=Concrete, Normal Weight - 4 ksi | System Length=4' - 0"" | Top Level=L -1 | Top Offset=0' - 0"" | Volume=4.00 CF"
622202,Structural Columns,Concrete-Rectangular-Column,12x12,,,,L -1,,A1010,,,,,,,4.00 CF,,,"Concrete, Normal Weight - 4 ksi",,L -1,L -1,"-4' - 0""","0' - 0""",Point,81.048,169.666,0,,,,,,,0,80.548,169.166,-19,81.548,170.166,-15,81.048,169.666,-17,,"Assembly Code=A1010 | Assembly Description=Standard Foundations | Base Level=L -1 | Base Offset=-4' - 0"" | Column Location Mark=G-4 | Level=L -1 | Structural Material=Concrete, Normal Weight - 4 ksi | System Length=4' - 0"" | Top Level=L -1 | Top Offset=0' - 0"" | Volume=4.00 CF"
622203,Structural Columns,Concrete-Rectangular-Column,12x12,,,,L -1,,A1010,,,,,,,4.00 CF,,,"Concrete, Normal Weight - 4 ksi",,L -1,L -1,"-4' - 0""","0' - 0""",Point,81.048,140.666,0,,,,,,,0,80.548,140.166,-19,81.548,141.166,-15,81.048,140.666,-17,,"Assembly Code=A1010 | Assembly Description=Standard Foundations | Base Level=L -1 | Base Offset=-4' - 0"" | Column Location Mark=G-2 | Level=L -1 | Structural Material=Concrete, Normal Weight - 4 ksi | System Length=4' - 0"" | Top Level=L -1 | Top Offset=0' - 0"" | Volume=4.00 CF"
622204,Structural Columns,Concrete-Rectangular-Column,12x12,,,,L -1,,A1010,,,,,,,4.00 CF,,,"Concrete, Normal Weight - 4 ksi",,L -1,L -1,"-4' - 0""","0' - 0""",Point,66.548,198.666,0,,,,,,,0,66.048,198.166,-19,67.048,199.166,-15,66.548,198.666,-17,,"Assembly Code=A1010 | Assembly Description=Standard Foundations | Base Level=L -1 | Base Offset=-4' - 0"" | Column Location Mark=F-6 | Level=L -1 | Structural Material=Concrete, Normal Weight - 4 ksi | System Length=4' - 0"" | Top Level=L -1 | Top Offset=0' - 0"" | Volume=4.00 CF"
622205,Structural Columns,Concrete-Rectangular-Column,12x12,,,,L -1,,A1010,,,,,,,4.00 CF,,,"Concrete, Normal Weight - 4 ksi",,L -1,L -1,"-4' - 0""","0' - 0""",Point,66.548,169.666,0,,,,,,,0,66.048,169.166,-19,67.048,170.166,-15,66.548,169.666,-17,,"Assembly Code=A1010 | Assembly Description=Standard Foundations | Base Level=L -1 | Base Offset=-4' - 0"" | Column Location Mark=F-4 | Level=L -1 | Structural Material=Concrete, Normal Weight - 4 ksi | System Length=4' - 0"" | Top Level=L -1 | Top Offset=0' - 0"" | Volume=4.00 CF"
622206,Structural Columns,Concrete-Rectangular-Column,12x12,,,,L -1,,A1010,,,,,,,4.00 CF,,,"Concrete, Normal Weight - 4 ksi",,L -1,L -1,"-4' - 0""","0' - 0""",Point,66.548,140.666,0,,,,,,,0,66.048,140.166,-19,67.048,141.166,-15,66.548,140.666,-17,,"Assembly Code=A1010 | Assembly Description=Standard Foundations | Base Level=L -1 | Base Offset=-4' - 0"" | Column Location Mark=F-2 | Level=L -1 | Structural Material=Concrete, Normal Weight - 4 ksi | System Length=4' - 0"" | Top Level=L -1 | Top Offset=0' - 0"" | Volume=4.00 CF"
622207,Structural Columns,Concrete-Rectangular-Column,12x12,,,,L -1,,A1010,,,,,,,4.00 CF,,,"Concrete, Normal Weight - 4 ksi",,L -1,L -1,"-4' - 0""","0' - 0""",Point,52.048,198.666,0,,,,,,,0,51.548,198.166,-19,52.548,199.166,-15,52.048,198.666,-17,,"Assembly Code=A1010 | Assembly Description=Standard Foundations | Base Level=L -1 | Base Offset=-4' - 0"" | Column Location Mark=E-6 | Level=L -1 | Structural Material=Concrete, Normal Weight - 4 ksi | System Length=4' - 0"" | Top Level=L -1 | Top Offset=0' - 0"" | Volume=4.00 CF"
622208,Structural Columns,Concrete-Rectangular-Column,12x12,,,,L -1,,A1010,,,,,,,4.00 CF,,,"Concrete, Normal Weight - 4 ksi",,L -1,L -1,"-4' - 0""","0' - 0""",Point,52.048,169.666,0,,,,,,,0,51.548,169.166,-19,52.548,170.166,-15,52.048,169.666,-17,,"Assembly Code=A1010 | Assembly Description=Standard Foundations | Base Level=L -1 | Base Offset=-4' - 0"" | Column Location Mark=E-4 | Level=L -1 | Structural Material=Concrete, Normal Weight - 4 ksi | System Length=4' - 0"" | Top Level=L -1 | Top Offset=0' - 0"" | Volume=4.00 CF"
622209,Structural Columns,Concrete-Rectangular-Column,12x12,,,,L -1,,A1010,,,,,,,4.00 CF,,,"Concrete, Normal Weight - 4 ksi",,L -1,L -1,"-4' - 0""","0' - 0""",Point,52.048,140.666,0,,,,,,,0,51.548,140.166,-19,52.548,141.166,-15,52.048,140.666,-17,,"Assembly Code=A1010 | Assembly Description=Standard Foundations | Base Level=L -1 | Base Offset=-4' - 0"" | Column Location Mark=E-2 | Level=L -1 | Structural Material=Concrete, Normal Weight - 4 ksi | System Length=4' - 0"" | Top Level=L -1 | Top Offset=0' - 0"" | Volume=4.00 CF"
622210,Structural Columns,Concrete-Rectangular-Column,12x12,,,,L -1,,A1010,,,,,,,4.00 CF,,,"Concrete, Normal Weight - 4 ksi",,L -1,L -1,"-4' - 0""","0' - 0""",Point,23.048,198.666,0,,,,,,,0,22.548,198.166,-19,23.548,199.166,-15,23.048,198.666,-17,,"Assembly Code=A1010 | Assembly Description=Standard Foundations | Base Level=L -1 | Base Offset=-4' - 0"" | Column Location Mark=C-6 | Level=L -1 | Structural Material=Concrete, Normal Weight - 4 ksi | System Length=4' - 0"" | Top Level=L -1 | Top Offset=0' - 0"" | Volume=4.00 CF"
622212,Structural Columns,Concrete-Rectangular-Column,12x12,,,,L -1,,A1010,,,,,,,4.00 CF,,,"Concrete, Normal Weight - 4 ksi",,L -1,L -1,"-4' - 0""","0' - 0""",Point,23.048,140.666,0,,,,,,,0,22.548,140.166,-19,23.548,141.166,-15,23.048,140.666,-17,,"Assembly Code=A1010 | Assembly Description=Standard Foundations | Base Level=L -1 | Base Offset=-4' - 0"" | Column Location Mark=C-2 | Level=L -1 | Structural Material=Concrete, Normal Weight - 4 ksi | System Length=4' - 0"" | Top Level=L -1 | Top Offset=0' - 0"" | Volume=4.00 CF"
622213,Structural Columns,Concrete-Rectangular-Column,12x12,,,,L -1,,A1010,,,,,,,4.00 CF,,,"Concrete, Normal Weight - 4 ksi",,L -1,L -1,"-4' - 0""","0' - 0""",Point,8.548,169.666,0,,,,,,,0,8.048,169.166,-19,9.048,170.166,-15,8.548,169.666,-17,,"Assembly Code=A1010 | Assembly Description=Standard Foundations | Base Level=L -1 | Base Offset=-4' - 0"" | Column Location Mark=B-4 | Level=L -1 | Structural Material=Concrete, Normal Weight - 4 ksi | System Length=4' - 0"" | Top Level=L -1 | Top Offset=0' - 0"" | Volume=4.00 CF"
622214,Structural Columns,Concrete-Rectangular-Column,12x12,,,,L -1,,A1010,,,,,,,4.00 CF,,,"Concrete, Normal Weight - 4 ksi",,L -1,L -1,"-4' - 0""","0' - 0""",Point,8.548,140.666,0,,,,,,,0,8.048,140.166,-19,9.048,141.166,-15,8.548,140.666,-17,,"Assembly Code=A1010 | Assembly Description=Standard Foundations | Base Level=L -1 | Base Offset=-4' - 0"" | Column Location Mark=B-2 | Level=L -1 | Structural Material=Concrete, Normal Weight - 4 ksi | System Length=4' - 0"" | Top Level=L -1 | Top Offset=0' - 0"" | Volume=4.00 CF"
622808,Structural Columns,Concrete-Rectangular-Column,12x12,,,,L -1,,A1010,,,,,,,4.00 CF,,,"Concrete, Normal Weight - 4 ksi",,L -1,L -1,"-4' - 0""","0' - 0""",Point,52.048,169.666,0,,,,,,,0,51.548,169.166,-19,52.548,170.166,-15,52.048,169.666,-17,,"Assembly Code=A1010 | Assembly Description=Standard Foundations | Base Level=L -1 | Base Offset=-4' - 0"" | Column Location Mark=E-4 | Level=L -1 | Structural Material=Concrete, Normal Weight - 4 ksi | System Length=4' - 0"" | Top Level=L -1 | Top Offset=0' - 0"" | Volume=4.00 CF"
622918,Structural Columns,Concrete-Rectangular-Column,12x12,,,,L -1,,A1010,,,,,,,4.00 CF,,,"Concrete, Normal Weight - 4 ksi",,L -1,L -1,"-4' - 0""","0' - 0""",Point,37.548,184.166,0,,,,,,,0,37.048,183.666,-19,38.048,184.666,-15,37.548,184.166,-17,,"Assembly Code=A1010 | Assembly Description=Standard Foundations | Base Level=L -1 | Base Offset=-4' - 0"" | Column Location Mark=D-5 | Level=L -1 | Structural Material=Concrete, Normal Weight - 4 ksi | System Length=4' - 0"" | Top Level=L -1 | Top Offset=0' - 0"" | Volume=4.00 CF"
623957,Structural Foundations,Footing-Rectangular,"4' x 4' x 12""",,,,L -1,,A1010,,"4' - 0""","4' - 0""",,,16 SF,16.00 CF,,,"Concrete, Normal Weight - 4 ksi",,,,,,Point,81.048,169.666,-19,,,,,,,0,79.048,167.666,-20,83.048,171.666,-19,81.048,169.666,-19.5,,"Area=16 SF | Assembly Code=A1010 | Assembly Description=Standard Foundations | Foundation Thickness=1' - 0"" | Height Offset From Level=-4' - 0"" | Length=4' - 0"" | Level=L -1 | Structural Material=Concrete, Normal Weight - 4 ksi | Volume=16.00 CF | Width=4' - 0"""
624038,Structural Foundations,Footing-Rectangular,"4' x 4' x 12""",,,,L -1,,A1010,,"4' - 0""","4' - 0""",,,16 SF,16.00 CF,,,"Concrete, Normal Weight - 4 ksi",,,,,,Point,110.048,169.666,-19,,,,,,,0,108.048,167.666,-20,112.048,171.666,-19,110.048,169.666,-19.5,,"Area=16 SF | Assembly Code=A1010 | Assembly Description=Standard Foundations | Foundation Thickness=1' - 0"" | Height Offset From Level=-4' - 0"" | Length=4' - 0"" | Level=L -1 | Structural Material=Concrete, Normal Weight - 4 ksi | Volume=16.00 CF | Width=4' - 0"""
624107,Structural Foundations,Footing-Rectangular,"4' x 4' x 12""",,,,L -1,,A1010,,"4' - 0""","4' - 0""",,,16 SF,16.00 CF,,,"Concrete, Normal Weight - 4 ksi",,,,,,Point,52.048,198.666,-19,,,,,,,0,50.048,196.666,-20,54.048,200.666,-19,52.048,198.666,-19.5,,"Area=16 SF | Assembly Code=A1010 | Assembly Description=Standard Foundations | Foundation Thickness=1' - 0"" | Height Offset From Level=-4' - 0"" | Length=4' - 0"" | Level=L -1 | Structural Material=Concrete, Normal Weight - 4 ksi | Volume=16.00 CF | Width=4' - 0"""
624304,Structural Foundations,Footing-Rectangular,"4' x 4' x 12""",,,,L -1,,A1010,,"4' - 0""","4' - 0""",,,16 SF,16.00 CF,,,"Concrete, Normal Weight - 4 ksi",,,,,,Point,23.048,198.666,-19,,,,,,,0,21.048,196.666,-20,25.048,200.666,-19,23.048,198.666,-19.5,,"Area=16 SF | Assembly Code=A1010 | Assembly Description=Standard Foundations | Foundation Thickness=1' - 0"" | Height Offset From Level=-4' - 0"" | Length=4' - 0"" | Level=L -1 | Structural Material=Concrete, Normal Weight - 4 ksi | Volume=16.00 CF | Width=4' - 0"""
624371,Structural Foundations,Footing-Rectangular,"4' x 4' x 12""",,,,L -1,,A1010,,"4' - 0""","4' - 0""",,,16 SF,16.00 CF,,,"Concrete, Normal Weight - 4 ksi",,,,,,Point,81.048,198.666,-19,,,,,,,0,79.048,196.666,-20,83.048,200.666,-19,81.048,198.666,-19.5,,"Area=16 SF | Assembly Code=A1010 | Assembly Description=Standard Foundations | Foundation Thickness=1' - 0"" | Height Offset From Level=-4' - 0"" | Length=4' - 0"" | Level=L -1 | Structural Material=Concrete, Normal Weight - 4 ksi | Volume=16.00 CF | Width=4' - 0"""
624492,Structural Foundations,Footing-Rectangular,"4' x 4' x 12""",,,,L -1,,A1010,,"4' - 0""","4' - 0""",,,16 SF,16.00 CF,,,"Concrete, Normal Weight - 4 ksi",,,,,,Point,110.048,198.666,-19,,,,,,,0,108.048,196.666,-20,112.048,200.666,-19,110.048,198.666,-19.5,,"Area=16 SF | Assembly Code=A1010 | Assembly Description=Standard Foundations | Foundation Thickness=1' - 0"" | Height Offset From Level=-4' - 0"" | Length=4' - 0"" | Level=L -1 | Structural Material=Concrete, Normal Weight - 4 ksi | Volume=16.00 CF | Width=4' - 0"""
624539,Structural Foundations,Footing-Rectangular,"4' x 4' x 12""",,,,L -1,,A1010,,"4' - 0""","4' - 0""",,,16 SF,16.00 CF,,,"Concrete, Normal Weight - 4 ksi",,,,,,Point,23.048,140.666,-19,,,,,,,0,21.048,138.666,-20,25.048,142.666,-19,23.048,140.666,-19.5,,"Area=16 SF | Assembly Code=A1010 | Assembly Description=Standard Foundations | Foundation Thickness=1' - 0"" | Height Offset From Level=-4' - 0"" | Length=4' - 0"" | Level=L -1 | Structural Material=Concrete, Normal Weight - 4 ksi | Volume=16.00 CF | Width=4' - 0"""
624760,Structural Foundations,Footing-Rectangular,"4' x 4' x 12""",,,,L -1,,A1010,,"4' - 0""","4' - 0""",,,16 SF,16.00 CF,,,"Concrete, Normal Weight - 4 ksi",,,,,,Point,52.048,140.666,-19,,,,,,,0,50.048,138.666,-20,54.048,142.666,-19,52.048,140.666,-19.5,,"Area=16 SF | Assembly Code=A1010 | Assembly Description=Standard Foundations | Foundation Thickness=1' - 0"" | Height Offset From Level=-4' - 0"" | Length=4' - 0"" | Level=L -1 | Structural Material=Concrete, Normal Weight - 4 ksi | Volume=16.00 CF | Width=4' - 0"""
624849,Structural Foundations,Footing-Rectangular,"4' x 4' x 12""",,,,L -1,,A1010,,"4' - 0""","4' - 0""",,,16 SF,16.00 CF,,,"Concrete, Normal Weight - 4 ksi",,,,,,Point,81.048,140.666,-19,,,,,,,0,79.048,138.666,-20,83.048,142.666,-19,81.048,140.666,-19.5,,"Area=16 SF | Assembly Code=A1010 | Assembly Description=Standard Foundations | Foundation Thickness=1' - 0"" | Height Offset From Level=-4' - 0"" | Length=4' - 0"" | Level=L -1 | Structural Material=Concrete, Normal Weight - 4 ksi | Volume=16.00 CF | Width=4' - 0"""
624938,Structural Foundations,Footing-Rectangular,"4' x 4' x 12""",,,,L -1,,A1010,,"4' - 0""","4' - 0""",,,16 SF,16.00 CF,,,"Concrete, Normal Weight - 4 ksi",,,,,,Point,110.048,140.666,-19,,,,,,,0,108.048,138.666,-20,112.048,142.666,-19,110.048,140.666,-19.5,,"Area=16 SF | Assembly Code=A1010 | Assembly Description=Standard Foundations | Foundation Thickness=1' - 0"" | Height Offset From Level=-4' - 0"" | Length=4' - 0"" | Level=L -1 | Structural Material=Concrete, Normal Weight - 4 ksi | Volume=16.00 CF | Width=4' - 0"""
625295,Structural Foundations,Footing-Rectangular,"4' x 4' x 12""",,,,L -1,,A1010,,"4' - 0""","4' - 0""",,,16 SF,16.00 CF,,,"Concrete, Normal Weight - 4 ksi",,,,,,Point,95.548,198.666,-19,,,,,,,0,93.548,196.666,-20,97.548,200.666,-19,95.548,198.666,-19.5,,"Area=16 SF | Assembly Code=A1010 | Assembly Description=Standard Foundations | Foundation Thickness=1' - 0"" | Height Offset From Level=-4' - 0"" | Length=4' - 0"" | Level=L -1 | Structural Material=Concrete, Normal Weight - 4 ksi | Volume=16.00 CF | Width=4' - 0"""
625298,Structural Foundations,Footing-Rectangular,"4' x 4' x 12""",,,,L -1,,A1010,,"4' - 0""","4' - 0""",,,16 SF,16.00 CF,,,"Concrete, Normal Weight - 4 ksi",,,,,,Point,66.548,198.666,-19,,,,,,,0,64.548,196.666,-20,68.548,200.666,-19,66.548,198.666,-19.5,,"Area=16 SF | Assembly Code=A1010 | Assembly Description=Standard Foundations | Foundation Thickness=1' - 0"" | Height Offset From Level=-4' - 0"" | Length=4' - 0"" | Level=L -1 | Structural Material=Concrete, Normal Weight - 4 ksi | Volume=16.00 CF | Width=4' - 0"""
625307,Structural Foundations,Footing-Rectangular,"4' x 4' x 12""",,,,L -1,,A1010,,"4' - 0""","4' - 0""",,,16 SF,16.00 CF,,,"Concrete, Normal Weight - 4 ksi",,,,,,Point,37.548,184.166,-19,,,,,,,0,35.548,182.166,-20,39.548,186.166,-19,37.548,184.166,-19.5,,"Area=16 SF | Assembly Code=A1010 | Assembly Description=Standard Foundations | Foundation Thickness=1' - 0"" | Height Offset From Level=-4' - 0"" | Length=4' - 0"" | Level=L -1 | Structural Material=Concrete, Normal Weight - 4 ksi | Volume=16.00 CF | Width=4' - 0"""
625308,Structural Foundations,Footing-Rectangular,"4' x 4' x 12""",,,,L -1,,A1010,,"4' - 0""","4' - 0""",,,16 SF,16.00 CF,,,"Concrete, Normal Weight - 4 ksi",,,,,,Point,124.548,198.666,-19,,,,,,,0,122.548,196.666,-20,126.548,200.666,-19,124.548,198.666,-19.5,,"Area=16 SF | Assembly Code=A1010 | Assembly Description=Standard Foundations | Foundation Thickness=1' - 0"" | Height Offset From Level=-4' - 0"" | Length=4' - 0"" | Level=L -1 | Structural Material=Concrete, Normal Weight - 4 ksi | Volume=16.00 CF | Width=4' - 0"""
625595,Structural Foundations,Footing-Rectangular,"4' x 4' x 12""",,,,L -1,,A1010,,"4' - 0""","4' - 0""",,,16 SF,16.00 CF,,,"Concrete, Normal Weight - 4 ksi",,,,,,Point,52.048,169.666,-19,,,,,,,0,50.048,167.666,-20,54.048,171.666,-19,52.048,169.666,-19.5,,"Area=16 SF | Assembly Code=A1010 | Assembly Description=Standard Foundations | Foundation Thickness=1' - 0"" | Height Offset From Level=-4' - 0"" | Length=4' - 0"" | Level=L -1 | Structural Material=Concrete, Normal Weight - 4 ksi | Volume=16.00 CF | Width=4' - 0"""
628948,Structural Columns,Timber-Column,14x14,,,,L 1,,B10,,,,,,,18.98 CF,,,Structural Bamboo (CLB),,L 1,L 1,"-15' - 0""","0' - 0""",Point,23.048,184.166,0,,,,,,,0,22.486,183.604,0,23.611,184.729,15,23.048,184.166,7.5,,"Assembly Code=B10 | Assembly Description=Superstructure | Base Level=L 1 | Base Offset=-15' - 0"" | Column Location Mark=C-5 | Level=L 1 | Structural Material=Structural Bamboo (CLB) | System Length=15' - 0"" | Top Level=L 1 | Top Offset=0' - 0"" | Volume=18.98 CF"
629229,Structural Columns,Timber-Column,14x14,,,,L 0,,B10,,,,,,,18.98 CF,,,Structural Bamboo (CLB),,L 0,L 0,"-15' - 0""","0' - 0""",Point,23.048,184.166,0,,,,,,,0,22.486,183.604,-15,23.611,184.729,0,23.048,184.166,-7.5,,"Assembly Code=B10 | Assembly Description=Superstructure | Base Level=L 0 | Base Offset=-15' - 0"" | Column Location Mark=C-5 | Level=L 0 | Structural Material=Structural Bamboo (CLB) | System Length=15' - 0"" | Top Level=L 0 | Top Offset=0' - 0"" | Volume=18.98 CF"
629697,Structural Columns,Timber-Column,14x14,,,,Roof,,B10,,,,,,,15.19 CF,,,Structural Bamboo (CLB),,Roof,Roof,"-15' - 0""","-3' - 0""",Point,23.048,184.166,0,,,,,,,0,22.486,183.604,15,23.611,184.729,27,23.048,184.166,21,,"Assembly Code=B10 | Assembly Description=Superstructure | Base Level=Roof | Base Offset=-15' - 0"" | Column Location Mark=C-5 | Level=Roof | Structural Material=Structural Bamboo (CLB) | System Length=12' - 0"" | Top Level=Roof | Top Offset=-3' - 0"" | Volume=15.19 CF"
629989,Structural Framing,Glulam-Western Species,14x18,,,,,,B1010,,"20' - 9 1/4""",,,,,36.35 CF,,,Structural Bamboo (CLB),,,,,,Curve,23.048,151.614,26.5,23.048,162.562,26.5,23.048,140.666,26.5,,22.465,140.666,25,23.632,162.562,26.5,23.048,151.614,25.75,,"Assembly Code=B1010 | Assembly Description=Floor Construction | Cut Length=20' - 9 1/4"" | End Level Offset=-3' - 6"" | Reference Level=Roof | Reference Level Elevation=30' - 0"" | Start Level Offset=-3' - 6"" | Structural Material=Structural Bamboo (CLB) | System Length=21' - 10 3/4"" | Volume=36.35 CF | y Offset Value=0' - 0"" | z Offset Value=0' - 0"""
630128,Structural Framing,Glulam-Western Species,14x18,,,,,,B1010,,"8' - 10 1/8""",,,,,15.48 CF,,,Structural Bamboo (CLB),,,,,,Curve,23.048,179.177,14.5,23.048,174.427,14.5,23.048,183.927,14.5,,22.465,174.427,13,23.632,183.927,14.5,23.048,179.177,13.75,,"Assembly Code=B1010 | Assembly Description=Floor Construction | Cut Length=8' - 10 1/8"" | End Level Offset=-0' - 6"" | Reference Level=L 1 | Reference Level Elevation=15' - 0"" | Start Level Offset=-0' - 6"" | Structural Material=Structural Bamboo (CLB) | System Length=9' - 6"" | Volume=15.48 CF | y Offset Value=0' - 0"" | z Offset Value=0' - 0"""
632386,Structural Columns,Timber-Column,14x14,,,,L 0,,B10,,,,,,,18.98 CF,,,Structural Bamboo (CLB),,L 0,L 0,"-15' - 0""","0' - 0""",Point,37.548,169.666,0,,,,,,,0,36.986,169.104,-15,38.111,170.229,0,37.548,169.666,-7.5,,"Assembly Code=B10 | Assembly Description=Superstructure | Base Level=L 0 | Base Offset=-15' - 0"" | Column Location Mark=D-4 | Level=L 0 | Structural Material=Structural Bamboo (CLB) | System Length=15' - 0"" | Top Level=L 0 | Top Offset=0' - 0"" | Volume=18.98 CF"
633194,Structural Framing,Glulam-Western Species,14x18,,,,,,B1010,,"13' - 4 1/2""",,,,,23.41 CF,,,Structural Bamboo (CLB),,,,,,Curve,37.548,176.916,26.5,37.548,169.666,26.5,37.548,184.166,26.5,,36.965,169.666,25,38.132,184.166,26.5,37.548,176.916,25.75,,"Assembly Code=B1010 | Assembly Description=Floor Construction | Cut Length=13' - 4 1/2"" | End Level Offset=-3' - 6"" | Reference Level=Roof | Reference Level Elevation=30' - 0"" | Start Level Offset=-3' - 6"" | Structural Material=Structural Bamboo (CLB) | System Length=14' - 6"" | Volume=23.41 CF | y Offset Value=0' - 0"" | z Offset Value=0' - 0"""
633719,Structural Foundations,Footing-Rectangular,"4' x 4' x 12""",,,,L -1,,A1010,,"4' - 0""","4' - 0""",,,16 SF,16.00 CF,,,"Concrete, Normal Weight - 4 ksi",,,,,,Point,23.048,184.166,-19,,,,,,,0,21.048,182.166,-20,25.048,186.166,-19,23.048,184.166,-19.5,,"Area=16 SF | Assembly Code=A1010 | Assembly Description=Standard Foundations | Foundation Thickness=1' - 0"" | Height Offset From Level=-4' - 0"" | Length=4' - 0"" | Level=L -1 | Structural Material=Concrete, Normal Weight - 4 ksi | Volume=16.00 CF | Width=4' - 0"""
633768,Structural Foundations,Footing-Rectangular,"4' x 4' x 12""",,,,L -1,,A1010,,"4' - 0""","4' - 0""",,,16 SF,16.00 CF,,,"Concrete, Normal Weight - 4 ksi",,,,,,Point,23.048,163.166,-19,,,,,,,0,21.048,161.166,-20,25.048,165.166,-19,23.048,163.166,-19.5,,"Area=16 SF | Assembly Code=A1010 | Assembly Description=Standard Foundations | Foundation Thickness=1' - 0"" | Height Offset From Level=-4' - 0"" | Length=4' - 0"" | Level=L -1 | Structural Material=Concrete, Normal Weight - 4 ksi | Volume=16.00 CF | Width=4' - 0"""
634191,Structural Columns,Concrete-Rectangular-Column,12x12,,,,L -1,,A1010,,,,,,,4.00 CF,,,"Concrete, Normal Weight - 4 ksi",,L -1,L -1,"-4' - 0""","0' - 0""",Point,23.048,163.166,0,,,,,,,0,22.548,162.666,-19,23.548,163.666,-15,23.048,163.166,-17,,"Assembly Code=A1010 | Assembly Description=Standard Foundations | Base Level=L -1 | Base Offset=-4' - 0"" | Column Location Mark=C-4(-6' - 6"") | Level=L -1 | Structural Material=Concrete, Normal Weight - 4 ksi | System Length=4' - 0"" | Top Level=L -1 | Top Offset=0' - 0"" | Volume=4.00 CF"
634277,Structural Columns,Concrete-Rectangular-Column,12x12,,,,L -1,,A1010,,,,,,,4.00 CF,,,"Concrete, Normal Weight - 4 ksi",,L -1,L -1,"-4' - 0""","0' - 0""",Point,23.048,184.166,0,,,,,,,0,22.548,183.666,-19,23.548,184.666,-15,23.048,184.166,-17,,"Assembly Code=A1010 | Assembly Description=Standard Foundations | Base Level=L -1 | Base Offset=-4' - 0"" | Column Location Mark=C-5 | Level=L -1 | Structural Material=Concrete, Normal Weight - 4 ksi | System Length=4' - 0"" | Top Level=L -1 | Top Offset=0' - 0"" | Volume=4.00 CF"
634794,Structural Columns,Concrete-Rectangular-Column,12x12,,,,L -1,,A1010,,,,,,,4.00 CF,,,"Concrete, Normal Weight - 4 ksi",,L -1,L -1,"-4' - 0""","0' - 0""",Point,37.548,169.666,0,,,,,,,0,37.048,169.166,-19,38.048,170.166,-15,37.548,169.666,-17,,"Assembly Code=A1010 | Assembly Description=Standard Foundations | Base Level=L -1 | Base Offset=-4' - 0"" | Column Location Mark=D-4 | Level=L -1 | Structural Material=Concrete, Normal Weight - 4 ksi | System Length=4' - 0"" | Top Level=L -1 | Top Offset=0' - 0"" | Volume=4.00 CF"
635246,Structural Foundations,Footing-Rectangular,"4' x 4' x 12""",,,,L -1,,A1010,,"4' - 0""","4' - 0""",,,16 SF,16.00 CF,,,"Concrete, Normal Weight - 4 ksi",,,,,,Point,37.548,169.666,-19,,,,,,,0,35.548,167.666,-20,39.548,171.666,-19,37.548,169.666,-19.5,,"Area=16 SF | Assembly Code=A1010 | Assembly Description=Standard Foundations | Foundation Thickness=1' - 0"" | Height Offset From Level=-4' - 0"" | Length=4' - 0"" | Level=L -1 | Structural Material=Concrete, Normal Weight - 4 ksi | Volume=16.00 CF | Width=4' - 0"""
635522,Structural Framing,Concrete-Rectangular Beam,16 x 16,,,,,,A1010,,"21' - 4""",,,,,37.93 CF,,,"Concrete, Normal Weight - 4 ksi",,,,,,Curve,23.048,151.666,-15,23.048,140.666,-15,23.048,162.666,-15,,22.382,140.666,-16.333,23.715,162.666,-15,23.048,151.666,-15.667,,"Assembly Code=A1010 | Assembly Description=Standard Foundations | Cut Length=21' - 4"" | End Level Offset=0' - 0"" | Reference Level=L -1 | Reference Level Elevation=-15' - 0"" | Start Level Offset=0' - 0"" | Structural Material=Concrete, Normal Weight - 4 ksi | System Length=22' - 0"" | Volume=37.93 CF | y Offset Value=0' - 0"" | z Offset Value=0' - 0"""
635545,Structural Framing,Concrete-Rectangular Beam,16 x 16,,,,,,A1010,,"27' - 8""",,,,,49.19 CF,,,"Concrete, Normal Weight - 4 ksi",,,,,,Curve,52.048,184.166,-15,52.048,198.666,-15,52.048,169.666,-15,,51.382,169.666,-16.333,52.715,198.666,-15,52.048,184.166,-15.667,,"Assembly Code=A1010 | Assembly Description=Standard Foundations | Cut Length=27' - 8"" | End Level Offset=0' - 0"" | Reference Level=L -1 | Reference Level Elevation=-15' - 0"" | Start Level Offset=0' - 0"" | Structural Material=Concrete, Normal Weight - 4 ksi | System Length=29' - 0"" | Volume=49.19 CF | y Offset Value=0' - 0"" | z Offset Value=0' - 0"""
635572,Structural Framing,Concrete-Rectangular Beam,16 x 16,,,,,,A1010,,"27' - 8""",,,,,49.19 CF,,,"Concrete, Normal Weight - 4 ksi",,,,,,Curve,81.048,184.166,-15,81.048,198.666,-15,81.048,169.666,-15,,80.382,169.666,-16.333,81.715,198.666,-15,81.048,184.166,-15.667,,"Assembly Code=A1010 | Assembly Description=Standard Foundations | Cut Length=27' - 8"" | End Level Offset=0' - 0"" | Reference Level=L -1 | Reference Level Elevation=-15' - 0"" | Start Level Offset=0' - 0"" | Structural Material=Concrete, Normal Weight - 4 ksi | System Length=29' - 0"" | Volume=49.19 CF | y Offset Value=0' - 0"" | z Offset Value=0' - 0"""
635605,Structural Framing,Concrete-Rectangular Beam,16 x 16,,,,,,A1010,,"27' - 8""",,,,,49.19 CF,,,"Concrete, Normal Weight - 4 ksi",,,,,,Curve,110.048,184.166,-15,110.048,198.666,-15,110.048,169.666,-15,,109.382,169.666,-16.333,110.715,198.666,-15,110.048,184.166,-15.667,,"Assembly Code=A1010 | Assembly Description=Standard Foundations | Cut Length=27' - 8"" | End Level Offset=0' - 0"" | Reference Level=L -1 | Reference Level Elevation=-15' - 0"" | Start Level Offset=0' - 0"" | Structural Material=Concrete, Normal Weight - 4 ksi | System Length=29' - 0"" | Volume=49.19 CF | y Offset Value=0' - 0"" | z Offset Value=0' - 0"""
635633,Structural Framing,Concrete-Rectangular Beam,16 x 16,,,,,,A1010,,"14' - 6""",,,,,24.44 CF,,,"Concrete, Normal Weight - 4 ksi",,,,,,Curve,30.298,184.166,-15,23.048,184.166,-15,37.548,184.166,-15,,22.382,183.499,-16.333,37.548,184.833,-15,29.965,184.166,-15.667,,"Assembly Code=A1010 | Assembly Description=Standard Foundations | Cut Length=14' - 6"" | End Level Offset=0' - 0"" | Reference Level=L -1 | Reference Level Elevation=-15' - 0"" | Start Level Offset=0' - 0"" | Structural Material=Concrete, Normal Weight - 4 ksi | System Length=14' - 6"" | Volume=24.44 CF | y Offset Value=0' - 0"" | z Offset Value=0' - 0"""
637357,Structural Framing,Concrete-Rectangular Beam,16 x 16,,,,,,A1010,,"29' - 7 1/2""",,,,,50.32 CF,,,"Concrete, Normal Weight - 4 ksi",,,,,,Curve,95.548,242.166,-5,95.548,256.666,-2,95.548,227.666,-8,,94.882,227.666,-9.361,96.215,256.936,-2,95.548,242.301,-5.681,,"Assembly Code=A1010 | Assembly Description=Standard Foundations | Cut Length=29' - 7 1/2"" | End Level Offset=-8' - 0"" | Reference Level=L 0 | Reference Level Elevation=0' - 0"" | Start Level Offset=-2' - 0"" | Structural Material=Concrete, Normal Weight - 4 ksi | System Length=29' - 7 3/8"" | Volume=50.32 CF | y Offset Value=0' - 0"" | z Offset Value=0' - 0"""
637562,Structural Framing,Concrete-Rectangular Beam,16 x 16,,,,,,A1010,,"29' - 10 5/8""",,,,,50.53 CF,,,"Concrete, Normal Weight - 4 ksi",,,,,,Curve,124.548,242.166,-5,124.548,256.666,-2,124.548,227.666,-8,,123.882,227.666,-9.361,125.215,256.936,-2,124.548,242.301,-5.681,,"Assembly Code=A1010 | Assembly Description=Standard Foundations | Cut Length=29' - 10 5/8"" | End Level Offset=-8' - 0"" | Reference Level=L 0 | Reference Level Elevation=0' - 0"" | Start Level Offset=-2' - 0"" | Structural Material=Concrete, Normal Weight - 4 ksi | System Length=29' - 7 3/8"" | Volume=50.53 CF | y Offset Value=0' - 0"" | z Offset Value=0' - 0"""
637572,Structural Framing,Concrete-Rectangular Beam,16 x 16,,,,,,A1010,,"29' - 10 5/8""",,,,,50.53 CF,,,"Concrete, Normal Weight - 4 ksi",,,,,,Curve,66.548,242.166,-5,66.548,256.666,-2,66.548,227.666,-8,,65.882,227.666,-9.361,67.215,256.936,-2,66.548,242.301,-5.681,,"Assembly Code=A1010 | Assembly Description=Standard Foundations | Cut Length=29' - 10 5/8"" | End Level Offset=-8' - 0"" | Reference Level=L 0 | Reference Level Elevation=0' - 0"" | Start Level Offset=-2' - 0"" | Structural Material=Concrete, Normal Weight - 4 ksi | System Length=29' - 7 3/8"" | Volume=50.53 CF | y Offset Value=0' - 0"" | z Offset Value=0' - 0"""
637859,Structural Framing,Concrete-Rectangular Beam,16 x 16,,,,,,A1010,,"30' - 1 7/8""",,,,,50.37 CF,,,"Concrete, Normal Weight - 4 ksi",,,,,,Curve,124.548,213.166,-11.5,124.548,227.666,-8,124.548,198.666,-15,,123.882,198.666,-16.372,125.215,227.979,-8,124.548,213.323,-12.186,,"Assembly Code=A1010 | Assembly Description=Standard Foundations | Cut Length=30' - 1 7/8"" | End Level Offset=0' - 0"" | Reference Level=L -1 | Reference Level Elevation=-15' - 0"" | Start Level Offset=7' - 0"" | Structural Material=Concrete, Normal Weight - 4 ksi | System Length=29' - 10"" | Volume=50.37 CF | y Offset Value=0' - 0"" | z Offset Value=0' - 0"""
638002,Structural Framing,Concrete-Rectangular Beam,16 x 16,,,,,,A1010,,"29' - 10 1/8""",,,,,49.86 CF,,,"Concrete, Normal Weight - 4 ksi",,,,,,Curve,95.548,213.166,-11.5,95.548,227.666,-8,95.548,198.666,-15,,94.882,198.666,-16.372,96.215,227.979,-8,95.548,213.323,-12.186,,"Assembly Code=A1010 | Assembly Description=Standard Foundations | Cut Length=29' - 10 1/8"" | End Level Offset=0' - 0"" | Reference Level=L -1 | Reference Level Elevation=-15' - 0"" | Start Level Offset=7' - 0"" | Structural Material=Concrete, Normal Weight - 4 ksi | System Length=29' - 10"" | Volume=49.86 CF | y Offset Value=0' - 0"" | z Offset Value=0' - 0"""
638012,Structural Framing,Concrete-Rectangular Beam,16 x 16,,,,,,A1010,,"29' - 2 1/2""",,,,,50.13 CF,,,"Concrete, Normal Weight - 4 ksi",,,,,,Curve,66.548,213.166,-11.5,66.548,227.666,-8,66.548,198.666,-15,,65.882,198.666,-16.296,67.215,227.979,-8,66.548,213.323,-12.148,,"Assembly Code=A1010 | Assembly Description=Standard Foundations | Cut Length=29' - 2 1/2"" | End Level Offset=0' - 0"" | Reference Level=L -1 | Reference Level Elevation=-15' - 0"" | Start Level Offset=7' - 0"" | Structural Material=Concrete, Normal Weight - 4 ksi | System Length=29' - 10"" | Volume=50.13 CF | y Offset Value=0' - 0"" | z Offset Value=0' - 0"""
638122,Structural Columns,Concrete-Rectangular-Column,12x12,,,,L -1,,A1010,,,,,,,4.00 CF,,,"Concrete, Normal Weight - 4 ksi",,L -1,L -1,"-4' - 0""","0' - 0""",Point,37.548,140.666,0,,,,,,,0,37.048,140.166,-19,38.048,141.166,-15,37.548,140.666,-17,,"Assembly Code=A1010 | Assembly Description=Standard Foundations | Base Level=L -1 | Base Offset=-4' - 0"" | Column Location Mark=D-2 | Level=L -1 | Structural Material=Concrete, Normal Weight - 4 ksi | System Length=4' - 0"" | Top Level=L -1 | Top Offset=0' - 0"" | Volume=4.00 CF"
638123,Structural Foundations,Footing-Rectangular,"4' x 4' x 12""",,,,L -1,,A1010,,"4' - 0""","4' - 0""",,,16 SF,16.00 CF,,,"Concrete, Normal Weight - 4 ksi",,,,,,Point,37.548,140.666,-19,,,,,,,0,35.548,138.666,-20,39.548,142.666,-19,37.548,140.666,-19.5,,"Area=16 SF | Assembly Code=A1010 | Assembly Description=Standard Foundations | Foundation Thickness=1' - 0"" | Height Offset From Level=-4' - 0"" | Length=4' - 0"" | Level=L -1 | Structural Material=Concrete, Normal Weight - 4 ksi | Volume=16.00 CF | Width=4' - 0"""
643885,Structural Columns,Timber-Column,14x14,,,,L 0,,B10,,,,,,,18.98 CF,,,Structural Bamboo (CLB),,L 0,L 1,"0' - 0""","0' - 0""",Point,110.048,187.989,0,,,,,,,0,109.486,187.427,0,110.611,188.552,15,110.048,187.989,7.5,,"Assembly Code=B10 | Assembly Description=Superstructure | Base Level=L 0 | Base Offset=0' - 0"" | Column Location Mark=I-5(3' - 9 7/8"") | Level=L 0 | Structural Material=Structural Bamboo (CLB) | System Length=15' - 0"" | Top Level=L 1 | Top Offset=0' - 0"" | Volume=18.98 CF"
644661,Structural Columns,Timber-Column,14x14,,,,L -1,,B10,,,,,,,18.98 CF,,,Structural Bamboo (CLB),,L -1,L 0,"0' - 0""","0' - 0""",Point,110.048,187.989,0,,,,,,,0,109.486,187.427,-15,110.611,188.552,0,110.048,187.989,-7.5,,"Assembly Code=B10 | Assembly Description=Superstructure | Base Level=L -1 | Base Offset=0' - 0"" | Column Location Mark=I-5(3' - 9 7/8"") | Level=L -1 | Structural Material=Structural Bamboo (CLB) | System Length=15' - 0"" | Top Level=L 0 | Top Offset=0' - 0"" | Volume=18.98 CF"
644665,Structural Columns,Timber-Column,14x14,,,,L 1,,B10,,,,,,,15.19 CF,,,Structural Bamboo (CLB),,L 1,Roof,"0' - 0""","-3' - 0""",Point,110.048,187.989,0,,,,,,,0,109.486,187.427,15,110.611,188.552,27,110.048,187.989,21,,"Assembly Code=B10 | Assembly Description=Superstructure | Base Level=L 1 | Base Offset=0' - 0"" | Column Location Mark=I-5(3' - 9 7/8"") | Level=L 1 | Structural Material=Structural Bamboo (CLB) | System Length=12' - 0"" | Top Level=Roof | Top Offset=-3' - 0"" | Volume=15.19 CF"
647342,Structural Framing,Glulam-Western Species,14x36,,,,,,,,"56' - 10""",,,,,198.92 CF,,,Structural Bamboo (CLB),,,,,,Curve,95.548,213.166,26.5,66.548,213.166,26.5,124.548,213.166,26.5,,66.548,212.583,23.5,124.548,213.749,26.5,95.548,213.166,25,,"Cut Length=56' - 10"" | End Level Offset=-3' - 6"" | Reference Level=Roof | Reference Level Elevation=30' - 0"" | Start Level Offset=-3' - 6"" | Structural Material=Structural Bamboo (CLB) | System Length=58' - 0"" | Volume=198.92 CF | y Offset Value=0' - 0"" | z Offset Value=0' - 0"""
647379,Structural Framing,Glulam-Western Species,14x36,,,,,,,,"56' - 10 1/2""",,,,,199.06 CF,,,Structural Bamboo (CLB),,,,,,Curve,95.548,227.666,26.5,66.548,227.666,26.5,124.548,227.666,26.5,,66.548,227.083,23.5,124.548,228.249,26.5,95.548,227.666,25,,"Cut Length=56' - 10 1/2"" | End Level Offset=-3' - 6"" | Reference Level=Roof | Reference Level Elevation=30' - 0"" | Start Level Offset=-3' - 6"" | Structural Material=Structural Bamboo (CLB) | System Length=58' - 0"" | Volume=199.06 CF | y Offset Value=0' - 0"" | z Offset Value=0' - 0"""
647424,Structural Framing,Glulam-Western Species,14x36,,,,,,,,"57' - 4""",,,,,200.67 CF,,,Structural Bamboo (CLB),,,,,,Curve,95.548,242.166,26.5,66.548,242.166,26.5,124.548,242.166,26.5,,66.548,241.583,23.5,124.548,242.749,26.5,95.548,242.166,25,,"Cut Length=57' - 4"" | End Level Offset=-3' - 6"" | Reference Level=Roof | Reference Level Elevation=30' - 0"" | Start Level Offset=-3' - 6"" | Structural Material=Structural Bamboo (CLB) | System Length=58' - 0"" | Volume=200.67 CF | y Offset Value=0' - 0"" | z Offset Value=0' - 0"""
647454,Structural Framing,Glulam-Western Species,14x36,,,,,,,,"27' - 10 1/2""",,,,,97.56 CF,,,Structural Bamboo (CLB),,,,,,Curve,81.048,256.666,26.5,66.548,256.666,26.5,95.548,256.666,26.5,,66.548,256.083,23.5,95.548,257.249,26.5,81.048,256.666,25,,"Cut Length=27' - 10 1/2"" | End Level Offset=-3' - 6"" | Reference Level=Roof | Reference Level Elevation=30' - 0"" | Start Level Offset=-3' - 6"" | Structural Material=Structural Bamboo (CLB) | System Length=29' - 0"" | Volume=97.56 CF | y Offset Value=0' - 0"" | z Offset Value=0' - 0"""
648230,Structural Framing,Glulam-Western Species,14x36,,,,,,,,"27' - 10 1/2""",,,,,97.56 CF,,,Structural Bamboo (CLB),,,,,,Curve,66.548,213.166,26.5,66.548,198.666,26.5,66.548,227.666,26.5,,65.965,198.666,23.5,67.132,227.666,26.5,66.548,213.166,25,,"Cut Length=27' - 10 1/2"" | End Level Offset=-3' - 6"" | Reference Level=Roof | Reference Level Elevation=30' - 0"" | Start Level Offset=-3' - 6"" | Structural Material=Structural Bamboo (CLB) | System Length=29' - 0"" | Volume=97.56 CF | y Offset Value=0' - 0"" | z Offset Value=0' - 0"""
648366,Structural Framing,Glulam-Western Species,14x36,,,,,,,,"27' - 10 1/2""",,,,,97.56 CF,,,Structural Bamboo (CLB),,,,,,Curve,124.548,213.166,26.5,124.548,198.666,26.5,124.548,227.666,26.5,,123.965,198.666,23.5,125.132,227.666,26.5,124.548,213.166,25,,"Cut Length=27' - 10 1/2"" | End Level Offset=-3' - 6"" | Reference Level=Roof | Reference Level Elevation=30' - 0"" | Start Level Offset=-3' - 6"" | Structural Material=Structural Bamboo (CLB) | System Length=29' - 0"" | Volume=97.56 CF | y Offset Value=0' - 0"" | z Offset Value=0' - 0"""
650141,Structural Framing,Glulam-Western Species,14x18,,,,,,B1010,,"9' - 5 1/4""",,,,,16.52 CF,,,Structural Bamboo (CLB),,,,,,Curve,3.548,140.666,26.5,8.548,140.666,26.5,-1.452,140.666,26.5,,-1.452,140.083,25,8.548,141.249,26.5,3.548,140.666,25.75,,"Assembly Code=B1010 | Assembly Description=Floor Construction | Cut Length=9' - 5 1/4"" | End Level Offset=-3' - 6"" | Reference Level=Roof | Reference Level Elevation=30' - 0"" | Start Level Offset=-3' - 6"" | Structural Material=Structural Bamboo (CLB) | System Length=10' - 0"" | Volume=16.52 CF | y Offset Value=0' - 0"" | z Offset Value=0' - 0"""
650432,Structural Framing,Glulam-Western Species,14x18,,,,,,B1010,,"9' - 5 1/4""",,,,,16.52 CF,,,Structural Bamboo (CLB),,,,,,Curve,129.548,198.666,26.5,134.548,198.666,26.5,124.548,198.666,26.5,,124.548,198.083,25,134.548,199.249,26.5,129.548,198.666,25.75,,"Assembly Code=B1010 | Assembly Description=Floor Construction | Cut Length=9' - 5 1/4"" | End Level Offset=-3' - 6"" | Reference Level=Roof | Reference Level Elevation=30' - 0"" | Start Level Offset=-3' - 6"" | Structural Material=Structural Bamboo (CLB) | System Length=10' - 0"" | Volume=16.52 CF | y Offset Value=0' - 0"" | z Offset Value=0' - 0"""
655943,Structural Columns,Timber-Column,14x14,,,,L 0,,B10,,,,,,,18.98 CF,,,Structural Bamboo (CLB),,L 0,L 1,"0' - 0""","0' - 0""",Point,95.548,198.666,0,,,,,,,0,94.986,198.104,0,96.111,199.229,15,95.548,198.666,7.5,,"Assembly Code=B10 | Assembly Description=Superstructure | Base Level=L 0 | Base Offset=0' - 0"" | Column Location Mark=H-6 | Level=L 0 | Structural Material=Structural Bamboo (CLB) | System Length=15' - 0"" | Top Level=L 1 | Top Offset=0' - 0"" | Volume=18.98 CF"
656062,Structural Columns,Timber-Column,14x14,,,,L 0,,B10,,,,,,,18.98 CF,,,Structural Bamboo (CLB),,L 0,L 1,"0' - 0""","0' - 0""",Point,81.048,198.666,0,,,,,,,0,80.486,198.104,0,81.611,199.229,15,81.048,198.666,7.5,,"Assembly Code=B10 | Assembly Description=Superstructure | Base Level=L 0 | Base Offset=0' - 0"" | Column Location Mark=G-6 | Level=L 0 | Structural Material=Structural Bamboo (CLB) | System Length=15' - 0"" | Top Level=L 1 | Top Offset=0' - 0"" | Volume=18.98 CF"
656461,Structural Columns,Timber-Column,14x14,,,,L -1,,B10,,,,,,,18.98 CF,,,Structural Bamboo (CLB),,L -1,L 0,"0' - 0""","0' - 0""",Point,95.548,198.666,0,,,,,,,0,94.986,198.104,-15,96.111,199.229,0,95.548,198.666,-7.5,,"Assembly Code=B10 | Assembly Description=Superstructure | Base Level=L -1 | Base Offset=0' - 0"" | Column Location Mark=H-6 | Level=L -1 | Structural Material=Structural Bamboo (CLB) | System Length=15' - 0"" | Top Level=L 0 | Top Offset=0' - 0"" | Volume=18.98 CF"
656462,Structural Columns,Timber-Column,14x14,,,,L -1,,B10,,,,,,,18.98 CF,,,Structural Bamboo (CLB),,L -1,L 0,"0' - 0""","0' - 0""",Point,81.048,198.666,0,,,,,,,0,80.486,198.104,-15,81.611,199.229,0,81.048,198.666,-7.5,,"Assembly Code=B10 | Assembly Description=Superstructure | Base Level=L -1 | Base Offset=0' - 0"" | Column Location Mark=G-6 | Level=L -1 | Structural Material=Structural Bamboo (CLB) | System Length=15' - 0"" | Top Level=L 0 | Top Offset=0' - 0"" | Volume=18.98 CF"
656466,Structural Columns,Timber-Column,14x14,,,,L 1,,B10,,,,,,,15.19 CF,,,Structural Bamboo (CLB),,L 1,Roof,"0' - 0""","-3' - 0""",Point,95.548,198.666,0,,,,,,,0,94.986,198.104,15,96.111,199.229,27,95.548,198.666,21,,"Assembly Code=B10 | Assembly Description=Superstructure | Base Level=L 1 | Base Offset=0' - 0"" | Column Location Mark=H-6 | Level=L 1 | Structural Material=Structural Bamboo (CLB) | System Length=12' - 0"" | Top Level=Roof | Top Offset=-3' - 0"" | Volume=15.19 CF"
656467,Structural Columns,Timber-Column,14x14,,,,L 1,,B10,,,,,,,15.19 CF,,,Structural Bamboo (CLB),,L 1,Roof,"0' - 0""","-3' - 0""",Point,81.048,198.666,0,,,,,,,0,80.486,198.104,15,81.611,199.229,27,81.048,198.666,21,,"Assembly Code=B10 | Assembly Description=Superstructure | Base Level=L 1 | Base Offset=0' - 0"" | Column Location Mark=G-6 | Level=L 1 | Structural Material=Structural Bamboo (CLB) | System Length=12' - 0"" | Top Level=Roof | Top Offset=-3' - 0"" | Volume=15.19 CF"
656645,Structural Columns,Timber-Column,14x14,,,,L 0,,B10,,,,,,,18.98 CF,,,Structural Bamboo (CLB),,L 0,L 1,"0' - 0""","0' - 0""",Point,110.048,198.666,0,,,,,,,0,109.486,198.104,0,110.611,199.229,15,110.048,198.666,7.5,,"Assembly Code=B10 | Assembly Description=Superstructure | Base Level=L 0 | Base Offset=0' - 0"" | Column Location Mark=I-6 | Level=L 0 | Structural Material=Structural Bamboo (CLB) | System Length=15' - 0"" | Top Level=L 1 | Top Offset=0' - 0"" | Volume=18.98 CF"
657238,Structural Columns,Timber-Column,14x14,,,,L 1,,B10,,,,,,,15.19 CF,,,Structural Bamboo (CLB),,L 1,Roof,"0' - 0""","-3' - 0""",Point,110.048,198.666,0,,,,,,,0,109.486,198.104,15,110.611,199.229,27,110.048,198.666,21,,"Assembly Code=B10 | Assembly Description=Superstructure | Base Level=L 1 | Base Offset=0' - 0"" | Column Location Mark=I-6 | Level=L 1 | Structural Material=Structural Bamboo (CLB) | System Length=12' - 0"" | Top Level=Roof | Top Offset=-3' - 0"" | Volume=15.19 CF"
657251,Structural Columns,Timber-Column,14x14,,,,L -1,,B10,,,,,,,18.98 CF,,,Structural Bamboo (CLB),,L -1,L 0,"0' - 0""","0' - 0""",Point,110.048,198.666,0,,,,,,,0,109.486,198.104,-15,110.611,199.229,0,110.048,198.666,-7.5,,"Assembly Code=B10 | Assembly Description=Superstructure | Base Level=L -1 | Base Offset=0' - 0"" | Column Location Mark=I-6 | Level=L -1 | Structural Material=Structural Bamboo (CLB) | System Length=15' - 0"" | Top Level=L 0 | Top Offset=0' - 0"" | Volume=18.98 CF"
657294,Structural Columns,Timber-Column,14x14,,,,L 0,,B10,,,,,,,18.98 CF,,,Structural Bamboo (CLB),,L 0,L 1,"0' - 0""","0' - 0""",Point,124.548,198.666,0,,,,,,,0,123.986,198.104,0,125.111,199.229,15,124.548,198.666,7.5,,"Assembly Code=B10 | Assembly Description=Superstructure | Base Level=L 0 | Base Offset=0' - 0"" | Column Location Mark=J-6 | Level=L 0 | Structural Material=Structural Bamboo (CLB) | System Length=15' - 0"" | Top Level=L 1 | Top Offset=0' - 0"" | Volume=18.98 CF"
657746,Structural Columns,Timber-Column,14x14,,,,L -1,,B10,,,,,,,18.98 CF,,,Structural Bamboo (CLB),,L -1,L 0,"0' - 0""","0' - 0""",Point,124.548,198.666,0,,,,,,,0,123.986,198.104,-15,125.111,199.229,0,124.548,198.666,-7.5,,"Assembly Code=B10 | Assembly Description=Superstructure | Base Level=L -1 | Base Offset=0' - 0"" | Column Location Mark=J-6 | Level=L -1 | Structural Material=Structural Bamboo (CLB) | System Length=15' - 0"" | Top Level=L 0 | Top Offset=0' - 0"" | Volume=18.98 CF"
657750,Structural Columns,Timber-Column,14x14,,,,L 1,,B10,,,,,,,15.19 CF,,,Structural Bamboo (CLB),,L 1,Roof,"0' - 0""","-3' - 0""",Point,124.548,198.666,0,,,,,,,0,123.986,198.104,15,125.111,199.229,27,124.548,198.666,21,,"Assembly Code=B10 | Assembly Description=Superstructure | Base Level=L 1 | Base Offset=0' - 0"" | Column Location Mark=J-6 | Level=L 1 | Structural Material=Structural Bamboo (CLB) | System Length=12' - 0"" | Top Level=Roof | Top Offset=-3' - 0"" | Volume=15.19 CF"
659039,Structural Framing,Glulam-Western Species,14x18,,,,,,B1010,,"9' - 5 1/4""",,,,,16.52 CF,,,Structural Bamboo (CLB),,,,,,Curve,3.548,169.666,26.5,8.548,169.666,26.5,-1.452,169.666,26.5,,-1.452,169.083,25,8.548,170.249,26.5,3.548,169.666,25.75,,"Assembly Code=B1010 | Assembly Description=Floor Construction | Cut Length=9' - 5 1/4"" | End Level Offset=-3' - 6"" | Reference Level=Roof | Reference Level Elevation=30' - 0"" | Start Level Offset=-3' - 6"" | Structural Material=Structural Bamboo (CLB) | System Length=10' - 0"" | Volume=16.52 CF | y Offset Value=0' - 0"" | z Offset Value=0' - 0"""
659040,Structural Framing,Glulam-Western Species,14x18,,,,,,B1010,,"9' - 5 1/4""",,,,,16.52 CF,,,Structural Bamboo (CLB),,,,,,Curve,3.548,198.666,26.5,8.548,198.666,26.5,-1.452,198.666,26.5,,-1.452,198.083,25,8.548,199.249,26.5,3.548,198.666,25.75,,"Assembly Code=B1010 | Assembly Description=Floor Construction | Cut Length=9' - 5 1/4"" | End Level Offset=-3' - 6"" | Reference Level=Roof | Reference Level Elevation=30' - 0"" | Start Level Offset=-3' - 6"" | Structural Material=Structural Bamboo (CLB) | System Length=10' - 0"" | Volume=16.52 CF | y Offset Value=0' - 0"" | z Offset Value=0' - 0"""
659596,Structural Framing,Glulam-Western Species,14x18,,,,,,B1010,,"9' - 5 1/4""",,,,,16.52 CF,,,Structural Bamboo (CLB),,,,,,Curve,129.548,169.666,26.5,124.548,169.666,26.5,134.548,169.666,26.5,,124.548,169.083,25,134.548,170.249,26.5,129.548,169.666,25.75,,"Assembly Code=B1010 | Assembly Description=Floor Construction | Cut Length=9' - 5 1/4"" | End Level Offset=-3' - 6"" | Reference Level=Roof | Reference Level Elevation=30' - 0"" | Start Level Offset=-3' - 6"" | Structural Material=Structural Bamboo (CLB) | System Length=10' - 0"" | Volume=16.52 CF | y Offset Value=0' - 0"" | z Offset Value=0' - 0"""
660641,Structural Framing,Glulam-Western Species,14x18,,,,,,B1010,,"9' - 5 1/4""",,,,,16.52 CF,,,Structural Bamboo (CLB),,,,,,Curve,110.048,135.666,26.5,110.048,140.666,26.5,110.048,130.666,26.5,,109.465,130.666,25,110.632,140.666,26.5,110.048,135.666,25.75,,"Assembly Code=B1010 | Assembly Description=Floor Construction | Cut Length=9' - 5 1/4"" | End Level Offset=-3' - 6"" | Reference Level=Roof | Reference Level Elevation=30' - 0"" | Start Level Offset=-3' - 6"" | Structural Material=Structural Bamboo (CLB) | System Length=10' - 0"" | Volume=16.52 CF | y Offset Value=0' - 0"" | z Offset Value=0' - 0"""
660669,Structural Framing,Glulam-Western Species,14x18,,,,,,B1010,,"9' - 5 1/4""",,,,,16.52 CF,,,Structural Bamboo (CLB),,,,,,Curve,124.548,135.666,26.5,124.548,140.666,26.5,124.548,130.666,26.5,,123.965,130.666,25,125.132,140.666,26.5,124.548,135.666,25.75,,"Assembly Code=B1010 | Assembly Description=Floor Construction | Cut Length=9' - 5 1/4"" | End Level Offset=-3' - 6"" | Reference Level=Roof | Reference Level Elevation=30' - 0"" | Start Level Offset=-3' - 6"" | Structural Material=Structural Bamboo (CLB) | System Length=10' - 0"" | Volume=16.52 CF | y Offset Value=0' - 0"" | z Offset Value=0' - 0"""
660706,Structural Framing,Glulam-Western Species,14x18,,,,,,B1010,,"9' - 5 1/4""",,,,,16.52 CF,,,Structural Bamboo (CLB),,,,,,Curve,95.548,135.666,26.5,95.548,140.666,26.5,95.548,130.666,26.5,,94.965,130.666,25,96.132,140.666,26.5,95.548,135.666,25.75,,"Assembly Code=B1010 | Assembly Description=Floor Construction | Cut Length=9' - 5 1/4"" | End Level Offset=-3' - 6"" | Reference Level=Roof | Reference Level Elevation=30' - 0"" | Start Level Offset=-3' - 6"" | Structural Material=Structural Bamboo (CLB) | System Length=10' - 0"" | Volume=16.52 CF | y Offset Value=0' - 0"" | z Offset Value=0' - 0"""
660739,Structural Framing,Glulam-Western Species,14x18,,,,,,B1010,,"9' - 5 1/4""",,,,,16.52 CF,,,Structural Bamboo (CLB),,,,,,Curve,81.048,135.666,26.5,81.048,140.666,26.5,81.048,130.666,26.5,,80.465,130.666,25,81.632,140.666,26.5,81.048,135.666,25.75,,"Assembly Code=B1010 | Assembly Description=Floor Construction | Cut Length=9' - 5 1/4"" | End Level Offset=-3' - 6"" | Reference Level=Roof | Reference Level Elevation=30' - 0"" | Start Level Offset=-3' - 6"" | Structural Material=Structural Bamboo (CLB) | System Length=10' - 0"" | Volume=16.52 CF | y Offset Value=0' - 0"" | z Offset Value=0' - 0"""
660771,Structural Framing,Glulam-Western Species,14x18,,,,,,B1010,,"9' - 5 1/4""",,,,,16.52 CF,,,Structural Bamboo (CLB),,,,,,Curve,66.548,135.666,26.5,66.548,140.666,26.5,66.548,130.666,26.5,,65.965,130.666,25,67.132,140.666,26.5,66.548,135.666,25.75,,"Assembly Code=B1010 | Assembly Description=Floor Construction | Cut Length=9' - 5 1/4"" | End Level Offset=-3' - 6"" | Reference Level=Roof | Reference Level Elevation=30' - 0"" | Start Level Offset=-3' - 6"" | Structural Material=Structural Bamboo (CLB) | System Length=10' - 0"" | Volume=16.52 CF | y Offset Value=0' - 0"" | z Offset Value=0' - 0"""
660803,Structural Framing,Glulam-Western Species,14x18,,,,,,B1010,,"9' - 5 1/4""",,,,,16.52 CF,,,Structural Bamboo (CLB),,,,,,Curve,52.048,135.666,26.5,52.048,140.666,26.5,52.048,130.666,26.5,,51.465,130.666,25,52.632,140.666,26.5,52.048,135.666,25.75,,"Assembly Code=B1010 | Assembly Description=Floor Construction | Cut Length=9' - 5 1/4"" | End Level Offset=-3' - 6"" | Reference Level=Roof | Reference Level Elevation=30' - 0"" | Start Level Offset=-3' - 6"" | Structural Material=Structural Bamboo (CLB) | System Length=10' - 0"" | Volume=16.52 CF | y Offset Value=0' - 0"" | z Offset Value=0' - 0"""
660835,Structural Framing,Glulam-Western Species,14x18,,,,,,B1010,,"9' - 5 1/4""",,,,,16.52 CF,,,Structural Bamboo (CLB),,,,,,Curve,37.548,135.666,26.5,37.548,140.666,26.5,37.548,130.666,26.5,,36.965,130.666,25,38.132,140.666,26.5,37.548,135.666,25.75,,"Assembly Code=B1010 | Assembly Description=Floor Construction | Cut Length=9' - 5 1/4"" | End Level Offset=-3' - 6"" | Reference Level=Roof | Reference Level Elevation=30' - 0"" | Start Level Offset=-3' - 6"" | Structural Material=Structural Bamboo (CLB) | System Length=10' - 0"" | Volume=16.52 CF | y Offset Value=0' - 0"" | z Offset Value=0' - 0"""
660863,Structural Framing,Glulam-Western Species,14x18,,,,,,B1010,,"9' - 5 1/4""",,,,,16.52 CF,,,Structural Bamboo (CLB),,,,,,Curve,23.048,135.666,26.5,23.048,140.666,26.5,23.048,130.666,26.5,,22.465,130.666,25,23.632,140.666,26.5,23.048,135.666,25.75,,"Assembly Code=B1010 | Assembly Description=Floor Construction | Cut Length=9' - 5 1/4"" | End Level Offset=-3' - 6"" | Reference Level=Roof | Reference Level Elevation=30' - 0"" | Start Level Offset=-3' - 6"" | Structural Material=Structural Bamboo (CLB) | System Length=10' - 0"" | Volume=16.52 CF | y Offset Value=0' - 0"" | z Offset Value=0' - 0"""
660895,Structural Framing,Glulam-Western Species,14x18,,,,,,B1010,,"9' - 5 1/4""",,,,,16.52 CF,,,Structural Bamboo (CLB),,,,,,Curve,8.548,135.666,26.5,8.548,140.666,26.5,8.548,130.666,26.5,,7.965,130.666,25,9.132,140.666,26.5,8.548,135.666,25.75,,"Assembly Code=B1010 | Assembly Description=Floor Construction | Cut Length=9' - 5 1/4"" | End Level Offset=-3' - 6"" | Reference Level=Roof | Reference Level Elevation=30' - 0"" | Start Level Offset=-3' - 6"" | Structural Material=Structural Bamboo (CLB) | System Length=10' - 0"" | Volume=16.52 CF | y Offset Value=0' - 0"" | z Offset Value=0' - 0"""
661390,Structural Framing,Glulam-Western Species,14x18,,,,,,B1010,,"9' - 5 1/4""",,,,,16.52 CF,,,Structural Bamboo (CLB),,,,,,Curve,129.548,140.666,26.5,124.548,140.666,26.5,134.548,140.666,26.5,,124.548,140.083,25,134.548,141.249,26.5,129.548,140.666,25.75,,"Assembly Code=B1010 | Assembly Description=Floor Construction | Cut Length=9' - 5 1/4"" | End Level Offset=-3' - 6"" | Reference Level=Roof | Reference Level Elevation=30' - 0"" | Start Level Offset=-3' - 6"" | Structural Material=Structural Bamboo (CLB) | System Length=10' - 0"" | Volume=16.52 CF | y Offset Value=0' - 0"" | z Offset Value=0' - 0"""
661758,Structural Framing,Glulam-Western Species,14x18,,,,,,B1010,,"9' - 5 1/4""",,,,,16.52 CF,,,Structural Bamboo (CLB),,,,,,Curve,129.548,169.666,14.5,124.548,169.666,14.5,134.548,169.666,14.5,,124.548,169.083,13,134.548,170.249,14.5,129.548,169.666,13.75,,"Assembly Code=B1010 | Assembly Description=Floor Construction | Cut Length=9' - 5 1/4"" | End Level Offset=-0' - 6"" | Reference Level=L 1 | Reference Level Elevation=15' - 0"" | Start Level Offset=-0' - 6"" | Structural Material=Structural Bamboo (CLB) | System Length=10' - 0"" | Volume=16.52 CF | y Offset Value=0' - 0"" | z Offset Value=0' - 0"""
661759,Structural Framing,Glulam-Western Species,14x18,,,,,,B1010,,"9' - 5 1/4""",,,,,16.52 CF,,,Structural Bamboo (CLB),,,,,,Curve,110.048,135.666,14.5,110.048,140.666,14.5,110.048,130.666,14.5,,109.465,130.666,13,110.632,140.666,14.5,110.048,135.666,13.75,,"Assembly Code=B1010 | Assembly Description=Floor Construction | Cut Length=9' - 5 1/4"" | End Level Offset=-0' - 6"" | Reference Level=L 1 | Reference Level Elevation=15' - 0"" | Start Level Offset=-0' - 6"" | Structural Material=Structural Bamboo (CLB) | System Length=10' - 0"" | Volume=16.52 CF | y Offset Value=0' - 0"" | z Offset Value=0' - 0"""
661760,Structural Framing,Glulam-Western Species,14x18,,,,,,B1010,,"9' - 5 1/4""",,,,,16.52 CF,,,Structural Bamboo (CLB),,,,,,Curve,124.548,135.666,14.5,124.548,140.666,14.5,124.548,130.666,14.5,,123.965,130.666,13,125.132,140.666,14.5,124.548,135.666,13.75,,"Assembly Code=B1010 | Assembly Description=Floor Construction | Cut Length=9' - 5 1/4"" | End Level Offset=-0' - 6"" | Reference Level=L 1 | Reference Level Elevation=15' - 0"" | Start Level Offset=-0' - 6"" | Structural Material=Structural Bamboo (CLB) | System Length=10' - 0"" | Volume=16.52 CF | y Offset Value=0' - 0"" | z Offset Value=0' - 0"""
661761,Structural Framing,Glulam-Western Species,14x18,,,,,,B1010,,"9' - 5 1/4""",,,,,16.52 CF,,,Structural Bamboo (CLB),,,,,,Curve,95.548,135.666,14.5,95.548,140.666,14.5,95.548,130.666,14.5,,94.965,130.666,13,96.132,140.666,14.5,95.548,135.666,13.75,,"Assembly Code=B1010 | Assembly Description=Floor Construction | Cut Length=9' - 5 1/4"" | End Level Offset=-0' - 6"" | Reference Level=L 1 | Reference Level Elevation=15' - 0"" | Start Level Offset=-0' - 6"" | Structural Material=Structural Bamboo (CLB) | System Length=10' - 0"" | Volume=16.52 CF | y Offset Value=0' - 0"" | z Offset Value=0' - 0"""
661762,Structural Framing,Glulam-Western Species,14x18,,,,,,B1010,,"9' - 5 1/4""",,,,,16.52 CF,,,Structural Bamboo (CLB),,,,,,Curve,81.048,135.666,14.5,81.048,140.666,14.5,81.048,130.666,14.5,,80.465,130.666,13,81.632,140.666,14.5,81.048,135.666,13.75,,"Assembly Code=B1010 | Assembly Description=Floor Construction | Cut Length=9' - 5 1/4"" | End Level Offset=-0' - 6"" | Reference Level=L 1 | Reference Level Elevation=15' - 0"" | Start Level Offset=-0' - 6"" | Structural Material=Structural Bamboo (CLB) | System Length=10' - 0"" | Volume=16.52 CF | y Offset Value=0' - 0"" | z Offset Value=0' - 0"""
661763,Structural Framing,Glulam-Western Species,14x18,,,,,,B1010,,"9' - 5 1/4""",,,,,16.52 CF,,,Structural Bamboo (CLB),,,,,,Curve,66.548,135.666,14.5,66.548,140.666,14.5,66.548,130.666,14.5,,65.965,130.666,13,67.132,140.666,14.5,66.548,135.666,13.75,,"Assembly Code=B1010 | Assembly Description=Floor Construction | Cut Length=9' - 5 1/4"" | End Level Offset=-0' - 6"" | Reference Level=L 1 | Reference Level Elevation=15' - 0"" | Start Level Offset=-0' - 6"" | Structural Material=Structural Bamboo (CLB) | System Length=10' - 0"" | Volume=16.52 CF | y Offset Value=0' - 0"" | z Offset Value=0' - 0"""
661764,Structural Framing,Glulam-Western Species,14x18,,,,,,B1010,,"9' - 5 1/4""",,,,,16.52 CF,,,Structural Bamboo (CLB),,,,,,Curve,52.048,135.666,14.5,52.048,140.666,14.5,52.048,130.666,14.5,,51.465,130.666,13,52.632,140.666,14.5,52.048,135.666,13.75,,"Assembly Code=B1010 | Assembly Description=Floor Construction | Cut Length=9' - 5 1/4"" | End Level Offset=-0' - 6"" | Reference Level=L 1 | Reference Level Elevation=15' - 0"" | Start Level Offset=-0' - 6"" | Structural Material=Structural Bamboo (CLB) | System Length=10' - 0"" | Volume=16.52 CF | y Offset Value=0' - 0"" | z Offset Value=0' - 0"""
661765,Structural Framing,Glulam-Western Species,14x18,,,,,,B1010,,"9' - 5 1/2""",,,,,16.55 CF,,,Structural Bamboo (CLB),,,,,,Curve,37.548,135.645,14.5,37.548,140.645,14.5,37.548,130.645,14.5,,36.965,130.645,13,38.132,140.645,14.5,37.548,135.645,13.75,,"Assembly Code=B1010 | Assembly Description=Floor Construction | Cut Length=9' - 5 1/2"" | End Level Offset=-0' - 6"" | Reference Level=L 1 | Reference Level Elevation=15' - 0"" | Start Level Offset=-0' - 6"" | Structural Material=Structural Bamboo (CLB) | System Length=10' - 0"" | Volume=16.55 CF | y Offset Value=0' - 0"" | z Offset Value=0' - 0"""
661766,Structural Framing,Glulam-Western Species,14x18,,,,,,B1010,,"9' - 5 1/2""",,,,,16.55 CF,,,Structural Bamboo (CLB),,,,,,Curve,23.048,135.645,14.5,23.048,140.645,14.5,23.048,130.645,14.5,,22.465,130.645,13,23.632,140.645,14.5,23.048,135.645,13.75,,"Assembly Code=B1010 | Assembly Description=Floor Construction | Cut Length=9' - 5 1/2"" | End Level Offset=-0' - 6"" | Reference Level=L 1 | Reference Level Elevation=15' - 0"" | Start Level Offset=-0' - 6"" | Structural Material=Structural Bamboo (CLB) | System Length=10' - 0"" | Volume=16.55 CF | y Offset Value=0' - 0"" | z Offset Value=0' - 0"""
661767,Structural Framing,Glulam-Western Species,14x18,,,,,,B1010,,"9' - 5 1/4""",,,,,16.52 CF,,,Structural Bamboo (CLB),,,,,,Curve,8.548,135.666,14.5,8.548,140.666,14.5,8.548,130.666,14.5,,7.965,130.666,13,9.132,140.666,14.5,8.548,135.666,13.75,,"Assembly Code=B1010 | Assembly Description=Floor Construction | Cut Length=9' - 5 1/4"" | End Level Offset=-0' - 6"" | Reference Level=L 1 | Reference Level Elevation=15' - 0"" | Start Level Offset=-0' - 6"" | Structural Material=Structural Bamboo (CLB) | System Length=10' - 0"" | Volume=16.52 CF | y Offset Value=0' - 0"" | z Offset Value=0' - 0"""
661768,Structural Framing,Glulam-Western Species,14x18,,,,,,B1010,,"9' - 5 1/4""",,,,,16.52 CF,,,Structural Bamboo (CLB),,,,,,Curve,129.548,140.666,14.5,124.548,140.666,14.5,134.548,140.666,14.5,,124.548,140.083,13,134.548,141.249,14.5,129.548,140.666,13.75,,"Assembly Code=B1010 | Assembly Description=Floor Construction | Cut Length=9' - 5 1/4"" | End Level Offset=-0' - 6"" | Reference Level=L 1 | Reference Level Elevation=15' - 0"" | Start Level Offset=-0' - 6"" | Structural Material=Structural Bamboo (CLB) | System Length=10' - 0"" | Volume=16.52 CF | y Offset Value=0' - 0"" | z Offset Value=0' - 0"""
661960,Structural Framing,Glulam-Western Species,14x18,,,,,,B1010,,"9' - 5 1/4""",,,,,16.52 CF,,,Structural Bamboo (CLB),,,,,,Curve,129.548,198.666,14.5,134.548,198.666,14.5,124.548,198.666,14.5,,124.548,198.083,13,134.548,199.249,14.5,129.548,198.666,13.75,,"Assembly Code=B1010 | Assembly Description=Floor Construction | Cut Length=9' - 5 1/4"" | End Level Offset=-0' - 6"" | Reference Level=L 1 | Reference Level Elevation=15' - 0"" | Start Level Offset=-0' - 6"" | Structural Material=Structural Bamboo (CLB) | System Length=10' - 0"" | Volume=16.52 CF | y Offset Value=0' - 0"" | z Offset Value=0' - 0"""
662335,Structural Framing,Glulam-Western Species,14x18,,,,,,B1010,,"9' - 5 1/4""",,,,,16.52 CF,,,Structural Bamboo (CLB),,,,,,Curve,3.548,140.666,14.5,8.548,140.666,14.5,-1.452,140.666,14.5,,-1.452,140.083,13,8.548,141.249,14.5,3.548,140.666,13.75,,"Assembly Code=B1010 | Assembly Description=Floor Construction | Cut Length=9' - 5 1/4"" | End Level Offset=-0' - 6"" | Reference Level=L 1 | Reference Level Elevation=15' - 0"" | Start Level Offset=-0' - 6"" | Structural Material=Structural Bamboo (CLB) | System Length=10' - 0"" | Volume=16.52 CF | y Offset Value=0' - 0"" | z Offset Value=0' - 0"""
662336,Structural Framing,Glulam-Western Species,14x18,,,,,,B1010,,"9' - 5 1/4""",,,,,16.52 CF,,,Structural Bamboo (CLB),,,,,,Curve,3.548,169.666,14.5,8.548,169.666,14.5,-1.452,169.666,14.5,,-1.452,169.083,13,8.548,170.249,14.5,3.548,169.666,13.75,,"Assembly Code=B1010 | Assembly Description=Floor Construction | Cut Length=9' - 5 1/4"" | End Level Offset=-0' - 6"" | Reference Level=L 1 | Reference Level Elevation=15' - 0"" | Start Level Offset=-0' - 6"" | Structural Material=Structural Bamboo (CLB) | System Length=10' - 0"" | Volume=16.52 CF | y Offset Value=0' - 0"" | z Offset Value=0' - 0"""
662337,Structural Framing,Glulam-Western Species,14x18,,,,,,B1010,,"9' - 5 1/4""",,,,,16.52 CF,,,Structural Bamboo (CLB),,,,,,Curve,3.548,198.666,14.5,8.548,198.666,14.5,-1.452,198.666,14.5,,-1.452,198.083,13,8.548,199.249,14.5,3.548,198.666,13.75,,"Assembly Code=B1010 | Assembly Description=Floor Construction | Cut Length=9' - 5 1/4"" | End Level Offset=-0' - 6"" | Reference Level=L 1 | Reference Level Elevation=15' - 0"" | Start Level Offset=-0' - 6"" | Structural Material=Structural Bamboo (CLB) | System Length=10' - 0"" | Volume=16.52 CF | y Offset Value=0' - 0"" | z Offset Value=0' - 0"""
662462,Structural Framing,Glulam-Western Species,14x18,,,,,,B1010,,"9' - 5 1/4""",,,,,16.52 CF,,,Structural Bamboo (CLB),,,,,,Curve,8.548,203.666,26.5,8.548,198.666,26.5,8.548,208.666,26.5,,7.965,198.666,25,9.132,208.666,26.5,8.548,203.666,25.75,,"Assembly Code=B1010 | Assembly Description=Floor Construction | Cut Length=9' - 5 1/4"" | End Level Offset=-3' - 6"" | Reference Level=Roof | Reference Level Elevation=30' - 0"" | Start Level Offset=-3' - 6"" | Structural Material=Structural Bamboo (CLB) | System Length=10' - 0"" | Volume=16.52 CF | y Offset Value=0' - 0"" | z Offset Value=0' - 0"""
662491,Structural Framing,Glulam-Western Species,14x18,,,,,,B1010,,"9' - 5 1/4""",,,,,16.52 CF,,,Structural Bamboo (CLB),,,,,,Curve,23.048,203.666,26.5,23.048,198.666,26.5,23.048,208.666,26.5,,22.465,198.666,25,23.632,208.666,26.5,23.048,203.666,25.75,,"Assembly Code=B1010 | Assembly Description=Floor Construction | Cut Length=9' - 5 1/4"" | End Level Offset=-3' - 6"" | Reference Level=Roof | Reference Level Elevation=30' - 0"" | Start Level Offset=-3' - 6"" | Structural Material=Structural Bamboo (CLB) | System Length=10' - 0"" | Volume=16.52 CF | y Offset Value=0' - 0"" | z Offset Value=0' - 0"""
662530,Structural Framing,Glulam-Western Species,14x18,,,,,,B1010,,"9' - 5 1/4""",,,,,16.52 CF,,,Structural Bamboo (CLB),,,,,,Curve,37.548,203.666,26.5,37.548,198.666,26.5,37.548,208.666,26.5,,36.965,198.666,25,38.132,208.666,26.5,37.548,203.666,25.75,,"Assembly Code=B1010 | Assembly Description=Floor Construction | Cut Length=9' - 5 1/4"" | End Level Offset=-3' - 6"" | Reference Level=Roof | Reference Level Elevation=30' - 0"" | Start Level Offset=-3' - 6"" | Structural Material=Structural Bamboo (CLB) | System Length=10' - 0"" | Volume=16.52 CF | y Offset Value=0' - 0"" | z Offset Value=0' - 0"""
662560,Structural Framing,Glulam-Western Species,14x18,,,,,,B1010,,"9' - 5 1/4""",,,,,16.52 CF,,,Structural Bamboo (CLB),,,,,,Curve,52.048,203.666,26.5,52.048,198.666,26.5,52.048,208.666,26.5,,51.465,198.666,25,52.632,208.666,26.5,52.048,203.666,25.75,,"Assembly Code=B1010 | Assembly Description=Floor Construction | Cut Length=9' - 5 1/4"" | End Level Offset=-3' - 6"" | Reference Level=Roof | Reference Level Elevation=30' - 0"" | Start Level Offset=-3' - 6"" | Structural Material=Structural Bamboo (CLB) | System Length=10' - 0"" | Volume=16.52 CF | y Offset Value=0' - 0"" | z Offset Value=0' - 0"""
662669,Structural Framing,Glulam-Western Species,14x18,,,,,,B1010,,"9' - 5 1/4""",,,,,16.52 CF,,,Structural Bamboo (CLB),,,,,,Curve,8.548,203.666,14.5,8.548,198.666,14.5,8.548,208.666,14.5,,7.965,198.666,13,9.132,208.666,14.5,8.548,203.666,13.75,,"Assembly Code=B1010 | Assembly Description=Floor Construction | Cut Length=9' - 5 1/4"" | End Level Offset=-0' - 6"" | Reference Level=L 1 | Reference Level Elevation=15' - 0"" | Start Level Offset=-0' - 6"" | Structural Material=Structural Bamboo (CLB) | System Length=10' - 0"" | Volume=16.52 CF | y Offset Value=0' - 0"" | z Offset Value=0' - 0"""
662670,Structural Framing,Glulam-Western Species,14x18,,,,,,B1010,,"9' - 5 1/4""",,,,,16.52 CF,,,Structural Bamboo (CLB),,,,,,Curve,23.048,203.666,14.5,23.048,198.666,14.5,23.048,208.666,14.5,,22.465,198.666,13,23.632,208.666,14.5,23.048,203.666,13.75,,"Assembly Code=B1010 | Assembly Description=Floor Construction | Cut Length=9' - 5 1/4"" | End Level Offset=-0' - 6"" | Reference Level=L 1 | Reference Level Elevation=15' - 0"" | Start Level Offset=-0' - 6"" | Structural Material=Structural Bamboo (CLB) | System Length=10' - 0"" | Volume=16.52 CF | y Offset Value=0' - 0"" | z Offset Value=0' - 0"""
662671,Structural Framing,Glulam-Western Species,14x18,,,,,,B1010,,"9' - 5 1/4""",,,,,16.52 CF,,,Structural Bamboo (CLB),,,,,,Curve,37.548,203.666,14.5,37.548,198.666,14.5,37.548,208.666,14.5,,36.965,198.666,13,38.132,208.666,14.5,37.548,203.666,13.75,,"Assembly Code=B1010 | Assembly Description=Floor Construction | Cut Length=9' - 5 1/4"" | End Level Offset=-0' - 6"" | Reference Level=L 1 | Reference Level Elevation=15' - 0"" | Start Level Offset=-0' - 6"" | Structural Material=Structural Bamboo (CLB) | System Length=10' - 0"" | Volume=16.52 CF | y Offset Value=0' - 0"" | z Offset Value=0' - 0"""
662672,Structural Framing,Glulam-Western Species,14x18,,,,,,B1010,,"9' - 5 1/4""",,,,,16.52 CF,,,Structural Bamboo (CLB),,,,,,Curve,52.048,203.666,14.5,52.048,198.666,14.5,52.048,208.666,14.5,,51.465,198.666,13,52.632,208.666,14.5,52.048,203.666,13.75,,"Assembly Code=B1010 | Assembly Description=Floor Construction | Cut Length=9' - 5 1/4"" | End Level Offset=-0' - 6"" | Reference Level=L 1 | Reference Level Elevation=15' - 0"" | Start Level Offset=-0' - 6"" | Structural Material=Structural Bamboo (CLB) | System Length=10' - 0"" | Volume=16.52 CF | y Offset Value=0' - 0"" | z Offset Value=0' - 0"""
664493,Structural Framing,Glulam-Western Species,14x18,,,,,,B1010,,"20' - 9 1/4""",,,,,36.35 CF,,,Structural Bamboo (CLB),,,,,,Curve,23.048,151.614,-0.5,23.048,140.666,-0.5,23.048,162.562,-0.5,,22.465,140.666,-2,23.632,162.562,-0.5,23.048,151.614,-1.25,,"Assembly Code=B1010 | Assembly Description=Floor Construction | Cut Length=20' - 9 1/4"" | End Level Offset=-0' - 6"" | Reference Level=L 0 | Reference Level Elevation=0' - 0"" | Start Level Offset=-0' - 6"" | Structural Material=Structural Bamboo (CLB) | System Length=21' - 10 3/4"" | Volume=36.35 CF | y Offset Value=0' - 0"" | z Offset Value=0' - 0"""
665010,Structural Framing,Glulam-Western Species,14x18,,,,,,B1010,,"13' - 4 1/2""",,,,,23.41 CF,,,Structural Bamboo (CLB),,,,,,Curve,23.048,191.416,-0.5,23.048,198.666,-0.5,23.048,184.166,-0.5,,22.465,184.166,-2,23.632,198.666,-0.5,23.048,191.416,-1.25,,"Assembly Code=B1010 | Assembly Description=Floor Construction | Cut Length=13' - 4 1/2"" | End Level Offset=-0' - 6"" | Reference Level=L 0 | Reference Level Elevation=0' - 0"" | Start Level Offset=-0' - 6"" | Structural Material=Structural Bamboo (CLB) | System Length=14' - 6"" | Volume=23.41 CF | y Offset Value=0' - 0"" | z Offset Value=0' - 0"""
665471,Structural Framing,Glulam-Western Species,14x18,,,,,,B1010,,"19' - 6 1/4""",,,,,34.16 CF,,,Structural Bamboo (CLB),,,,,,Curve,52.048,150.708,-0.5,52.048,140.666,-0.5,52.048,160.749,-0.5,,51.465,140.666,-2,52.632,160.749,-0.5,52.048,150.708,-1.25,,"Assembly Code=B1010 | Assembly Description=Floor Construction | Cut Length=19' - 6 1/4"" | End Level Offset=-0' - 6"" | Reference Level=L 0 | Reference Level Elevation=0' - 0"" | Start Level Offset=-0' - 6"" | Structural Material=Structural Bamboo (CLB) | System Length=20' - 1"" | Volume=34.16 CF | y Offset Value=0' - 0"" | z Offset Value=0' - 0"""
668818,Structural Columns,Timber-Column,14x14,,,,L 0,,B10,,,,,,,18.98 CF,,,Structural Bamboo (CLB),,L 0,L 1,"0' - 0""","0' - 0""",Point,37.548,169.666,0,,,,,,,0,36.986,169.104,0,38.111,170.229,15,37.548,169.666,7.5,,"Assembly Code=B10 | Assembly Description=Superstructure | Base Level=L 0 | Base Offset=0' - 0"" | Column Location Mark=D-4 | Level=L 0 | Structural Material=Structural Bamboo (CLB) | System Length=15' - 0"" | Top Level=L 1 | Top Offset=0' - 0"" | Volume=18.98 CF"
669594,Structural Framing,Concrete-Rectangular Beam,16 x 16,,,,,,A1010,,"27' - 8""",,,,,49.19 CF,,,"Concrete, Normal Weight - 4 ksi",,,,,,Curve,52.048,155.166,-15,52.048,169.666,-15,52.048,140.666,-15,,51.382,140.666,-16.333,52.715,169.666,-15,52.048,155.166,-15.667,,"Assembly Code=A1010 | Assembly Description=Standard Foundations | Cut Length=27' - 8"" | End Level Offset=0' - 0"" | Reference Level=L -1 | Reference Level Elevation=-15' - 0"" | Start Level Offset=0' - 0"" | Structural Material=Concrete, Normal Weight - 4 ksi | System Length=29' - 0"" | Volume=49.19 CF | y Offset Value=0' - 0"" | z Offset Value=0' - 0"""
669708,Structural Framing,Concrete-Rectangular Beam,16 x 16,,,,,,A1010,,"27' - 8""",,,,,49.19 CF,,,"Concrete, Normal Weight - 4 ksi",,,,,,Curve,81.048,155.166,-15,81.048,169.666,-15,81.048,140.666,-15,,80.382,140.666,-16.333,81.715,169.666,-15,81.048,155.166,-15.667,,"Assembly Code=A1010 | Assembly Description=Standard Foundations | Cut Length=27' - 8"" | End Level Offset=0' - 0"" | Reference Level=L -1 | Reference Level Elevation=-15' - 0"" | Start Level Offset=0' - 0"" | Structural Material=Concrete, Normal Weight - 4 ksi | System Length=29' - 0"" | Volume=49.19 CF | y Offset Value=0' - 0"" | z Offset Value=0' - 0"""
670047,Structural Framing,Concrete-Rectangular Beam,16 x 16,,,,,,A1010,,"27' - 8""",,,,,49.19 CF,,,"Concrete, Normal Weight - 4 ksi",,,,,,Curve,110.048,155.166,-15,110.048,169.666,-15,110.048,140.666,-15,,109.382,140.666,-16.333,110.715,169.666,-15,110.048,155.166,-15.667,,"Assembly Code=A1010 | Assembly Description=Standard Foundations | Cut Length=27' - 8"" | End Level Offset=0' - 0"" | Reference Level=L -1 | Reference Level Elevation=-15' - 0"" | Start Level Offset=0' - 0"" | Structural Material=Concrete, Normal Weight - 4 ksi | System Length=29' - 0"" | Volume=49.19 CF | y Offset Value=0' - 0"" | z Offset Value=0' - 0"""
670564,Structural Framing,Concrete-Rectangular Beam,16 x 16,,,,,,A1010,,"13' - 2""",,,,,23.41 CF,,,"Concrete, Normal Weight - 4 ksi",,,,,,Curve,23.048,176.916,-15,23.048,169.666,-15,23.048,184.166,-15,,22.382,169.666,-16.333,23.715,184.166,-15,23.048,176.916,-15.667,,"Assembly Code=A1010 | Assembly Description=Standard Foundations | Cut Length=13' - 2"" | End Level Offset=0' - 0"" | Reference Level=L -1 | Reference Level Elevation=-15' - 0"" | Start Level Offset=0' - 0"" | Structural Material=Concrete, Normal Weight - 4 ksi | System Length=14' - 6"" | Volume=23.41 CF | y Offset Value=0' - 0"" | z Offset Value=0' - 0"""
671455,Structural Framing,Concrete-Rectangular Beam,16 x 16,,,,,,A1010,,"29' - 0""",,,,,49.74 CF,,,"Concrete, Normal Weight - 4 ksi",,,,,,Curve,110.048,256.666,-2,95.548,256.666,-2,124.548,256.666,-2,,95.548,255.999,-3.333,124.548,257.333,-2,110.048,256.666,-2.667,,"Assembly Code=A1010 | Assembly Description=Standard Foundations | Cut Length=29' - 0"" | End Level Offset=-2' - 0"" | Reference Level=L 0 | Reference Level Elevation=0' - 0"" | Start Level Offset=-2' - 0"" | Structural Material=Concrete, Normal Weight - 4 ksi | System Length=29' - 0"" | Volume=49.74 CF | y Offset Value=0' - 0"" | z Offset Value=0' - 0"""
671646,Structural Framing,Glulam-Western Species,14x18,,,,,,B1010,,"27' - 10 1/2""",,,,,48.78 CF,,,Structural Bamboo (CLB),,,,,,Curve,66.548,155.166,-0.5,66.548,169.666,-0.5,66.548,140.666,-0.5,,65.965,140.666,-2,67.132,169.666,-0.5,66.548,155.166,-1.25,,"Assembly Code=B1010 | Assembly Description=Floor Construction | Cut Length=27' - 10 1/2"" | End Level Offset=-0' - 6"" | Reference Level=L 0 | Reference Level Elevation=0' - 0"" | Start Level Offset=-0' - 6"" | Structural Material=Structural Bamboo (CLB) | System Length=29' - 0"" | Volume=48.78 CF | y Offset Value=0' - 0"" | z Offset Value=0' - 0"""
671736,Structural Framing,Glulam-Western Species,14x18,,,,,,B1010,,"27' - 10 1/2""",,,,,48.78 CF,,,Structural Bamboo (CLB),,,,,,Curve,81.048,155.166,-0.5,81.048,169.666,-0.5,81.048,140.666,-0.5,,80.465,140.666,-2,81.632,169.666,-0.5,81.048,155.166,-1.25,,"Assembly Code=B1010 | Assembly Description=Floor Construction | Cut Length=27' - 10 1/2"" | End Level Offset=-0' - 6"" | Reference Level=L 0 | Reference Level Elevation=0' - 0"" | Start Level Offset=-0' - 6"" | Structural Material=Structural Bamboo (CLB) | System Length=29' - 0"" | Volume=48.78 CF | y Offset Value=0' - 0"" | z Offset Value=0' - 0"""
671775,Structural Framing,Glulam-Western Species,14x18,,,,,,B1010,,"27' - 10 1/2""",,,,,48.78 CF,,,Structural Bamboo (CLB),,,,,,Curve,95.548,155.166,-0.5,95.548,169.666,-0.5,95.548,140.666,-0.5,,94.965,140.666,-2,96.132,169.666,-0.5,95.548,155.166,-1.25,,"Assembly Code=B1010 | Assembly Description=Floor Construction | Cut Length=27' - 10 1/2"" | End Level Offset=-0' - 6"" | Reference Level=L 0 | Reference Level Elevation=0' - 0"" | Start Level Offset=-0' - 6"" | Structural Material=Structural Bamboo (CLB) | System Length=29' - 0"" | Volume=48.78 CF | y Offset Value=0' - 0"" | z Offset Value=0' - 0"""
672414,Structural Framing,Glulam-Western Species,14x18,,,,,,B1010,,"13' - 9 1/4""",,,,,24.10 CF,,,Structural Bamboo (CLB),,,,,,Curve,124.548,176.999,-0.5,124.548,169.999,-0.5,124.548,183.999,-0.5,,123.965,169.999,-2,125.132,183.999,-0.5,124.548,176.999,-1.25,,"Assembly Code=B1010 | Assembly Description=Floor Construction | Cut Length=13' - 9 1/4"" | End Level Offset=-0' - 6"" | Reference Level=L 0 | Reference Level Elevation=0' - 0"" | Start Level Offset=-0' - 6"" | Structural Material=Structural Bamboo (CLB) | System Length=14' - 0"" | Volume=24.10 CF | y Offset Value=0' - 0"" | z Offset Value=0' - 0"""
672526,Structural Framing,Glulam-Western Species,14x18,,,,,,B1010,,"27' - 10 1/2""",,,,,48.78 CF,,,Structural Bamboo (CLB),,,,,,Curve,110.048,155.166,-0.5,110.048,169.666,-0.5,110.048,140.666,-0.5,,109.465,140.666,-2,110.632,169.666,-0.5,110.048,155.166,-1.25,,"Assembly Code=B1010 | Assembly Description=Floor Construction | Cut Length=27' - 10 1/2"" | End Level Offset=-0' - 6"" | Reference Level=L 0 | Reference Level Elevation=0' - 0"" | Start Level Offset=-0' - 6"" | Structural Material=Structural Bamboo (CLB) | System Length=29' - 0"" | Volume=48.78 CF | y Offset Value=0' - 0"" | z Offset Value=0' - 0"""
672824,Structural Framing,Glulam-Western Species,14x18,,,,,,B1010,,"27' - 10 1/2""",,,,,48.78 CF,,,Structural Bamboo (CLB),,,,,,Curve,8.548,155.166,-0.5,8.548,169.666,-0.5,8.548,140.666,-0.5,,7.965,140.666,-2,9.132,169.666,-0.5,8.548,155.166,-1.25,,"Assembly Code=B1010 | Assembly Description=Floor Construction | Cut Length=27' - 10 1/2"" | End Level Offset=-0' - 6"" | Reference Level=L 0 | Reference Level Elevation=0' - 0"" | Start Level Offset=-0' - 6"" | Structural Material=Structural Bamboo (CLB) | System Length=29' - 0"" | Volume=48.78 CF | y Offset Value=0' - 0"" | z Offset Value=0' - 0"""
672959,Structural Framing,Glulam-Western Species,14x18,,,,,,B1010,,"8' - 8 1/8""",,,,,15.18 CF,,,Structural Bamboo (CLB),,,,,,Curve,23.048,179.677,-0.5,23.048,184.427,-0.5,23.048,174.927,-0.5,,22.465,174.927,-2,23.632,184.427,-0.5,23.048,179.677,-1.25,,"Assembly Code=B1010 | Assembly Description=Floor Construction | Cut Length=8' - 8 1/8"" | End Level Offset=-0' - 6"" | Reference Level=L 0 | Reference Level Elevation=0' - 0"" | Start Level Offset=-0' - 6"" | Structural Material=Structural Bamboo (CLB) | System Length=9' - 6"" | Volume=15.18 CF | y Offset Value=0' - 0"" | z Offset Value=0' - 0"""
673977,Structural Framing,Glulam-Western Species,14x18,,,,,,B1010,,"27' - 10 1/2""",,,,,48.78 CF,,,Structural Bamboo (CLB),,,,,,Curve,8.548,155.166,14.5,8.548,169.666,14.5,8.548,140.666,14.5,,7.965,140.666,13,9.132,169.666,14.5,8.548,155.166,13.75,,"Assembly Code=B1010 | Assembly Description=Floor Construction | Cut Length=27' - 10 1/2"" | End Level Offset=-0' - 6"" | Reference Level=L 1 | Reference Level Elevation=15' - 0"" | Start Level Offset=-0' - 6"" | Structural Material=Structural Bamboo (CLB) | System Length=29' - 0"" | Volume=48.78 CF | y Offset Value=0' - 0"" | z Offset Value=0' - 0"""
674148,Structural Framing,Glulam-Western Species,14x18,,,,,,B1010,,"15' - 3 3/8""",,,,,26.75 CF,,,Structural Bamboo (CLB),,,,,,Curve,37.548,176.916,14.5,37.548,184.166,14.5,37.548,169.666,14.5,,36.965,168.881,13,38.132,184.166,14.5,37.548,176.523,13.75,,"Assembly Code=B1010 | Assembly Description=Floor Construction | Cut Length=15' - 3 3/8"" | End Level Offset=-0' - 6"" | Reference Level=L 1 | Reference Level Elevation=15' - 0"" | Start Level Offset=-0' - 6"" | Structural Material=Structural Bamboo (CLB) | System Length=14' - 6"" | Volume=26.75 CF | y Offset Value=0' - 0"" | z Offset Value=0' - 0"""
674851,Structural Framing,Glulam-Western Species,14x18,,,,,,B1010,,"19' - 6 1/4""",,,,,34.16 CF,,,Structural Bamboo (CLB),,,,,,Curve,52.048,150.708,14.5,52.048,160.749,14.5,52.048,140.666,14.5,,51.465,140.666,13,52.632,160.749,14.5,52.048,150.708,13.75,,"Assembly Code=B1010 | Assembly Description=Floor Construction | Cut Length=19' - 6 1/4"" | End Level Offset=-0' - 6"" | Reference Level=L 1 | Reference Level Elevation=15' - 0"" | Start Level Offset=-0' - 6"" | Structural Material=Structural Bamboo (CLB) | System Length=20' - 1"" | Volume=34.16 CF | y Offset Value=0' - 0"" | z Offset Value=0' - 0"""
674893,Structural Framing,Glulam-Western Species,14x18,,,,,,B1010,,"27' - 10 1/2""",,,,,48.78 CF,,,Structural Bamboo (CLB),,,,,,Curve,66.548,155.166,14.5,66.548,169.666,14.5,66.548,140.666,14.5,,65.965,140.666,13,67.132,169.666,14.5,66.548,155.166,13.75,,"Assembly Code=B1010 | Assembly Description=Floor Construction | Cut Length=27' - 10 1/2"" | End Level Offset=-0' - 6"" | Reference Level=L 1 | Reference Level Elevation=15' - 0"" | Start Level Offset=-0' - 6"" | Structural Material=Structural Bamboo (CLB) | System Length=29' - 0"" | Volume=48.78 CF | y Offset Value=0' - 0"" | z Offset Value=0' - 0"""
675283,Structural Framing,Glulam-Western Species,14x18,,,,,,B1010,,"27' - 10 1/2""",,,,,48.78 CF,,,Structural Bamboo (CLB),,,,,,Curve,81.048,155.166,14.5,81.048,169.666,14.5,81.048,140.666,14.5,,80.465,140.666,13,81.632,169.666,14.5,81.048,155.166,13.75,,"Assembly Code=B1010 | Assembly Description=Floor Construction | Cut Length=27' - 10 1/2"" | End Level Offset=-0' - 6"" | Reference Level=L 1 | Reference Level Elevation=15' - 0"" | Start Level Offset=-0' - 6"" | Structural Material=Structural Bamboo (CLB) | System Length=29' - 0"" | Volume=48.78 CF | y Offset Value=0' - 0"" | z Offset Value=0' - 0"""
676672,Structural Framing,Glulam-Western Species,14x18,,,,,,B1010,,"13' - 4 1/2""",,,,,23.41 CF,,,Structural Bamboo (CLB),,,,,,Curve,23.048,191.416,14.5,23.048,184.166,14.5,23.048,198.666,14.5,,22.465,184.166,13,23.632,198.666,14.5,23.048,191.416,13.75,,"Assembly Code=B1010 | Assembly Description=Floor Construction | Cut Length=13' - 4 1/2"" | End Level Offset=-0' - 6"" | Reference Level=L 1 | Reference Level Elevation=15' - 0"" | Start Level Offset=-0' - 6"" | Structural Material=Structural Bamboo (CLB) | System Length=14' - 6"" | Volume=23.41 CF | y Offset Value=0' - 0"" | z Offset Value=0' - 0"""
676820,Structural Framing,Glulam-Western Species,14x18,,,,,,B1010,,"27' - 10 1/2""",,,,,48.78 CF,,,Structural Bamboo (CLB),,,,,,Curve,95.548,155.166,14.5,95.548,169.666,14.5,95.548,140.666,14.5,,94.965,140.666,13,96.132,169.666,14.5,95.548,155.166,13.75,,"Assembly Code=B1010 | Assembly Description=Floor Construction | Cut Length=27' - 10 1/2"" | End Level Offset=-0' - 6"" | Reference Level=L 1 | Reference Level Elevation=15' - 0"" | Start Level Offset=-0' - 6"" | Structural Material=Structural Bamboo (CLB) | System Length=29' - 0"" | Volume=48.78 CF | y Offset Value=0' - 0"" | z Offset Value=0' - 0"""
677144,Structural Framing,Glulam-Western Species,14x18,,,,,,B1010,,"27' - 10 1/2""",,,,,48.78 CF,,,Structural Bamboo (CLB),,,,,,Curve,110.048,155.166,14.5,110.048,169.666,14.5,110.048,140.666,14.5,,109.465,140.666,13,110.632,169.666,14.5,110.048,155.166,13.75,,"Assembly Code=B1010 | Assembly Description=Floor Construction | Cut Length=27' - 10 1/2"" | End Level Offset=-0' - 6"" | Reference Level=L 1 | Reference Level Elevation=15' - 0"" | Start Level Offset=-0' - 6"" | Structural Material=Structural Bamboo (CLB) | System Length=29' - 0"" | Volume=48.78 CF | y Offset Value=0' - 0"" | z Offset Value=0' - 0"""
677462,Structural Framing,Glulam-Western Species,14x18,,,,,,B1010,,"27' - 10 1/2""",,,,,48.78 CF,,,Structural Bamboo (CLB),,,,,,Curve,95.548,155.166,26.5,95.548,169.666,26.5,95.548,140.666,26.5,,94.965,140.666,25,96.132,169.666,26.5,95.548,155.166,25.75,,"Assembly Code=B1010 | Assembly Description=Floor Construction | Cut Length=27' - 10 1/2"" | End Level Offset=-3' - 6"" | Reference Level=Roof | Reference Level Elevation=30' - 0"" | Start Level Offset=-3' - 6"" | Structural Material=Structural Bamboo (CLB) | System Length=29' - 0"" | Volume=48.78 CF | y Offset Value=0' - 0"" | z Offset Value=0' - 0"""
677531,Structural Framing,Glulam-Western Species,14x18,,,,,,B1010,,"27' - 10 1/2""",,,,,48.78 CF,,,Structural Bamboo (CLB),,,,,,Curve,81.048,155.166,26.5,81.048,169.666,26.5,81.048,140.666,26.5,,80.465,140.666,25,81.632,169.666,26.5,81.048,155.166,25.75,,"Assembly Code=B1010 | Assembly Description=Floor Construction | Cut Length=27' - 10 1/2"" | End Level Offset=-3' - 6"" | Reference Level=Roof | Reference Level Elevation=30' - 0"" | Start Level Offset=-3' - 6"" | Structural Material=Structural Bamboo (CLB) | System Length=29' - 0"" | Volume=48.78 CF | y Offset Value=0' - 0"" | z Offset Value=0' - 0"""
677618,Structural Framing,Glulam-Western Species,14x18,,,,,,B1010,,"27' - 10 1/2""",,,,,48.78 CF,,,Structural Bamboo (CLB),,,,,,Curve,66.548,155.166,26.5,66.548,169.666,26.5,66.548,140.666,26.5,,65.965,140.666,25,67.132,169.666,26.5,66.548,155.166,25.75,,"Assembly Code=B1010 | Assembly Description=Floor Construction | Cut Length=27' - 10 1/2"" | End Level Offset=-3' - 6"" | Reference Level=Roof | Reference Level Elevation=30' - 0"" | Start Level Offset=-3' - 6"" | Structural Material=Structural Bamboo (CLB) | System Length=29' - 0"" | Volume=48.78 CF | y Offset Value=0' - 0"" | z Offset Value=0' - 0"""
677777,Structural Framing,Glulam-Western Species,14x18,,,,,,B1010,,"19' - 6 1/4""",,,,,34.16 CF,,,Structural Bamboo (CLB),,,,,,Curve,52.048,150.708,26.5,52.048,160.749,26.5,52.048,140.666,26.5,,51.465,140.666,25,52.632,160.749,26.5,52.048,150.708,25.75,,"Assembly Code=B1010 | Assembly Description=Floor Construction | Cut Length=19' - 6 1/4"" | End Level Offset=-3' - 6"" | Reference Level=Roof | Reference Level Elevation=30' - 0"" | Start Level Offset=-3' - 6"" | Structural Material=Structural Bamboo (CLB) | System Length=20' - 1"" | Volume=34.16 CF | y Offset Value=0' - 0"" | z Offset Value=0' - 0"""
677855,Structural Framing,Glulam-Western Species,14x36,,,,,,,,"27' - 10 1/2""",,,,,97.56 CF,,,Structural Bamboo (CLB),,,,,,Curve,124.548,242.166,26.5,124.548,227.666,26.5,124.548,256.666,26.5,,123.965,227.666,23.5,125.132,256.666,26.5,124.548,242.166,25,,"Cut Length=27' - 10 1/2"" | End Level Offset=-3' - 6"" | Reference Level=Roof | Reference Level Elevation=30' - 0"" | Start Level Offset=-3' - 6"" | Structural Material=Structural Bamboo (CLB) | System Length=29' - 0"" | Volume=97.56 CF | y Offset Value=0' - 0"" | z Offset Value=0' - 0"""
678054,Structural Framing,Glulam-Western Species,14x36,,,,,,,,"27' - 10 1/2""",,,,,97.56 CF,,,Structural Bamboo (CLB),,,,,,Curve,66.548,242.166,26.5,66.548,227.666,26.5,66.548,256.666,26.5,,65.965,227.666,23.5,67.132,256.666,26.5,66.548,242.166,25,,"Cut Length=27' - 10 1/2"" | End Level Offset=-3' - 6"" | Reference Level=Roof | Reference Level Elevation=30' - 0"" | Start Level Offset=-3' - 6"" | Structural Material=Structural Bamboo (CLB) | System Length=29' - 0"" | Volume=97.56 CF | y Offset Value=0' - 0"" | z Offset Value=0' - 0"""
678180,Structural Framing,Glulam-Western Species,14x18,,,,,,B1010,,"27' - 10 1/2""",,,,,48.78 CF,,,Structural Bamboo (CLB),,,,,,Curve,110.048,155.166,26.5,110.048,169.666,26.5,110.048,140.666,26.5,,109.465,140.666,25,110.632,169.666,26.5,110.048,155.166,25.75,,"Assembly Code=B1010 | Assembly Description=Floor Construction | Cut Length=27' - 10 1/2"" | End Level Offset=-3' - 6"" | Reference Level=Roof | Reference Level Elevation=30' - 0"" | Start Level Offset=-3' - 6"" | Structural Material=Structural Bamboo (CLB) | System Length=29' - 0"" | Volume=48.78 CF | y Offset Value=0' - 0"" | z Offset Value=0' - 0"""
678315,Structural Framing,Glulam-Western Species,14x18,,,,,,B1010,,"13' - 11 1/4""",,,,,24.39 CF,,,Structural Bamboo (CLB),,,,,,Curve,124.548,176.916,26.5,124.548,169.666,26.5,124.548,184.166,26.5,,123.965,169.666,25,125.132,184.166,26.5,124.548,176.916,25.75,,"Assembly Code=B1010 | Assembly Description=Floor Construction | Cut Length=13' - 11 1/4"" | End Level Offset=-3' - 6"" | Reference Level=Roof | Reference Level Elevation=30' - 0"" | Start Level Offset=-3' - 6"" | Structural Material=Structural Bamboo (CLB) | System Length=14' - 6"" | Volume=24.39 CF | y Offset Value=0' - 0"" | z Offset Value=0' - 0"""
678744,Structural Framing,Glulam-Western Species,14x18,,,,,,B1010,,"17' - 2 3/8""",,,,,30.10 CF,,,Structural Bamboo (CLB),,,,,,Curve,110.048,178.828,26.5,110.048,187.989,26.5,110.048,169.666,26.5,,109.465,169.666,25,110.632,187.989,26.5,110.048,178.828,25.75,,"Assembly Code=B1010 | Assembly Description=Floor Construction | Cut Length=17' - 2 3/8"" | End Level Offset=-3' - 6"" | Reference Level=Roof | Reference Level Elevation=30' - 0"" | Start Level Offset=-3' - 6"" | Structural Material=Structural Bamboo (CLB) | System Length=18' - 3 7/8"" | Volume=30.10 CF | y Offset Value=0' - 0"" | z Offset Value=0' - 0"""
678868,Structural Framing,Glulam-Western Species,14x36,,,,,,,,"5' - 7 1/8""",,,,,19.59 CF,,,Structural Bamboo (CLB),,,,,,Curve,124.548,259.826,26.5,124.548,256.826,26.5,124.548,262.826,26.5,,123.965,256.826,23.5,125.132,262.826,26.5,124.548,259.826,25,,"Cut Length=5' - 7 1/8"" | End Level Offset=-3' - 6"" | Reference Level=Roof | Reference Level Elevation=30' - 0"" | Start Level Offset=-3' - 6"" | Structural Material=Structural Bamboo (CLB) | System Length=6' - 0"" | Volume=19.59 CF | y Offset Value=0' - 0"" | z Offset Value=0' - 0"""
679076,Structural Framing,Glulam-Western Species,14x36,,,,,,,,"5' - 7 1/8""",,,,,19.59 CF,,,Structural Bamboo (CLB),,,,,,Curve,66.548,259.826,26.5,66.548,256.826,26.5,66.548,262.826,26.5,,65.965,256.826,23.5,67.132,262.826,26.5,66.548,259.826,25,,"Cut Length=5' - 7 1/8"" | End Level Offset=-3' - 6"" | Reference Level=Roof | Reference Level Elevation=30' - 0"" | Start Level Offset=-3' - 6"" | Structural Material=Structural Bamboo (CLB) | System Length=6' - 0"" | Volume=19.59 CF | y Offset Value=0' - 0"" | z Offset Value=0' - 0"""
679347,Structural Framing,Glulam-Western Species,14x36,,,,,,,,"27' - 10 1/2""",,,,,97.56 CF,,,Structural Bamboo (CLB),,,,,,Curve,110.048,256.666,26.5,95.548,256.666,26.5,124.548,256.666,26.5,,95.548,256.083,23.5,124.548,257.249,26.5,110.048,256.666,25,,"Cut Length=27' - 10 1/2"" | End Level Offset=-3' - 6"" | Reference Level=Roof | Reference Level Elevation=30' - 0"" | Start Level Offset=-3' - 6"" | Structural Material=Structural Bamboo (CLB) | System Length=29' - 0"" | Volume=97.56 CF | y Offset Value=0' - 0"" | z Offset Value=0' - 0"""
680397,Structural Framing,Glulam-Western Species,14x36,,,,,,,,"2' - 11 1/2""",,,,,10.35 CF,,,Structural Bamboo (CLB),,,,,,Curve,126.194,242.166,26.5,124.548,242.166,26.5,127.84,242.166,26.5,,124.548,241.583,23.5,127.84,242.749,26.5,126.194,242.166,25,,"Cut Length=2' - 11 1/2"" | End Level Offset=-3' - 6"" | Reference Level=Roof | Reference Level Elevation=30' - 0"" | Start Level Offset=-3' - 6"" | Structural Material=Structural Bamboo (CLB) | System Length=3' - 3 1/2"" | Volume=10.35 CF | y Offset Value=0' - 0"" | z Offset Value=0' - 0"""
680682,Structural Framing,Glulam-Western Species,14x36,,,,,,,,"2' - 8 3/4""",,,,,9.55 CF,,,Structural Bamboo (CLB),,,,,,Curve,126.194,256.666,26.5,124.548,256.666,26.5,127.84,256.666,26.5,,124.548,256.083,23.5,127.84,257.249,26.5,126.194,256.666,25,,"Cut Length=2' - 8 3/4"" | End Level Offset=-3' - 6"" | Reference Level=Roof | Reference Level Elevation=30' - 0"" | Start Level Offset=-3' - 6"" | Structural Material=Structural Bamboo (CLB) | System Length=3' - 3 1/2"" | Volume=9.55 CF | y Offset Value=0' - 0"" | z Offset Value=0' - 0"""
680912,Structural Framing,Glulam-Western Species,14x36,,,,,,,,"2' - 8 3/4""",,,,,9.55 CF,,,Structural Bamboo (CLB),,,,,,Curve,126.194,227.666,26.5,124.548,227.666,26.5,127.84,227.666,26.5,,124.548,227.083,23.5,127.84,228.249,26.5,126.194,227.666,25,,"Cut Length=2' - 8 3/4"" | End Level Offset=-3' - 6"" | Reference Level=Roof | Reference Level Elevation=30' - 0"" | Start Level Offset=-3' - 6"" | Structural Material=Structural Bamboo (CLB) | System Length=3' - 3 1/2"" | Volume=9.55 CF | y Offset Value=0' - 0"" | z Offset Value=0' - 0"""
681310,Structural Framing,Glulam-Western Species,14x36,,,,,,,,"2' - 8 1/2""",,,,,9.48 CF,,,Structural Bamboo (CLB),,,,,,Curve,126.194,213.166,26.5,124.548,213.166,26.5,127.84,213.166,26.5,,124.548,212.583,23.5,127.84,213.749,26.5,126.194,213.166,25,,"Cut Length=2' - 8 1/2"" | End Level Offset=-3' - 6"" | Reference Level=Roof | Reference Level Elevation=30' - 0"" | Start Level Offset=-3' - 6"" | Structural Material=Structural Bamboo (CLB) | System Length=3' - 3 1/2"" | Volume=9.48 CF | y Offset Value=0' - 0"" | z Offset Value=0' - 0"""
681743,Structural Framing,Glulam-Western Species,14x18,,,,,,B1010,,"27' - 10 1/2""",,,,,48.78 CF,,,Structural Bamboo (CLB),,,,,,Curve,8.548,155.166,26.5,8.548,169.666,26.5,8.548,140.666,26.5,,7.965,140.666,25,9.132,169.666,26.5,8.548,155.166,25.75,,"Assembly Code=B1010 | Assembly Description=Floor Construction | Cut Length=27' - 10 1/2"" | End Level Offset=-3' - 6"" | Reference Level=Roof | Reference Level Elevation=30' - 0"" | Start Level Offset=-3' - 6"" | Structural Material=Structural Bamboo (CLB) | System Length=29' - 0"" | Volume=48.78 CF | y Offset Value=0' - 0"" | z Offset Value=0' - 0"""
682112,Structural Framing,Glulam-Western Species,14x18,,,,,,B1010,,"8' - 10 1/8""",,,,,15.48 CF,,,Structural Bamboo (CLB),,,,,,Curve,23.048,179.177,26.5,23.048,183.927,26.5,23.048,174.427,26.5,,22.465,174.427,25,23.632,183.927,26.5,23.048,179.177,25.75,,"Assembly Code=B1010 | Assembly Description=Floor Construction | Cut Length=8' - 10 1/8"" | End Level Offset=26' - 6"" | Reference Level=L 0 | Reference Level Elevation=0' - 0"" | Start Level Offset=26' - 6"" | Structural Material=Structural Bamboo (CLB) | System Length=9' - 6"" | Volume=15.48 CF | y Offset Value=0' - 0"" | z Offset Value=0' - 0"""
682671,Structural Framing,Glulam-Western Species,14x18,,,,,,B1010,,"13' - 9 1/4""",,,,,24.10 CF,,,Structural Bamboo (CLB),,,,,,Curve,124.548,176.749,14.5,124.548,169.499,14.5,124.548,183.999,14.5,,123.965,169.499,13,125.132,183.999,14.5,124.548,176.749,13.75,,"Assembly Code=B1010 | Assembly Description=Floor Construction | Cut Length=13' - 9 1/4"" | End Level Offset=-0' - 6"" | Reference Level=L 1 | Reference Level Elevation=15' - 0"" | Start Level Offset=-0' - 6"" | Structural Material=Structural Bamboo (CLB) | System Length=14' - 6"" | Volume=24.10 CF | y Offset Value=0' - 0"" | z Offset Value=0' - 0"""
688597,Structural Framing,Concrete-Rectangular Beam,16 x 16,,,,,,A1010,,"13' - 2""",,,,,23.41 CF,,,"Concrete, Normal Weight - 4 ksi",,,,,,Curve,88.298,169.666,-15,81.048,169.666,-15,95.548,169.666,-15,,81.048,168.999,-16.333,95.548,170.333,-15,88.298,169.666,-15.667,,"Assembly Code=A1010 | Assembly Description=Standard Foundations | Cut Length=13' - 2"" | End Level Offset=0' - 0"" | Reference Level=L -1 | Reference Level Elevation=-15' - 0"" | Start Level Offset=0' - 0"" | Structural Material=Concrete, Normal Weight - 4 ksi | System Length=14' - 6"" | Volume=23.41 CF | y Offset Value=0' - 0"" | z Offset Value=0' - 0"""
688927,Structural Framing,Concrete-Rectangular Beam,16 x 16,,,,,,A1010,,"14' - 6""",,,,,24.22 CF,,,"Concrete, Normal Weight - 4 ksi",,,,,,Curve,117.298,169.666,-15,110.048,169.666,-15,124.548,169.666,-15,,110.048,168.999,-16.333,125.215,170.333,-15,117.632,169.666,-15.667,,"Assembly Code=A1010 | Assembly Description=Standard Foundations | Cut Length=14' - 6"" | End Level Offset=0' - 0"" | Reference Level=L -1 | Reference Level Elevation=-15' - 0"" | Start Level Offset=0' - 0"" | Structural Material=Concrete, Normal Weight - 4 ksi | System Length=14' - 6"" | Volume=24.22 CF | y Offset Value=0' - 0"" | z Offset Value=0' - 0"""
690052,Structural Framing,Concrete-Rectangular Beam,16 x 16,,,,,,A1010,,"13' - 2""",,,,,23.41 CF,,,"Concrete, Normal Weight - 4 ksi",,,,,,Curve,59.298,169.666,-15,52.048,169.666,-15,66.548,169.666,-15,,52.048,168.999,-16.333,66.548,170.333,-15,59.298,169.666,-15.667,,"Assembly Code=A1010 | Assembly Description=Standard Foundations | Cut Length=13' - 2"" | End Level Offset=0' - 0"" | Reference Level=L -1 | Reference Level Elevation=-15' - 0"" | Start Level Offset=0' - 0"" | Structural Material=Concrete, Normal Weight - 4 ksi | System Length=14' - 6"" | Volume=23.41 CF | y Offset Value=0' - 0"" | z Offset Value=0' - 0"""
691023,Structural Framing,Concrete-Rectangular Beam,16 x 16,,,,,,A1010,,"13' - 2""",,,,,23.41 CF,,,"Concrete, Normal Weight - 4 ksi",,,,,,Curve,23.048,191.416,-15,23.048,184.166,-15,23.048,198.666,-15,,22.382,184.166,-16.333,23.715,198.666,-15,23.048,191.416,-15.667,,"Assembly Code=A1010 | Assembly Description=Standard Foundations | Cut Length=13' - 2"" | End Level Offset=0' - 0"" | Reference Level=L -1 | Reference Level Elevation=-15' - 0"" | Start Level Offset=0' - 0"" | Structural Material=Concrete, Normal Weight - 4 ksi | System Length=14' - 6"" | Volume=23.41 CF | y Offset Value=0' - 0"" | z Offset Value=0' - 0"""
691156,Structural Framing,Concrete-Rectangular Beam,16 x 16,,,,,,A1010,,"13' - 2""",,,,,23.41 CF,,,"Concrete, Normal Weight - 4 ksi",,,,,,Curve,37.548,176.916,-15,37.548,184.166,-15,37.548,169.666,-15,,36.882,169.666,-16.333,38.215,184.166,-15,37.548,176.916,-15.667,,"Assembly Code=A1010 | Assembly Description=Standard Foundations | Cut Length=13' - 2"" | End Level Offset=0' - 0"" | Reference Level=L -1 | Reference Level Elevation=-15' - 0"" | Start Level Offset=0' - 0"" | Structural Material=Concrete, Normal Weight - 4 ksi | System Length=14' - 6"" | Volume=23.41 CF | y Offset Value=0' - 0"" | z Offset Value=0' - 0"""
691789,Structural Framing,Concrete-Rectangular Beam,16 x 16,,,,,,A1010,,"6' - 4""",,,,,9.93 CF,,,"Concrete, Normal Weight - 4 ksi",,,,,,Curve,23.048,166.166,-15,23.048,162.666,-15,23.048,169.666,-15,,22.382,162.666,-16.333,23.715,169.666,-15,23.048,166.166,-15.667,,"Assembly Code=A1010 | Assembly Description=Standard Foundations | Cut Length=6' - 4"" | End Level Offset=0' - 0"" | Reference Level=L -1 | Reference Level Elevation=-15' - 0"" | Start Level Offset=0' - 0"" | Structural Material=Concrete, Normal Weight - 4 ksi | System Length=7' - 0"" | Volume=9.93 CF | y Offset Value=0' - 0"" | z Offset Value=0' - 0"""
694397,Structural Framing,Concrete-Rectangular Beam,16 x 16,,,,,,A1010,,"13' - 10""",,,,,23.93 CF,,,"Concrete, Normal Weight - 4 ksi",,,,,,Curve,88.298,198.666,-15,81.048,198.666,-15,95.548,198.666,-15,,81.048,197.999,-16.333,95.548,199.333,-15,88.298,198.666,-15.667,,"Assembly Code=A1010 | Assembly Description=Standard Foundations | Cut Length=13' - 10"" | End Level Offset=0' - 0"" | Reference Level=L -1 | Reference Level Elevation=-15' - 0"" | Start Level Offset=0' - 0"" | Structural Material=Concrete, Normal Weight - 4 ksi | System Length=14' - 6"" | Volume=23.93 CF | y Offset Value=0' - 0"" | z Offset Value=0' - 0"""
695171,Structural Framing,Concrete-Rectangular Beam,16 x 16,,,,,,A1010,,"14' - 6""",,,,,23.93 CF,,,"Concrete, Normal Weight - 4 ksi",,,,,,Curve,117.298,198.666,-15,110.048,198.666,-15,124.548,198.666,-15,,110.048,197.999,-16.333,125.215,199.333,-15,117.632,198.666,-15.667,,"Assembly Code=A1010 | Assembly Description=Standard Foundations | Cut Length=14' - 6"" | End Level Offset=0' - 0"" | Reference Level=L -1 | Reference Level Elevation=-15' - 0"" | Start Level Offset=0' - 0"" | Structural Material=Concrete, Normal Weight - 4 ksi | System Length=14' - 6"" | Volume=23.93 CF | y Offset Value=0' - 0"" | z Offset Value=0' - 0"""
713630,Parts,,,Floors,Floor,"Bamboo - 6""",Roof,,,,,,"0' - 6""","0' - 6""",13335 SF,6667.40 CF,,,Structural Bamboo (CLB),,Roof,,,,BoundingBox,66.548,196.756,26.75,,,,,,,,-1.452,130.687,26.5,134.548,262.826,27,66.548,196.756,26.75,,"Area=13335 SF | Base Level=Roof | Material=Structural Bamboo (CLB) | Material By Original=True | Thickness=0' - 6"" | Volume=6667.40 CF"
726867,Parts,,,Floors,Floor,"Bamboo - 6""",Roof,,,,,,"0' - 6""","0' - 6""",290 SF,145.00 CF,,,Structural Bamboo (CLB),,Roof,,,,BoundingBox,23.048,145.166,26.75,,,,,,,,8.548,140.166,26.5,37.548,150.166,27,23.048,145.166,26.75,,"Area=290 SF | Base Level=Roof | Material=Structural Bamboo (CLB) | Material By Original=True | Thickness=0' - 6"" | Volume=145.00 CF"
726868,Parts,,,Floors,Floor,"Bamboo - 6""",Roof,,,,,,"0' - 6""","0' - 6""",283 SF,141.38 CF,,,Structural Bamboo (CLB),,Roof,,,,BoundingBox,23.048,155.041,26.75,,,,,,,,8.548,150.166,26.5,37.548,159.916,27,23.048,155.041,26.75,,"Area=283 SF | Base Level=Roof | Material=Structural Bamboo (CLB) | Material By Original=True | Thickness=0' - 6"" | Volume=141.38 CF"
726869,Parts,,,Floors,Floor,"Bamboo - 6""",Roof,,,,,,"0' - 6""","0' - 6""",141 SF,70.69 CF,,,Structural Bamboo (CLB),,Roof,,,,BoundingBox,41.173,159.916,26.75,,,,,,,,37.548,150.166,26.5,44.798,169.666,27,41.173,159.916,26.75,,"Area=141 SF | Base Level=Roof | Material=Structural Bamboo (CLB) | Material By Original=True | Thickness=0' - 6"" | Volume=70.69 CF"
726870,Parts,,,Floors,Floor,"Bamboo - 6""",Roof,,,,,,"0' - 6""","0' - 6""",105 SF,52.56 CF,,,Structural Bamboo (CLB),,Roof,,,,BoundingBox,62.923,162.416,26.75,,,,,,,,59.298,155.166,26.5,66.548,169.666,27,62.923,162.416,26.75,,"Area=105 SF | Base Level=Roof | Material=Structural Bamboo (CLB) | Material By Original=True | Thickness=0' - 6"" | Volume=52.56 CF"
726876,Parts,,,Floors,Floor,"Bamboo - 6""",Roof,,,,,,"0' - 6""","0' - 6""",210 SF,105.13 CF,,,Structural Bamboo (CLB),,Roof,,,,BoundingBox,81.048,158.791,26.75,,,,,,,,66.548,155.166,26.5,95.548,162.416,27,81.048,158.791,26.75,,"Area=210 SF | Base Level=Roof | Material=Structural Bamboo (CLB) | Material By Original=True | Thickness=0' - 6"" | Volume=105.13 CF"
726879,Parts,,,Floors,Floor,"Bamboo - 6""",Roof,,,,,,"0' - 6""","0' - 6""",210 SF,105.13 CF,,,Structural Bamboo (CLB),,Roof,,,,BoundingBox,52.048,187.791,26.75,,,,,,,,37.548,184.166,26.5,66.548,191.416,27,52.048,187.791,26.75,,"Area=210 SF | Base Level=Roof | Material=Structural Bamboo (CLB) | Material By Original=True | Thickness=0' - 6"" | Volume=105.13 CF"
726880,Parts,,,Floors,Floor,"Bamboo - 6""",Roof,,,,,,"0' - 6""","0' - 6""",210 SF,105.13 CF,,,Structural Bamboo (CLB),,Roof,,,,BoundingBox,23.048,195.041,26.75,,,,,,,,8.548,191.416,26.5,37.548,198.666,27,23.048,195.041,26.75,,"Area=210 SF | Base Level=Roof | Material=Structural Bamboo (CLB) | Material By Original=True | Thickness=0' - 6"" | Volume=105.13 CF"
726883,Parts,,,Floors,Floor,"Bamboo - 6""",Roof,,,,,,"0' - 6""","0' - 6""",210 SF,105.13 CF,,,Structural Bamboo (CLB),,Roof,,,,BoundingBox,23.048,202.291,26.75,,,,,,,,8.548,198.666,26.5,37.548,205.916,27,23.048,202.291,26.75,,"Area=210 SF | Base Level=Roof | Material=Structural Bamboo (CLB) | Material By Original=True | Thickness=0' - 6"" | Volume=105.13 CF"
726889,Parts,,,Floors,Floor,"Bamboo - 6""",Roof,,,,,,"0' - 6""","0' - 6""",210 SF,105.13 CF,,,Structural Bamboo (CLB),,Roof,,,,BoundingBox,81.048,173.291,26.75,,,,,,,,66.548,169.666,26.5,95.548,176.916,27,81.048,173.291,26.75,,"Area=210 SF | Base Level=Roof | Material=Structural Bamboo (CLB) | Material By Original=True | Thickness=0' - 6"" | Volume=105.13 CF"
726890,Parts,,,Floors,Floor,"Bamboo - 6""",Roof,,,,,,"0' - 6""","0' - 6""",210 SF,105.13 CF,,,Structural Bamboo (CLB),,Roof,,,,BoundingBox,81.048,187.791,26.75,,,,,,,,66.548,184.166,26.5,95.548,191.416,27,81.048,187.791,26.75,,"Area=210 SF | Base Level=Roof | Material=Structural Bamboo (CLB) | Material By Original=True | Thickness=0' - 6"" | Volume=105.13 CF"
726891,Parts,,,Floors,Floor,"Bamboo - 6""",Roof,,,,,,"0' - 6""","0' - 6""",210 SF,105.13 CF,,,Structural Bamboo (CLB),,Roof,,,,BoundingBox,81.048,180.541,26.75,,,,,,,,66.548,176.916,26.5,95.548,184.166,27,81.048,180.541,26.75,,"Area=210 SF | Base Level=Roof | Material=Structural Bamboo (CLB) | Material By Original=True | Thickness=0' - 6"" | Volume=105.13 CF"
726892,Parts,,,Floors,Floor,"Bamboo - 6""",Roof,,,,,,"0' - 6""","0' - 6""",210 SF,105.13 CF,,,Structural Bamboo (CLB),,Roof,,,,BoundingBox,52.048,180.541,26.75,,,,,,,,37.548,176.916,26.5,66.548,184.166,27,52.048,180.541,26.75,,"Area=210 SF | Base Level=Roof | Material=Structural Bamboo (CLB) | Material By Original=True | Thickness=0' - 6"" | Volume=105.13 CF"
726894,Parts,,,Floors,Floor,"Bamboo - 6""",Roof,,,,,,"0' - 6""","0' - 6""",215 SF,107.47 CF,,,Structural Bamboo (CLB),,Roof,,,,BoundingBox,80.725,245.791,26.75,,,,,,,,65.902,242.166,26.5,95.548,249.416,27,80.725,245.791,26.75,,"Area=215 SF | Base Level=Roof | Material=Structural Bamboo (CLB) | Material By Original=True | Thickness=0' - 6"" | Volume=107.47 CF"
726895,Parts,,,Floors,Floor,"Bamboo - 6""",Roof,,,,,,"0' - 6""","0' - 6""",215 SF,107.47 CF,,,Structural Bamboo (CLB),,Roof,,,,BoundingBox,80.725,238.541,26.75,,,,,,,,65.902,234.916,26.5,95.548,242.166,27,80.725,238.541,26.75,,"Area=215 SF | Base Level=Roof | Material=Structural Bamboo (CLB) | Material By Original=True | Thickness=0' - 6"" | Volume=107.47 CF"
726899,Parts,,,Floors,Floor,"Bamboo - 6""",Roof,,,,,,"0' - 6""","0' - 6""",210 SF,105.13 CF,,,Structural Bamboo (CLB),,Roof,,,,BoundingBox,81.048,166.041,26.75,,,,,,,,66.548,162.416,26.5,95.548,169.666,27,81.048,166.041,26.75,,"Area=210 SF | Base Level=Roof | Material=Structural Bamboo (CLB) | Material By Original=True | Thickness=0' - 6"" | Volume=105.13 CF"
726906,Parts,,,Floors,Floor,"Bamboo - 6""",Roof,,,,,,"0' - 6""","0' - 6""",75 SF,37.33 CF,,,Structural Bamboo (CLB),,Roof,,,,BoundingBox,109.752,186.499,26.75,,,,,,,,101.752,184.166,26.5,117.752,188.833,27,109.752,186.499,26.75,,"Area=75 SF | Base Level=Roof | Material=Structural Bamboo (CLB) | Material By Original=True | Thickness=0' - 6"" | Volume=37.33 CF"
726909,Parts,,,Floors,Floor,"Bamboo - 6""",Roof,,,,,,"0' - 6""","0' - 6""",210 SF,105.05 CF,,,Structural Bamboo (CLB),,Roof,,,,BoundingBox,110.038,180.541,26.75,,,,,,,,95.548,176.916,26.5,124.527,184.166,27,110.038,180.541,26.75,,"Area=210 SF | Base Level=Roof | Material=Structural Bamboo (CLB) | Material By Original=True | Thickness=0' - 6"" | Volume=105.05 CF"
726912,Parts,,,Floors,Floor,"Bamboo - 6""",Roof,,,,,,"0' - 6""","0' - 6""",214 SF,106.86 CF,,,Structural Bamboo (CLB),,Roof,,,,BoundingBox,110.288,209.541,26.75,,,,,,,,95.548,205.916,26.5,125.027,213.166,27,110.288,209.541,26.75,,"Area=214 SF | Base Level=Roof | Material=Structural Bamboo (CLB) | Material By Original=True | Thickness=0' - 6"" | Volume=106.86 CF"
726913,Parts,,,Floors,Floor,"Bamboo - 6""",Roof,,,,,,"0' - 6""","0' - 6""",214 SF,106.86 CF,,,Structural Bamboo (CLB),,Roof,,,,BoundingBox,110.288,216.791,26.75,,,,,,,,95.548,213.166,26.5,125.027,220.416,27,110.288,216.791,26.75,,"Area=214 SF | Base Level=Roof | Material=Structural Bamboo (CLB) | Material By Original=True | Thickness=0' - 6"" | Volume=106.86 CF"
726914,Parts,,,Floors,Floor,"Bamboo - 6""",Roof,,,,,,"0' - 6""","0' - 6""",214 SF,106.86 CF,,,Structural Bamboo (CLB),,Roof,,,,BoundingBox,110.288,231.291,26.75,,,,,,,,95.548,227.666,26.5,125.027,234.916,27,110.288,231.291,26.75,,"Area=214 SF | Base Level=Roof | Material=Structural Bamboo (CLB) | Material By Original=True | Thickness=0' - 6"" | Volume=106.86 CF"
726915,Parts,,,Floors,Floor,"Bamboo - 6""",Roof,,,,,,"0' - 6""","0' - 6""",214 SF,106.86 CF,,,Structural Bamboo (CLB),,Roof,,,,BoundingBox,110.288,224.041,26.75,,,,,,,,95.548,220.416,26.5,125.027,227.666,27,110.288,224.041,26.75,,"Area=214 SF | Base Level=Roof | Material=Structural Bamboo (CLB) | Material By Original=True | Thickness=0' - 6"" | Volume=106.86 CF"
726916,Parts,,,Floors,Floor,"Bamboo - 6""",Roof,,,,,,"0' - 6""","0' - 6""",214 SF,106.86 CF,,,Structural Bamboo (CLB),,Roof,,,,BoundingBox,110.288,245.791,26.75,,,,,,,,95.548,242.166,26.5,125.027,249.416,27,110.288,245.791,26.75,,"Area=214 SF | Base Level=Roof | Material=Structural Bamboo (CLB) | Material By Original=True | Thickness=0' - 6"" | Volume=106.86 CF"
726918,Parts,,,Floors,Floor,"Bamboo - 6""",Roof,,,,,,"0' - 6""","0' - 6""",214 SF,106.86 CF,,,Structural Bamboo (CLB),,Roof,,,,BoundingBox,110.288,238.541,26.75,,,,,,,,95.548,234.916,26.5,125.027,242.166,27,110.288,238.541,26.75,,"Area=214 SF | Base Level=Roof | Material=Structural Bamboo (CLB) | Material By Original=True | Thickness=0' - 6"" | Volume=106.86 CF"
726922,Parts,,,Floors,Floor,"Bamboo - 6""",Roof,,,,,,"0' - 6""","0' - 6""",41 SF,20.39 CF,,,Structural Bamboo (CLB),,Roof,,,,BoundingBox,126.434,234.916,26.75,,,,,,,,125.027,227.666,26.5,127.84,242.166,27,126.434,234.916,26.75,,"Area=41 SF | Base Level=Roof | Material=Structural Bamboo (CLB) | Material By Original=True | Thickness=0' - 6"" | Volume=20.39 CF"
732262,Parts,,,Floors,Floor,"Bamboo - 6""",Roof,,,,,,"0' - 6""","0' - 6""",102 SF,50.92 CF,,,Structural Bamboo (CLB),,Roof,,,,BoundingBox,12.055,167.177,26.75,,,,,,,,8.548,159.916,26.5,15.561,174.437,27,12.055,167.177,26.75,,"Area=102 SF | Base Level=Roof | Material=Structural Bamboo (CLB) | Material By Original=True | Thickness=0' - 6"" | Volume=50.92 CF"
732263,Parts,,,Floors,Floor,"Bamboo - 6""",Roof,,,,,,"0' - 6""","0' - 6""",51 SF,25.64 CF,,,Structural Bamboo (CLB),,Roof,,,,BoundingBox,22.246,161.834,26.75,,,,,,,,15.561,159.916,26.5,28.931,163.752,27,22.246,161.834,26.75,,"Area=51 SF | Base Level=Roof | Material=Structural Bamboo (CLB) | Material By Original=True | Thickness=0' - 6"" | Volume=25.64 CF"
732264,Parts,,,Floors,Floor,"Bamboo - 6""",Roof,,,,,,"0' - 6""","0' - 6""",210 SF,105.13 CF,,,Structural Bamboo (CLB),,Roof,,,,BoundingBox,52.048,173.291,26.75,,,,,,,,37.548,169.666,26.5,66.548,176.916,27,52.048,173.291,26.75,,"Area=210 SF | Base Level=Roof | Material=Structural Bamboo (CLB) | Material By Original=True | Thickness=0' - 6"" | Volume=105.13 CF"
732265,Parts,,,Floors,Floor,"Bamboo - 6""",Roof,,,,,,"0' - 6""","0' - 6""",128 SF,63.96 CF,,,Structural Bamboo (CLB),,Roof,,,,BoundingBox,33.239,167.338,26.75,,,,,,,,28.931,159.916,26.5,37.548,174.76,27,33.239,167.338,26.75,,"Area=128 SF | Base Level=Roof | Material=Structural Bamboo (CLB) | Material By Original=True | Thickness=0' - 6"" | Volume=63.96 CF"
732266,Parts,,,Floors,Floor,"Bamboo - 6""",Roof,,,,,,"0' - 6""","0' - 6""",179 SF,89.42 CF,,,Structural Bamboo (CLB),,Roof,,,,BoundingBox,17.739,179.302,26.75,,,,,,,,8.548,174.437,26.5,26.931,184.166,27,17.739,179.302,26.75,,"Area=179 SF | Base Level=Roof | Material=Structural Bamboo (CLB) | Material By Original=True | Thickness=0' - 6"" | Volume=89.42 CF"
732267,Parts,,,Floors,Floor,"Bamboo - 6""",Roof,,,,,,"0' - 6""","0' - 6""",210 SF,105.13 CF,,,Structural Bamboo (CLB),,Roof,,,,BoundingBox,23.048,187.791,26.75,,,,,,,,8.548,184.166,26.5,37.548,191.416,27,23.048,187.791,26.75,,"Area=210 SF | Base Level=Roof | Material=Structural Bamboo (CLB) | Material By Original=True | Thickness=0' - 6"" | Volume=105.13 CF"
732268,Parts,,,Floors,Floor,"Bamboo - 6""",Roof,,,,,,"0' - 6""","0' - 6""",9 SF,4.74 CF,,,Structural Bamboo (CLB),,Roof,,,,BoundingBox,32.239,179.463,26.75,,,,,,,,26.931,174.76,26.5,37.548,184.166,27,32.239,179.463,26.75,,"Area=9 SF | Base Level=Roof | Material=Structural Bamboo (CLB) | Material By Original=True | Thickness=0' - 6"" | Volume=4.74 CF"
732678,Parts,,,Floors,Floor,"Bamboo - 6""",Roof,,,,,,"0' - 6""","0' - 6""",210 SF,105.13 CF,,,Structural Bamboo (CLB),,Roof,,,,BoundingBox,52.048,195.041,26.75,,,,,,,,37.548,191.416,26.5,66.548,198.666,27,52.048,195.041,26.75,,"Area=210 SF | Base Level=Roof | Material=Structural Bamboo (CLB) | Material By Original=True | Thickness=0' - 6"" | Volume=105.13 CF"
732681,Parts,,,Floors,Floor,"Bamboo - 6""",Roof,,,,,,"0' - 6""","0' - 6""",210 SF,105.13 CF,,,Structural Bamboo (CLB),,Roof,,,,BoundingBox,81.048,195.041,26.75,,,,,,,,66.548,191.416,26.5,95.548,198.666,27,81.048,195.041,26.75,,"Area=210 SF | Base Level=Roof | Material=Structural Bamboo (CLB) | Material By Original=True | Thickness=0' - 6"" | Volume=105.13 CF"
732683,Parts,,,Floors,Floor,"Bamboo - 6""",Roof,,,,,,"0' - 6""","0' - 6""",10 SF,4.83 CF,,,Structural Bamboo (CLB),,Roof,,,,BoundingBox,101.419,191.416,26.75,,,,,,,,101.086,184.166,26.5,101.752,198.666,27,101.419,191.416,26.75,,"Area=10 SF | Base Level=Roof | Material=Structural Bamboo (CLB) | Material By Original=True | Thickness=0' - 6"" | Volume=4.83 CF"
732684,Parts,,,Floors,Floor,"Bamboo - 6""",Roof,,,,,,"0' - 6""","0' - 6""",80 SF,40.15 CF,,,Structural Bamboo (CLB),,Roof,,,,BoundingBox,98.317,191.416,26.75,,,,,,,,95.548,184.166,26.5,101.086,198.666,27,98.317,191.416,26.75,,"Area=80 SF | Base Level=Roof | Material=Structural Bamboo (CLB) | Material By Original=True | Thickness=0' - 6"" | Volume=40.15 CF"
732685,Parts,,,Floors,Floor,"Bamboo - 6""",Roof,,,,,,"0' - 6""","0' - 6""",157 SF,78.67 CF,,,Structural Bamboo (CLB),,Roof,,,,BoundingBox,109.752,193.749,26.75,,,,,,,,101.752,188.833,26.5,117.752,198.666,27,109.752,193.749,26.75,,"Area=157 SF | Base Level=Roof | Material=Structural Bamboo (CLB) | Material By Original=True | Thickness=0' - 6"" | Volume=78.67 CF"
732686,Parts,,,Floors,Floor,"Bamboo - 6""",Roof,,,,,,"0' - 6""","0' - 6""",98 SF,49.12 CF,,,Structural Bamboo (CLB),,Roof,,,,BoundingBox,121.14,191.416,26.75,,,,,,,,117.752,184.166,26.5,124.527,198.666,27,121.14,191.416,26.75,,"Area=98 SF | Base Level=Roof | Material=Structural Bamboo (CLB) | Material By Original=True | Thickness=0' - 6"" | Volume=49.12 CF"
733004,Parts,,,Floors,Floor,"Bamboo - 6""",Roof,,,,,,"0' - 6""","0' - 6""",210 SF,105.13 CF,,,Structural Bamboo (CLB),,Roof,,,,BoundingBox,52.048,202.291,26.75,,,,,,,,37.548,198.666,26.5,66.548,205.916,27,52.048,202.291,26.75,,"Area=210 SF | Base Level=Roof | Material=Structural Bamboo (CLB) | Material By Original=True | Thickness=0' - 6"" | Volume=105.13 CF"
733006,Parts,,,Floors,Floor,"Bamboo - 6""",Roof,,,,,,"0' - 6""","0' - 6""",210 SF,105.13 CF,,,Structural Bamboo (CLB),,Roof,,,,BoundingBox,81.048,202.291,26.75,,,,,,,,66.548,198.666,26.5,95.548,205.916,27,81.048,202.291,26.75,,"Area=210 SF | Base Level=Roof | Material=Structural Bamboo (CLB) | Material By Original=True | Thickness=0' - 6"" | Volume=105.13 CF"
733452,Parts,,,Floors,Floor,"Bamboo - 6""",Roof,,,,,,"0' - 6""","0' - 6""",215 SF,107.47 CF,,,Structural Bamboo (CLB),,Roof,,,,BoundingBox,80.725,209.541,26.75,,,,,,,,65.902,205.916,26.5,95.548,213.166,27,80.725,209.541,26.75,,"Area=215 SF | Base Level=Roof | Material=Structural Bamboo (CLB) | Material By Original=True | Thickness=0' - 6"" | Volume=107.47 CF"
734384,Parts,,,Floors,Floor,"Bamboo - 6""",Roof,,,,,,"0' - 6""","0' - 6""",215 SF,107.47 CF,,,Structural Bamboo (CLB),,Roof,,,,BoundingBox,80.725,231.291,26.75,,,,,,,,65.902,227.666,26.5,95.548,234.916,27,80.725,231.291,26.75,,"Area=215 SF | Base Level=Roof | Material=Structural Bamboo (CLB) | Material By Original=True | Thickness=0' - 6"" | Volume=107.47 CF"
734385,Parts,,,Floors,Floor,"Bamboo - 6""",Roof,,,,,,"0' - 6""","0' - 6""",215 SF,107.47 CF,,,Structural Bamboo (CLB),,Roof,,,,BoundingBox,80.725,224.041,26.75,,,,,,,,65.902,220.416,26.5,95.548,227.666,27,80.725,224.041,26.75,,"Area=215 SF | Base Level=Roof | Material=Structural Bamboo (CLB) | Material By Original=True | Thickness=0' - 6"" | Volume=107.47 CF"
735849,Parts,,,Floors,Floor,"Bamboo - 6""",Roof,,,,,,"0' - 6""","0' - 6""",58 SF,29.05 CF,,,Structural Bamboo (CLB),,Roof,,,,BoundingBox,126.434,252.496,26.75,,,,,,,,125.027,242.166,26.5,127.84,262.826,27,126.434,252.496,26.75,,"Area=58 SF | Base Level=Roof | Material=Structural Bamboo (CLB) | Material By Original=True | Thickness=0' - 6"" | Volume=29.05 CF"
735850,Parts,,,Floors,Floor,"Bamboo - 6""",Roof,,,,,,"0' - 6""","0' - 6""",215 SF,107.47 CF,,,Structural Bamboo (CLB),,Roof,,,,BoundingBox,80.725,253.041,26.75,,,,,,,,65.902,249.416,26.5,95.548,256.666,27,80.725,253.041,26.75,,"Area=215 SF | Base Level=Roof | Material=Structural Bamboo (CLB) | Material By Original=True | Thickness=0' - 6"" | Volume=107.47 CF"
735851,Parts,,,Floors,Floor,"Bamboo - 6""",Roof,,,,,,"0' - 6""","0' - 6""",183 SF,91.31 CF,,,Structural Bamboo (CLB),,Roof,,,,BoundingBox,80.725,259.746,26.75,,,,,,,,65.902,256.666,26.5,95.548,262.826,27,80.725,259.746,26.75,,"Area=183 SF | Base Level=Roof | Material=Structural Bamboo (CLB) | Material By Original=True | Thickness=0' - 6"" | Volume=91.31 CF"
735852,Parts,,,Floors,Floor,"Bamboo - 6""",Roof,,,,,,"0' - 6""","0' - 6""",214 SF,106.86 CF,,,Structural Bamboo (CLB),,Roof,,,,BoundingBox,110.288,253.041,26.75,,,,,,,,95.548,249.416,26.5,125.027,256.666,27,110.288,253.041,26.75,,"Area=214 SF | Base Level=Roof | Material=Structural Bamboo (CLB) | Material By Original=True | Thickness=0' - 6"" | Volume=106.86 CF"
735853,Parts,,,Floors,Floor,"Bamboo - 6""",Roof,,,,,,"0' - 6""","0' - 6""",182 SF,90.79 CF,,,Structural Bamboo (CLB),,Roof,,,,BoundingBox,110.288,259.746,26.75,,,,,,,,95.548,256.666,26.5,125.027,262.826,27,110.288,259.746,26.75,,"Area=182 SF | Base Level=Roof | Material=Structural Bamboo (CLB) | Material By Original=True | Thickness=0' - 6"" | Volume=90.79 CF"
736281,Parts,,,Floors,Floor,"Bamboo - 6""",Roof,,,,,,"0' - 6""","0' - 6""",141 SF,70.69 CF,,,Structural Bamboo (CLB),,Roof,,,,BoundingBox,48.423,159.916,26.75,,,,,,,,44.798,150.166,26.5,52.048,169.666,27,48.423,159.916,26.75,,"Area=141 SF | Base Level=Roof | Material=Structural Bamboo (CLB) | Material By Original=True | Thickness=0' - 6"" | Volume=70.69 CF"
736282,Parts,,,Floors,Floor,"Bamboo - 6""",Roof,,,,,,"0' - 6""","0' - 6""",105 SF,52.56 CF,,,Structural Bamboo (CLB),,Roof,,,,BoundingBox,55.673,162.416,26.75,,,,,,,,52.048,155.166,26.5,59.298,169.666,27,55.673,162.416,26.75,,"Area=105 SF | Base Level=Roof | Material=Structural Bamboo (CLB) | Material By Original=True | Thickness=0' - 6"" | Volume=52.56 CF"
737137,Parts,,,Floors,Floor,"Bamboo - 6""",Roof,,,,,,"0' - 6""","0' - 6""",95 SF,47.40 CF,,,Structural Bamboo (CLB),,Roof,,,,BoundingBox,3.548,135.427,26.75,,,,,,,,-1.452,130.687,26.5,8.548,140.166,27,3.548,135.427,26.75,,"Area=95 SF | Base Level=Roof | Material=Structural Bamboo (CLB) | Material By Original=True | Thickness=0' - 6"" | Volume=47.40 CF"
737138,Parts,,,Floors,Floor,"Bamboo - 6""",Roof,,,,,,"0' - 6""","0' - 6""",295 SF,147.50 CF,,,Structural Bamboo (CLB),,Roof,,,,BoundingBox,3.548,154.916,26.75,,,,,,,,-1.452,140.166,26.5,8.548,169.666,27,3.548,154.916,26.75,,"Area=295 SF | Base Level=Roof | Material=Structural Bamboo (CLB) | Material By Original=True | Thickness=0' - 6"" | Volume=147.50 CF"
737139,Parts,,,Floors,Floor,"Bamboo - 6""",Roof,,,,,,"0' - 6""","0' - 6""",275 SF,137.45 CF,,,Structural Bamboo (CLB),,Roof,,,,BoundingBox,23.048,135.427,26.75,,,,,,,,8.548,130.687,26.5,37.548,140.166,27,23.048,135.427,26.75,,"Area=275 SF | Base Level=Roof | Material=Structural Bamboo (CLB) | Material By Original=True | Thickness=0' - 6"" | Volume=137.45 CF"
737140,Parts,,,Floors,Floor,"Bamboo - 6""",Roof,,,,,,"0' - 6""","0' - 6""",275 SF,137.45 CF,,,Structural Bamboo (CLB),,Roof,,,,BoundingBox,52.048,135.427,26.75,,,,,,,,37.548,130.687,26.5,66.548,140.166,27,52.048,135.427,26.75,,"Area=275 SF | Base Level=Roof | Material=Structural Bamboo (CLB) | Material By Original=True | Thickness=0' - 6"" | Volume=137.45 CF"
737141,Parts,,,Floors,Floor,"Bamboo - 6""",Roof,,,,,,"0' - 6""","0' - 6""",290 SF,145.00 CF,,,Structural Bamboo (CLB),,Roof,,,,BoundingBox,3.548,184.166,26.75,,,,,,,,-1.452,169.666,26.5,8.548,198.666,27,3.548,184.166,26.75,,"Area=290 SF | Base Level=Roof | Material=Structural Bamboo (CLB) | Material By Original=True | Thickness=0' - 6"" | Volume=145.00 CF"
737142,Parts,,,Floors,Floor,"Bamboo - 6""",Roof,,,,,,"0' - 6""","0' - 6""",33 SF,16.35 CF,,,Structural Bamboo (CLB),,Roof,,,,BoundingBox,3.548,207.552,26.75,,,,,,,,-1.452,205.916,26.5,8.548,209.187,27,3.548,207.552,26.75,,"Area=33 SF | Base Level=Roof | Material=Structural Bamboo (CLB) | Material By Original=True | Thickness=0' - 6"" | Volume=16.35 CF"
737143,Parts,,,Floors,Floor,"Bamboo - 6""",Roof,,,,,,"0' - 6""","0' - 6""",73 SF,36.25 CF,,,Structural Bamboo (CLB),,Roof,,,,BoundingBox,3.548,202.291,26.75,,,,,,,,-1.452,198.666,26.5,8.548,205.916,27,3.548,202.291,26.75,,"Area=73 SF | Base Level=Roof | Material=Structural Bamboo (CLB) | Material By Original=True | Thickness=0' - 6"" | Volume=36.25 CF"
737144,Parts,,,Floors,Floor,"Bamboo - 6""",Roof,,,,,,"0' - 6""","0' - 6""",95 SF,47.43 CF,,,Structural Bamboo (CLB),,Roof,,,,BoundingBox,23.048,207.552,26.75,,,,,,,,8.548,205.916,26.5,37.548,209.187,27,23.048,207.552,26.75,,"Area=95 SF | Base Level=Roof | Material=Structural Bamboo (CLB) | Material By Original=True | Thickness=0' - 6"" | Volume=47.43 CF"
737145,Parts,,,Floors,Floor,"Bamboo - 6""",Roof,,,,,,"0' - 6""","0' - 6""",215 SF,107.47 CF,,,Structural Bamboo (CLB),,Roof,,,,BoundingBox,80.725,216.791,26.75,,,,,,,,65.902,213.166,26.5,95.548,220.416,27,80.725,216.791,26.75,,"Area=215 SF | Base Level=Roof | Material=Structural Bamboo (CLB) | Material By Original=True | Thickness=0' - 6"" | Volume=107.47 CF"
737146,Parts,,,Floors,Floor,"Bamboo - 6""",Roof,,,,,,"0' - 6""","0' - 6""",93 SF,46.37 CF,,,Structural Bamboo (CLB),,Roof,,,,BoundingBox,51.725,207.552,26.75,,,,,,,,37.548,205.916,26.5,65.902,209.187,27,51.725,207.552,26.75,,"Area=93 SF | Base Level=Roof | Material=Structural Bamboo (CLB) | Material By Original=True | Thickness=0' - 6"" | Volume=46.37 CF"
737147,Parts,,,Floors,Floor,"Bamboo - 6""",Roof,,,,,,"0' - 6""","0' - 6""",275 SF,137.45 CF,,,Structural Bamboo (CLB),,Roof,,,,BoundingBox,81.048,135.427,26.75,,,,,,,,66.548,130.687,26.5,95.548,140.166,27,81.048,135.427,26.75,,"Area=275 SF | Base Level=Roof | Material=Structural Bamboo (CLB) | Material By Original=True | Thickness=0' - 6"" | Volume=137.45 CF"
737149,Parts,,,Floors,Floor,"Bamboo - 6""",Roof,,,,,,"0' - 6""","0' - 6""",95 SF,47.49 CF,,,Structural Bamboo (CLB),,Roof,,,,BoundingBox,129.538,135.427,26.75,,,,,,,,124.527,130.687,26.5,134.548,140.166,27,129.538,135.427,26.75,,"Area=95 SF | Base Level=Roof | Material=Structural Bamboo (CLB) | Material By Original=True | Thickness=0' - 6"" | Volume=47.49 CF"
737484,Parts,,,Floors,Floor,"Bamboo - 6""",Roof,,,,,,"0' - 6""","0' - 6""",290 SF,145.00 CF,,,Structural Bamboo (CLB),,Roof,,,,BoundingBox,52.048,145.166,26.75,,,,,,,,37.548,140.166,26.5,66.548,150.166,27,52.048,145.166,26.75,,"Area=290 SF | Base Level=Roof | Material=Structural Bamboo (CLB) | Material By Original=True | Thickness=0' - 6"" | Volume=145.00 CF"
737485,Parts,,,Floors,Floor,"Bamboo - 6""",Roof,,,,,,"0' - 6""","0' - 6""",290 SF,145.00 CF,,,Structural Bamboo (CLB),,Roof,,,,BoundingBox,81.048,145.166,26.75,,,,,,,,66.548,140.166,26.5,95.548,150.166,27,81.048,145.166,26.75,,"Area=290 SF | Base Level=Roof | Material=Structural Bamboo (CLB) | Material By Original=True | Thickness=0' - 6"" | Volume=145.00 CF"
737486,Parts,,,Floors,Floor,"Bamboo - 6""",Roof,,,,,,"0' - 6""","0' - 6""",210 SF,105.05 CF,,,Structural Bamboo (CLB),,Roof,,,,BoundingBox,110.038,158.791,26.75,,,,,,,,95.548,155.166,26.5,124.527,162.416,27,110.038,158.791,26.75,,"Area=210 SF | Base Level=Roof | Material=Structural Bamboo (CLB) | Material By Original=True | Thickness=0' - 6"" | Volume=105.05 CF"
737700,Parts,,,Floors,Floor,"Bamboo - 6""",Roof,,,,,,"0' - 6""","0' - 6""",80 SF,39.81 CF,,,Structural Bamboo (CLB),,Roof,,,,BoundingBox,126.434,213.51,26.75,,,,,,,,125.027,199.354,26.5,127.84,227.666,27,126.434,213.51,26.75,,"Area=80 SF | Base Level=Roof | Material=Structural Bamboo (CLB) | Material By Original=True | Thickness=0' - 6"" | Volume=39.81 CF"
739384,Parts,,,Floors,Floor,"Bamboo - 6""",Roof,,,,,,"0' - 6""","0' - 6""",290 SF,144.90 CF,,,Structural Bamboo (CLB),,Roof,,,,BoundingBox,110.038,145.166,26.75,,,,,,,,95.548,140.166,26.5,124.527,150.166,27,110.038,145.166,26.75,,"Area=290 SF | Base Level=Roof | Material=Structural Bamboo (CLB) | Material By Original=True | Thickness=0' - 6"" | Volume=144.90 CF"
739385,Parts,,,Floors,Floor,"Bamboo - 6""",Roof,,,,,,"0' - 6""","0' - 6""",210 SF,105.05 CF,,,Structural Bamboo (CLB),,Roof,,,,BoundingBox,110.038,166.041,26.75,,,,,,,,95.548,162.416,26.5,124.527,169.666,27,110.038,166.041,26.75,,"Area=210 SF | Base Level=Roof | Material=Structural Bamboo (CLB) | Material By Original=True | Thickness=0' - 6"" | Volume=105.05 CF"
739386,Parts,,,Floors,Floor,"Bamboo - 6""",Roof,,,,,,"0' - 6""","0' - 6""",210 SF,105.05 CF,,,Structural Bamboo (CLB),,Roof,,,,BoundingBox,110.038,173.291,26.75,,,,,,,,95.548,169.666,26.5,124.527,176.916,27,110.038,173.291,26.75,,"Area=210 SF | Base Level=Roof | Material=Structural Bamboo (CLB) | Material By Original=True | Thickness=0' - 6"" | Volume=105.05 CF"
739387,Parts,,,Floors,Floor,"Bamboo - 6""",Roof,,,,,,"0' - 6""","0' - 6""",275 SF,137.35 CF,,,Structural Bamboo (CLB),,Roof,,,,BoundingBox,110.038,135.427,26.75,,,,,,,,95.548,130.687,26.5,124.527,140.166,27,110.038,135.427,26.75,,"Area=275 SF | Base Level=Roof | Material=Structural Bamboo (CLB) | Material By Original=True | Thickness=0' - 6"" | Volume=137.35 CF"
739879,Parts,,,Floors,Floor,"Bamboo - 6""",Roof,,,,,,"0' - 6""","0' - 6""",296 SF,147.76 CF,,,Structural Bamboo (CLB),,Roof,,,,BoundingBox,129.538,154.916,26.75,,,,,,,,124.527,140.166,26.5,134.548,169.666,27,129.538,154.916,26.75,,"Area=296 SF | Base Level=Roof | Material=Structural Bamboo (CLB) | Material By Original=True | Thickness=0' - 6"" | Volume=147.76 CF"
739880,Parts,,,Floors,Floor,"Bamboo - 6""",Roof,,,,,,"0' - 6""","0' - 6""",214 SF,106.86 CF,,,Structural Bamboo (CLB),,Roof,,,,BoundingBox,110.288,202.291,26.75,,,,,,,,95.548,198.666,26.5,125.027,205.916,27,110.288,202.291,26.75,,"Area=214 SF | Base Level=Roof | Material=Structural Bamboo (CLB) | Material By Original=True | Thickness=0' - 6"" | Volume=106.86 CF"
739881,Parts,,,Floors,Floor,"Bamboo - 6""",Roof,,,,,,"0' - 6""","0' - 6""",296 SF,148.02 CF,,,Structural Bamboo (CLB),,Roof,,,,BoundingBox,129.538,184.51,26.75,,,,,,,,124.527,169.666,26.5,134.548,199.354,27,129.538,184.51,26.75,,"Area=296 SF | Base Level=Roof | Material=Structural Bamboo (CLB) | Material By Original=True | Thickness=0' - 6"" | Volume=148.02 CF"
739909,Parts,,,Floors,Floor,"Bamboo - 6""",L 1,,,,,,"0' - 6""","0' - 6""",9571 SF,4785.50 CF,,,Structural Bamboo (CLB),,L 1,,,,BoundingBox,66.548,169.937,14.75,,,,,,,,-1.452,130.687,14.5,134.548,209.187,15,66.548,169.937,14.75,,"Area=9571 SF | Base Level=L 1 | Material=Structural Bamboo (CLB) | Material By Original=True | Thickness=0' - 6"" | Volume=4785.50 CF"
746245,Parts,,,Floors,Floor,"Bamboo - 6""",L 1,,,,,,"0' - 6""","0' - 6""",100 SF,50.21 CF,,,Structural Bamboo (CLB),,L 1,,,,BoundingBox,3.548,135.708,14.75,,,,,,,,-1.452,130.687,14.5,8.548,140.729,15,3.548,135.708,14.75,,"Area=100 SF | Base Level=L 1 | Material=Structural Bamboo (CLB) | Material By Original=True | Thickness=0' - 6"" | Volume=50.21 CF"
746246,Parts,,,Floors,Floor,"Bamboo - 6""",L 1,,,,,,"0' - 6""","0' - 6""",291 SF,145.60 CF,,,Structural Bamboo (CLB),,L 1,,,,BoundingBox,23.048,135.708,14.75,,,,,,,,8.548,130.687,14.5,37.548,140.729,15,23.048,135.708,14.75,,"Area=291 SF | Base Level=L 1 | Material=Structural Bamboo (CLB) | Material By Original=True | Thickness=0' - 6"" | Volume=145.60 CF"
746247,Parts,,,Floors,Floor,"Bamboo - 6""",L 1,,,,,,"0' - 6""","0' - 6""",209 SF,104.67 CF,,,Structural Bamboo (CLB),,L 1,,,,BoundingBox,23.048,144.338,14.75,,,,,,,,8.548,140.729,14.5,37.548,147.947,15,23.048,144.338,14.75,,"Area=209 SF | Base Level=L 1 | Material=Structural Bamboo (CLB) | Material By Original=True | Thickness=0' - 6"" | Volume=104.67 CF"
746248,Parts,,,Floors,Floor,"Bamboo - 6""",L 1,,,,,,"0' - 6""","0' - 6""",290 SF,144.84 CF,,,Structural Bamboo (CLB),,L 1,,,,BoundingBox,3.548,155.213,14.75,,,,,,,,-1.452,140.729,14.5,8.548,169.697,15,3.548,155.213,14.75,,"Area=290 SF | Base Level=L 1 | Material=Structural Bamboo (CLB) | Material By Original=True | Thickness=0' - 6"" | Volume=144.84 CF"
746250,Parts,,,Floors,Floor,"Bamboo - 6""",L 1,,,,,,"0' - 6""","0' - 6""",209 SF,104.67 CF,,,Structural Bamboo (CLB),,L 1,,,,BoundingBox,23.048,151.557,14.75,,,,,,,,8.548,147.947,14.5,37.548,155.166,15,23.048,151.557,14.75,,"Area=209 SF | Base Level=L 1 | Material=Structural Bamboo (CLB) | Material By Original=True | Thickness=0' - 6"" | Volume=104.67 CF"
746251,Parts,,,Floors,Floor,"Bamboo - 6""",L 1,,,,,,"0' - 6""","0' - 6""",210 SF,104.78 CF,,,Structural Bamboo (CLB),,L 1,,,,BoundingBox,52.064,144.338,14.75,,,,,,,,37.548,140.729,14.5,66.579,147.947,15,52.064,144.338,14.75,,"Area=210 SF | Base Level=L 1 | Material=Structural Bamboo (CLB) | Material By Original=True | Thickness=0' - 6"" | Volume=104.78 CF"
746252,Parts,,,Floors,Floor,"Bamboo - 6""",L 1,,,,,,"0' - 6""","0' - 6""",291 SF,145.60 CF,,,Structural Bamboo (CLB),,L 1,,,,BoundingBox,52.048,135.708,14.75,,,,,,,,37.548,130.687,14.5,66.548,140.729,15,52.048,135.708,14.75,,"Area=291 SF | Base Level=L 1 | Material=Structural Bamboo (CLB) | Material By Original=True | Thickness=0' - 6"" | Volume=145.60 CF"
746258,Parts,,,Floors,Floor,"Bamboo - 6""",L 1,,,,,,"0' - 6""","0' - 6""",135 SF,67.50 CF,,,Structural Bamboo (CLB),,L 1,,,,BoundingBox,12.055,164.791,14.75,,,,,,,,8.548,155.166,14.5,15.561,174.416,15,12.055,164.791,14.75,,"Area=135 SF | Base Level=L 1 | Material=Structural Bamboo (CLB) | Material By Original=True | Thickness=0' - 6"" | Volume=67.50 CF"
746259,Parts,,,Floors,Floor,"Bamboo - 6""",L 1,,,,,,"0' - 6""","0' - 6""",179 SF,89.50 CF,,,Structural Bamboo (CLB),,L 1,,,,BoundingBox,17.746,179.291,14.75,,,,,,,,8.548,174.416,14.5,26.944,184.166,15,17.746,179.291,14.75,,"Area=179 SF | Base Level=L 1 | Material=Structural Bamboo (CLB) | Material By Original=True | Thickness=0' - 6"" | Volume=89.50 CF"
746260,Parts,,,Floors,Floor,"Bamboo - 6""",L 1,,,,,,"0' - 6""","0' - 6""",210 SF,105.13 CF,,,Structural Bamboo (CLB),,L 1,,,,BoundingBox,23.048,187.791,14.75,,,,,,,,8.548,184.166,14.5,37.548,191.416,15,23.048,187.791,14.75,,"Area=210 SF | Base Level=L 1 | Material=Structural Bamboo (CLB) | Material By Original=True | Thickness=0' - 6"" | Volume=105.13 CF"
746261,Parts,,,Floors,Floor,"Bamboo - 6""",L 1,,,,,,"0' - 6""","0' - 6""",105 SF,52.60 CF,,,Structural Bamboo (CLB),,L 1,,,,BoundingBox,3.548,203.927,14.75,,,,,,,,-1.452,198.666,14.5,8.548,209.187,15,3.548,203.927,14.75,,"Area=105 SF | Base Level=L 1 | Material=Structural Bamboo (CLB) | Material By Original=True | Thickness=0' - 6"" | Volume=52.60 CF"
746262,Parts,,,Floors,Floor,"Bamboo - 6""",L 1,,,,,,"0' - 6""","0' - 6""",290 SF,144.84 CF,,,Structural Bamboo (CLB),,L 1,,,,BoundingBox,3.548,184.182,14.75,,,,,,,,-1.452,169.697,14.5,8.548,198.666,15,3.548,184.182,14.75,,"Area=290 SF | Base Level=L 1 | Material=Structural Bamboo (CLB) | Material By Original=True | Thickness=0' - 6"" | Volume=144.84 CF"
746263,Parts,,,Floors,Floor,"Bamboo - 6""",L 1,,,,,,"0' - 6""","0' - 6""",305 SF,152.55 CF,,,Structural Bamboo (CLB),,L 1,,,,BoundingBox,23.048,203.927,14.75,,,,,,,,8.548,198.666,14.5,37.548,209.187,15,23.048,203.927,14.75,,"Area=305 SF | Base Level=L 1 | Material=Structural Bamboo (CLB) | Material By Original=True | Thickness=0' - 6"" | Volume=152.55 CF"
746265,Parts,,,Floors,Floor,"Bamboo - 6""",L 1,,,,,,"0' - 6""","0' - 6""",9 SF,4.74 CF,,,Structural Bamboo (CLB),,L 1,,,,BoundingBox,32.246,179.463,14.75,,,,,,,,26.944,174.76,14.5,37.548,184.166,15,32.246,179.463,14.75,,"Area=9 SF | Base Level=L 1 | Material=Structural Bamboo (CLB) | Material By Original=True | Thickness=0' - 6"" | Volume=4.74 CF"
746266,Parts,,,Floors,Floor,"Bamboo - 6""",L 1,,,,,,"0' - 6""","0' - 6""",210 SF,105.24 CF,,,Structural Bamboo (CLB),,L 1,,,,BoundingBox,52.064,180.541,14.75,,,,,,,,37.548,176.916,14.5,66.579,184.166,15,52.064,180.541,14.75,,"Area=210 SF | Base Level=L 1 | Material=Structural Bamboo (CLB) | Material By Original=True | Thickness=0' - 6"" | Volume=105.24 CF"
746267,Parts,,,Floors,Floor,"Bamboo - 6""",L 1,,,,,,"0' - 6""","0' - 6""",210 SF,105.13 CF,,,Structural Bamboo (CLB),,L 1,,,,BoundingBox,23.048,195.041,14.75,,,,,,,,8.548,191.416,14.5,37.548,198.666,15,23.048,195.041,14.75,,"Area=210 SF | Base Level=L 1 | Material=Structural Bamboo (CLB) | Material By Original=True | Thickness=0' - 6"" | Volume=105.13 CF"
746268,Parts,,,Floors,Floor,"Bamboo - 6""",L 1,,,,,,"0' - 6""","0' - 6""",210 SF,105.24 CF,,,Structural Bamboo (CLB),,L 1,,,,BoundingBox,52.064,187.791,14.75,,,,,,,,37.548,184.166,14.5,66.579,191.416,15,52.064,187.791,14.75,,"Area=210 SF | Base Level=L 1 | Material=Structural Bamboo (CLB) | Material By Original=True | Thickness=0' - 6"" | Volume=105.24 CF"
746269,Parts,,,Floors,Floor,"Bamboo - 6""",L 1,,,,,,"0' - 6""","0' - 6""",210 SF,105.24 CF,,,Structural Bamboo (CLB),,L 1,,,,BoundingBox,52.064,195.041,14.75,,,,,,,,37.548,191.416,14.5,66.579,198.666,15,52.064,195.041,14.75,,"Area=210 SF | Base Level=L 1 | Material=Structural Bamboo (CLB) | Material By Original=True | Thickness=0' - 6"" | Volume=105.24 CF"
746270,Parts,,,Floors,Floor,"Bamboo - 6""",L 1,,,,,,"0' - 6""","0' - 6""",210 SF,105.01 CF,,,Structural Bamboo (CLB),,L 1,,,,BoundingBox,81.064,180.541,14.75,,,,,,,,66.579,176.916,14.5,95.548,184.166,15,81.064,180.541,14.75,,"Area=210 SF | Base Level=L 1 | Material=Structural Bamboo (CLB) | Material By Original=True | Thickness=0' - 6"" | Volume=105.01 CF"
746272,Parts,,,Floors,Floor,"Bamboo - 6""",L 1,,,,,,"0' - 6""","0' - 6""",209 SF,104.56 CF,,,Structural Bamboo (CLB),,L 1,,,,BoundingBox,81.064,144.338,14.75,,,,,,,,66.579,140.729,14.5,95.548,147.947,15,81.064,144.338,14.75,,"Area=209 SF | Base Level=L 1 | Material=Structural Bamboo (CLB) | Material By Original=True | Thickness=0' - 6"" | Volume=104.56 CF"
746273,Parts,,,Floors,Floor,"Bamboo - 6""",L 1,,,,,,"0' - 6""","0' - 6""",291 SF,145.60 CF,,,Structural Bamboo (CLB),,L 1,,,,BoundingBox,81.048,135.708,14.75,,,,,,,,66.548,130.687,14.5,95.548,140.729,15,81.048,135.708,14.75,,"Area=291 SF | Base Level=L 1 | Material=Structural Bamboo (CLB) | Material By Original=True | Thickness=0' - 6"" | Volume=145.60 CF"
746274,Parts,,,Floors,Floor,"Bamboo - 6""",L 1,,,,,,"0' - 6""","0' - 6""",209 SF,104.67 CF,,,Structural Bamboo (CLB),,L 1,,,,BoundingBox,110.048,144.338,14.75,,,,,,,,95.548,140.729,14.5,124.548,147.947,15,110.048,144.338,14.75,,"Area=209 SF | Base Level=L 1 | Material=Structural Bamboo (CLB) | Material By Original=True | Thickness=0' - 6"" | Volume=104.67 CF"
746280,Parts,,,Floors,Floor,"Bamboo - 6""",L 1,,,,,,"0' - 6""","0' - 6""",291 SF,145.60 CF,,,Structural Bamboo (CLB),,L 1,,,,BoundingBox,110.048,135.708,14.75,,,,,,,,95.548,130.687,14.5,124.548,140.729,15,110.048,135.708,14.75,,"Area=291 SF | Base Level=L 1 | Material=Structural Bamboo (CLB) | Material By Original=True | Thickness=0' - 6"" | Volume=145.60 CF"
746282,Parts,,,Floors,Floor,"Bamboo - 6""",L 1,,,,,,"0' - 6""","0' - 6""",290 SF,145.00 CF,,,Structural Bamboo (CLB),,L 1,,,,BoundingBox,129.548,155.166,14.75,,,,,,,,124.548,140.666,14.5,134.548,169.666,15,129.548,155.166,14.75,,"Area=290 SF | Base Level=L 1 | Material=Structural Bamboo (CLB) | Material By Original=True | Thickness=0' - 6"" | Volume=145.00 CF"
746283,Parts,,,Floors,Floor,"Bamboo - 6""",L 1,,,,,,"0' - 6""","0' - 6""",100 SF,49.90 CF,,,Structural Bamboo (CLB),,L 1,,,,BoundingBox,129.548,135.677,14.75,,,,,,,,124.548,130.687,14.5,134.548,140.666,15,129.548,135.677,14.75,,"Area=100 SF | Base Level=L 1 | Material=Structural Bamboo (CLB) | Material By Original=True | Thickness=0' - 6"" | Volume=49.90 CF"
746286,Parts,,,Floors,Floor,"Bamboo - 6""",L 1,,,,,,"0' - 6""","0' - 6""",188 SF,93.86 CF,,,Structural Bamboo (CLB),,L 1,,,,BoundingBox,88.14,187.791,14.75,,,,,,,,75.194,184.166,14.5,101.086,191.416,15,88.14,187.791,14.75,,"Area=188 SF | Base Level=L 1 | Material=Structural Bamboo (CLB) | Material By Original=True | Thickness=0' - 6"" | Volume=93.86 CF"
746288,Parts,,,Floors,Floor,"Bamboo - 6""",L 1,,,,,,"0' - 6""","0' - 6""",210 SF,105.13 CF,,,Structural Bamboo (CLB),,L 1,,,,BoundingBox,110.048,180.541,14.75,,,,,,,,95.548,176.916,14.5,124.548,184.166,15,110.048,180.541,14.75,,"Area=210 SF | Base Level=L 1 | Material=Structural Bamboo (CLB) | Material By Original=True | Thickness=0' - 6"" | Volume=105.13 CF"
746289,Parts,,,Floors,Floor,"Bamboo - 6""",L 1,,,,,,"0' - 6""","0' - 6""",106 SF,53.07 CF,,,Structural Bamboo (CLB),,L 1,,,,BoundingBox,113.153,186.495,14.75,,,,,,,,101.757,184.166,14.5,124.548,188.823,15,113.153,186.495,14.75,,"Area=106 SF | Base Level=L 1 | Material=Structural Bamboo (CLB) | Material By Original=True | Thickness=0' - 6"" | Volume=53.07 CF"
747239,Parts,,,Floors,Floor,"Bamboo - 6""",L 1,,,,,,"0' - 6""","0' - 6""",189 SF,94.39 CF,,,Structural Bamboo (CLB),,L 1,,,,BoundingBox,26.555,159.459,14.75,,,,,,,,15.561,155.166,14.5,37.548,163.752,15,26.555,159.459,14.75,,"Area=189 SF | Base Level=L 1 | Material=Structural Bamboo (CLB) | Material By Original=True | Thickness=0' - 6"" | Volume=94.39 CF"
747240,Parts,,,Floors,Floor,"Bamboo - 6""",L 1,,,,,,"0' - 6""","0' - 6""",210 SF,104.78 CF,,,Structural Bamboo (CLB),,L 1,,,,BoundingBox,52.064,151.557,14.75,,,,,,,,37.548,147.947,14.5,66.579,155.166,15,52.064,151.557,14.75,,"Area=210 SF | Base Level=L 1 | Material=Structural Bamboo (CLB) | Material By Original=True | Thickness=0' - 6"" | Volume=104.78 CF"
747241,Parts,,,Floors,Floor,"Bamboo - 6""",L 1,,,,,,"0' - 6""","0' - 6""",75 SF,37.34 CF,,,Structural Bamboo (CLB),,L 1,,,,BoundingBox,34.156,169.256,14.75,,,,,,,,30.764,163.752,14.5,37.548,174.76,15,34.156,169.256,14.75,,"Area=75 SF | Base Level=L 1 | Material=Structural Bamboo (CLB) | Material By Original=True | Thickness=0' - 6"" | Volume=37.34 CF"
747242,Parts,,,Floors,Floor,"Bamboo - 6""",L 1,,,,,,"0' - 6""","0' - 6""",105 SF,52.56 CF,,,Structural Bamboo (CLB),,L 1,,,,BoundingBox,44.798,166.041,14.75,,,,,,,,37.548,162.416,14.5,52.048,169.666,15,44.798,166.041,14.75,,"Area=105 SF | Base Level=L 1 | Material=Structural Bamboo (CLB) | Material By Original=True | Thickness=0' - 6"" | Volume=52.56 CF"
747243,Parts,,,Floors,Floor,"Bamboo - 6""",L 1,,,,,,"0' - 6""","0' - 6""",105 SF,52.68 CF,,,Structural Bamboo (CLB),,L 1,,,,BoundingBox,59.314,158.791,14.75,,,,,,,,52.048,155.166,14.5,66.579,162.416,15,59.314,158.791,14.75,,"Area=105 SF | Base Level=L 1 | Material=Structural Bamboo (CLB) | Material By Original=True | Thickness=0' - 6"" | Volume=52.68 CF"
747244,Parts,,,Floors,Floor,"Bamboo - 6""",L 1,,,,,,"0' - 6""","0' - 6""",105 SF,52.56 CF,,,Structural Bamboo (CLB),,L 1,,,,BoundingBox,44.798,158.791,14.75,,,,,,,,37.548,155.166,14.5,52.048,162.416,15,44.798,158.791,14.75,,"Area=105 SF | Base Level=L 1 | Material=Structural Bamboo (CLB) | Material By Original=True | Thickness=0' - 6"" | Volume=52.56 CF"
747245,Parts,,,Floors,Floor,"Bamboo - 6""",L 1,,,,,,"0' - 6""","0' - 6""",105 SF,52.68 CF,,,Structural Bamboo (CLB),,L 1,,,,BoundingBox,59.314,166.041,14.75,,,,,,,,52.048,162.416,14.5,66.579,169.666,15,59.314,166.041,14.75,,"Area=105 SF | Base Level=L 1 | Material=Structural Bamboo (CLB) | Material By Original=True | Thickness=0' - 6"" | Volume=52.68 CF"
747246,Parts,,,Floors,Floor,"Bamboo - 6""",L 1,,,,,,"0' - 6""","0' - 6""",210 SF,105.24 CF,,,Structural Bamboo (CLB),,L 1,,,,BoundingBox,52.064,173.291,14.75,,,,,,,,37.548,169.666,14.5,66.579,176.916,15,52.064,173.291,14.75,,"Area=210 SF | Base Level=L 1 | Material=Structural Bamboo (CLB) | Material By Original=True | Thickness=0' - 6"" | Volume=105.24 CF"
747247,Parts,,,Floors,Floor,"Bamboo - 6""",L 1,,,,,,"0' - 6""","0' - 6""",210 SF,105.01 CF,,,Structural Bamboo (CLB),,L 1,,,,BoundingBox,81.064,173.291,14.75,,,,,,,,66.579,169.666,14.5,95.548,176.916,15,81.064,173.291,14.75,,"Area=210 SF | Base Level=L 1 | Material=Structural Bamboo (CLB) | Material By Original=True | Thickness=0' - 6"" | Volume=105.01 CF"
747248,Parts,,,Floors,Floor,"Bamboo - 6""",L 1,,,,,,"0' - 6""","0' - 6""",210 SF,105.01 CF,,,Structural Bamboo (CLB),,L 1,,,,BoundingBox,81.064,166.041,14.75,,,,,,,,66.579,162.416,14.5,95.548,169.666,15,81.064,166.041,14.75,,"Area=210 SF | Base Level=L 1 | Material=Structural Bamboo (CLB) | Material By Original=True | Thickness=0' - 6"" | Volume=105.01 CF"
747249,Parts,,,Floors,Floor,"Bamboo - 6""",L 1,,,,,,"0' - 6""","0' - 6""",209 SF,104.67 CF,,,Structural Bamboo (CLB),,L 1,,,,BoundingBox,110.048,151.557,14.75,,,,,,,,95.548,147.947,14.5,124.548,155.166,15,110.048,151.557,14.75,,"Area=209 SF | Base Level=L 1 | Material=Structural Bamboo (CLB) | Material By Original=True | Thickness=0' - 6"" | Volume=104.67 CF"
747250,Parts,,,Floors,Floor,"Bamboo - 6""",L 1,,,,,,"0' - 6""","0' - 6""",209 SF,104.56 CF,,,Structural Bamboo (CLB),,L 1,,,,BoundingBox,81.064,151.557,14.75,,,,,,,,66.579,147.947,14.5,95.548,155.166,15,81.064,151.557,14.75,,"Area=209 SF | Base Level=L 1 | Material=Structural Bamboo (CLB) | Material By Original=True | Thickness=0' - 6"" | Volume=104.56 CF"
747251,Parts,,,Floors,Floor,"Bamboo - 6""",L 1,,,,,,"0' - 6""","0' - 6""",210 SF,105.01 CF,,,Structural Bamboo (CLB),,L 1,,,,BoundingBox,81.064,158.791,14.75,,,,,,,,66.579,155.166,14.5,95.548,162.416,15,81.064,158.791,14.75,,"Area=210 SF | Base Level=L 1 | Material=Structural Bamboo (CLB) | Material By Original=True | Thickness=0' - 6"" | Volume=105.01 CF"
747252,Parts,,,Floors,Floor,"Bamboo - 6""",L 1,,,,,,"0' - 6""","0' - 6""",210 SF,105.13 CF,,,Structural Bamboo (CLB),,L 1,,,,BoundingBox,110.048,166.041,14.75,,,,,,,,95.548,162.416,14.5,124.548,169.666,15,110.048,166.041,14.75,,"Area=210 SF | Base Level=L 1 | Material=Structural Bamboo (CLB) | Material By Original=True | Thickness=0' - 6"" | Volume=105.13 CF"
747253,Parts,,,Floors,Floor,"Bamboo - 6""",L 1,,,,,,"0' - 6""","0' - 6""",210 SF,105.13 CF,,,Structural Bamboo (CLB),,L 1,,,,BoundingBox,110.048,173.291,14.75,,,,,,,,95.548,169.666,14.5,124.548,176.916,15,110.048,173.291,14.75,,"Area=210 SF | Base Level=L 1 | Material=Structural Bamboo (CLB) | Material By Original=True | Thickness=0' - 6"" | Volume=105.13 CF"
747254,Parts,,,Floors,Floor,"Bamboo - 6""",L 1,,,,,,"0' - 6""","0' - 6""",210 SF,105.13 CF,,,Structural Bamboo (CLB),,L 1,,,,BoundingBox,110.048,158.791,14.75,,,,,,,,95.548,155.166,14.5,124.548,162.416,15,110.048,158.791,14.75,,"Area=210 SF | Base Level=L 1 | Material=Structural Bamboo (CLB) | Material By Original=True | Thickness=0' - 6"" | Volume=105.13 CF"
747260,Parts,,,Floors,Floor,"Bamboo - 6""",L 0,,,,,,"0' - 6""","0' - 6""",6522 SF,3261.10 CF,,,Structural Bamboo (CLB),,L 0,,,,BoundingBox,66.507,169.645,-0.25,,,,,,,,7.798,139.958,-0.5,125.215,199.333,0,66.507,169.645,-0.25,,"Area=6522 SF | Base Level=L 0 | Material=Structural Bamboo (CLB) | Material By Original=True | Thickness=0' - 6"" | Volume=3261.10 CF"
751695,Parts,,,Floors,Floor,"Bamboo - 6""",L 0,,,,,,"0' - 6""","0' - 6""",79 SF,39.26 CF,,,Structural Bamboo (CLB),,L 0,,,,BoundingBox,121.476,194.083,-0.25,,,,,,,,117.736,188.833,-0.5,125.215,199.333,0,121.476,194.083,-0.25,,"Area=79 SF | Base Level=L 0 | Material=Structural Bamboo (CLB) | Material By Original=True | Thickness=0' - 6"" | Volume=39.26 CF"
751697,Parts,,,Floors,Floor,"Bamboo - 6""",L 0,,,,,,"0' - 6""","0' - 6""",152 SF,76.06 CF,,,Structural Bamboo (CLB),,L 0,,,,BoundingBox,11.68,164.963,-0.25,,,,,,,,7.798,155.166,-0.5,15.561,174.76,0,11.68,164.963,-0.25,,"Area=152 SF | Base Level=L 0 | Material=Structural Bamboo (CLB) | Material By Original=True | Thickness=0' - 6"" | Volume=76.06 CF"
751698,Parts,,,Floors,Floor,"Bamboo - 6""",L 0,,,,,,"0' - 6""","0' - 6""",185 SF,92.31 CF,,,Structural Bamboo (CLB),,L 0,,,,BoundingBox,26.555,159.459,-0.25,,,,,,,,15.561,155.166,-0.5,37.548,163.752,0,26.555,159.459,-0.25,,"Area=185 SF | Base Level=L 0 | Material=Structural Bamboo (CLB) | Material By Original=True | Thickness=0' - 6"" | Volume=92.31 CF"
751699,Parts,,,Floors,Floor,"Bamboo - 6""",L 0,,,,,,"0' - 6""","0' - 6""",105 SF,52.49 CF,,,Structural Bamboo (CLB),,L 0,,,,BoundingBox,44.798,158.786,-0.25,,,,,,,,37.548,155.166,-0.5,52.048,162.406,0,44.798,158.786,-0.25,,"Area=105 SF | Base Level=L 0 | Material=Structural Bamboo (CLB) | Material By Original=True | Thickness=0' - 6"" | Volume=52.49 CF"
751700,Parts,,,Floors,Floor,"Bamboo - 6""",L 0,,,,,,"0' - 6""","0' - 6""",227 SF,113.72 CF,,,Structural Bamboo (CLB),,L 0,,,,BoundingBox,52.027,151.239,-0.25,,,,,,,,37.548,147.312,-0.5,66.507,155.166,0,52.027,151.239,-0.25,,"Area=227 SF | Base Level=L 0 | Material=Structural Bamboo (CLB) | Material By Original=True | Thickness=0' - 6"" | Volume=113.72 CF"
751701,Parts,,,Floors,Floor,"Bamboo - 6""",L 0,,,,,,"0' - 6""","0' - 6""",105 SF,52.34 CF,,,Structural Bamboo (CLB),,L 0,,,,BoundingBox,59.277,158.786,-0.25,,,,,,,,52.048,155.166,-0.5,66.507,162.406,0,59.277,158.786,-0.25,,"Area=105 SF | Base Level=L 0 | Material=Structural Bamboo (CLB) | Material By Original=True | Thickness=0' - 6"" | Volume=52.34 CF"
751702,Parts,,,Floors,Floor,"Bamboo - 6""",L 0,,,,,,"0' - 6""","0' - 6""",105 SF,52.49 CF,,,Structural Bamboo (CLB),,L 0,,,,BoundingBox,44.798,166.026,-0.25,,,,,,,,37.548,162.406,-0.5,52.048,169.645,0,44.798,166.026,-0.25,,"Area=105 SF | Base Level=L 0 | Material=Structural Bamboo (CLB) | Material By Original=True | Thickness=0' - 6"" | Volume=52.49 CF"
751703,Parts,,,Floors,Floor,"Bamboo - 6""",L 0,,,,,,"0' - 6""","0' - 6""",105 SF,52.34 CF,,,Structural Bamboo (CLB),,L 0,,,,BoundingBox,59.277,166.026,-0.25,,,,,,,,52.048,162.406,-0.5,66.507,169.645,0,59.277,166.026,-0.25,,"Area=105 SF | Base Level=L 0 | Material=Structural Bamboo (CLB) | Material By Original=True | Thickness=0' - 6"" | Volume=52.34 CF"
751704,Parts,,,Floors,Floor,"Bamboo - 6""",L 0,,,,,,"0' - 6""","0' - 6""",210 SF,105.12 CF,,,Structural Bamboo (CLB),,L 0,,,,BoundingBox,81.027,166.026,-0.25,,,,,,,,66.507,162.406,-0.5,95.548,169.645,0,81.027,166.026,-0.25,,"Area=210 SF | Base Level=L 0 | Material=Structural Bamboo (CLB) | Material By Original=True | Thickness=0' - 6"" | Volume=105.12 CF"
751705,Parts,,,Floors,Floor,"Bamboo - 6""",L 0,,,,,,"0' - 6""","0' - 6""",178 SF,89.03 CF,,,Structural Bamboo (CLB),,L 0,,,,BoundingBox,17.364,179.463,-0.25,,,,,,,,7.798,174.76,-0.5,26.931,184.166,0,17.364,179.463,-0.25,,"Area=178 SF | Base Level=L 0 | Material=Structural Bamboo (CLB) | Material By Original=True | Thickness=0' - 6"" | Volume=89.03 CF"
751706,Parts,,,Floors,Floor,"Bamboo - 6""",L 0,,,,,,"0' - 6""","0' - 6""",216 SF,107.84 CF,,,Structural Bamboo (CLB),,L 0,,,,BoundingBox,22.673,187.791,-0.25,,,,,,,,7.798,184.166,-0.5,37.548,191.416,0,22.673,187.791,-0.25,,"Area=216 SF | Base Level=L 0 | Material=Structural Bamboo (CLB) | Material By Original=True | Thickness=0' - 6"" | Volume=107.84 CF"
751707,Parts,,,Floors,Floor,"Bamboo - 6""",L 0,,,,,,"0' - 6""","0' - 6""",9 SF,4.74 CF,,,Structural Bamboo (CLB),,L 0,,,,BoundingBox,32.239,179.463,-0.25,,,,,,,,26.931,174.76,-0.5,37.548,184.166,0,32.239,179.463,-0.25,,"Area=9 SF | Base Level=L 0 | Material=Structural Bamboo (CLB) | Material By Original=True | Thickness=0' - 6"" | Volume=4.74 CF"
751708,Parts,,,Floors,Floor,"Bamboo - 6""",L 0,,,,,,"0' - 6""","0' - 6""",211 SF,105.28 CF,,,Structural Bamboo (CLB),,L 0,,,,BoundingBox,52.027,173.281,-0.25,,,,,,,,37.548,169.645,-0.5,66.507,176.916,0,52.027,173.281,-0.25,,"Area=211 SF | Base Level=L 0 | Material=Structural Bamboo (CLB) | Material By Original=True | Thickness=0' - 6"" | Volume=105.28 CF"
751711,Parts,,,Floors,Floor,"Bamboo - 6""",L 0,,,,,,"0' - 6""","0' - 6""",211 SF,105.58 CF,,,Structural Bamboo (CLB),,L 0,,,,BoundingBox,81.027,173.281,-0.25,,,,,,,,66.507,169.645,-0.5,95.548,176.916,0,81.027,173.281,-0.25,,"Area=211 SF | Base Level=L 0 | Material=Structural Bamboo (CLB) | Material By Original=True | Thickness=0' - 6"" | Volume=105.58 CF"
751712,Parts,,,Floors,Floor,"Bamboo - 6""",L 0,,,,,,"0' - 6""","0' - 6""",70 SF,34.81 CF,,,Structural Bamboo (CLB),,L 0,,,,BoundingBox,34.156,169.256,-0.25,,,,,,,,30.764,163.752,-0.5,37.548,174.76,0,34.156,169.256,-0.25,,"Area=70 SF | Base Level=L 0 | Material=Structural Bamboo (CLB) | Material By Original=True | Thickness=0' - 6"" | Volume=34.81 CF"
751713,Parts,,,Floors,Floor,"Bamboo - 6""",L 0,,,,,,"0' - 6""","0' - 6""",210 SF,105.12 CF,,,Structural Bamboo (CLB),,L 0,,,,BoundingBox,81.027,158.786,-0.25,,,,,,,,66.507,155.166,-0.5,95.548,162.406,0,81.027,158.786,-0.25,,"Area=210 SF | Base Level=L 0 | Material=Structural Bamboo (CLB) | Material By Original=True | Thickness=0' - 6"" | Volume=105.12 CF"
751714,Parts,,,Floors,Floor,"Bamboo - 6""",L 0,,,,,,"0' - 6""","0' - 6""",228 SF,114.05 CF,,,Structural Bamboo (CLB),,L 0,,,,BoundingBox,81.027,151.239,-0.25,,,,,,,,66.507,147.312,-0.5,95.548,155.166,0,81.027,151.239,-0.25,,"Area=228 SF | Base Level=L 0 | Material=Structural Bamboo (CLB) | Material By Original=True | Thickness=0' - 6"" | Volume=114.05 CF"
751717,Parts,,,Floors,Floor,"Bamboo - 6""",L 0,,,,,,"0' - 6""","0' - 6""",216 SF,107.85 CF,,,Structural Bamboo (CLB),,L 0,,,,BoundingBox,110.382,173.281,-0.25,,,,,,,,95.548,169.645,-0.5,125.215,176.916,0,110.382,173.281,-0.25,,"Area=216 SF | Base Level=L 0 | Material=Structural Bamboo (CLB) | Material By Original=True | Thickness=0' - 6"" | Volume=107.85 CF"
751718,Parts,,,Floors,Floor,"Bamboo - 6""",L 0,,,,,,"0' - 6""","0' - 6""",215 SF,107.39 CF,,,Structural Bamboo (CLB),,L 0,,,,BoundingBox,110.382,166.026,-0.25,,,,,,,,95.548,162.406,-0.5,125.215,169.645,0,110.382,166.026,-0.25,,"Area=215 SF | Base Level=L 0 | Material=Structural Bamboo (CLB) | Material By Original=True | Thickness=0' - 6"" | Volume=107.39 CF"
751719,Parts,,,Floors,Floor,"Bamboo - 6""",L 0,,,,,,"0' - 6""","0' - 6""",215 SF,107.39 CF,,,Structural Bamboo (CLB),,L 0,,,,BoundingBox,110.382,158.786,-0.25,,,,,,,,95.548,155.166,-0.5,125.215,162.406,0,110.382,158.786,-0.25,,"Area=215 SF | Base Level=L 0 | Material=Structural Bamboo (CLB) | Material By Original=True | Thickness=0' - 6"" | Volume=107.39 CF"
751720,Parts,,,Floors,Floor,"Bamboo - 6""",L 0,,,,,,"0' - 6""","0' - 6""",218 SF,109.09 CF,,,Structural Bamboo (CLB),,L 0,,,,BoundingBox,110.382,143.635,-0.25,,,,,,,,95.548,139.958,-0.5,125.215,147.312,0,110.382,143.635,-0.25,,"Area=218 SF | Base Level=L 0 | Material=Structural Bamboo (CLB) | Material By Original=True | Thickness=0' - 6"" | Volume=109.09 CF"
751721,Parts,,,Floors,Floor,"Bamboo - 6""",L 0,,,,,,"0' - 6""","0' - 6""",233 SF,116.50 CF,,,Structural Bamboo (CLB),,L 0,,,,BoundingBox,110.382,151.239,-0.25,,,,,,,,95.548,147.312,-0.5,125.215,155.166,0,110.382,151.239,-0.25,,"Area=233 SF | Base Level=L 0 | Material=Structural Bamboo (CLB) | Material By Original=True | Thickness=0' - 6"" | Volume=116.50 CF"
751722,Parts,,,Floors,Floor,"Bamboo - 6""",L 0,,,,,,"0' - 6""","0' - 6""",215 SF,107.54 CF,,,Structural Bamboo (CLB),,L 0,,,,BoundingBox,110.382,180.541,-0.25,,,,,,,,95.548,176.916,-0.5,125.215,184.166,0,110.382,180.541,-0.25,,"Area=215 SF | Base Level=L 0 | Material=Structural Bamboo (CLB) | Material By Original=True | Thickness=0' - 6"" | Volume=107.54 CF"
751723,Parts,,,Floors,Floor,"Bamboo - 6""",L 0,,,,,,"0' - 6""","0' - 6""",40 SF,20.07 CF,,,Structural Bamboo (CLB),,L 0,,,,BoundingBox,98.317,187.791,-0.25,,,,,,,,95.548,184.166,-0.5,101.086,191.416,0,98.317,187.791,-0.25,,"Area=40 SF | Base Level=L 0 | Material=Structural Bamboo (CLB) | Material By Original=True | Thickness=0' - 6"" | Volume=20.07 CF"
751725,Parts,,,Floors,Floor,"Bamboo - 6""",L 0,,,,,,"0' - 6""","0' - 6""",35 SF,17.62 CF,,,Structural Bamboo (CLB),,L 0,,,,BoundingBox,109.411,191.749,-0.25,,,,,,,,101.086,184.166,-0.5,117.736,199.333,0,109.411,191.749,-0.25,,"Area=35 SF | Base Level=L 0 | Material=Structural Bamboo (CLB) | Material By Original=True | Thickness=0' - 6"" | Volume=17.62 CF"
751726,Parts,,,Floors,Floor,"Bamboo - 6""",L 0,,,,,,"0' - 6""","0' - 6""",109 SF,54.67 CF,,,Structural Bamboo (CLB),,L 0,,,,BoundingBox,113.484,186.499,-0.25,,,,,,,,101.752,184.166,-0.5,125.215,188.833,0,113.484,186.499,-0.25,,"Area=109 SF | Base Level=L 0 | Material=Structural Bamboo (CLB) | Material By Original=True | Thickness=0' - 6"" | Volume=54.67 CF"
751820,Parts,,,Floors,Floor,"Bamboo - 6""",L 0,,,,,,"0' - 6""","0' - 6""",219 SF,109.39 CF,,,Structural Bamboo (CLB),,L 0,,,,BoundingBox,22.673,143.635,-0.25,,,,,,,,7.798,139.958,-0.5,37.548,147.312,0,22.673,143.635,-0.25,,"Area=219 SF | Base Level=L 0 | Material=Structural Bamboo (CLB) | Material By Original=True | Thickness=0' - 6"" | Volume=109.39 CF"
751821,Parts,,,Floors,Floor,"Bamboo - 6""",L 0,,,,,,"0' - 6""","0' - 6""",234 SF,116.83 CF,,,Structural Bamboo (CLB),,L 0,,,,BoundingBox,22.673,151.239,-0.25,,,,,,,,7.798,147.312,-0.5,37.548,155.166,0,22.673,151.239,-0.25,,"Area=234 SF | Base Level=L 0 | Material=Structural Bamboo (CLB) | Material By Original=True | Thickness=0' - 6"" | Volume=116.83 CF"
752193,Parts,,,Floors,Floor,"Bamboo - 6""",L 0,,,,,,"0' - 6""","0' - 6""",236 SF,117.76 CF,,,Structural Bamboo (CLB),,L 0,,,,BoundingBox,22.673,195.374,-0.25,,,,,,,,7.798,191.416,-0.5,37.548,199.333,0,22.673,195.374,-0.25,,"Area=236 SF | Base Level=L 0 | Material=Structural Bamboo (CLB) | Material By Original=True | Thickness=0' - 6"" | Volume=117.76 CF"
752194,Parts,,,Floors,Floor,"Bamboo - 6""",L 0,,,,,,"0' - 6""","0' - 6""",210 SF,104.97 CF,,,Structural Bamboo (CLB),,L 0,,,,BoundingBox,52.027,180.541,-0.25,,,,,,,,37.548,176.916,-0.5,66.507,184.166,0,52.027,180.541,-0.25,,"Area=210 SF | Base Level=L 0 | Material=Structural Bamboo (CLB) | Material By Original=True | Thickness=0' - 6"" | Volume=104.97 CF"
752195,Parts,,,Floors,Floor,"Bamboo - 6""",L 0,,,,,,"0' - 6""","0' - 6""",210 SF,104.97 CF,,,Structural Bamboo (CLB),,L 0,,,,BoundingBox,52.027,187.791,-0.25,,,,,,,,37.548,184.166,-0.5,66.507,191.416,0,52.027,187.791,-0.25,,"Area=210 SF | Base Level=L 0 | Material=Structural Bamboo (CLB) | Material By Original=True | Thickness=0' - 6"" | Volume=104.97 CF"
752196,Parts,,,Floors,Floor,"Bamboo - 6""",L 0,,,,,,"0' - 6""","0' - 6""",229 SF,114.63 CF,,,Structural Bamboo (CLB),,L 0,,,,BoundingBox,52.027,195.374,-0.25,,,,,,,,37.548,191.416,-0.5,66.507,199.333,0,52.027,195.374,-0.25,,"Area=229 SF | Base Level=L 0 | Material=Structural Bamboo (CLB) | Material By Original=True | Thickness=0' - 6"" | Volume=114.63 CF"
752197,Parts,,,Floors,Floor,"Bamboo - 6""",L 0,,,,,,"0' - 6""","0' - 6""",211 SF,105.28 CF,,,Structural Bamboo (CLB),,L 0,,,,BoundingBox,81.027,180.541,-0.25,,,,,,,,66.507,176.916,-0.5,95.548,184.166,0,81.027,180.541,-0.25,,"Area=211 SF | Base Level=L 0 | Material=Structural Bamboo (CLB) | Material By Original=True | Thickness=0' - 6"" | Volume=105.28 CF"
752198,Parts,,,Floors,Floor,"Bamboo - 6""",L 0,,,,,,"0' - 6""","0' - 6""",1 SF,0.45 CF,,,Structural Bamboo (CLB),,L 0,,,,BoundingBox,73.77,184.333,-0.25,,,,,,,,72.432,184.166,-0.5,75.107,184.499,0,73.77,184.333,-0.25,,"Area=1 SF | Base Level=L 0 | Material=Structural Bamboo (CLB) | Material By Original=True | Thickness=0' - 6"" | Volume=0.45 CF"
752199,Parts,,,Floors,Floor,"Bamboo - 6""",L 0,,,,,,"0' - 6""","0' - 6""",2 SF,0.98 CF,,,Structural Bamboo (CLB),,L 0,,,,BoundingBox,73.77,198.966,-0.25,,,,,,,,72.432,198.599,-0.5,75.107,199.333,0,73.77,198.966,-0.25,,"Area=2 SF | Base Level=L 0 | Material=Structural Bamboo (CLB) | Material By Original=True | Thickness=0' - 6"" | Volume=0.98 CF"
752200,Parts,,,Floors,Floor,"Bamboo - 6""",L 0,,,,,,"0' - 6""","0' - 6""",90 SF,44.94 CF,,,Structural Bamboo (CLB),,L 0,,,,BoundingBox,69.469,191.749,-0.25,,,,,,,,66.507,184.166,-0.5,72.432,199.333,0,69.469,191.749,-0.25,,"Area=90 SF | Base Level=L 0 | Material=Structural Bamboo (CLB) | Material By Original=True | Thickness=0' - 6"" | Volume=44.94 CF"
752201,Parts,,,Floors,Floor,"Bamboo - 6""",L 0,,,,,,"0' - 6""","0' - 6""",354 SF,176.93 CF,,,Structural Bamboo (CLB),,L 0,,,,BoundingBox,88.096,191.749,-0.25,,,,,,,,75.107,184.166,-0.5,101.086,199.333,0,88.096,191.749,-0.25,,"Area=354 SF | Base Level=L 0 | Material=Structural Bamboo (CLB) | Material By Original=True | Thickness=0' - 6"" | Volume=176.93 CF"
752431,Parts,,,Floors,Floor,"Bamboo - 6""",L 0,,,,,,"0' - 6""","0' - 6""",213 SF,106.48 CF,,,Structural Bamboo (CLB),,L 0,,,,BoundingBox,52.027,143.635,-0.25,,,,,,,,37.548,139.958,-0.5,66.507,147.312,0,52.027,143.635,-0.25,,"Area=213 SF | Base Level=L 0 | Material=Structural Bamboo (CLB) | Material By Original=True | Thickness=0' - 6"" | Volume=106.48 CF"
752432,Parts,,,Floors,Floor,"Bamboo - 6""",L 0,,,,,,"0' - 6""","0' - 6""",214 SF,106.79 CF,,,Structural Bamboo (CLB),,L 0,,,,BoundingBox,81.027,143.635,-0.25,,,,,,,,66.507,139.958,-0.5,95.548,147.312,0,81.027,143.635,-0.25,,"Area=214 SF | Base Level=L 0 | Material=Structural Bamboo (CLB) | Material By Original=True | Thickness=0' - 6"" | Volume=106.79 CF"
753159,Parts,,,Floors,Floor,"Bamboo - 6""",L 1,,,,,,"0' - 6""","0' - 6""",71 SF,35.62 CF,,,Structural Bamboo (CLB),,L 1,,,,BoundingBox,121.048,194.036,14.75,,,,,,,,117.548,188.823,14.5,124.548,199.249,15,121.048,194.036,14.75,,"Area=71 SF | Base Level=L 1 | Material=Structural Bamboo (CLB) | Material By Original=True | Thickness=0' - 6"" | Volume=35.62 CF"
753160,Parts,,,Floors,Floor,"Bamboo - 6""",L 1,,,,,,"0' - 6""","0' - 6""",2 SF,0.90 CF,,,Structural Bamboo (CLB),,L 1,,,,BoundingBox,73.813,198.924,14.75,,,,,,,,72.432,198.599,14.5,75.194,199.249,15,73.813,198.924,14.75,,"Area=2 SF | Base Level=L 1 | Material=Structural Bamboo (CLB) | Material By Original=True | Thickness=0' - 6"" | Volume=0.90 CF"
753161,Parts,,,Floors,Floor,"Bamboo - 6""",L 1,,,,,,"0' - 6""","0' - 6""",1 SF,0.46 CF,,,Structural Bamboo (CLB),,L 1,,,,BoundingBox,73.813,184.333,14.75,,,,,,,,72.432,184.166,14.5,75.194,184.499,15,73.813,184.333,14.75,,"Area=1 SF | Base Level=L 1 | Material=Structural Bamboo (CLB) | Material By Original=True | Thickness=0' - 6"" | Volume=0.46 CF"
753162,Parts,,,Floors,Floor,"Bamboo - 6""",L 1,,,,,,"0' - 6""","0' - 6""",203 SF,101.41 CF,,,Structural Bamboo (CLB),,L 1,,,,BoundingBox,88.14,195.333,14.75,,,,,,,,75.194,191.416,14.5,101.086,199.249,15,88.14,195.333,14.75,,"Area=203 SF | Base Level=L 1 | Material=Structural Bamboo (CLB) | Material By Original=True | Thickness=0' - 6"" | Volume=101.41 CF"
753164,Parts,,,Floors,Floor,"Bamboo - 6""",L 1,,,,,,"0' - 6""","0' - 6""",34 SF,16.82 CF,,,Structural Bamboo (CLB),,L 1,,,,BoundingBox,109.317,191.708,14.75,,,,,,,,101.086,184.166,14.5,117.548,199.249,15,109.317,191.708,14.75,,"Area=34 SF | Base Level=L 1 | Material=Structural Bamboo (CLB) | Material By Original=True | Thickness=0' - 6"" | Volume=16.82 CF"
753165,Parts,,,Floors,Floor,"Bamboo - 6""",L 1,,,,,,"0' - 6""","0' - 6""",296 SF,147.92 CF,,,Structural Bamboo (CLB),,L 1,,,,BoundingBox,129.548,184.458,14.75,,,,,,,,124.548,169.666,14.5,134.548,199.249,15,129.548,184.458,14.75,,"Area=296 SF | Base Level=L 1 | Material=Structural Bamboo (CLB) | Material By Original=True | Thickness=0' - 6"" | Volume=147.92 CF"
753376,Parts,,,Floors,Floor,"Bamboo - 6""",L 1,,,,,,"0' - 6""","0' - 6""",312 SF,156.21 CF,,,Structural Bamboo (CLB),,L 1,,,,BoundingBox,52.647,203.927,14.75,,,,,,,,37.548,198.666,14.5,67.746,209.187,15,52.647,203.927,14.75,,"Area=312 SF | Base Level=L 1 | Material=Structural Bamboo (CLB) | Material By Original=True | Thickness=0' - 6"" | Volume=156.21 CF"
753377,Parts,,,Floors,Floor,"Bamboo - 6""",L 1,,,,,,"0' - 6""","0' - 6""",88 SF,43.80 CF,,,Structural Bamboo (CLB),,L 1,,,,BoundingBox,69.506,191.708,14.75,,,,,,,,66.579,184.166,14.5,72.432,199.249,15,69.506,191.708,14.75,,"Area=88 SF | Base Level=L 1 | Material=Structural Bamboo (CLB) | Material By Original=True | Thickness=0' - 6"" | Volume=43.80 CF"
