part_id,part_name,catalog_id,category,sub_category,measure_unit,element_count,takeoff_quantity,takeoff_unit,total_area_sf,total_volume_cf,element_ids
SL1-3R-WALL,South-L1-3 rooms part - Generic 8 Exterior,PART-SL1_3R_WALL,Parts,Prefab Envelope,EACH,11,11.0,EACH,873.0,247.3,1930738|1931297|1934568|1934742|1934812|1934939|1935007|1935081|1935149|2193600|2193801
SL1-3R-MULLION-L,South-L1-3 rooms part - Rectangular Mullion Lengthwise,PART-SL1_3R_MULLION_L,Parts,Prefab Envelope,EACH,23,23.0,EACH,92.0,14.03,1931409|1931436|1934576|1934577|1934578|1934750|1934751|1934752|1934820|1934821|1934822|1934947|1934948|1934949|1935015|1935016|1935017|1935089|1935090|1935091|1935157|1935158|1935159
SL1-3R-MULLION-B,South-L1-3 rooms part - Rectangular Mullion Breadthwise,PART-SL1_3R_MULLION_B,Parts,Prefab Envelope,EACH,32,32.0,EACH,96.0,11.48,1931355|1931381|1931382|1931408|1934572|1934573|1934574|1934575|1934746|1934747|1934748|1934749|1934816|1934817|1934818|1934819|1934943|1934944|1934945|1934946|1935011|1935012|1935013|1935014|1935085|1935086|1935087|1935088|1935153|1935154|1935155|1935156
SL1-3R-GLAZED-PANEL,South-L1-3 rooms part - Curtain Panel Glazed,PART-SL1_3R_GLAZED_PANEL,Parts,Prefab Envelope,EACH,16,16.0,EACH,444.0,36.62,1931298|1931353|1934569|1934571|1934743|1934745|1934813|1934815|1934940|1934942|1935008|1935010|1935082|1935084|1935150|1935152
SL1-2R-WALL,South-L1-2 rooms part - Generic 8 Exterior,PART-SL1_2R_WALL,Parts,Prefab Envelope,EACH,8,8.0,EACH,664.0,188.92,1935217|1935285|1935353|1935421|1935489|1935598|2194057|2194387
SL1-2R-MULLION-L,South-L1-2 rooms part - Rectangular Mullion Lengthwise,PART-SL1_2R_MULLION_L,Parts,Prefab Envelope,EACH,17,17.0,EACH,68.0,10.35,1935225|1935226|1935227|1935293|1935294|1935295|1935361|1935362|1935363|1935429|1935430|1935431|1935497|1935498|1935499|1935607|1935608
SL1-2R-MULLION-B,South-L1-2 rooms part - Rectangular Mullion Breadthwise,PART-SL1_2R_MULLION_B,Parts,Prefab Envelope,EACH,24,24.0,EACH,72.0,8.74,1935221|1935222|1935223|1935224|1935289|1935290|1935291|1935292|1935357|1935358|1935359|1935360|1935425|1935426|1935427|1935428|1935493|1935494|1935495|1935496|1935602|1935603|1935604|1935605
SL1-2R-GLAZED-PANEL,South-L1-2 rooms part - Curtain Panel Glazed,PART-SL1_2R_GLAZED_PANEL,Parts,Prefab Envelope,EACH,12,12.0,EACH,338.0,27.78,1935218|1935220|1935286|1935288|1935354|1935356|1935422|1935424|1935490|1935492|1935599|1935601
SL0W-LNEG1C-WALL,South-L0-Workshop part & South-L-1-Classrooms part - Generic 8 Exterior,PART-SL0W_LNEG1C_WALL,Parts,Prefab Envelope,EACH,25,25.0,EACH,2278.0,718.22,1403659|1778122|1781235|1781357|1936999|1937479|1937506|1937722|1937749|1937891|1937918|1938062|1938089|1938168|1938195|1944229|1944285|1944371|1944466|1944945|1945027|1945117|1945336|1945644|1946440
SL0W-LNEG1C-MULLION-L,South-L0-Workshop part & South-L-1-Classrooms part - Rectangular Mullion Lengthwise,PART-SL0W_LNEG1C_MULLION_L,Parts,Prefab Envelope,EACH,48,48.0,EACH,240.0,33.12,1778143|1778145|1778150|1778151|1937495|1937497|1937502|1937503|1937738|1937740|1937745|1937746|1937907|1937909|1937914|1937915|1938078|1938080|1938085|1938086|1938184|1938186|1938191|1938192|1944486|1944488|1944493|1944494|1944953|1944954|1944955|1945035|1945036|1945037|1945129|1945130|1945131|1945132|1945344|1945345|1945346|1945652|1945653|1945654|1946452|1946453|1946454|1946455
SL0W-LNEG1C-MULLION-B,South-L0-Workshop part & South-L-1-Classrooms part - Rectangular Mullion Breadthwise,PART-SL0W_LNEG1C_MULLION_B,Parts,Prefab Envelope,EACH,64,64.0,EACH,184.0,22.1,1937489|1937490|1937491|1937492|1937493|1937494|1937732|1937733|1937734|1937735|1937736|1937737|1937901|1937902|1937903|1937904|1937905|1937906|1938072|1938073|1938074|1938075|1938076|1938077|1938178|1938179|1938180|1938181|1938182|1938183|1944480|1944481|1944482|1944483|1944484|1944485|1944949|1944950|1944951|1944952|1945031|1945032|1945033|1945034|1945123|1945124|1945125|1945126|1945127|1945128|1945340|1945341|1945342|1945343|1945648|1945649|1945650|1945651|1946446|1946447|1946448|1946449|1946450|1946451
SL0W-LNEG1C-GLAZED-PANEL,South-L0-Workshop part & South-L-1-Classrooms part - Curtain Panel Glazed,PART-SL0W_LNEG1C_GLAZED_PANEL,Parts,Prefab Envelope,EACH,35,35.0,EACH,1065.0,88.65,1778123|1778128|1778130|1937480|1937482|1937484|1937723|1937725|1937727|1937892|1937894|1937896|1938063|1938065|1938067|1938169|1938171|1938173|1944467|1944471|1944473|1944946|1944948|1945028|1945030|1945118|1945120|1945122|1945337|1945339|1945645|1945647|1946441|1946443|1946445
STRUCT_COL_10_0_CONCRETE_CAST_IN_PLACE_GRAY,"Structural Column 10' - 0"" | Concrete, Cast-in-Place gray",PART-STRUCT_COL_10_0_CO-DC76B441,Parts,Structural Columns,EACH,2,2.0,EACH,0.0,27.22,612178|612945
STRUCT_COL_12_0_STRUCTURAL_BAMBOO_CLB,"Structural Column 12' - 0"" | Structural Bamboo (CLB)",PART-STRUCT_COL_12_0_ST-DE11942B,Parts,Structural Columns,EACH,35,35.0,EACH,0.0,531.65,604371|604373|604375|604376|604378|604379|604380|604381|604382|604383|604384|604385|604386|604387|604388|604389|604390|604391|604414|604415|604416|604417|604418|604419|614870|615012|615093|615162|615289|629697|644665|656466|656467|657238|657750
STRUCT_COL_15_0_STRUCTURAL_BAMBOO_CLB,"Structural Column 15' - 0"" | Structural Bamboo (CLB)",PART-STRUCT_COL_15_0_ST-C83FE121,Parts,Structural Columns,EACH,64,64.0,EACH,0.0,1214.72,602783|602784|602786|602787|602789|602790|602792|602793|602794|602795|602796|602797|602798|602799|602800|602802|602803|602804|602805|602806|602807|602808|603849|604345|604347|604349|604350|604352|604353|604354|604355|604356|604357|604358|604359|604360|604361|604362|604363|604404|604405|604406|604407|604408|604409|613589|614073|614174|614285|614376|628948|629229|632386|643885|644661|655943|656062|656461|656462|656645|657251|657294|657746|668818
STRUCT_COL_4_0_CONCRETE_NORMAL_WEIGHT_4_KSI,"Structural Column 4' - 0"" | Concrete, Normal Weight - 4 ksi",PART-STRUCT_COL_4_0_CON-EB71FB14,Parts,Structural Columns,EACH,29,29.0,EACH,0.0,116.0,621063|621150|622192|622193|622194|622195|622196|622197|622198|622199|622200|622201|622202|622203|622204|622205|622206|622207|622208|622209|622210|622212|622213|622214|622918|634191|634277|634794|638122
STRUCT_COL_5_0_CONCRETE_CAST_IN_PLACE_GRAY,"Structural Column 5' - 0"" | Concrete, Cast-in-Place gray",PART-STRUCT_COL_5_0_CON-DDD20230,Parts,Structural Columns,EACH,3,3.0,EACH,0.0,20.43,611709|611833|611868
STRUCT_FRAME_0_0_CONCRETE_CAST_IN_PLACE_GRAY,"Structural Framing 0' - 0"" | Concrete, Cast-in-Place gray",PART-STRUCT_FRAME_0_0_C-9CF1AEC2,Parts,Structural Framing,EACH,1,1.0,EACH,0.0,0.04,594720
STRUCT_FRAME_10_0_STRUCTURAL_BAMBOO_CLB,"Structural Framing 10' - 0"" | Structural Bamboo (CLB)",PART-STRUCT_FRAME_10_0-5250D740,Parts,Structural Framing,EACH,38,38.0,EACH,0.0,627.82,650141|650432|659039|659040|659596|660641|660669|660706|660739|660771|660803|660835|660863|660895|661390|661758|661759|661760|661761|661762|661763|661764|661765|661766|661767|661768|661960|662335|662336|662337|662462|662491|662530|662560|662669|662670|662671|662672
STRUCT_FRAME_10_6_STRUCTURAL_BAMBOO_CLB,"Structural Framing 10' - 6"" | Structural Bamboo (CLB)",PART-STRUCT_FRAME_10_6-F623A65A,Parts,Structural Framing,EACH,1,1.0,EACH,0.0,16.72,607692
STRUCT_FRAME_14_0_STRUCTURAL_BAMBOO_CLB,"Structural Framing 14' - 0"" | Structural Bamboo (CLB)",PART-STRUCT_FRAME_14_0-A46FB2A4,Parts,Structural Framing,EACH,1,1.0,EACH,0.0,24.1,672414
STRUCT_FRAME_14_6_CONCRETE_NORMAL_WEIGHT_4_KSI,"Structural Framing 14' - 6"" | Concrete, Normal Weight - 4 ksi",PART-STRUCT_FRAME_14_6-F098E7B9,Parts,Structural Framing,EACH,15,15.0,EACH,0.0,362.16,591739|591740|591741|591748|591760|618215|635633|670564|688597|688927|690052|691023|691156|694397|695171
STRUCT_FRAME_14_6_STRUCTURAL_BAMBOO_CLB,"Structural Framing 14' - 6"" | Structural Bamboo (CLB)",PART-STRUCT_FRAME_14_6-0E6958C6,Parts,Structural Framing,EACH,10,10.0,EACH,0.0,240.09,607325|607672|607685|607686|633194|665010|674148|676672|678315|682671
STRUCT_FRAME_17_7_STRUCTURAL_BAMBOO_CLB,"Structural Framing 17' - 7"" | Structural Bamboo (CLB)",PART-STRUCT_FRAME_17_7-03B45687,Parts,Structural Framing,EACH,3,3.0,EACH,0.0,89.37,607586|607679|607693
STRUCT_FRAME_18_3_7_8_STRUCTURAL_BAMBOO_CLB,"Structural Framing 18' - 3 7/8"" | Structural Bamboo (CLB)",PART-STRUCT_FRAME_18_3-2D15BB80,Parts,Structural Framing,EACH,3,3.0,EACH,0.0,90.3,607550|607678|678744
STRUCT_FRAME_20_1_STRUCTURAL_BAMBOO_CLB,"Structural Framing 20' - 1"" | Structural Bamboo (CLB)",PART-STRUCT_FRAME_20_1-6B66DA79,Parts,Structural Framing,EACH,3,3.0,EACH,0.0,102.48,665471|674851|677777
STRUCT_FRAME_21_10_3_4_STRUCTURAL_BAMBOO_CLB,"Structural Framing 21' - 10 3/4"" | Structural Bamboo (CLB)",PART-STRUCT_FRAME_21_10-1B5579D8,Parts,Structural Framing,EACH,3,3.0,EACH,0.0,109.05,607671|629989|664493
STRUCT_FRAME_22_0_CONCRETE_NORMAL_WEIGHT_4_KSI,"Structural Framing 22' - 0"" | Concrete, Normal Weight - 4 ksi",PART-STRUCT_FRAME_22_0-5280B15B,Parts,Structural Framing,EACH,1,1.0,EACH,0.0,37.93,635522
STRUCT_FRAME_29_0_CONCRETE_NORMAL_WEIGHT_4_KSI,"Structural Framing 29' - 0"" | Concrete, Normal Weight - 4 ksi",PART-STRUCT_FRAME_29_0-AD934165,Parts,Structural Framing,EACH,24,24.0,EACH,0.0,1186.7,591738|591742|591743|591744|591745|591746|591747|591750|591751|591754|591755|591758|591759|591761|591765|591766|620265|635545|635572|635605|669594|669708|670047|671455
STRUCT_FRAME_29_0_STRUCTURAL_BAMBOO_CLB,"Structural Framing 29' - 0"" | Structural Bamboo (CLB)",PART-STRUCT_FRAME_29_0-06FF6E8F,Parts,Structural Framing,EACH,39,39.0,EACH,0.0,2195.1,607246|607366|607409|607445|607483|607516|607670|607673|607674|607675|607676|607677|607684|607687|607688|607689|607690|607691|647454|648230|648366|671646|671736|671775|672526|672824|673977|674893|675283|676820|677144|677462|677531|677618|677855|678054|678180|679347|681743
STRUCT_FRAME_29_10_CONCRETE_NORMAL_WEIGHT_4_KSI,"Structural Framing 29' - 10"" | Concrete, Normal Weight - 4 ksi",PART-STRUCT_FRAME_29_10-1F446A7D,Parts,Structural Framing,EACH,3,3.0,EACH,0.0,150.36,637859|638002|638012
STRUCT_FRAME_29_7_3_8_CONCRETE_NORMAL_WEIGHT_4_KSI,"Structural Framing 29' - 7 3/8"" | Concrete, Normal Weight - 4 ksi",PART-STRUCT_FRAME_29_7-382F3A6D,Parts,Structural Framing,EACH,3,3.0,EACH,0.0,151.38,637357|637562|637572
STRUCT_FRAME_3_3_1_2_STRUCTURAL_BAMBOO_CLB,"Structural Framing 3' - 3 1/2"" | Structural Bamboo (CLB)",PART-STRUCT_FRAME_3_3_1-B87745B1,Parts,Structural Framing,EACH,4,4.0,EACH,0.0,38.93,680397|680682|680912|681310
STRUCT_FRAME_58_0_CONCRETE_NORMAL_WEIGHT_4_KSI,"Structural Framing 58' - 0"" | Concrete, Normal Weight - 4 ksi",PART-STRUCT_FRAME_58_0-BBD380E4,Parts,Structural Framing,EACH,1,1.0,EACH,0.0,101.3,620300
STRUCT_FRAME_58_0_STRUCTURAL_BAMBOO_CLB,"Structural Framing 58' - 0"" | Structural Bamboo (CLB)",PART-STRUCT_FRAME_58_0-9DCCE4F2,Parts,Structural Framing,EACH,3,3.0,EACH,0.0,598.65,647342|647379|647424
STRUCT_FRAME_6_0_STRUCTURAL_BAMBOO_CLB,"Structural Framing 6' - 0"" | Structural Bamboo (CLB)",PART-STRUCT_FRAME_6_0_S-38B898CC,Parts,Structural Framing,EACH,2,2.0,EACH,0.0,39.18,678868|679076
STRUCT_FRAME_7_0_CONCRETE_NORMAL_WEIGHT_4_KSI,"Structural Framing 7' - 0"" | Concrete, Normal Weight - 4 ksi",PART-STRUCT_FRAME_7_0_C-5D833380,Parts,Structural Framing,EACH,1,1.0,EACH,0.0,9.93,691789
STRUCT_FRAME_9_6_STRUCTURAL_BAMBOO_CLB,"Structural Framing 9' - 6"" | Structural Bamboo (CLB)",PART-STRUCT_FRAME_9_6_S-9B8FCD47,Parts,Structural Framing,EACH,3,3.0,EACH,0.0,46.14,630128|672959|682112
STRUCT_FLOOR_L_0_BAMBOO_6_0_6_STRUCTURAL_BAMBOO_CLB,"Structural Floor L 0 | Bamboo - 6"" | 0' - 6"" | Structural Bamboo (CLB)",PART-STRUCT_FLOOR_L_0_B-6FFA9054,Parts,Structural Floors,SF,40,13047.0,SF,13047.0,6522.2,747260|751695|751697|751698|751699|751700|751701|751702|751703|751704|751705|751706|751707|751708|751711|751712|751713|751714|751717|751718|751719|751720|751721|751722|751723|751725|751726|751820|751821|752193|752194|752195|752196|752197|752198|752199|752200|752201|752431|752432
STRUCT_FLOOR_L_1_BAMBOO_6_0_6_STRUCTURAL_BAMBOO_CLB,"Structural Floor L 1 | Bamboo - 6"" | 0' - 6"" | Structural Bamboo (CLB)",PART-STRUCT_FLOOR_L_1_B-4C943E2B,Parts,Structural Floors,SF,53,19137.0,SF,19137.0,9571.0,739909|746245|746246|746247|746248|746250|746251|746252|746258|746259|746260|746261|746262|746263|746265|746266|746267|746268|746269|746270|746272|746273|746274|746280|746282|746283|746286|746288|746289|747239|747240|747241|747242|747243|747244|747245|747246|747247|747248|747249|747250|747251|747252|747253|747254|753159|753160|753161|753162|753164|753165|753376|753377
STRUCT_FLOOR_ROOF_BAMBOO_6_0_6_STRUCTURAL_BAMBOO_CLB,"Structural Floor Roof | Bamboo - 6"" | 0' - 6"" | Structural Bamboo (CLB)",PART-STRUCT_FLOOR_ROOF-B2F08FB7,Parts,Structural Floors,SF,73,26671.0,SF,26671.0,13334.9,713630|726867|726868|726869|726870|726876|726879|726880|726883|726889|726890|726891|726892|726894|726895|726899|726906|726909|726912|726913|726914|726915|726916|726918|726922|732262|732263|732264|732265|732266|732267|732268|732678|732681|732683|732684|732685|732686|733004|733006|733452|734384|734385|735849|735850|735851|735852|735853|736281|736282|737137|737138|737139|737140|737141|737142|737143|737144|737145|737146|737147|737149|737484|737485|737486|737700|739384|739385|739386|739387|739879|739880|739881
INTW_L_NEG_1_WALL,Interior Wall L -1,PART-INTW_L_NEG_1_WALL,Parts,Prefab Interior,EACH,42,42.0,EACH,4326.0,2706.18,1407241|1407928|1515329|1515333|1515334|1516005|1516683|1516723|1537404|1537528|1537901|1610794|1630868|1631433|1633116|1634227|1634397|1675286|1695664|1710678|1773818|1773993|1774763|1775440|1777575|1779421|1779738|1779997|1943499|1943544|1943574|1943630|1943683|1943723|1943755|1943797|1967723|1971369|1992218|1992635|1993388|2179040
INTW_L_0_WALL,Interior Wall L 0,PART-INTW_L_0_WALL,Parts,Prefab Interior,EACH,42,42.0,EACH,4514.0,3010.6,1352336|1387392|1403081|1403682|1502824|1720735|1720779|1775693|1776011|1776132|1776203|1776411|1776493|1776593|1992761|2173036|2173303|2175005|2175262|2175569|2177543|2178159|2178442|2180086|2181278|2181371|2181464|2181573|2181649|2181841|2182224|2182304|2182380|2182796|2182888|2182947|2182948|2183054|2183137|2186904|2187593|2187665
INTW_L_1_WALL,Interior Wall L 1,PART-INTW_L_1_WALL,Parts,Prefab Interior,EACH,91,91.0,EACH,8451.0,5434.2,1249262|1249295|1249332|1249372|1249405|1249438|1249463|1249493|1249530|1249558|1249706|1249741|1249986|1250022|1250048|1250076|1250100|1250193|1250299|1286603|1286681|1324711|1355120|1368267|1378909|1379108|1379153|1379178|1379208|1523748|1525073|1525831|1620235|1620862|1626925|1722264|1885961|1886283|1886661|1886856|1887063|1887103|1887145|1887184|1952046|1952186|1995789|2008766|2009644|2009682|2012235|2168568|2168964|2169090|2169420|2169589|2169746|2169836|2170012|2170228|2173074|2173306|2175265|2175573|2177547|2178162|2179179|2180110|2180442|2180533|2181281|2181374|2181467|2181576|2181652|2181844|2182227|2182307|2182383|2182799|2182891|2182951|2182952|2183057|2183140|2183250|2186907|2187596|2187668|2190702|2191628
EXTW_L_NEG_1_WALL,Exterior Wall L -1 - Wall Panel,PART-EXTW_L_NEG_1_WALL,Parts,Prefab Envelope,EACH,23,23.0,EACH,2989.0,1616.3,1403659|1404538|1516212|1642597|1774968|1781235|1781357|1944229|1944285|1944371|1944466|1944945|1945027|1945117|1945336|1945644|1946440|2000202|2000241|2184865|2184993|2185404|2185605
EXTW_L_NEG_1_MULLION-L,Exterior Wall L -1 - Mullion Lengthwise,PART-EXTW_L_NEG_1_MULLION_L,Parts,Prefab Envelope,EACH,24,24.0,EACH,120.0,16.56,1944486|1944488|1944493|1944494|1944953|1944954|1944955|1945035|1945036|1945037|1945129|1945130|1945131|1945132|1945344|1945345|1945346|1945652|1945653|1945654|1946452|1946453|1946454|1946455
EXTW_L_NEG_1_MULLION-B,Exterior Wall L -1 - Mullion Breadthwise,PART-EXTW_L_NEG_1_MULLION_B,Parts,Prefab Envelope,EACH,34,34.0,EACH,94.0,11.28,1944480|1944481|1944482|1944483|1944484|1944485|1944949|1944950|1944951|1944952|1945031|1945032|1945033|1945034|1945123|1945124|1945125|1945126|1945127|1945128|1945340|1945341|1945342|1945343|1945648|1945649|1945650|1945651|1946446|1946447|1946448|1946449|1946450|1946451
EXTW_L_NEG_1_GLAZED-PANEL,Exterior Wall L -1 - Glazed Panel,PART-EXTW_L_NEG_1_GLAZED_PANEL,Parts,Prefab Envelope,EACH,17,17.0,EACH,498.0,41.42,1944467|1944471|1944473|1944946|1944948|1945028|1945030|1945118|1945120|1945122|1945337|1945339|1945645|1945647|1946441|1946443|1946445
EXTW_L_0_WALL,Exterior Wall L 0 - Wall Panel,PART-EXTW_L_0_WALL,Parts,Prefab Envelope,EACH,36,36.0,EACH,4155.0,1438.3,1533211|1619541|1717415|1717566|1721183|1776273|1778122|1783843|1787151|1789249|1789371|1926527|1936236|1936999|1937479|1937506|1937722|1937749|1937891|1937918|1938062|1938089|1938168|1938195|1947262|1947646|1949146|1949173|1952948|1953539|1992813|1993027|2001613|2126039|2126489|2195425
EXTW_L_0_MULLION-L,Exterior Wall L 0 - Mullion Lengthwise,PART-EXTW_L_0_MULLION_L,Parts,Prefab Envelope,EACH,88,88.0,EACH,400.0,56.22,1721562|1721565|1721637|1721646|1721673|1721674|1721675|1721679|1721680|1721681|1778143|1778145|1778150|1778151|1787177|1787178|1787179|1787180|1787185|1787186|1787187|1787188|1787189|1787190|1789260|1789261|1789262|1789263|1789382|1789383|1789384|1789385|1918023|1918025|1918027|1918029|1918031|1926905|1926906|1926907|1926908|1926909|1937495|1937497|1937502|1937503|1937738|1937740|1937745|1937746|1937907|1937909|1937914|1937915|1938078|1938080|1938085|1938086|1938184|1938186|1938191|1938192|1947282|1947284|1947289|1947654|1947655|1947656|1949162|1949164|1949169|1949170|1949460|1949461|1952954|1952955|1952956|1952957|1953545|1953546|1953547|1953548|2126045|2126047|2126250|2126493|2126494|2126499
EXTW_L_0_MULLION-B,Exterior Wall L 0 - Mullion Breadthwise,PART-EXTW_L_0_MULLION_B,Parts,Prefab Envelope,EACH,106,106.0,EACH,297.0,36.59,1721649|1721650|1721651|1721652|1769283|1769284|1769285|1769286|1769291|1769292|1769293|1769294|1778137|1778138|1778139|1778140|1778141|1778142|1787169|1787170|1787171|1787172|1787173|1787174|1787175|1787176|1787181|1787182|1787183|1787184|1789258|1789259|1789264|1789380|1789381|1789386|1918033|1918034|1918035|1918036|1926910|1926911|1926912|1926913|1937489|1937490|1937491|1937492|1937493|1937494|1937732|1937733|1937734|1937735|1937736|1937737|1937901|1937902|1937903|1937904|1937905|1937906|1938072|1938073|1938074|1938075|1938076|1938077|1938178|1938179|1938180|1938181|1938182|1938183|1947276|1947277|1947279|1947280|1947650|1947651|1947652|1947653|1949156|1949157|1949158|1949159|1949160|1949161|1949454|1949455|1949456|1949457|1952952|1952953|1952958|1953543|1953544|1953549|2126043|2126044|2126248|2126249|2126491|2126492|2126497|2126498
EXTW_L_0_GLAZED-PANEL,Exterior Wall L 0 - Glazed Panel,PART-EXTW_L_0_GLAZED_PANEL,Parts,Prefab Envelope,EACH,63,63.0,EACH,1776.0,147.68,1721556|1721567|1721569|1721571|1721581|1721582|1721583|1721584|1778123|1778128|1778130|1787152|1787157|1787159|1787161|1787163|1787164|1787165|1787166|1789250|1789255|1789372|1789377|1918001|1918002|1918003|1918004|1926889|1926890|1926891|1926892|1937480|1937482|1937484|1937723|1937725|1937727|1937892|1937894|1937896|1938063|1938065|1938067|1938169|1938171|1938173|1947263|1947267|1947647|1947649|1949147|1949149|1949151|1949438|1949441|1952949|1952951|1953540|1953542|2126040|2126242|2126490|2126496
EXTW_L_1_WALL,Exterior Wall L 1 - Wall Panel,PART-EXTW_L_1_WALL,Parts,Prefab Envelope,EACH,48,48.0,EACH,3365.0,921.25,1249235|1249833|1525036|1525472|1623960|1624682|1927220|1928004|1930738|1931297|1934568|1934742|1934812|1934939|1935007|1935081|1935149|1935217|1935285|1935353|1935421|1935489|1935598|1938614|1938800|1939373|1939481|1940420|1940668|1940760|1941093|1941152|1941342|1941401|1941460|1941517|1941766|1941883|1946656|1946858|1993594|1994221|2193600|2193801|2194057|2194387|2194567|2194568
EXTW_L_1_MULLION-L,Exterior Wall L 1 - Mullion Lengthwise,PART-EXTW_L_1_MULLION_L,Parts,Prefab Envelope,EACH,96,96.0,EACH,376.0,56.78,1622171|1622172|1622195|1622196|1622200|1622201|1622202|1622203|1931409|1931410|1931436|1934576|1934577|1934578|1934750|1934751|1934752|1934820|1934821|1934822|1934947|1934948|1934949|1935015|1935016|1935017|1935089|1935090|1935091|1935157|1935158|1935159|1935225|1935226|1935227|1935293|1935294|1935295|1935361|1935362|1935363|1935429|1935430|1935431|1935497|1935498|1935499|1935606|1935607|1935608|1938622|1938623|1938624|1938808|1938809|1938810|1939381|1939382|1939383|1939489|1939490|1939491|1940428|1940429|1940430|1940676|1940677|1940678|1940768|1940769|1940770|1941101|1941102|1941103|1941160|1941161|1941162|1941350|1941351|1941352|1941409|1941410|1941411|1941468|1941469|1941470|1941525|1941526|1941527|1941774|1941775|1941776|1941862|1941891|1941892|1941893
EXTW_L_1_MULLION-B,Exterior Wall L 1 - Mullion Breadthwise,PART-EXTW_L_1_MULLION_B,Parts,Prefab Envelope,EACH,126,126.0,EACH,378.0,45.57,1622170|1622193|1622197|1622198|1622199|1767162|1767163|1767164|1931355|1931381|1931382|1931408|1934572|1934573|1934574|1934575|1934746|1934747|1934748|1934749|1934816|1934817|1934818|1934819|1934943|1934944|1934945|1934946|1935011|1935012|1935013|1935014|1935085|1935086|1935087|1935088|1935153|1935154|1935155|1935156|1935221|1935222|1935223|1935224|1935289|1935290|1935291|1935292|1935357|1935358|1935359|1935360|1935425|1935426|1935427|1935428|1935493|1935494|1935495|1935496|1935602|1935603|1935604|1935605|1938618|1938619|1938620|1938621|1938804|1938805|1938806|1938807|1939377|1939378|1939379|1939380|1939485|1939486|1939487|1939488|1940424|1940425|1940426|1940427|1940672|1940673|1940674|1940675|1940764|1940765|1940766|1940767|1941097|1941098|1941099|1941100|1941156|1941157|1941158|1941159|1941346|1941347|1941348|1941349|1941405|1941406|1941407|1941408|1941464|1941465|1941466|1941467|1941521|1941522|1941523|1941524|1941770|1941771|1941772|1941773|1941860|1941861|1941887|1941888|1941889|1941890
EXTW_L_1_GLAZED-PANEL,Exterior Wall L 1 - Glazed Panel,PART-EXTW_L_1_GLAZED_PANEL,Parts,Prefab Envelope,EACH,64,64.0,EACH,1707.0,141.9,1622167|1622174|1622178|1622179|1622180|1931298|1931353|1934569|1934571|1934743|1934745|1934813|1934815|1934940|1934942|1935008|1935010|1935082|1935084|1935150|1935152|1935218|1935220|1935286|1935288|1935354|1935356|1935422|1935424|1935490|1935492|1935599|1935601|1938615|1938617|1938801|1938803|1939374|1939376|1939482|1939484|1940421|1940423|1940669|1940671|1940761|1940763|1941094|1941096|1941153|1941155|1941343|1941345|1941402|1941404|1941461|1941463|1941518|1941520|1941767|1941769|1941854|1941884|1941886
MESH_L_1_PANEL,Mesh Panel L 1,PART-MESH_L_1_PANEL,Parts,Prefab Envelope,EACH,92,92.0,EACH,5888.0,30.36,2138681|2138903|2138921|2138939|2139096|2139114|2139132|2139168|2139234|2139235|2139236|2139237|2139274|2139275|2139276|2139277|2139278|2139577|2139578|2139579|2139580|2139581|2139599|2139600|2139601|2139602|2139603|2139604|2139605|2139606|2139607|2139608|2139610|2139611|2139612|2139613|2139614|2139615|2139616|2139617|2139618|2139619|2139633|2139634|2139635|2139653|2139805|2139810|2139815|2139820|2139825|2139830|2139835|2139840|2139845|2139850|2139855|2139860|2139865|2139870|2139875|2139880|2139885|2139890|2139895|2139900|2139921|2139926|2139931|2139936|2139941|2139946|2139951|2139956|2139961|2139966|2139971|2139976|2139981|2139986|2139991|2139996|2140001|2140340|2140410|2140835|2140905|2141018|2141019|2141127|2141128|2141186
CONC_400CF_TRUCK,Concrete Truck Load - 400 CF,PART-CONC_400CF_TRUCK,Parts,Concrete,EACH,0,0.0,EACH,0.0,0.0,
MEP_AIR_TERMINALS_EXHAUST_GRILL_6X6_CONNECTION_3_3_X3,"MEP Air Terminals | Exhaust Grill | 6x6 Connection 3 | 3""x3""",PART-MEP_AIR_TERMINALS-9E41A0A1,Parts,MEP Rough-In,EACH,18,18.0,EACH,18.0,1.26,1092924|1093091|1093192|1093279|1093318|1093417|1094072|1094079|1094090|1094097|1094104|1094124|1115618|1115659|1115666|1115673|1115680|1115687
MEP_AIR_TERMINALS_KLIMATBYR_C3_A5N_AIRVENT_NETAVENT_NAPT_RFA_2026_LEVELBASED_NAPT_125_5_Ø,"MEP Air Terminals | Klimatbyr%c3%a5n_Airvent_Netavent_NAPT_RFA_2026_LevelBased | NAPT-125 | 5""ø",PART-MEP_AIR_TERMINALS-A84DAAE1,Parts,MEP Rough-In,EACH,22,22.0,EACH,22.0,1.1,1230314|1230322|1230329|1230340|1230347|1230354|1230361|1233447|1290630|1290717|1290747|1290764|1290781|1290798|1290815|1290832|1290849|1290866|1290883|1290900|1290917|1290934
MEP_AIR_TERMINALS_KLIMATBYR_C3_A5N_AIRVENT_NETAVENT_NAPT_RFA_2026_LEVELBASED_NAPT_160_6_Ø,"MEP Air Terminals | Klimatbyr%c3%a5n_Airvent_Netavent_NAPT_RFA_2026_LevelBased | NAPT-160 | 6""ø",PART-MEP_AIR_TERMINALS-9FA1C97C,Parts,MEP Rough-In,EACH,9,9.0,EACH,18.0,0.72,1290218|1293139|1293149|1293156|1293161|1293166|1297478|1317509|1359587
MEP_AIR_TERMINALS_KLIMATBYR_C3_A5N_AIRVENT_NETAVENT_NAPT_RFA_2026_LEVELBASED_NAPT_200_8_Ø,"MEP Air Terminals | Klimatbyr%c3%a5n_Airvent_Netavent_NAPT_RFA_2026_LevelBased | NAPT-200 | 8""ø",PART-MEP_AIR_TERMINALS-0E5488F0,Parts,MEP Rough-In,EACH,1,1.0,EACH,4.0,0.14,1288531
MEP_AIR_TERMINALS_PRICE_40FF_FILTER_FRAME_STAMPED_RESIDENTIAL_GRILLE_RETURN_HOSTED_08X30_30_X6,"MEP Air Terminals | PRICE-40FF- Filter Frame Stamped Residential Grille-RETURN Hosted | 08x30'' | 30""x6""",PART-MEP_AIR_TERMINALS-B84D47E1,Parts,MEP Rough-In,EACH,2,2.0,EACH,0.0,0.32,1341931|1359795
MEP_AIR_TERMINALS_PRICE_40FF_FILTER_FRAME_STAMPED_RESIDENTIAL_GRILLE_RETURN_HOSTED_08X30_40_X5,"MEP Air Terminals | PRICE-40FF- Filter Frame Stamped Residential Grille-RETURN Hosted | 08x30'' | 40""x5""",PART-MEP_AIR_TERMINALS-8F42456B,Parts,MEP Rough-In,EACH,4,4.0,EACH,0.0,0.72,1235385|1268727|1270472|1276396
MEP_AIR_TERMINALS_PRICE_40FF_FILTER_FRAME_STAMPED_RESIDENTIAL_GRILLE_RETURN_HOSTED_08X30_40_X6,"MEP Air Terminals | PRICE-40FF- Filter Frame Stamped Residential Grille-RETURN Hosted | 08x30'' | 40""x6""",PART-MEP_AIR_TERMINALS-BC7EEA09,Parts,MEP Rough-In,EACH,4,4.0,EACH,0.0,0.84,1255849|1261388|1262015|1266757
MEP_AIR_TERMINALS_RETURN_DIFFUSER_12_X_12_CONNECTION_2_6_X6,"MEP Air Terminals | Return Diffuser | 12 x 12 Connection 2 | 6""x6""",PART-MEP_AIR_TERMINALS-26869EBB,Parts,MEP Rough-In,EACH,8,8.0,EACH,8.0,1.52,1253248|1253349|1253410|1253461|1253550|1253601|1253650|1253667
MEP_AIR_TERMINALS_RETURN_DIFFUSER_24_X_24_FACE_12_X_12_CONNECTION_12_X12,"MEP Air Terminals | Return Diffuser | 24 x 24 Face 12 x 12 Connection | 12""x12""",PART-MEP_AIR_TERMINALS-DF0CB2DC,Parts,MEP Rough-In,EACH,4,4.0,EACH,16.0,3.12,1353013|1353018|1353025|1353061
MEP_AIR_TERMINALS_RETURN_DIFFUSER_6X6_CONNECTION_3_4_X4,"MEP Air Terminals | Return Diffuser | 6x6 Connection 3 | 4""x4""",PART-MEP_AIR_TERMINALS-2DB2F987,Parts,MEP Rough-In,EACH,5,5.0,EACH,5.0,0.6,1126761|1126780|1126868|1126901|1126920
MEP_AIR_TERMINALS_RETURN_DIFFUSER_ON_DUCT_3_4_X4,"MEP Air Terminals | Return Diffuser | on duct 3 | 4""x4""",PART-MEP_AIR_TERMINALS-26DC08DC,Parts,MEP Rough-In,EACH,9,9.0,EACH,18.0,2.25,1255224|1255229|1255297|1255316|1255356|1255411|1255416|1255425|1255430
MEP_AIR_TERMINALS_SUPPLY_DIFFUSER_12X12_CONNECTION_2_6_X6,"MEP Air Terminals | Supply Diffuser | 12x12 Connection 2 | 6""x6""",PART-MEP_AIR_TERMINALS-C372A555,Parts,MEP Rough-In,EACH,22,22.0,EACH,22.0,4.18,1119959|1119960|1139452|1139459|1143736|1144040|1144167|1144320|1144421|1144720|1144803|1145004|1151162|1151315|1151456|1151583|1151658|1151877|1152022|1152137|1155450|1155451
MEP_AIR_TERMINALS_SUPPLY_DIFFUSER_6X6_CONNECTION_3_3_X3,"MEP Air Terminals | Supply Diffuser | 6x6 Connection 3 | 3""x3""",PART-MEP_AIR_TERMINALS-AC96EF49,Parts,MEP Rough-In,EACH,6,6.0,EACH,6.0,0.36,1139544|1139709|1152310|1152311|1155452|1155453
MEP_AIR_TERMINALS_SUPPLY_DIFFUSER_8X8_CONNECTION_4_4_X4,"MEP Air Terminals | Supply Diffuser | 8x8 Connection 4 | 4""x4""",PART-MEP_AIR_TERMINALS-199DEF97,Parts,MEP Rough-In,EACH,8,8.0,EACH,8.0,0.72,1082486|1082649|1082712|1082897|1083126|1084400|1088861|1153712
MEP_AIR_TERMINALS_SWEGON_AB_CKDA_1_ALSD_VK_RFA_2026_LEVELBASED_CKDA_1_400_V_VK_ALSD_315_400_12_Ø,"MEP Air Terminals | Swegon_AB_CKDa-1_ALSd-_VK_RFA_2026_LevelBased | CKDa 1-400-V-VK+ALSd 315-400 | 12""ø",PART-MEP_AIR_TERMINALS-11A5F28C,Parts,MEP Rough-In,EACH,9,9.0,EACH,153.0,60.21,1286179|1286194|1286220|1286225|1286230|1286396|1286437|1286438|1286460
MEP_DUCTS_UNSPECIFIED_FAMILY_MITERED_ELBOWS_TEES_10_X10,"MEP Ducts | Unspecified Family | Mitered Elbows / Tees | 10""x10""",PART-MEP_DUCTS_UNSPECIF-1A72497D,Parts,MEP Rough-In,EACH,3,3.0,EACH,19.0,0.0,1232800|1289213|1289262
MEP_DUCTS_UNSPECIFIED_FAMILY_MITERED_ELBOWS_TEES_10_X11,"MEP Ducts | Unspecified Family | Mitered Elbows / Tees | 10""x11""",PART-MEP_DUCTS_UNSPECIF-34F7AEE1,Parts,MEP Rough-In,EACH,1,1.0,EACH,59.0,0.0,1152823
MEP_DUCTS_UNSPECIFIED_FAMILY_MITERED_ELBOWS_TEES_11_X11,"MEP Ducts | Unspecified Family | Mitered Elbows / Tees | 11""x11""",PART-MEP_DUCTS_UNSPECIF-79B6DC63,Parts,MEP Rough-In,EACH,1,1.0,EACH,3.0,0.0,1087185
MEP_DUCTS_UNSPECIFIED_FAMILY_MITERED_ELBOWS_TEES_11_X12,"MEP Ducts | Unspecified Family | Mitered Elbows / Tees | 11""x12""",PART-MEP_DUCTS_UNSPECIF-EA811A1C,Parts,MEP Rough-In,EACH,4,4.0,EACH,59.0,0.0,1087052|1093972|1232309|1232338
MEP_DUCTS_UNSPECIFIED_FAMILY_MITERED_ELBOWS_TEES_12_X10,"MEP Ducts | Unspecified Family | Mitered Elbows / Tees | 12""x10""",PART-MEP_DUCTS_UNSPECIF-07D73624,Parts,MEP Rough-In,EACH,2,2.0,EACH,16.0,0.0,1212417|1223699
MEP_DUCTS_UNSPECIFIED_FAMILY_MITERED_ELBOWS_TEES_12_X12,"MEP Ducts | Unspecified Family | Mitered Elbows / Tees | 12""x12""",PART-MEP_DUCTS_UNSPECIF-237AD2AE,Parts,MEP Rough-In,EACH,6,6.0,EACH,189.0,0.0,1087208|1087223|1145386|1253806|1289212|1289215
MEP_DUCTS_UNSPECIFIED_FAMILY_MITERED_ELBOWS_TEES_12_X13,"MEP Ducts | Unspecified Family | Mitered Elbows / Tees | 12""x13""",PART-MEP_DUCTS_UNSPECIF-083A03E0,Parts,MEP Rough-In,EACH,7,7.0,EACH,109.0,0.0,1087238|1087434|1353207|1353252|1353264|1353294|1353321
MEP_DUCTS_UNSPECIFIED_FAMILY_MITERED_ELBOWS_TEES_12_X8,"MEP Ducts | Unspecified Family | Mitered Elbows / Tees | 12""x8""",PART-MEP_DUCTS_UNSPECIF-F49444E0,Parts,MEP Rough-In,EACH,1,1.0,EACH,0.0,0.0,1149980
MEP_DUCTS_UNSPECIFIED_FAMILY_MITERED_ELBOWS_TEES_12_X9,"MEP Ducts | Unspecified Family | Mitered Elbows / Tees | 12""x9""",PART-MEP_DUCTS_UNSPECIF-CA9BD679,Parts,MEP Rough-In,EACH,1,1.0,EACH,32.0,0.0,1292034
MEP_DUCTS_UNSPECIFIED_FAMILY_MITERED_ELBOWS_TEES_13_X13,"MEP Ducts | Unspecified Family | Mitered Elbows / Tees | 13""x13""",PART-MEP_DUCTS_UNSPECIF-5F425A46,Parts,MEP Rough-In,EACH,6,6.0,EACH,356.0,0.0,1166608|1166620|1287067|1287105|1287241|1352814
MEP_DUCTS_UNSPECIFIED_FAMILY_MITERED_ELBOWS_TEES_13_X14,"MEP Ducts | Unspecified Family | Mitered Elbows / Tees | 13""x14""",PART-MEP_DUCTS_UNSPECIF-BCAB004C,Parts,MEP Rough-In,EACH,4,4.0,EACH,127.0,0.0,1087407|1253823|1292988|1292989
MEP_DUCTS_UNSPECIFIED_FAMILY_MITERED_ELBOWS_TEES_13_X9,"MEP Ducts | Unspecified Family | Mitered Elbows / Tees | 13""x9""",PART-MEP_DUCTS_UNSPECIF-892FF2BA,Parts,MEP Rough-In,EACH,2,2.0,EACH,33.0,0.0,1230970|1292352
MEP_DUCTS_UNSPECIFIED_FAMILY_MITERED_ELBOWS_TEES_14_X13,"MEP Ducts | Unspecified Family | Mitered Elbows / Tees | 14""x13""",PART-MEP_DUCTS_UNSPECIF-ECBF1C5A,Parts,MEP Rough-In,EACH,7,7.0,EACH,501.0,0.0,1098430|1237180|1254877|1255067|1255069|1376558|1378088
MEP_DUCTS_UNSPECIFIED_FAMILY_MITERED_ELBOWS_TEES_14_X14,"MEP Ducts | Unspecified Family | Mitered Elbows / Tees | 14""x14""",PART-MEP_DUCTS_UNSPECIF-5ED6058A,Parts,MEP Rough-In,EACH,3,3.0,EACH,116.0,0.0,1087453|1092863|1378488
MEP_DUCTS_UNSPECIFIED_FAMILY_MITERED_ELBOWS_TEES_14_X15,"MEP Ducts | Unspecified Family | Mitered Elbows / Tees | 14""x15""",PART-MEP_DUCTS_UNSPECIF-15CDBB7A,Parts,MEP Rough-In,EACH,2,2.0,EACH,105.0,0.0,1145369|1166184
MEP_DUCTS_UNSPECIFIED_FAMILY_MITERED_ELBOWS_TEES_14_X18,"MEP Ducts | Unspecified Family | Mitered Elbows / Tees | 14""x18""",PART-MEP_DUCTS_UNSPECIF-0039B172,Parts,MEP Rough-In,EACH,1,1.0,EACH,1.0,0.0,1166172
MEP_DUCTS_UNSPECIFIED_FAMILY_MITERED_ELBOWS_TEES_14_X9,"MEP Ducts | Unspecified Family | Mitered Elbows / Tees | 14""x9""",PART-MEP_DUCTS_UNSPECIF-6B983320,Parts,MEP Rough-In,EACH,4,4.0,EACH,9.0,0.0,1212711|1292705|1292719|1293124
MEP_DUCTS_UNSPECIFIED_FAMILY_MITERED_ELBOWS_TEES_15_X15,"MEP Ducts | Unspecified Family | Mitered Elbows / Tees | 15""x15""",PART-MEP_DUCTS_UNSPECIF-E0A1EFA1,Parts,MEP Rough-In,EACH,1,1.0,EACH,56.0,0.0,1253840
MEP_DUCTS_UNSPECIFIED_FAMILY_MITERED_ELBOWS_TEES_15_X16,"MEP Ducts | Unspecified Family | Mitered Elbows / Tees | 15""x16""",PART-MEP_DUCTS_UNSPECIF-D3F00930,Parts,MEP Rough-In,EACH,1,1.0,EACH,58.0,0.0,1094979
MEP_DUCTS_UNSPECIFIED_FAMILY_MITERED_ELBOWS_TEES_15_X24,"MEP Ducts | Unspecified Family | Mitered Elbows / Tees | 15""x24""",PART-MEP_DUCTS_UNSPECIF-C427CAD5,Parts,MEP Rough-In,EACH,2,2.0,EACH,58.0,0.0,1299238|1299247
MEP_DUCTS_UNSPECIFIED_FAMILY_MITERED_ELBOWS_TEES_15_X30,"MEP Ducts | Unspecified Family | Mitered Elbows / Tees | 15""x30""",PART-MEP_DUCTS_UNSPECIF-CFFBDD12,Parts,MEP Rough-In,EACH,4,4.0,EACH,321.0,0.0,1169283|1381695|1381758|1381828
MEP_DUCTS_UNSPECIFIED_FAMILY_MITERED_ELBOWS_TEES_16_X16,"MEP Ducts | Unspecified Family | Mitered Elbows / Tees | 16""x16""",PART-MEP_DUCTS_UNSPECIF-AD5E6978,Parts,MEP Rough-In,EACH,5,5.0,EACH,161.0,0.0,1232400|1287033|1287092|1287191|1352550
MEP_DUCTS_UNSPECIFIED_FAMILY_MITERED_ELBOWS_TEES_16_X17,"MEP Ducts | Unspecified Family | Mitered Elbows / Tees | 16""x17""",PART-MEP_DUCTS_UNSPECIF-EA1E1085,Parts,MEP Rough-In,EACH,6,6.0,EACH,196.0,0.0,1142969|1146867|1146869|1147253|1241017|1253855
MEP_DUCTS_UNSPECIFIED_FAMILY_MITERED_ELBOWS_TEES_17_X18,"MEP Ducts | Unspecified Family | Mitered Elbows / Tees | 17""x18""",PART-MEP_DUCTS_UNSPECIF-402EEB32,Parts,MEP Rough-In,EACH,1,1.0,EACH,76.0,0.0,1353304
MEP_DUCTS_UNSPECIFIED_FAMILY_MITERED_ELBOWS_TEES_18_X12,"MEP Ducts | Unspecified Family | Mitered Elbows / Tees | 18""x12""",PART-MEP_DUCTS_UNSPECIF-2AC524A0,Parts,MEP Rough-In,EACH,1,1.0,EACH,96.0,0.0,1152898
MEP_DUCTS_UNSPECIFIED_FAMILY_MITERED_ELBOWS_TEES_18_X14,"MEP Ducts | Unspecified Family | Mitered Elbows / Tees | 18""x14""",PART-MEP_DUCTS_UNSPECIF-F6744E70,Parts,MEP Rough-In,EACH,2,2.0,EACH,73.0,0.0,1165804|1166109
MEP_DUCTS_UNSPECIFIED_FAMILY_MITERED_ELBOWS_TEES_18_X18,"MEP Ducts | Unspecified Family | Mitered Elbows / Tees | 18""x18""",PART-MEP_DUCTS_UNSPECIF-176F0B3C,Parts,MEP Rough-In,EACH,1,1.0,EACH,60.0,0.0,1253870
MEP_DUCTS_UNSPECIFIED_FAMILY_MITERED_ELBOWS_TEES_19_X19,"MEP Ducts | Unspecified Family | Mitered Elbows / Tees | 19""x19""",PART-MEP_DUCTS_UNSPECIF-BA0E7B76,Parts,MEP Rough-In,EACH,6,6.0,EACH,133.0,0.0,1166836|1241189|1254749|1312070|1312272|1312275
MEP_DUCTS_UNSPECIFIED_FAMILY_MITERED_ELBOWS_TEES_19_X20,"MEP Ducts | Unspecified Family | Mitered Elbows / Tees | 19""x20""",PART-MEP_DUCTS_UNSPECIF-0B9234ED,Parts,MEP Rough-In,EACH,4,4.0,EACH,102.0,0.0,1153377|1170937|1171042|1171043
MEP_DUCTS_UNSPECIFIED_FAMILY_MITERED_ELBOWS_TEES_22_X16,"MEP Ducts | Unspecified Family | Mitered Elbows / Tees | 22""x16""",PART-MEP_DUCTS_UNSPECIF-DFEF9C63,Parts,MEP Rough-In,EACH,4,4.0,EACH,269.0,0.0,1298319|1298328|1298529|1378847
MEP_DUCTS_UNSPECIFIED_FAMILY_MITERED_ELBOWS_TEES_22_X22,"MEP Ducts | Unspecified Family | Mitered Elbows / Tees | 22""x22""",PART-MEP_DUCTS_UNSPECIF-92050242,Parts,MEP Rough-In,EACH,1,1.0,EACH,87.0,0.0,1353109
MEP_DUCTS_UNSPECIFIED_FAMILY_MITERED_ELBOWS_TEES_22_X24,"MEP Ducts | Unspecified Family | Mitered Elbows / Tees | 22""x24""",PART-MEP_DUCTS_UNSPECIF-94AA9294,Parts,MEP Rough-In,EACH,2,2.0,EACH,14.0,0.0,1286571|1352460
MEP_DUCTS_UNSPECIFIED_FAMILY_MITERED_ELBOWS_TEES_24_X12,"MEP Ducts | Unspecified Family | Mitered Elbows / Tees | 24""x12""",PART-MEP_DUCTS_UNSPECIF-3F734E5F,Parts,MEP Rough-In,EACH,1,1.0,EACH,98.0,0.0,1340587
MEP_DUCTS_UNSPECIFIED_FAMILY_MITERED_ELBOWS_TEES_24_X15,"MEP Ducts | Unspecified Family | Mitered Elbows / Tees | 24""x15""",PART-MEP_DUCTS_UNSPECIF-FD10BE0F,Parts,MEP Rough-In,EACH,6,6.0,EACH,243.0,0.0,1156979|1298484|1298555|1298567|1299570|1379255
MEP_DUCTS_UNSPECIFIED_FAMILY_MITERED_ELBOWS_TEES_28_X12,"MEP Ducts | Unspecified Family | Mitered Elbows / Tees | 28""x12""",PART-MEP_DUCTS_UNSPECIF-03B4E40A,Parts,MEP Rough-In,EACH,2,2.0,EACH,56.0,0.0,1340508|1340547
MEP_DUCTS_UNSPECIFIED_FAMILY_MITERED_ELBOWS_TEES_28_X22,"MEP Ducts | Unspecified Family | Mitered Elbows / Tees | 28""x22""",PART-MEP_DUCTS_UNSPECIF-C206E59F,Parts,MEP Rough-In,EACH,1,1.0,EACH,43.0,0.0,1353364
MEP_DUCTS_UNSPECIFIED_FAMILY_MITERED_ELBOWS_TEES_30_X15,"MEP Ducts | Unspecified Family | Mitered Elbows / Tees | 30""x15""",PART-MEP_DUCTS_UNSPECIF-AA2664C4,Parts,MEP Rough-In,EACH,43,43.0,EACH,2500.0,0.0,1168849|1168865|1170080|1170437|1170582|1171045|1248153|1248169|1248182|1248299|1248306|1248338|1249340|1249690|1251012|1251584|1252388|1280958|1294390|1294746|1294758|1295346|1296581|1296675|1296950|1296962|1297047|1297057|1298270|1298905|1298916|1298924|1298978|1299117|1317728|1317744|1379468|1379599|1380906|1381194|1381658|1381739|1381862
MEP_DUCTS_UNSPECIFIED_FAMILY_MITERED_ELBOWS_TEES_30_X24,"MEP Ducts | Unspecified Family | Mitered Elbows / Tees | 30""x24""",PART-MEP_DUCTS_UNSPECIF-E77CF069,Parts,MEP Rough-In,EACH,7,7.0,EACH,343.0,0.0,1164675|1164682|1231724|1231725|1233124|1350538|1380013
MEP_DUCTS_UNSPECIFIED_FAMILY_MITERED_ELBOWS_TEES_30_X6,"MEP Ducts | Unspecified Family | Mitered Elbows / Tees | 30""x6""",PART-MEP_DUCTS_UNSPECIF-F43CDDEB,Parts,MEP Rough-In,EACH,2,2.0,EACH,7.0,0.0,1343222|1360763
MEP_DUCTS_UNSPECIFIED_FAMILY_MITERED_ELBOWS_TEES_32_X24,"MEP Ducts | Unspecified Family | Mitered Elbows / Tees | 32""x24""",PART-MEP_DUCTS_UNSPECIF-290CE02F,Parts,MEP Rough-In,EACH,9,9.0,EACH,413.0,0.0,1295637|1295832|1295839|1295940|1351839|1351844|1352091|1352416|1380287
MEP_DUCTS_UNSPECIFIED_FAMILY_MITERED_ELBOWS_TEES_35_X16,"MEP Ducts | Unspecified Family | Mitered Elbows / Tees | 35""x16""",PART-MEP_DUCTS_UNSPECIF-E9CD2767,Parts,MEP Rough-In,EACH,4,4.0,EACH,61.0,0.0,1294110|1294148|1294850|1294978
MEP_DUCTS_UNSPECIFIED_FAMILY_MITERED_ELBOWS_TEES_3_X3,"MEP Ducts | Unspecified Family | Mitered Elbows / Tees | 3""x3""",PART-MEP_DUCTS_UNSPECIF-602F4FAE,Parts,MEP Rough-In,EACH,47,47.0,EACH,117.0,0.0,1087426|1093963|1129258|1129281|1129303|1129321|1129339|1129359|1130111|1130122|1130130|1130140|1135809|1147671|1152314|1223859|1231047|1241441|1241450|1261075|1261085|1261101|1261324|1261334|1261355|1290680|1290719|1290749|1290766|1290783|1290800|1290817|1290834|1290851|1290868|1290885|1290902|1290919|1290935|1290936|1317437|1317448|1317584|1317594|1317604|1317609|1317618
MEP_DUCTS_UNSPECIFIED_FAMILY_MITERED_ELBOWS_TEES_40_X5,"MEP Ducts | Unspecified Family | Mitered Elbows / Tees | 40""x5""",PART-MEP_DUCTS_UNSPECIF-4DD7BDF5,Parts,MEP Rough-In,EACH,29,29.0,EACH,145.0,0.0,1269604|1270047|1270060|1270996|1271092|1271105|1271117|1271129|1271141|1271153|1271165|1271177|1271189|1271201|1271213|1271225|1271237|1271366|1271428|1271441|1271454|1271467|1276908|1276972|1276985|1276997|1277009|1277021|1277033
MEP_DUCTS_UNSPECIFIED_FAMILY_MITERED_ELBOWS_TEES_40_X6,"MEP Ducts | Unspecified Family | Mitered Elbows / Tees | 40""x6""",PART-MEP_DUCTS_UNSPECIF-F15B5A08,Parts,MEP Rough-In,EACH,6,6.0,EACH,30.0,0.0,1260295|1261927|1262004|1266029|1266094|1267294
MEP_DUCTS_UNSPECIFIED_FAMILY_MITERED_ELBOWS_TEES_4_X4,"MEP Ducts | Unspecified Family | Mitered Elbows / Tees | 4""x4""",PART-MEP_DUCTS_UNSPECIF-488CD498,Parts,MEP Rough-In,EACH,33,33.0,EACH,155.0,0.0,1093833|1115859|1129347|1130986|1135714|1135748|1135855|1136091|1149736|1149753|1149769|1149787|1149803|1149819|1155957|1155984|1156213|1156253|1156561|1156592|1156610|1156626|1156642|1157667|1157674|1203502|1223820|1231029|1281282|1281312|1290918|1312414|1312423
MEP_DUCTS_UNSPECIFIED_FAMILY_MITERED_ELBOWS_TEES_4_X5,"MEP Ducts | Unspecified Family | Mitered Elbows / Tees | 4""x5""",PART-MEP_DUCTS_UNSPECIF-40773E1B,Parts,MEP Rough-In,EACH,5,5.0,EACH,29.0,0.0,1135637|1135652|1212495|1231010|1290901
MEP_DUCTS_UNSPECIFIED_FAMILY_MITERED_ELBOWS_TEES_5_X5,"MEP Ducts | Unspecified Family | Mitered Elbows / Tees | 5""x5""",PART-MEP_DUCTS_UNSPECIF-A664D99C,Parts,MEP Rough-In,EACH,18,18.0,EACH,139.0,0.0,1087153|1087401|1129329|1131042|1131054|1135741|1149075|1149811|1155589|1156634|1165543|1212473|1232735|1233611|1290884|1292754|1349507|1349543
MEP_DUCTS_UNSPECIFIED_FAMILY_MITERED_ELBOWS_TEES_5_X6,"MEP Ducts | Unspecified Family | Mitered Elbows / Tees | 5""x6""",PART-MEP_DUCTS_UNSPECIF-7F98DCF1,Parts,MEP Rough-In,EACH,3,3.0,EACH,19.0,0.0,1135817|1155454|1232705
MEP_DUCTS_UNSPECIFIED_FAMILY_MITERED_ELBOWS_TEES_6_X6,"MEP Ducts | Unspecified Family | Mitered Elbows / Tees | 6""x6""",PART-MEP_DUCTS_UNSPECIF-92A1C2F4,Parts,MEP Rough-In,EACH,19,19.0,EACH,131.0,0.0,1129311|1145345|1145353|1145360|1145368|1145378|1145385|1145397|1149057|1149795|1152706|1155486|1156295|1156303|1156618|1266259|1290850|1290867|1312448
MEP_DUCTS_UNSPECIFIED_FAMILY_MITERED_ELBOWS_TEES_6_X7,"MEP Ducts | Unspecified Family | Mitered Elbows / Tees | 6""x7""",PART-MEP_DUCTS_UNSPECIF-90F7B2A2,Parts,MEP Rough-In,EACH,4,4.0,EACH,42.0,0.0,1129291|1135674|1158976|1290833
MEP_DUCTS_UNSPECIFIED_FAMILY_MITERED_ELBOWS_TEES_6_X9,"MEP Ducts | Unspecified Family | Mitered Elbows / Tees | 6""x9""",PART-MEP_DUCTS_UNSPECIF-2C66E5A7,Parts,MEP Rough-In,EACH,1,1.0,EACH,3.0,0.0,1148479
MEP_DUCTS_UNSPECIFIED_FAMILY_MITERED_ELBOWS_TEES_7_X5,"MEP Ducts | Unspecified Family | Mitered Elbows / Tees | 7""x5""",PART-MEP_DUCTS_UNSPECIF-CF6BA0CE,Parts,MEP Rough-In,EACH,3,3.0,EACH,5.0,0.0,1288317|1288324|1288338
MEP_DUCTS_UNSPECIFIED_FAMILY_MITERED_ELBOWS_TEES_7_X7,"MEP Ducts | Unspecified Family | Mitered Elbows / Tees | 7""x7""",PART-MEP_DUCTS_UNSPECIF-E64526EC,Parts,MEP Rough-In,EACH,22,22.0,EACH,191.0,0.0,1129266|1143057|1147489|1147501|1149039|1149779|1152598|1152654|1156600|1253759|1253766|1253780|1253798|1253815|1253830|1253847|1253862|1253879|1290816|1312301|1312309|1378346
MEP_DUCTS_UNSPECIFIED_FAMILY_MITERED_ELBOWS_TEES_7_X8,"MEP Ducts | Unspecified Family | Mitered Elbows / Tees | 7""x8""",PART-MEP_DUCTS_UNSPECIF-3D6D2BA5,Parts,MEP Rough-In,EACH,12,12.0,EACH,125.0,0.0,1127081|1128221|1149021|1149761|1152842|1152850|1152870|1152878|1152890|1152897|1152907|1152915
MEP_DUCTS_UNSPECIFIED_FAMILY_MITERED_ELBOWS_TEES_8_X7,"MEP Ducts | Unspecified Family | Mitered Elbows / Tees | 8""x7""",PART-MEP_DUCTS_UNSPECIF-6978C620,Parts,MEP Rough-In,EACH,1,1.0,EACH,23.0,0.0,1290799
MEP_DUCTS_UNSPECIFIED_FAMILY_MITERED_ELBOWS_TEES_8_X8,"MEP Ducts | Unspecified Family | Mitered Elbows / Tees | 8""x8""",PART-MEP_DUCTS_UNSPECIF-409EFE02,Parts,MEP Rough-In,EACH,8,8.0,EACH,154.0,0.0,1155466|1155468|1155477|1155976|1290765|1290782|1378577|1378637
MEP_DUCTS_UNSPECIFIED_FAMILY_MITERED_ELBOWS_TEES_8_X9,"MEP Ducts | Unspecified Family | Mitered Elbows / Tees | 8""x9""",PART-MEP_DUCTS_UNSPECIF-69ABCA4E,Parts,MEP Rough-In,EACH,6,6.0,EACH,153.0,0.0,1115782|1145313|1146109|1149003|1149745|1290748
MEP_DUCTS_UNSPECIFIED_FAMILY_MITERED_ELBOWS_TEES_9_X10,"MEP Ducts | Unspecified Family | Mitered Elbows / Tees | 9""x10""",PART-MEP_DUCTS_UNSPECIF-0D596FDC,Parts,MEP Rough-In,EACH,7,7.0,EACH,241.0,0.0,1085785|1253791|1286534|1286559|1286584|1352763|1352803
MEP_DUCTS_UNSPECIFIED_FAMILY_MITERED_ELBOWS_TEES_9_X8,"MEP Ducts | Unspecified Family | Mitered Elbows / Tees | 9""x8""",PART-MEP_DUCTS_UNSPECIF-7045AFAC,Parts,MEP Rough-In,EACH,2,2.0,EACH,42.0,0.0,1290639|1290718
MEP_DUCTS_UNSPECIFIED_FAMILY_MITERED_ELBOWS_TEES_9_X9,"MEP Ducts | Unspecified Family | Mitered Elbows / Tees | 9""x9""",PART-MEP_DUCTS_UNSPECIF-EC8B937F,Parts,MEP Rough-In,EACH,6,6.0,EACH,9.0,0.0,1146930|1239940|1240105|1291519|1312123|1312273
MEP_DUCT_FITTINGS_RECTANGULAR_CROSS_STANDARD_12_X9_8_X9_6_X9_6_X9,"MEP Duct Fittings | Rectangular Cross | Standard | 12""x9""-8""x9""-6""x9""-6""x9""",PART-MEP_DUCT_FITTINGS-CE139C2C,Parts,MEP Rough-In,EACH,1,1.0,EACH,0.0,0.54,1145387
MEP_DUCT_FITTINGS_RECTANGULAR_CROSS_STANDARD_14_X15_12_X15_6_X15_6_X15,"MEP Duct Fittings | Rectangular Cross | Standard | 14""x15""-12""x15""-6""x15""-6""x15""",PART-MEP_DUCT_FITTINGS-BA0A30D5,Parts,MEP Rough-In,EACH,1,1.0,EACH,0.0,1.06,1145370
MEP_DUCT_FITTINGS_RECTANGULAR_CROSS_STANDARD_18_X12_10_X12_7_X12_7_X12,"MEP Duct Fittings | Rectangular Cross | Standard | 18""x12""-10""x12""-7""x12""-7""x12""",PART-MEP_DUCT_FITTINGS-A2F3B028,Parts,MEP Rough-In,EACH,1,1.0,EACH,0.0,1.17,1152899
MEP_DUCT_FITTINGS_RECTANGULAR_CROSS_STANDARD_19_X19_19_X19_17_X19_17_X19,"MEP Duct Fittings | Rectangular Cross | Standard | 19""x19""-19""x19""-17""x19""-17""x19""",PART-MEP_DUCT_FITTINGS-BB85DCAA,Parts,MEP Rough-In,EACH,1,1.0,EACH,0.0,4.34,1241095
MEP_DUCT_FITTINGS_RECTANGULAR_CROSS_STANDARD_24_X12_18_X12_7_X12_7_X12,"MEP Duct Fittings | Rectangular Cross | Standard | 24""x12""-18""x12""-7""x12""-7""x12""",PART-MEP_DUCT_FITTINGS-C660403C,Parts,MEP Rough-In,EACH,1,1.0,EACH,0.0,1.56,1152880
MEP_DUCT_FITTINGS_RECTANGULAR_CROSS_STANDARD_28_X12_28_X12_7_X12_7_X12,"MEP Duct Fittings | Rectangular Cross | Standard | 28""x12""-28""x12""-7""x12""-7""x12""",PART-MEP_DUCT_FITTINGS-03D78255,Parts,MEP Rough-In,EACH,1,1.0,EACH,0.0,1.85,1340611
MEP_DUCT_FITTINGS_RECTANGULAR_ELBOW_MITERED_STANDARD_10_X10_10_X10,"MEP Duct Fittings | Rectangular Elbow - Mitered | Standard | 10""x10""-10""x10""",PART-MEP_DUCT_FITTINGS-6DE4ADED,Parts,MEP Rough-In,EACH,2,2.0,EACH,0.0,0.72,1289217|1289223
MEP_DUCT_FITTINGS_RECTANGULAR_ELBOW_MITERED_STANDARD_12_X13_12_X13,"MEP Duct Fittings | Rectangular Elbow - Mitered | Standard | 12""x13""-12""x13""",PART-MEP_DUCT_FITTINGS-BD147F30,Parts,MEP Rough-In,EACH,1,1.0,EACH,0.0,1.26,1353224
MEP_DUCT_FITTINGS_RECTANGULAR_ELBOW_MITERED_STANDARD_13_X13_13_X13,"MEP Duct Fittings | Rectangular Elbow - Mitered | Standard | 13""x13""-13""x13""",PART-MEP_DUCT_FITTINGS-99264962,Parts,MEP Rough-In,EACH,2,2.0,EACH,0.0,2.94,1166712|1239145
MEP_DUCT_FITTINGS_RECTANGULAR_ELBOW_MITERED_STANDARD_13_X14_13_X14,"MEP Duct Fittings | Rectangular Elbow - Mitered | Standard | 13""x14""-13""x14""",PART-MEP_DUCT_FITTINGS-33A34EA6,Parts,MEP Rough-In,EACH,2,2.0,EACH,0.0,3.16,1255077|1292990
MEP_DUCT_FITTINGS_RECTANGULAR_ELBOW_MITERED_STANDARD_14_X13_14_X13,"MEP Duct Fittings | Rectangular Elbow - Mitered | Standard | 14""x13""-14""x13""",PART-MEP_DUCT_FITTINGS-A62B2C15,Parts,MEP Rough-In,EACH,3,3.0,EACH,0.0,3.33,1255076|1292993|1292999
MEP_DUCT_FITTINGS_RECTANGULAR_ELBOW_MITERED_STANDARD_14_X14_14_X14,"MEP Duct Fittings | Rectangular Elbow - Mitered | Standard | 14""x14""-14""x14""",PART-MEP_DUCT_FITTINGS-2933232A,Parts,MEP Rough-In,EACH,1,1.0,EACH,0.0,1.81,1293129
MEP_DUCT_FITTINGS_RECTANGULAR_ELBOW_MITERED_STANDARD_14_X18_14_X18,"MEP Duct Fittings | Rectangular Elbow - Mitered | Standard | 14""x18""-14""x18""",PART-MEP_DUCT_FITTINGS-E1C2761C,Parts,MEP Rough-In,EACH,1,1.0,EACH,0.0,2.33,1298247
MEP_DUCT_FITTINGS_RECTANGULAR_ELBOW_MITERED_STANDARD_15_X24_15_X24,"MEP Duct Fittings | Rectangular Elbow - Mitered | Standard | 15""x24""-15""x24""",PART-MEP_DUCT_FITTINGS-7899B87E,Parts,MEP Rough-In,EACH,3,3.0,EACH,0.0,10.62,1298571|1299166|1299557
MEP_DUCT_FITTINGS_RECTANGULAR_ELBOW_MITERED_STANDARD_15_X30_15_X30,"MEP Duct Fittings | Rectangular Elbow - Mitered | Standard | 15""x30""-15""x30""",PART-MEP_DUCT_FITTINGS-16AED8A0,Parts,MEP Rough-In,EACH,21,21.0,EACH,0.0,82.75,1248001|1248178|1248187|1248313|1248345|1280517|1294755|1295349|1295954|1296687|1296890|1296959|1297000|1298912|1298921|1299075|1299077|1320133|1320250|1330250|1330796
MEP_DUCT_FITTINGS_RECTANGULAR_ELBOW_MITERED_STANDARD_16_X16_16_X16,"MEP Duct Fittings | Rectangular Elbow - Mitered | Standard | 16""x16""-16""x16""",PART-MEP_DUCT_FITTINGS-7DF291C5,Parts,MEP Rough-In,EACH,1,1.0,EACH,0.0,2.67,1286546
MEP_DUCT_FITTINGS_RECTANGULAR_ELBOW_MITERED_STANDARD_16_X17_16_X17,"MEP Duct Fittings | Rectangular Elbow - Mitered | Standard | 16""x17""-16""x17""",PART-MEP_DUCT_FITTINGS-5435AA68,Parts,MEP Rough-In,EACH,1,1.0,EACH,0.0,2.83,1240853
MEP_DUCT_FITTINGS_RECTANGULAR_ELBOW_MITERED_STANDARD_16_X22_16_X22,"MEP Duct Fittings | Rectangular Elbow - Mitered | Standard | 16""x22""-16""x22""",PART-MEP_DUCT_FITTINGS-63DCC3B6,Parts,MEP Rough-In,EACH,2,2.0,EACH,0.0,7.34,1298337|1298345
MEP_DUCT_FITTINGS_RECTANGULAR_ELBOW_MITERED_STANDARD_17_X16_17_X16,"MEP Duct Fittings | Rectangular Elbow - Mitered | Standard | 17""x16""-17""x16""",PART-MEP_DUCT_FITTINGS-1BCBE8AC,Parts,MEP Rough-In,EACH,2,2.0,EACH,0.0,2.84,1147255|1154620
MEP_DUCT_FITTINGS_RECTANGULAR_ELBOW_MITERED_STANDARD_19_X19_19_X19,"MEP Duct Fittings | Rectangular Elbow - Mitered | Standard | 19""x19""-19""x19""",PART-MEP_DUCT_FITTINGS-2D8B4217,Parts,MEP Rough-In,EACH,2,2.0,EACH,0.0,8.78,1167200|1297228
MEP_DUCT_FITTINGS_RECTANGULAR_ELBOW_MITERED_STANDARD_20_X19_20_X19,"MEP Duct Fittings | Rectangular Elbow - Mitered | Standard | 20""x19""-20""x19""",PART-MEP_DUCT_FITTINGS-F227C457,Parts,MEP Rough-In,EACH,4,4.0,EACH,0.0,9.04,1153385|1171047|1171056|1171059
MEP_DUCT_FITTINGS_RECTANGULAR_ELBOW_MITERED_STANDARD_22_X16_22_X16,"MEP Duct Fittings | Rectangular Elbow - Mitered | Standard | 22""x16""-22""x16""",PART-MEP_DUCT_FITTINGS-37E18D6D,Parts,MEP Rough-In,EACH,1,1.0,EACH,0.0,4.89,1298678
MEP_DUCT_FITTINGS_RECTANGULAR_ELBOW_MITERED_STANDARD_24_X15_24_X15,"MEP Duct Fittings | Rectangular Elbow - Mitered | Standard | 24""x15""-24""x15""",PART-MEP_DUCT_FITTINGS-741B24B0,Parts,MEP Rough-In,EACH,2,2.0,EACH,0.0,10.84,1299252|1299597
MEP_DUCT_FITTINGS_RECTANGULAR_ELBOW_MITERED_STANDARD_24_X30_24_X30,"MEP Duct Fittings | Rectangular Elbow - Mitered | Standard | 24""x30""-24""x30""",PART-MEP_DUCT_FITTINGS-A940CC6E,Parts,MEP Rough-In,EACH,4,4.0,EACH,0.0,43.32,1164571|1231726|1296539|1350592
MEP_DUCT_FITTINGS_RECTANGULAR_ELBOW_MITERED_STANDARD_24_X32_24_X32,"MEP Duct Fittings | Rectangular Elbow - Mitered | Standard | 24""x32""-24""x32""",PART-MEP_DUCT_FITTINGS-770AD633,Parts,MEP Rough-In,EACH,4,4.0,EACH,0.0,36.97,1295824|1295874|1295957|1352005
MEP_DUCT_FITTINGS_RECTANGULAR_ELBOW_MITERED_STANDARD_28_X12_28_X12,"MEP Duct Fittings | Rectangular Elbow - Mitered | Standard | 28""x12""-28""x12""",PART-MEP_DUCT_FITTINGS-51097FC3,Parts,MEP Rough-In,EACH,1,1.0,EACH,0.0,5.83,1340558
MEP_DUCT_FITTINGS_RECTANGULAR_ELBOW_MITERED_STANDARD_30_X15_30_X15,"MEP Duct Fittings | Rectangular Elbow - Mitered | Standard | 30""x15""-30""x15""",PART-MEP_DUCT_FITTINGS-2452431D,Parts,MEP Rough-In,EACH,10,10.0,EACH,0.0,71.56,1248030|1248160|1294211|1294266|1295351|1295352|1297056|1297065|1298985|1299575
MEP_DUCT_FITTINGS_RECTANGULAR_ELBOW_MITERED_STANDARD_30_X24_30_X24,"MEP Duct Fittings | Rectangular Elbow - Mitered | Standard | 30""x24""-30""x24""",PART-MEP_DUCT_FITTINGS-ED742087,Parts,MEP Rough-In,EACH,1,1.0,EACH,0.0,13.33,1164429
MEP_DUCT_FITTINGS_RECTANGULAR_ELBOW_MITERED_STANDARD_32_X24_32_X24,"MEP Duct Fittings | Rectangular Elbow - Mitered | Standard | 32""x24""-32""x24""",PART-MEP_DUCT_FITTINGS-FF069BEE,Parts,MEP Rough-In,EACH,3,3.0,EACH,0.0,45.33,1296347|1352343|1352464
MEP_DUCT_FITTINGS_RECTANGULAR_ELBOW_MITERED_STANDARD_3_X3_3_X3,"MEP Duct Fittings | Rectangular Elbow - Mitered | Standard | 3""x3""-3""x3""",PART-MEP_DUCT_FITTINGS-22425349,Parts,MEP Rough-In,EACH,15,15.0,EACH,0.0,0.45,1129368|1130108|1130127|1130137|1130348|1149093|1223895|1241485|1291005|1317455|1317606|1317620|1317623|1349847|1350048
MEP_DUCT_FITTINGS_RECTANGULAR_ELBOW_MITERED_STANDARD_4_X4_4_X4,"MEP Duct Fittings | Rectangular Elbow - Mitered | Standard | 4""x4""-4""x4""",PART-MEP_DUCT_FITTINGS-71FDF078,Parts,MEP Rough-In,EACH,11,11.0,EACH,0.0,0.44,1149826|1156220|1165812|1281291|1281299|1293239|1293242|1293359|1293448|1293488|1312434
MEP_DUCT_FITTINGS_RECTANGULAR_ELBOW_MITERED_STANDARD_4_X5_4_X5,"MEP Duct Fittings | Rectangular Elbow - Mitered | Standard | 4""x5""-4""x5""",PART-MEP_DUCT_FITTINGS-B906293B,Parts,MEP Rough-In,EACH,1,1.0,EACH,0.0,0.06,1135659
MEP_DUCT_FITTINGS_RECTANGULAR_ELBOW_MITERED_STANDARD_5_X4_5_X4,"MEP Duct Fittings | Rectangular Elbow - Mitered | Standard | 5""x4""-5""x4""",PART-MEP_DUCT_FITTINGS-4C00F4F2,Parts,MEP Rough-In,EACH,1,1.0,EACH,0.0,0.03,1292130
MEP_DUCT_FITTINGS_RECTANGULAR_ELBOW_MITERED_STANDARD_5_X5_5_X5,"MEP Duct Fittings | Rectangular Elbow - Mitered | Standard | 5""x5""-5""x5""",PART-MEP_DUCT_FITTINGS-878A3F2B,Parts,MEP Rough-In,EACH,6,6.0,EACH,0.0,0.45,1131051|1288015|1290484|1292954|1349517|1349553
MEP_DUCT_FITTINGS_RECTANGULAR_ELBOW_MITERED_STANDARD_5_X7_5_X7,"MEP Duct Fittings | Rectangular Elbow - Mitered | Standard | 5""x7""-5""x7""",PART-MEP_DUCT_FITTINGS-8B8034C7,Parts,MEP Rough-In,EACH,2,2.0,EACH,0.0,0.28,1288335|1288496
MEP_DUCT_FITTINGS_RECTANGULAR_ELBOW_MITERED_STANDARD_6_X6_6_X6,"MEP Duct Fittings | Rectangular Elbow - Mitered | Standard | 6""x6""-6""x6""",PART-MEP_DUCT_FITTINGS-C7DB8DF3,Parts,MEP Rough-In,EACH,2,2.0,EACH,0.0,0.34,1156364|1293281
MEP_DUCT_FITTINGS_RECTANGULAR_ELBOW_MITERED_STANDARD_7_X5_7_X5,"MEP Duct Fittings | Rectangular Elbow - Mitered | Standard | 7""x5""-7""x5""",PART-MEP_DUCT_FITTINGS-42ECCD62,Parts,MEP Rough-In,EACH,1,1.0,EACH,0.0,0.18,1288498
MEP_DUCT_FITTINGS_RECTANGULAR_ELBOW_MITERED_STANDARD_7_X7_7_X7,"MEP Duct Fittings | Rectangular Elbow - Mitered | Standard | 7""x7""-7""x7""",PART-MEP_DUCT_FITTINGS-075F14E0,Parts,MEP Rough-In,EACH,5,5.0,EACH,0.0,1.3,1147540|1253773|1312316|1349814|1350011
MEP_DUCT_FITTINGS_RECTANGULAR_ELBOW_MITERED_STANDARD_8_X7_8_X7,"MEP Duct Fittings | Rectangular Elbow - Mitered | Standard | 8""x7""-8""x7""",PART-MEP_DUCT_FITTINGS-FA178AE6,Parts,MEP Rough-In,EACH,1,1.0,EACH,0.0,0.32,1128228
MEP_DUCT_FITTINGS_RECTANGULAR_ELBOW_MITERED_STANDARD_8_X8_8_X8,"MEP Duct Fittings | Rectangular Elbow - Mitered | Standard | 8""x8""-8""x8""",PART-MEP_DUCT_FITTINGS-189067A8,Parts,MEP Rough-In,EACH,2,2.0,EACH,0.0,0.74,1155469|1349479
MEP_DUCT_FITTINGS_RECTANGULAR_ELBOW_MITERED_STANDARD_8_X9_8_X9,"MEP Duct Fittings | Rectangular Elbow - Mitered | Standard | 8""x9""-8""x9""",PART-MEP_DUCT_FITTINGS-97897004,Parts,MEP Rough-In,EACH,1,1.0,EACH,0.0,0.42,1150032
MEP_DUCT_FITTINGS_RECTANGULAR_ELBOW_MITERED_STANDARD_9_X10_9_X10,"MEP Duct Fittings | Rectangular Elbow - Mitered | Standard | 9""x10""-9""x10""",PART-MEP_DUCT_FITTINGS-A05BD1D1,Parts,MEP Rough-In,EACH,3,3.0,EACH,0.0,1.71,1287079|1287117|1352770
MEP_DUCT_FITTINGS_RECTANGULAR_ELBOW_MITERED_STANDARD_9_X14_9_X14,"MEP Duct Fittings | Rectangular Elbow - Mitered | Standard | 9""x14""-9""x14""",PART-MEP_DUCT_FITTINGS-4BE3E055,Parts,MEP Rough-In,EACH,2,2.0,EACH,0.0,0.92,1292726|1293075
MEP_DUCT_FITTINGS_RECTANGULAR_ELBOW_MITERED_STANDARD_9_X9_9_X9,"MEP Duct Fittings | Rectangular Elbow - Mitered | Standard | 9""x9""-9""x9""",PART-MEP_DUCT_FITTINGS-6A203076,Parts,MEP Rough-In,EACH,6,6.0,EACH,0.0,2.36,1240108|1240109|1291520|1291526|1312278|1312285
MEP_DUCT_FITTINGS_RECTANGULAR_ENDCAP_STANDARD_14_X13,"MEP Duct Fittings | Rectangular Endcap | Standard | 14""x13""",PART-MEP_DUCT_FITTINGS-CA07F317,Parts,MEP Rough-In,EACH,2,2.0,EACH,0.0,0.22,1255449|1255479
MEP_DUCT_FITTINGS_RECTANGULAR_TEE_STANDARD_10_X10_10_X10_6_X10,"MEP Duct Fittings | Rectangular Tee | Standard | 10""x10""-10""x10""-6""x10""",PART-MEP_DUCT_FITTINGS-89241605,Parts,MEP Rough-In,EACH,1,1.0,EACH,0.0,0.47,1155455
MEP_DUCT_FITTINGS_RECTANGULAR_TEE_STANDARD_10_X10_10_X10_8_X10,"MEP Duct Fittings | Rectangular Tee | Standard | 10""x10""-10""x10""-8""x10""",PART-MEP_DUCT_FITTINGS-16AA9F23,Parts,MEP Rough-In,EACH,1,1.0,EACH,0.0,0.63,1289320
MEP_DUCT_FITTINGS_RECTANGULAR_TEE_STANDARD_10_X11_7_X11_7_X11,"MEP Duct Fittings | Rectangular Tee | Standard | 10""x11""-7""x11""-7""x11""",PART-MEP_DUCT_FITTINGS-323365DC,Parts,MEP Rough-In,EACH,1,1.0,EACH,0.0,0.6,1152914
MEP_DUCT_FITTINGS_RECTANGULAR_TEE_STANDARD_11_X12_11_X12_5_X12,"MEP Duct Fittings | Rectangular Tee | Standard | 11""x12""-11""x12""-5""x12""",PART-MEP_DUCT_FITTINGS-2D91B77F,Parts,MEP Rough-In,EACH,1,1.0,EACH,0.0,0.53,1087051
MEP_DUCT_FITTINGS_RECTANGULAR_TEE_STANDARD_11_X12_11_X12_9_X12,"MEP Duct Fittings | Rectangular Tee | Standard | 11""x12""-11""x12""-9""x12""",PART-MEP_DUCT_FITTINGS-2AF0D919,Parts,MEP Rough-In,EACH,1,1.0,EACH,0.0,0.9,1093629
MEP_DUCT_FITTINGS_RECTANGULAR_TEE_STANDARD_12_X10_12_X10_3_X10,"MEP Duct Fittings | Rectangular Tee | Standard | 12""x10""-12""x10""-3""x10""",PART-MEP_DUCT_FITTINGS-D2236D46,Parts,MEP Rough-In,EACH,2,2.0,EACH,0.0,0.72,1230950|1292033
MEP_DUCT_FITTINGS_RECTANGULAR_TEE_STANDARD_12_X11_12_X11_7_X11,"MEP Duct Fittings | Rectangular Tee | Standard | 12""x11""-12""x11""-7""x11""",PART-MEP_DUCT_FITTINGS-B1AE10CB,Parts,MEP Rough-In,EACH,1,1.0,EACH,0.0,0.73,1232337
MEP_DUCT_FITTINGS_RECTANGULAR_TEE_STANDARD_12_X12_12_X12_12_X12,"MEP Duct Fittings | Rectangular Tee | Standard | 12""x12""-12""x12""-12""x12""",PART-MEP_DUCT_FITTINGS-DC1A7CF6,Parts,MEP Rough-In,EACH,1,1.0,EACH,0.0,1.25,1311740
MEP_DUCT_FITTINGS_RECTANGULAR_TEE_STANDARD_12_X12_12_X12_3_X12,"MEP Duct Fittings | Rectangular Tee | Standard | 12""x12""-12""x12""-3""x12""",PART-MEP_DUCT_FITTINGS-311C3CD4,Parts,MEP Rough-In,EACH,2,2.0,EACH,0.0,0.88,1087207|1087222
MEP_DUCT_FITTINGS_RECTANGULAR_TEE_STANDARD_12_X12_12_X12_7_X12,"MEP Duct Fittings | Rectangular Tee | Standard | 12""x12""-12""x12""-7""x12""",PART-MEP_DUCT_FITTINGS-7CC9B6AA,Parts,MEP Rough-In,EACH,1,1.0,EACH,0.0,0.8,1253805
MEP_DUCT_FITTINGS_RECTANGULAR_TEE_STANDARD_12_X13_12_X13_3_X13,"MEP Duct Fittings | Rectangular Tee | Standard | 12""x13""-12""x13""-3""x13""",PART-MEP_DUCT_FITTINGS-262B7C2B,Parts,MEP Rough-In,EACH,2,2.0,EACH,0.0,0.94,1087237|1087433
MEP_DUCT_FITTINGS_RECTANGULAR_TEE_STANDARD_13_X13_13_X13_9_X13,"MEP Duct Fittings | Rectangular Tee | Standard | 13""x13""-13""x13""-9""x13""",PART-MEP_DUCT_FITTINGS-38E7B54C,Parts,MEP Rough-In,EACH,3,3.0,EACH,0.0,3.42,1287066|1287104|1352813
MEP_DUCT_FITTINGS_RECTANGULAR_TEE_STANDARD_13_X14_13_X14_5_X14,"MEP Duct Fittings | Rectangular Tee | Standard | 13""x14""-13""x14""-5""x14""",PART-MEP_DUCT_FITTINGS-C7A09F6D,Parts,MEP Rough-In,EACH,1,1.0,EACH,0.0,0.72,1087406
MEP_DUCT_FITTINGS_RECTANGULAR_TEE_STANDARD_13_X14_13_X14_7_X14,"MEP Duct Fittings | Rectangular Tee | Standard | 13""x14""-13""x14""-7""x14""",PART-MEP_DUCT_FITTINGS-90163EFD,Parts,MEP Rough-In,EACH,1,1.0,EACH,0.0,1.0,1253822
MEP_DUCT_FITTINGS_RECTANGULAR_TEE_STANDARD_13_X9_13_X9_3_X9,"MEP Duct Fittings | Rectangular Tee | Standard | 13""x9""-13""x9""-3""x9""",PART-MEP_DUCT_FITTINGS-240A8976,Parts,MEP Rough-In,EACH,1,1.0,EACH,0.0,0.35,1292351
MEP_DUCT_FITTINGS_RECTANGULAR_TEE_STANDARD_14_X14_13_X14_13_X14,"MEP Duct Fittings | Rectangular Tee | Standard | 14""x14""-13""x14""-13""x14""",PART-MEP_DUCT_FITTINGS-F5C564CD,Parts,MEP Rough-In,EACH,1,1.0,EACH,0.0,1.8,1255068
MEP_DUCT_FITTINGS_RECTANGULAR_TEE_STANDARD_14_X14_14_X14_14_X14,"MEP Duct Fittings | Rectangular Tee | Standard | 14""x14""-14""x14""-14""x14""",PART-MEP_DUCT_FITTINGS-64A1A35D,Parts,MEP Rough-In,EACH,1,1.0,EACH,0.0,1.93,1293123
MEP_DUCT_FITTINGS_RECTANGULAR_TEE_STANDARD_15_X15_15_X15_7_X15,"MEP Duct Fittings | Rectangular Tee | Standard | 15""x15""-15""x15""-7""x15""",PART-MEP_DUCT_FITTINGS-D4CE3A3E,Parts,MEP Rough-In,EACH,1,1.0,EACH,0.0,1.23,1253839
MEP_DUCT_FITTINGS_RECTANGULAR_TEE_STANDARD_15_X24_15_X24_15_X24,"MEP Duct Fittings | Rectangular Tee | Standard | 15""x24""-15""x24""-15""x24""",PART-MEP_DUCT_FITTINGS-0EB4785A,Parts,MEP Rough-In,EACH,1,1.0,EACH,0.0,3.75,1298775
MEP_DUCT_FITTINGS_RECTANGULAR_TEE_STANDARD_16_X16_16_X16_9_X16,"MEP Duct Fittings | Rectangular Tee | Standard | 16""x16""-16""x16""-9""x16""",PART-MEP_DUCT_FITTINGS-730EBEBE,Parts,MEP Rough-In,EACH,3,3.0,EACH,0.0,5.13,1287032|1287091|1352549
MEP_DUCT_FITTINGS_RECTANGULAR_TEE_STANDARD_16_X17_14_X17_14_X17,"MEP Duct Fittings | Rectangular Tee | Standard | 16""x17""-14""x17""-14""x17""",PART-MEP_DUCT_FITTINGS-DC826546,Parts,MEP Rough-In,EACH,1,1.0,EACH,0.0,2.64,1154636
MEP_DUCT_FITTINGS_RECTANGULAR_TEE_STANDARD_16_X17_16_X17_7_X17,"MEP Duct Fittings | Rectangular Tee | Standard | 16""x17""-16""x17""-7""x17""",PART-MEP_DUCT_FITTINGS-7EB99411,Parts,MEP Rough-In,EACH,1,1.0,EACH,0.0,1.49,1253854
MEP_DUCT_FITTINGS_RECTANGULAR_TEE_STANDARD_17_X18_17_X18_12_X18,"MEP Duct Fittings | Rectangular Tee | Standard | 17""x18""-17""x18""-12""x18""",PART-MEP_DUCT_FITTINGS-B726DDC2,Parts,MEP Rough-In,EACH,1,1.0,EACH,0.0,2.6,1353263
MEP_DUCT_FITTINGS_RECTANGULAR_TEE_STANDARD_18_X14_18_X14_14_X14,"MEP Duct Fittings | Rectangular Tee | Standard | 18""x14""-18""x14""-14""x14""",PART-MEP_DUCT_FITTINGS-A2D286D6,Parts,MEP Rough-In,EACH,1,1.0,EACH,0.0,2.45,1094978
MEP_DUCT_FITTINGS_RECTANGULAR_TEE_STANDARD_18_X14_18_X14_4_X14,"MEP Duct Fittings | Rectangular Tee | Standard | 18""x14""-18""x14""-4""x14""",PART-MEP_DUCT_FITTINGS-2C20B3C7,Parts,MEP Rough-In,EACH,1,1.0,EACH,0.0,0.83,1165803
MEP_DUCT_FITTINGS_RECTANGULAR_TEE_STANDARD_18_X18_18_X18_7_X18,"MEP Duct Fittings | Rectangular Tee | Standard | 18""x18""-18""x18""-7""x18""",PART-MEP_DUCT_FITTINGS-3BF1C5A5,Parts,MEP Rough-In,EACH,1,1.0,EACH,0.0,1.76,1253869
MEP_DUCT_FITTINGS_RECTANGULAR_TEE_STANDARD_19_X19_19_X19_19_X19,"MEP Duct Fittings | Rectangular Tee | Standard | 19""x19""-19""x19""-19""x19""",PART-MEP_DUCT_FITTINGS-6CF4D94C,Parts,MEP Rough-In,EACH,1,1.0,EACH,0.0,4.6,1312274
MEP_DUCT_FITTINGS_RECTANGULAR_TEE_STANDARD_19_X19_19_X19_7_X19,"MEP Duct Fittings | Rectangular Tee | Standard | 19""x19""-19""x19""-7""x19""",PART-MEP_DUCT_FITTINGS-AE9AD7FA,Parts,MEP Rough-In,EACH,1,1.0,EACH,0.0,1.96,1253886
MEP_DUCT_FITTINGS_RECTANGULAR_TEE_STANDARD_19_X20_14_X20_14_X20,"MEP Duct Fittings | Rectangular Tee | Standard | 19""x20""-14""x20""-14""x20""",PART-MEP_DUCT_FITTINGS-712611DB,Parts,MEP Rough-In,EACH,1,1.0,EACH,0.0,3.62,1171044
MEP_DUCT_FITTINGS_RECTANGULAR_TEE_STANDARD_22_X22_22_X22_12_X22,"MEP Duct Fittings | Rectangular Tee | Standard | 22""x22""-22""x22""-12""x22""",PART-MEP_DUCT_FITTINGS-D952D0F7,Parts,MEP Rough-In,EACH,1,1.0,EACH,0.0,4.07,1353303
MEP_DUCT_FITTINGS_RECTANGULAR_TEE_STANDARD_22_X24_22_X24_16_X24,"MEP Duct Fittings | Rectangular Tee | Standard | 22""x24""-22""x24""-16""x24""",PART-MEP_DUCT_FITTINGS-6E108DA1,Parts,MEP Rough-In,EACH,2,2.0,EACH,0.0,11.44,1286570|1352222
MEP_DUCT_FITTINGS_RECTANGULAR_TEE_STANDARD_28_X22_28_X22_12_X22,"MEP Duct Fittings | Rectangular Tee | Standard | 28""x22""-28""x22""-12""x22""",PART-MEP_DUCT_FITTINGS-FA2A5976,Parts,MEP Rough-In,EACH,1,1.0,EACH,0.0,5.14,1353361
MEP_DUCT_FITTINGS_RECTANGULAR_TEE_STANDARD_30_X15_30_X15_14_X15,"MEP Duct Fittings | Rectangular Tee | Standard | 30""x15""-30""x15""-14""x15""",PART-MEP_DUCT_FITTINGS-56CACDFA,Parts,MEP Rough-In,EACH,1,1.0,EACH,0.0,4.29,1298269
MEP_DUCT_FITTINGS_RECTANGULAR_TEE_STANDARD_3_X3_3_X3_3_X3,"MEP Duct Fittings | Rectangular Tee | Standard | 3""x3""-3""x3""-3""x3""",PART-MEP_DUCT_FITTINGS-2742C270,Parts,MEP Rough-In,EACH,4,4.0,EACH,0.0,0.12,1231046|1261084|1261333|1317593
MEP_DUCT_FITTINGS_RECTANGULAR_TEE_STANDARD_4_X4_4_X4_3_X4,"MEP Duct Fittings | Rectangular Tee | Standard | 4""x4""-4""x4""-3""x4""",PART-MEP_DUCT_FITTINGS-6DF8FA07,Parts,MEP Rough-In,EACH,3,3.0,EACH,0.0,0.13,1129346|1231028|1290920
MEP_DUCT_FITTINGS_RECTANGULAR_TEE_STANDARD_4_X4_4_X4_4_X4,"MEP Duct Fittings | Rectangular Tee | Standard | 4""x4""-4""x4""-4""x4""",PART-MEP_DUCT_FITTINGS-BC791144,Parts,MEP Rough-In,EACH,1,1.0,EACH,0.0,0.05,1156633
MEP_DUCT_FITTINGS_RECTANGULAR_TEE_STANDARD_4_X5_4_X5_3_X5,"MEP Duct Fittings | Rectangular Tee | Standard | 4""x5""-4""x5""-3""x5""",PART-MEP_DUCT_FITTINGS-3B2A8FD1,Parts,MEP Rough-In,EACH,2,2.0,EACH,0.0,0.12,1231009|1290903
MEP_DUCT_FITTINGS_RECTANGULAR_TEE_STANDARD_5_X5_5_X5_3_X5,"MEP Duct Fittings | Rectangular Tee | Standard | 5""x5""-5""x5""-3""x5""",PART-MEP_DUCT_FITTINGS-8D1F8B67,Parts,MEP Rough-In,EACH,4,4.0,EACH,0.0,0.3,1087152|1129328|1232734|1290886
MEP_DUCT_FITTINGS_RECTANGULAR_TEE_STANDARD_5_X5_5_X5_4_X5,"MEP Duct Fittings | Rectangular Tee | Standard | 5""x5""-5""x5""-4""x5""",PART-MEP_DUCT_FITTINGS-513DADD1,Parts,MEP Rough-In,EACH,4,4.0,EACH,0.0,0.33,1135740|1149074|1149810|1156617
MEP_DUCT_FITTINGS_RECTANGULAR_TEE_STANDARD_5_X6_5_X6_3_X6,"MEP Duct Fittings | Rectangular Tee | Standard | 5""x6""-5""x6""-3""x6""",PART-MEP_DUCT_FITTINGS-C56EC73B,Parts,MEP Rough-In,EACH,2,2.0,EACH,0.0,0.18,1135816|1232704
MEP_DUCT_FITTINGS_RECTANGULAR_TEE_STANDARD_6_X6_6_X6_3_X6,"MEP Duct Fittings | Rectangular Tee | Standard | 6""x6""-6""x6""-3""x6""",PART-MEP_DUCT_FITTINGS-952E6ACE,Parts,MEP Rough-In,EACH,3,3.0,EACH,0.0,0.32,1129310|1290852|1290869
MEP_DUCT_FITTINGS_RECTANGULAR_TEE_STANDARD_6_X6_6_X6_4_X6,"MEP Duct Fittings | Rectangular Tee | Standard | 6""x6""-6""x6""-4""x6""",PART-MEP_DUCT_FITTINGS-C75124CC,Parts,MEP Rough-In,EACH,2,2.0,EACH,0.0,0.24,1149056|1149794
MEP_DUCT_FITTINGS_RECTANGULAR_TEE_STANDARD_6_X7_6_X7_3_X7,"MEP Duct Fittings | Rectangular Tee | Standard | 6""x7""-6""x7""-3""x7""",PART-MEP_DUCT_FITTINGS-D6DEAADD,Parts,MEP Rough-In,EACH,2,2.0,EACH,0.0,0.25,1129290|1290835
MEP_DUCT_FITTINGS_RECTANGULAR_TEE_STANDARD_6_X7_6_X7_4_X7,"MEP Duct Fittings | Rectangular Tee | Standard | 6""x7""-6""x7""-4""x7""",PART-MEP_DUCT_FITTINGS-F27B755A,Parts,MEP Rough-In,EACH,1,1.0,EACH,0.0,0.14,1135673
MEP_DUCT_FITTINGS_RECTANGULAR_TEE_STANDARD_7_X7_7_X7_3_X7,"MEP Duct Fittings | Rectangular Tee | Standard | 7""x7""-7""x7""-3""x7""",PART-MEP_DUCT_FITTINGS-12032D80,Parts,MEP Rough-In,EACH,2,2.0,EACH,0.0,0.3,1129265|1290818
MEP_DUCT_FITTINGS_RECTANGULAR_TEE_STANDARD_7_X7_7_X7_4_X7,"MEP Duct Fittings | Rectangular Tee | Standard | 7""x7""-7""x7""-4""x7""",PART-MEP_DUCT_FITTINGS-4A831F3F,Parts,MEP Rough-In,EACH,3,3.0,EACH,0.0,0.51,1149038|1149778|1156599
MEP_DUCT_FITTINGS_RECTANGULAR_TEE_STANDARD_7_X7_7_X7_6_X7,"MEP Duct Fittings | Rectangular Tee | Standard | 7""x7""-7""x7""-6""x7""",PART-MEP_DUCT_FITTINGS-7330ED6A,Parts,MEP Rough-In,EACH,3,3.0,EACH,0.0,0.73,1143085|1152713|1312457
MEP_DUCT_FITTINGS_RECTANGULAR_TEE_STANDARD_7_X8_4_X8_4_X8,"MEP Duct Fittings | Rectangular Tee | Standard | 7""x8""-4""x8""-4""x8""",PART-MEP_DUCT_FITTINGS-A6854F03,Parts,MEP Rough-In,EACH,1,1.0,EACH,0.0,0.2,1135602
MEP_DUCT_FITTINGS_RECTANGULAR_TEE_STANDARD_7_X8_7_X8_3_X8,"MEP Duct Fittings | Rectangular Tee | Standard | 7""x8""-7""x8""-3""x8""",PART-MEP_DUCT_FITTINGS-530664DA,Parts,MEP Rough-In,EACH,1,1.0,EACH,0.0,0.18,1290801
MEP_DUCT_FITTINGS_RECTANGULAR_TEE_STANDARD_7_X8_7_X8_4_X8,"MEP Duct Fittings | Rectangular Tee | Standard | 7""x8""-7""x8""-4""x8""",PART-MEP_DUCT_FITTINGS-19AC4160,Parts,MEP Rough-In,EACH,2,2.0,EACH,0.0,0.38,1149020|1149760
MEP_DUCT_FITTINGS_RECTANGULAR_TEE_STANDARD_8_X8_4_X8_4_X8,"MEP Duct Fittings | Rectangular Tee | Standard | 8""x8""-4""x8""-4""x8""",PART-MEP_DUCT_FITTINGS-343D3F02,Parts,MEP Rough-In,EACH,1,1.0,EACH,0.0,0.2,1155983
MEP_DUCT_FITTINGS_RECTANGULAR_TEE_STANDARD_8_X8_8_X8_3_X8,"MEP Duct Fittings | Rectangular Tee | Standard | 8""x8""-8""x8""-3""x8""",PART-MEP_DUCT_FITTINGS-DB17AF94,Parts,MEP Rough-In,EACH,2,2.0,EACH,0.0,0.4,1290767|1290784
MEP_DUCT_FITTINGS_RECTANGULAR_TEE_STANDARD_8_X8_8_X8_6_X8,"MEP Duct Fittings | Rectangular Tee | Standard | 8""x8""-8""x8""-6""x8""",PART-MEP_DUCT_FITTINGS-4CCA5B44,Parts,MEP Rough-In,EACH,1,1.0,EACH,0.0,0.3,1155457
MEP_DUCT_FITTINGS_RECTANGULAR_TEE_STANDARD_8_X9_6_X9_6_X9,"MEP Duct Fittings | Rectangular Tee | Standard | 8""x9""-6""x9""-6""x9""",PART-MEP_DUCT_FITTINGS-32546B1B,Parts,MEP Rough-In,EACH,2,2.0,EACH,0.0,0.7,1145352|1266258
MEP_DUCT_FITTINGS_RECTANGULAR_TEE_STANDARD_8_X9_8_X9_3_X9,"MEP Duct Fittings | Rectangular Tee | Standard | 8""x9""-8""x9""-3""x9""",PART-MEP_DUCT_FITTINGS-B43D564D,Parts,MEP Rough-In,EACH,1,1.0,EACH,0.0,0.22,1290750
MEP_DUCT_FITTINGS_RECTANGULAR_TEE_STANDARD_8_X9_8_X9_4_X9,"MEP Duct Fittings | Rectangular Tee | Standard | 8""x9""-8""x9""-4""x9""",PART-MEP_DUCT_FITTINGS-D691652C,Parts,MEP Rough-In,EACH,2,2.0,EACH,0.0,0.5,1149002|1149744
MEP_DUCT_FITTINGS_RECTANGULAR_TEE_STANDARD_9_X10_9_X10_3_X10,"MEP Duct Fittings | Rectangular Tee | Standard | 9""x10""-9""x10""-3""x10""",PART-MEP_DUCT_FITTINGS-BC298975,Parts,MEP Rough-In,EACH,1,1.0,EACH,0.0,0.28,1087184
MEP_DUCT_FITTINGS_RECTANGULAR_TEE_STANDARD_9_X10_9_X10_7_X10,"MEP Duct Fittings | Rectangular Tee | Standard | 9""x10""-9""x10""-7""x10""",PART-MEP_DUCT_FITTINGS-D5222B56,Parts,MEP Rough-In,EACH,1,1.0,EACH,0.0,0.51,1253790
MEP_DUCT_FITTINGS_RECTANGULAR_TEE_STANDARD_9_X9_9_X9_3_X9,"MEP Duct Fittings | Rectangular Tee | Standard | 9""x9""-9""x9""-3""x9""",PART-MEP_DUCT_FITTINGS-150AF220,Parts,MEP Rough-In,EACH,2,2.0,EACH,0.0,0.5,1290694|1290720
MEP_DUCT_FITTINGS_RECTANGULAR_TEE_STANDARD_9_X9_9_X9_6_X9,"MEP Duct Fittings | Rectangular Tee | Standard | 9""x9""-9""x9""-6""x9""",PART-MEP_DUCT_FITTINGS-DAE6EEE5,Parts,MEP Rough-In,EACH,2,2.0,EACH,0.0,0.82,1143056|1152661
MEP_DUCT_FITTINGS_RECTANGULAR_TO_ROUND_TRANSITION_ANGLE_45_DEGREE_12_X13_14_Ø,"MEP Duct Fittings | Rectangular to Round Transition - Angle | 45 Degree | 12""x13""-14""ø",PART-MEP_DUCT_FITTINGS-D2AC5B6A,Parts,MEP Rough-In,EACH,4,4.0,EACH,4.0,0.92,1353458|1353460|1353462|1353464
MEP_DUCT_FITTINGS_RECTANGULAR_TO_ROUND_TRANSITION_ANGLE_45_DEGREE_14_X14_16_Ø,"MEP Duct Fittings | Rectangular to Round Transition - Angle | 45 Degree | 14""x14""-16""ø",PART-MEP_DUCT_FITTINGS-15E9D764,Parts,MEP Rough-In,EACH,1,1.0,EACH,1.0,0.25,1311564
MEP_DUCT_FITTINGS_RECTANGULAR_TO_ROUND_TRANSITION_ANGLE_45_DEGREE_14_Ø_12_X12,"MEP Duct Fittings | Rectangular to Round Transition - Angle | 45 Degree | 14""ø-12""x12""",PART-MEP_DUCT_FITTINGS-81D37A81,Parts,MEP Rough-In,EACH,4,4.0,EACH,4.0,0.88,1353459|1353461|1353463|1353465
MEP_DUCT_FITTINGS_RECTANGULAR_TO_ROUND_TRANSITION_ANGLE_45_DEGREE_3_X10_3_Ø,"MEP Duct Fittings | Rectangular to Round Transition - Angle | 45 Degree | 3""x10""-3""ø",PART-MEP_DUCT_FITTINGS-006F31DB,Parts,MEP Rough-In,EACH,2,2.0,EACH,2.0,0.18,1291416|1291922
MEP_DUCT_FITTINGS_RECTANGULAR_TO_ROUND_TRANSITION_ANGLE_45_DEGREE_3_X12_3_Ø,"MEP Duct Fittings | Rectangular to Round Transition - Angle | 45 Degree | 3""x12""-3""ø",PART-MEP_DUCT_FITTINGS-6F88A8AE,Parts,MEP Rough-In,EACH,2,2.0,EACH,2.0,0.28,1136706|1136707
MEP_DUCT_FITTINGS_RECTANGULAR_TO_ROUND_TRANSITION_ANGLE_45_DEGREE_3_X13_3_Ø,"MEP Duct Fittings | Rectangular to Round Transition - Angle | 45 Degree | 3""x13""-3""ø",PART-MEP_DUCT_FITTINGS-1A074ED0,Parts,MEP Rough-In,EACH,1,1.0,EACH,1.0,0.16,1136709
MEP_DUCT_FITTINGS_RECTANGULAR_TO_ROUND_TRANSITION_ANGLE_45_DEGREE_3_X3_3_Ø,"MEP Duct Fittings | Rectangular to Round Transition - Angle | 45 Degree | 3""x3""-3""ø",PART-MEP_DUCT_FITTINGS-8E494B88,Parts,MEP Rough-In,EACH,41,41.0,EACH,0.0,0.0,1135957|1149838|1149843|1149848|1149853|1149858|1149863|1155159|1231059|1231080|1231107|1231146|1232760|1232761|1232765|1232766|1241494|1261129|1261130|1261134|1261135|1261375|1261376|1261384|1261385|1290710|1290725|1290755|1290772|1290789|1290806|1290823|1290840|1290857|1290874|1290891|1290908|1290925|1290942|1292065|1292433
MEP_DUCT_FITTINGS_RECTANGULAR_TO_ROUND_TRANSITION_ANGLE_45_DEGREE_3_X5_3_Ø,"MEP Duct Fittings | Rectangular to Round Transition - Angle | 45 Degree | 3""x5""-3""ø",PART-MEP_DUCT_FITTINGS-E21975AA,Parts,MEP Rough-In,EACH,1,1.0,EACH,0.0,0.01,1136701
MEP_DUCT_FITTINGS_RECTANGULAR_TO_ROUND_TRANSITION_ANGLE_45_DEGREE_4_X4_3_Ø,"MEP Duct Fittings | Rectangular to Round Transition - Angle | 45 Degree | 4""x4""-3""ø",PART-MEP_DUCT_FITTINGS-2F8044E2,Parts,MEP Rough-In,EACH,26,26.0,EACH,0.0,0.16,1135930|1136702|1149883|1149884|1149885|1149886|1149887|1149888|1155160|1156183|1156184|1156185|1156186|1156749|1156750|1156751|1156752|1156753|1157697|1164746|1203604|1203611|1241495|1290595|1293449|1293529
MEP_DUCT_FITTINGS_RECTANGULAR_TO_ROUND_TRANSITION_ANGLE_45_DEGREE_4_X4_4_Ø,"MEP Duct Fittings | Rectangular to Round Transition - Angle | 45 Degree | 4""x4""-4""ø",PART-MEP_DUCT_FITTINGS-4E4641FA,Parts,MEP Rough-In,EACH,1,1.0,EACH,0.0,0.01,1135959
MEP_DUCT_FITTINGS_RECTANGULAR_TO_ROUND_TRANSITION_ANGLE_45_DEGREE_4_X5_4_Ø,"MEP Duct Fittings | Rectangular to Round Transition - Angle | 45 Degree | 4""x5""-4""ø",PART-MEP_DUCT_FITTINGS-3418AAA8,Parts,MEP Rough-In,EACH,1,1.0,EACH,0.0,0.01,1149343
MEP_DUCT_FITTINGS_RECTANGULAR_TO_ROUND_TRANSITION_ANGLE_45_DEGREE_4_X6_4_Ø,"MEP Duct Fittings | Rectangular to Round Transition - Angle | 45 Degree | 4""x6""-4""ø",PART-MEP_DUCT_FITTINGS-4FB104AE,Parts,MEP Rough-In,EACH,1,1.0,EACH,0.0,0.02,1149341
MEP_DUCT_FITTINGS_RECTANGULAR_TO_ROUND_TRANSITION_ANGLE_45_DEGREE_4_X7_4_Ø,"MEP Duct Fittings | Rectangular to Round Transition - Angle | 45 Degree | 4""x7""-4""ø",PART-MEP_DUCT_FITTINGS-B4D9FA01,Parts,MEP Rough-In,EACH,1,1.0,EACH,0.0,0.04,1149339
MEP_DUCT_FITTINGS_RECTANGULAR_TO_ROUND_TRANSITION_ANGLE_45_DEGREE_4_X8_4_Ø,"MEP Duct Fittings | Rectangular to Round Transition - Angle | 45 Degree | 4""x8""-4""ø",PART-MEP_DUCT_FITTINGS-5C5E5484,Parts,MEP Rough-In,EACH,1,1.0,EACH,0.0,0.06,1149337
MEP_DUCT_FITTINGS_RECTANGULAR_TO_ROUND_TRANSITION_ANGLE_45_DEGREE_4_X9_4_Ø,"MEP Duct Fittings | Rectangular to Round Transition - Angle | 45 Degree | 4""x9""-4""ø",PART-MEP_DUCT_FITTINGS-E58DDC96,Parts,MEP Rough-In,EACH,1,1.0,EACH,1.0,0.08,1149335
MEP_DUCT_FITTINGS_RECTANGULAR_TO_ROUND_TRANSITION_ANGLE_45_DEGREE_4_Ø_3_X3,"MEP Duct Fittings | Rectangular to Round Transition - Angle | 45 Degree | 4""ø-3""x3""",PART-MEP_DUCT_FITTINGS-5224F8CF,Parts,MEP Rough-In,EACH,19,19.0,EACH,0.0,0.07,1129430|1129431|1129432|1129433|1129434|1129435|1129436|1129437|1129438|1129439|1129440|1129441|1149345|1149346|1149347|1149348|1149349|1149350|1149351
MEP_DUCT_FITTINGS_RECTANGULAR_TO_ROUND_TRANSITION_ANGLE_45_DEGREE_4_Ø_4_X4,"MEP Duct Fittings | Rectangular to Round Transition - Angle | 45 Degree | 4""ø-4""x4""",PART-MEP_DUCT_FITTINGS-9C566D06,Parts,MEP Rough-In,EACH,1,1.0,EACH,0.0,0.0,1135958
MEP_DUCT_FITTINGS_RECTANGULAR_TO_ROUND_TRANSITION_ANGLE_45_DEGREE_5_X5_5_Ø,"MEP Duct Fittings | Rectangular to Round Transition - Angle | 45 Degree | 5""x5""-5""ø",PART-MEP_DUCT_FITTINGS-17477F9E,Parts,MEP Rough-In,EACH,1,1.0,EACH,0.0,0.01,1359635
MEP_DUCT_FITTINGS_RECTANGULAR_TO_ROUND_TRANSITION_ANGLE_45_DEGREE_5_Ø_4_X4,"MEP Duct Fittings | Rectangular to Round Transition - Angle | 45 Degree | 5""ø-4""x4""",PART-MEP_DUCT_FITTINGS-72B39615,Parts,MEP Rough-In,EACH,1,1.0,EACH,0.0,0.01,1135952
MEP_DUCT_FITTINGS_RECTANGULAR_TO_ROUND_TRANSITION_ANGLE_45_DEGREE_5_Ø_4_X5,"MEP Duct Fittings | Rectangular to Round Transition - Angle | 45 Degree | 5""ø-4""x5""",PART-MEP_DUCT_FITTINGS-EA15F7E7,Parts,MEP Rough-In,EACH,1,1.0,EACH,0.0,0.01,1135951
MEP_DUCT_FITTINGS_RECTANGULAR_TO_ROUND_TRANSITION_ANGLE_45_DEGREE_6_X6_5_Ø,"MEP Duct Fittings | Rectangular to Round Transition - Angle | 45 Degree | 6""x6""-5""ø",PART-MEP_DUCT_FITTINGS-9158C1B0,Parts,MEP Rough-In,EACH,2,2.0,EACH,0.0,0.04,1277213|1277214
MEP_DUCT_FITTINGS_RECTANGULAR_TO_ROUND_TRANSITION_ANGLE_45_DEGREE_6_X7_7_Ø,"MEP Duct Fittings | Rectangular to Round Transition - Angle | 45 Degree | 6""x7""-7""ø",PART-MEP_DUCT_FITTINGS-F6BCE655,Parts,MEP Rough-In,EACH,1,1.0,EACH,0.0,0.03,1145842
MEP_DUCT_FITTINGS_RECTANGULAR_TO_ROUND_TRANSITION_ANGLE_45_DEGREE_6_X8_7_Ø,"MEP Duct Fittings | Rectangular to Round Transition - Angle | 45 Degree | 6""x8""-7""ø",PART-MEP_DUCT_FITTINGS-0723161B,Parts,MEP Rough-In,EACH,1,1.0,EACH,0.0,0.05,1232554
MEP_DUCT_FITTINGS_RECTANGULAR_TO_ROUND_TRANSITION_ANGLE_45_DEGREE_6_X9_7_Ø,"MEP Duct Fittings | Rectangular to Round Transition - Angle | 45 Degree | 6""x9""-7""ø",PART-MEP_DUCT_FITTINGS-9D185EE6,Parts,MEP Rough-In,EACH,1,1.0,EACH,0.0,0.07,1239525
MEP_DUCT_FITTINGS_RECTANGULAR_TO_ROUND_TRANSITION_ANGLE_45_DEGREE_6_Ø_3_X3,"MEP Duct Fittings | Rectangular to Round Transition - Angle | 45 Degree | 6""ø-3""x3""",PART-MEP_DUCT_FITTINGS-BDBDE16E,Parts,MEP Rough-In,EACH,2,2.0,EACH,0.0,0.1,1317605|1317619
MEP_DUCT_FITTINGS_RECTANGULAR_TO_ROUND_TRANSITION_ANGLE_45_DEGREE_6_Ø_5_X5,"MEP Duct Fittings | Rectangular to Round Transition - Angle | 45 Degree | 6""ø-5""x5""",PART-MEP_DUCT_FITTINGS-6D014C9D,Parts,MEP Rough-In,EACH,1,1.0,EACH,0.0,0.03,1290250
MEP_DUCT_FITTINGS_RECTANGULAR_TO_ROUND_TRANSITION_ANGLE_45_DEGREE_7_Ø_6_X6,"MEP Duct Fittings | Rectangular to Round Transition - Angle | 45 Degree | 7""ø-6""x6""",PART-MEP_DUCT_FITTINGS-40102E0E,Parts,MEP Rough-In,EACH,23,23.0,EACH,0.0,0.71,1145492|1145493|1145494|1145495|1145496|1145497|1145498|1145499|1145500|1145501|1145502|1145503|1145505|1153616|1153617|1154383|1236760|1236761|1239526|1266182|1312504|1312505|1349578
MEP_DUCT_FITTINGS_RECTANGULAR_TO_ROUND_TRANSITION_ANGLE_45_DEGREE_8_Ø_6_X6,"MEP Duct Fittings | Rectangular to Round Transition - Angle | 45 Degree | 8""ø-6""x6""",PART-MEP_DUCT_FITTINGS-0B3C1C15,Parts,MEP Rough-In,EACH,8,8.0,EACH,0.0,0.48,1277303|1277305|1277307|1277309|1277311|1277313|1277315|1277317
MEP_DUCT_FITTINGS_RECTANGULAR_TO_ROUND_TRANSITION_ANGLE_45_DEGREE_8_Ø_6_X7,"MEP Duct Fittings | Rectangular to Round Transition - Angle | 45 Degree | 8""ø-6""x7""",PART-MEP_DUCT_FITTINGS-E7E1CEE7,Parts,MEP Rough-In,EACH,1,1.0,EACH,0.0,0.07,1288555
MEP_DUCT_FITTINGS_RECTANGULAR_TO_ROUND_TRANSITION_ANGLE_45_DEGREE_8_Ø_7_X7,"MEP Duct Fittings | Rectangular to Round Transition - Angle | 45 Degree | 8""ø-7""x7""",PART-MEP_DUCT_FITTINGS-0678185D,Parts,MEP Rough-In,EACH,8,8.0,EACH,0.0,0.32,1277302|1277304|1277306|1277308|1277310|1277312|1277314|1277316
MEP_DUCT_FITTINGS_RECTANGULAR_TO_ROUND_TRANSITION_ANGLE_45_DEGREE_9_X10_9_Ø,"MEP Duct Fittings | Rectangular to Round Transition - Angle | 45 Degree | 9""x10""-9""ø",PART-MEP_DUCT_FITTINGS-DBB504F1,Parts,MEP Rough-In,EACH,9,9.0,EACH,0.0,0.54,1350362|1350368|1350374|1350399|1350405|1350411|1352759|1352958|1352965
MEP_DUCT_FITTINGS_RECTANGULAR_TO_ROUND_TRANSITION_ANGLE_45_DEGREE_9_Ø_6_X6,"MEP Duct Fittings | Rectangular to Round Transition - Angle | 45 Degree | 9""ø-6""x6""",PART-MEP_DUCT_FITTINGS-033596E3,Parts,MEP Rough-In,EACH,8,8.0,EACH,8.0,0.88,1165435|1165437|1165439|1165441|1165443|1165445|1165447|1165449
MEP_DUCT_FITTINGS_RECTANGULAR_TO_ROUND_TRANSITION_ANGLE_45_DEGREE_9_Ø_7_X8,"MEP Duct Fittings | Rectangular to Round Transition - Angle | 45 Degree | 9""ø-7""x8""",PART-MEP_DUCT_FITTINGS-8A7DF48C,Parts,MEP Rough-In,EACH,8,8.0,EACH,8.0,0.72,1165434|1165438|1165440|1165442|1165444|1165446|1165448|1340593
MEP_DUCT_FITTINGS_RECTANGULAR_TRANSITION_ANGLE_45_DEGREE_10_X10_7_X5,"MEP Duct Fittings | Rectangular Transition - Angle | 45 Degree | 10""x10""-7""x5""",PART-MEP_DUCT_FITTINGS-DED1E82C,Parts,MEP Rough-In,EACH,1,1.0,EACH,1.0,0.23,1289344
MEP_DUCT_FITTINGS_RECTANGULAR_TRANSITION_ANGLE_45_DEGREE_10_X10_8_X8,"MEP Duct Fittings | Rectangular Transition - Angle | 45 Degree | 10""x10""-8""x8""",PART-MEP_DUCT_FITTINGS-75F04021,Parts,MEP Rough-In,EACH,1,1.0,EACH,1.0,0.11,1232551
MEP_DUCT_FITTINGS_RECTANGULAR_TRANSITION_ANGLE_45_DEGREE_10_X12_10_X11,"MEP Duct Fittings | Rectangular Transition - Angle | 45 Degree | 10""x12""-10""x11""",PART-MEP_DUCT_FITTINGS-1F1BF52C,Parts,MEP Rough-In,EACH,1,1.0,EACH,1.0,0.08,1165431
MEP_DUCT_FITTINGS_RECTANGULAR_TRANSITION_ANGLE_45_DEGREE_11_X11_9_X10,"MEP Duct Fittings | Rectangular Transition - Angle | 45 Degree | 11""x11""-9""x10""",PART-MEP_DUCT_FITTINGS-A630247A,Parts,MEP Rough-In,EACH,1,1.0,EACH,1.0,0.15,1291415
MEP_DUCT_FITTINGS_RECTANGULAR_TRANSITION_ANGLE_45_DEGREE_11_X12_11_X11,"MEP Duct Fittings | Rectangular Transition - Angle | 45 Degree | 11""x12""-11""x11""",PART-MEP_DUCT_FITTINGS-5C1F2F96,Parts,MEP Rough-In,EACH,1,1.0,EACH,1.0,0.09,1136698
MEP_DUCT_FITTINGS_RECTANGULAR_TRANSITION_ANGLE_45_DEGREE_11_X12_12_X11,"MEP Duct Fittings | Rectangular Transition - Angle | 45 Degree | 11""x12""-12""x11""",PART-MEP_DUCT_FITTINGS-86F29C4F,Parts,MEP Rough-In,EACH,1,1.0,EACH,1.0,0.09,1232312
MEP_DUCT_FITTINGS_RECTANGULAR_TRANSITION_ANGLE_45_DEGREE_11_X12_12_X8,"MEP Duct Fittings | Rectangular Transition - Angle | 45 Degree | 11""x12""-12""x8""",PART-MEP_DUCT_FITTINGS-F85D73C5,Parts,MEP Rough-In,EACH,1,1.0,EACH,1.0,0.32,1232318
MEP_DUCT_FITTINGS_RECTANGULAR_TRANSITION_ANGLE_45_DEGREE_11_X7_7_X7,"MEP Duct Fittings | Rectangular Transition - Angle | 45 Degree | 11""x7""-7""x7""",PART-MEP_DUCT_FITTINGS-D10066D0,Parts,MEP Rough-In,EACH,1,1.0,EACH,1.0,0.18,1232345
MEP_DUCT_FITTINGS_RECTANGULAR_TRANSITION_ANGLE_45_DEGREE_12_X10_12_X9,"MEP Duct Fittings | Rectangular Transition - Angle | 45 Degree | 12""x10""-12""x9""",PART-MEP_DUCT_FITTINGS-DD6CFFA4,Parts,MEP Rough-In,EACH,2,2.0,EACH,2.0,0.16,1292440|1292441
MEP_DUCT_FITTINGS_RECTANGULAR_TRANSITION_ANGLE_45_DEGREE_12_X10_13_X9,"MEP Duct Fittings | Rectangular Transition - Angle | 45 Degree | 12""x10""-13""x9""",PART-MEP_DUCT_FITTINGS-C2375050,Parts,MEP Rough-In,EACH,1,1.0,EACH,1.0,0.08,1292321
MEP_DUCT_FITTINGS_RECTANGULAR_TRANSITION_ANGLE_45_DEGREE_12_X12_10_X10,"MEP Duct Fittings | Rectangular Transition - Angle | 45 Degree | 12""x12""-10""x10""",PART-MEP_DUCT_FITTINGS-4492681F,Parts,MEP Rough-In,EACH,2,2.0,EACH,2.0,0.34,1289219|1311741
MEP_DUCT_FITTINGS_RECTANGULAR_TRANSITION_ANGLE_45_DEGREE_12_X12_11_X12,"MEP Duct Fittings | Rectangular Transition - Angle | 45 Degree | 12""x12""-11""x12""",PART-MEP_DUCT_FITTINGS-D2A1B563,Parts,MEP Rough-In,EACH,1,1.0,EACH,1.0,0.1,1136705
MEP_DUCT_FITTINGS_RECTANGULAR_TRANSITION_ANGLE_45_DEGREE_12_X12_12_X9,"MEP Duct Fittings | Rectangular Transition - Angle | 45 Degree | 12""x12""-12""x9""",PART-MEP_DUCT_FITTINGS-5302F846,Parts,MEP Rough-In,EACH,1,1.0,EACH,1.0,0.26,1266166
MEP_DUCT_FITTINGS_RECTANGULAR_TRANSITION_ANGLE_45_DEGREE_12_X12_9_X10,"MEP Duct Fittings | Rectangular Transition - Angle | 45 Degree | 12""x12""-9""x10""",PART-MEP_DUCT_FITTINGS-4474E3CA,Parts,MEP Rough-In,EACH,1,1.0,EACH,1.0,0.24,1277291
MEP_DUCT_FITTINGS_RECTANGULAR_TRANSITION_ANGLE_45_DEGREE_12_X13_12_X12,"MEP Duct Fittings | Rectangular Transition - Angle | 45 Degree | 12""x13""-12""x12""",PART-MEP_DUCT_FITTINGS-24CEB67C,Parts,MEP Rough-In,EACH,1,1.0,EACH,1.0,0.1,1136708
MEP_DUCT_FITTINGS_RECTANGULAR_TRANSITION_ANGLE_45_DEGREE_12_X15_12_X12,"MEP Duct Fittings | Rectangular Transition - Angle | 45 Degree | 12""x15""-12""x12""",PART-MEP_DUCT_FITTINGS-14C5C15D,Parts,MEP Rough-In,EACH,1,1.0,EACH,1.0,0.34,1147289
MEP_DUCT_FITTINGS_RECTANGULAR_TRANSITION_ANGLE_45_DEGREE_12_X18_12_X13,"MEP Duct Fittings | Rectangular Transition - Angle | 45 Degree | 12""x18""-12""x13""",PART-MEP_DUCT_FITTINGS-D5B228CA,Parts,MEP Rough-In,EACH,1,1.0,EACH,1.0,0.65,1353453
MEP_DUCT_FITTINGS_RECTANGULAR_TRANSITION_ANGLE_45_DEGREE_12_X22_12_X13,"MEP Duct Fittings | Rectangular Transition - Angle | 45 Degree | 12""x22""-12""x13""",PART-MEP_DUCT_FITTINGS-B1030DFA,Parts,MEP Rough-In,EACH,2,2.0,EACH,4.0,2.64,1353455|1353457
MEP_DUCT_FITTINGS_RECTANGULAR_TRANSITION_ANGLE_45_DEGREE_12_X8_8_X9,"MEP Duct Fittings | Rectangular Transition - Angle | 45 Degree | 12""x8""-8""x9""",PART-MEP_DUCT_FITTINGS-7218B363,Parts,MEP Rough-In,EACH,1,1.0,EACH,1.0,0.24,1149981
MEP_DUCT_FITTINGS_RECTANGULAR_TRANSITION_ANGLE_45_DEGREE_12_X9_8_X9,"MEP Duct Fittings | Rectangular Transition - Angle | 45 Degree | 12""x9""-8""x9""",PART-MEP_DUCT_FITTINGS-DBB19693,Parts,MEP Rough-In,EACH,1,1.0,EACH,1.0,0.25,1232319
MEP_DUCT_FITTINGS_RECTANGULAR_TRANSITION_ANGLE_45_DEGREE_13_X13_9_X10,"MEP Duct Fittings | Rectangular Transition - Angle | 45 Degree | 13""x13""-9""x10""",PART-MEP_DUCT_FITTINGS-0DFCEB50,Parts,MEP Rough-In,EACH,3,3.0,EACH,3.0,1.08,1287494|1287498|1351648
MEP_DUCT_FITTINGS_RECTANGULAR_TRANSITION_ANGLE_45_DEGREE_13_X14_12_X10,"MEP Duct Fittings | Rectangular Transition - Angle | 45 Degree | 13""x14""-12""x10""",PART-MEP_DUCT_FITTINGS-AD43A621,Parts,MEP Rough-In,EACH,1,1.0,EACH,1.0,0.42,1292991
MEP_DUCT_FITTINGS_RECTANGULAR_TRANSITION_ANGLE_45_DEGREE_13_X14_12_X12,"MEP Duct Fittings | Rectangular Transition - Angle | 45 Degree | 13""x14""-12""x12""",PART-MEP_DUCT_FITTINGS-AAA83CFE,Parts,MEP Rough-In,EACH,1,1.0,EACH,1.0,0.23,1277293
MEP_DUCT_FITTINGS_RECTANGULAR_TRANSITION_ANGLE_45_DEGREE_13_X14_12_X13,"MEP Duct Fittings | Rectangular Transition - Angle | 45 Degree | 13""x14""-12""x13""",PART-MEP_DUCT_FITTINGS-37C78048,Parts,MEP Rough-In,EACH,1,1.0,EACH,1.0,0.12,1136714
MEP_DUCT_FITTINGS_RECTANGULAR_TRANSITION_ANGLE_45_DEGREE_14_X13_13_X13,"MEP Duct Fittings | Rectangular Transition - Angle | 45 Degree | 14""x13""-13""x13""",PART-MEP_DUCT_FITTINGS-CF97DD6A,Parts,MEP Rough-In,EACH,1,1.0,EACH,1.0,0.12,1239146
MEP_DUCT_FITTINGS_RECTANGULAR_TRANSITION_ANGLE_45_DEGREE_14_X14_11_X12,"MEP Duct Fittings | Rectangular Transition - Angle | 45 Degree | 14""x14""-11""x12""",PART-MEP_DUCT_FITTINGS-3546AA90,Parts,MEP Rough-In,EACH,1,1.0,EACH,1.0,0.34,1311563
MEP_DUCT_FITTINGS_RECTANGULAR_TRANSITION_ANGLE_45_DEGREE_14_X14_14_X13,"MEP Duct Fittings | Rectangular Transition - Angle | 45 Degree | 14""x14""-14""x13""",PART-MEP_DUCT_FITTINGS-E72CA7DE,Parts,MEP Rough-In,EACH,1,1.0,EACH,1.0,0.13,1255072
MEP_DUCT_FITTINGS_RECTANGULAR_TRANSITION_ANGLE_45_DEGREE_14_X14_14_X9,"MEP Duct Fittings | Rectangular Transition - Angle | 45 Degree | 14""x14""-14""x9""",PART-MEP_DUCT_FITTINGS-86FC2091,Parts,MEP Rough-In,EACH,2,2.0,EACH,2.0,1.12,1293125|1293127
MEP_DUCT_FITTINGS_RECTANGULAR_TRANSITION_ANGLE_45_DEGREE_14_X14_3_X3,"MEP Duct Fittings | Rectangular Transition - Angle | 45 Degree | 14""x14""-3""x3""",PART-MEP_DUCT_FITTINGS-1EFC8161,Parts,MEP Rough-In,EACH,1,1.0,EACH,2.0,0.63,1241484
MEP_DUCT_FITTINGS_RECTANGULAR_TRANSITION_ANGLE_45_DEGREE_14_X17_14_X15,"MEP Duct Fittings | Rectangular Transition - Angle | 45 Degree | 14""x17""-14""x15""",PART-MEP_DUCT_FITTINGS-4C77144E,Parts,MEP Rough-In,EACH,1,1.0,EACH,1.0,0.31,1154638
MEP_DUCT_FITTINGS_RECTANGULAR_TRANSITION_ANGLE_45_DEGREE_14_X17_8_X9,"MEP Duct Fittings | Rectangular Transition - Angle | 45 Degree | 14""x17""-8""x9""",PART-MEP_DUCT_FITTINGS-A3788091,Parts,MEP Rough-In,EACH,1,1.0,EACH,2.0,0.82,1154659
MEP_DUCT_FITTINGS_RECTANGULAR_TRANSITION_ANGLE_45_DEGREE_14_X18_14_X15,"MEP Duct Fittings | Rectangular Transition - Angle | 45 Degree | 14""x18""-14""x15""",PART-MEP_DUCT_FITTINGS-1323C450,Parts,MEP Rough-In,EACH,1,1.0,EACH,1.0,0.48,1298273
MEP_DUCT_FITTINGS_RECTANGULAR_TRANSITION_ANGLE_45_DEGREE_14_X20_14_X15,"MEP Duct Fittings | Rectangular Transition - Angle | 45 Degree | 14""x20""-14""x15""",PART-MEP_DUCT_FITTINGS-99CF1DC3,Parts,MEP Rough-In,EACH,1,1.0,EACH,2.0,0.86,1298060
MEP_DUCT_FITTINGS_RECTANGULAR_TRANSITION_ANGLE_45_DEGREE_14_X4_4_X4,"MEP Duct Fittings | Rectangular Transition - Angle | 45 Degree | 14""x4""-4""x4""",PART-MEP_DUCT_FITTINGS-0E4A4535,Parts,MEP Rough-In,EACH,1,1.0,EACH,1.0,0.22,1281321
MEP_DUCT_FITTINGS_RECTANGULAR_TRANSITION_ANGLE_45_DEGREE_14_X9_13_X9,"MEP Duct Fittings | Rectangular Transition - Angle | 45 Degree | 14""x9""-13""x9""",PART-MEP_DUCT_FITTINGS-2D89F3A6,Parts,MEP Rough-In,EACH,1,1.0,EACH,1.0,0.08,1292322
MEP_DUCT_FITTINGS_RECTANGULAR_TRANSITION_ANGLE_45_DEGREE_14_X9_5_X5,"MEP Duct Fittings | Rectangular Transition - Angle | 45 Degree | 14""x9""-5""x5""",PART-MEP_DUCT_FITTINGS-903D11C4,Parts,MEP Rough-In,EACH,1,1.0,EACH,1.0,0.44,1293077
MEP_DUCT_FITTINGS_RECTANGULAR_TRANSITION_ANGLE_45_DEGREE_15_X15_13_X14,"MEP Duct Fittings | Rectangular Transition - Angle | 45 Degree | 15""x15""-13""x14""",PART-MEP_DUCT_FITTINGS-1416F44D,Parts,MEP Rough-In,EACH,1,1.0,EACH,1.0,0.28,1277294
MEP_DUCT_FITTINGS_RECTANGULAR_TRANSITION_ANGLE_45_DEGREE_15_X16_14_X14,"MEP Duct Fittings | Rectangular Transition - Angle | 45 Degree | 15""x16""-14""x14""",PART-MEP_DUCT_FITTINGS-043AA393,Parts,MEP Rough-In,EACH,1,1.0,EACH,1.0,0.3,1293130
MEP_DUCT_FITTINGS_RECTANGULAR_TRANSITION_ANGLE_45_DEGREE_15_X24_24_X15,"MEP Duct Fittings | Rectangular Transition - Angle | 45 Degree | 15""x24""-24""x15""",PART-MEP_DUCT_FITTINGS-F3199AF9,Parts,MEP Rough-In,EACH,1,1.0,EACH,4.0,2.35,1299558
MEP_DUCT_FITTINGS_RECTANGULAR_TRANSITION_ANGLE_45_DEGREE_15_X30_30_X15,"MEP Duct Fittings | Rectangular Transition - Angle | 45 Degree | 15""x30""-30""x15""",PART-MEP_DUCT_FITTINGS-0F0061B3,Parts,MEP Rough-In,EACH,1,1.0,EACH,6.0,5.11,1299078
MEP_DUCT_FITTINGS_RECTANGULAR_TRANSITION_ANGLE_45_DEGREE_16_X16_13_X13,"MEP Duct Fittings | Rectangular Transition - Angle | 45 Degree | 16""x16""-13""x13""",PART-MEP_DUCT_FITTINGS-5F6DE30B,Parts,MEP Rough-In,EACH,3,3.0,EACH,3.0,1.32,1287492|1287496|1352228
MEP_DUCT_FITTINGS_RECTANGULAR_TRANSITION_ANGLE_45_DEGREE_16_X17_15_X15,"MEP Duct Fittings | Rectangular Transition - Angle | 45 Degree | 16""x17""-15""x15""",PART-MEP_DUCT_FITTINGS-F8B149A1,Parts,MEP Rough-In,EACH,1,1.0,EACH,1.0,0.35,1277296
MEP_DUCT_FITTINGS_RECTANGULAR_TRANSITION_ANGLE_45_DEGREE_16_X17_9_X9,"MEP Duct Fittings | Rectangular Transition - Angle | 45 Degree | 16""x17""-9""x9""",PART-MEP_DUCT_FITTINGS-ECD01B32,Parts,MEP Rough-In,EACH,1,1.0,EACH,2.0,0.93,1240854
MEP_DUCT_FITTINGS_RECTANGULAR_TRANSITION_ANGLE_45_DEGREE_16_X24_16_X16,"MEP Duct Fittings | Rectangular Transition - Angle | 45 Degree | 16""x24""-16""x16""",PART-MEP_DUCT_FITTINGS-B4B1FEA5,Parts,MEP Rough-In,EACH,2,2.0,EACH,6.0,3.58,1287489|1352229
MEP_DUCT_FITTINGS_RECTANGULAR_TRANSITION_ANGLE_45_DEGREE_17_X18_12_X13,"MEP Duct Fittings | Rectangular Transition - Angle | 45 Degree | 17""x18""-12""x13""",PART-MEP_DUCT_FITTINGS-C4254F2C,Parts,MEP Rough-In,EACH,1,1.0,EACH,2.0,0.79,1353452
MEP_DUCT_FITTINGS_RECTANGULAR_TRANSITION_ANGLE_45_DEGREE_18_X14_14_X18,"MEP Duct Fittings | Rectangular Transition - Angle | 45 Degree | 18""x14""-14""x18""",PART-MEP_DUCT_FITTINGS-A29E51A2,Parts,MEP Rough-In,EACH,1,1.0,EACH,2.0,0.71,1298249
MEP_DUCT_FITTINGS_RECTANGULAR_TRANSITION_ANGLE_45_DEGREE_18_X14_15_X16,"MEP Duct Fittings | Rectangular Transition - Angle | 45 Degree | 18""x14""-15""x16""",PART-MEP_DUCT_FITTINGS-5DB31BAB,Parts,MEP Rough-In,EACH,1,1.0,EACH,1.0,0.52,1136763
MEP_DUCT_FITTINGS_RECTANGULAR_TRANSITION_ANGLE_45_DEGREE_18_X18_16_X17,"MEP Duct Fittings | Rectangular Transition - Angle | 45 Degree | 18""x18""-16""x17""",PART-MEP_DUCT_FITTINGS-E3748A73,Parts,MEP Rough-In,EACH,1,1.0,EACH,1.0,0.42,1277298
MEP_DUCT_FITTINGS_RECTANGULAR_TRANSITION_ANGLE_45_DEGREE_19_X17_16_X17,"MEP Duct Fittings | Rectangular Transition - Angle | 45 Degree | 19""x17""-16""x17""",PART-MEP_DUCT_FITTINGS-908EC873,Parts,MEP Rough-In,EACH,2,2.0,EACH,4.0,1.24,1241097|1241098
MEP_DUCT_FITTINGS_RECTANGULAR_TRANSITION_ANGLE_45_DEGREE_19_X19_12_X12,"MEP Duct Fittings | Rectangular Transition - Angle | 45 Degree | 19""x19""-12""x12""",PART-MEP_DUCT_FITTINGS-5A9E1A54,Parts,MEP Rough-In,EACH,1,1.0,EACH,2.0,1.19,1241233
MEP_DUCT_FITTINGS_RECTANGULAR_TRANSITION_ANGLE_45_DEGREE_19_X19_14_X15,"MEP Duct Fittings | Rectangular Transition - Angle | 45 Degree | 19""x19""-14""x15""",PART-MEP_DUCT_FITTINGS-27D96CCC,Parts,MEP Rough-In,EACH,1,1.0,EACH,2.0,0.99,1298058
MEP_DUCT_FITTINGS_RECTANGULAR_TRANSITION_ANGLE_45_DEGREE_19_X19_18_X18,"MEP Duct Fittings | Rectangular Transition - Angle | 45 Degree | 19""x19""-18""x18""",PART-MEP_DUCT_FITTINGS-B3C8C341,Parts,MEP Rough-In,EACH,1,1.0,EACH,1.0,0.24,1277300
MEP_DUCT_FITTINGS_RECTANGULAR_TRANSITION_ANGLE_45_DEGREE_19_X19_22_X16,"MEP Duct Fittings | Rectangular Transition - Angle | 45 Degree | 19""x19""-22""x16""",PART-MEP_DUCT_FITTINGS-85289532,Parts,MEP Rough-In,EACH,1,1.0,EACH,2.0,0.75,1298310
MEP_DUCT_FITTINGS_RECTANGULAR_TRANSITION_ANGLE_45_DEGREE_19_X19_9_X9,"MEP Duct Fittings | Rectangular Transition - Angle | 45 Degree | 19""x19""-9""x9""",PART-MEP_DUCT_FITTINGS-260C026C,Parts,MEP Rough-In,EACH,1,1.0,EACH,3.0,1.43,1312280
MEP_DUCT_FITTINGS_RECTANGULAR_TRANSITION_ANGLE_45_DEGREE_19_X20_28_X12,"MEP Duct Fittings | Rectangular Transition - Angle | 45 Degree | 19""x20""-28""x12""",PART-MEP_DUCT_FITTINGS-3EA008C9,Parts,MEP Rough-In,EACH,1,1.0,EACH,4.0,2.33,1340373
MEP_DUCT_FITTINGS_RECTANGULAR_TRANSITION_ANGLE_45_DEGREE_22_X22_17_X18,"MEP Duct Fittings | Rectangular Transition - Angle | 45 Degree | 22""x22""-17""x18""",PART-MEP_DUCT_FITTINGS-653C993E,Parts,MEP Rough-In,EACH,1,1.0,EACH,3.0,1.37,1353454
MEP_DUCT_FITTINGS_RECTANGULAR_TRANSITION_ANGLE_45_DEGREE_22_X24_16_X16,"MEP Duct Fittings | Rectangular Transition - Angle | 45 Degree | 22""x24""-16""x16""",PART-MEP_DUCT_FITTINGS-2536540E,Parts,MEP Rough-In,EACH,1,1.0,EACH,3.0,2.15,1287488
MEP_DUCT_FITTINGS_RECTANGULAR_TRANSITION_ANGLE_45_DEGREE_24_X15_13_X13,"MEP Duct Fittings | Rectangular Transition - Angle | 45 Degree | 24""x15""-13""x13""",PART-MEP_DUCT_FITTINGS-D2E1D2AB,Parts,MEP Rough-In,EACH,1,1.0,EACH,4.0,2.19,1298426
MEP_DUCT_FITTINGS_RECTANGULAR_TRANSITION_ANGLE_45_DEGREE_24_X15_22_X16,"MEP Duct Fittings | Rectangular Transition - Angle | 45 Degree | 24""x15""-22""x16""",PART-MEP_DUCT_FITTINGS-A8A56785,Parts,MEP Rough-In,EACH,1,1.0,EACH,2.0,0.5,1298679
MEP_DUCT_FITTINGS_RECTANGULAR_TRANSITION_ANGLE_45_DEGREE_24_X32_32_X24,"MEP Duct Fittings | Rectangular Transition - Angle | 45 Degree | 24""x32""-32""x24""",PART-MEP_DUCT_FITTINGS-B07AA4BB,Parts,MEP Rough-In,EACH,1,1.0,EACH,6.0,4.35,1352344
MEP_DUCT_FITTINGS_RECTANGULAR_TRANSITION_ANGLE_45_DEGREE_28_X12_24_X12,"MEP Duct Fittings | Rectangular Transition - Angle | 45 Degree | 28""x12""-24""x12""",PART-MEP_DUCT_FITTINGS-E6CF01A8,Parts,MEP Rough-In,EACH,1,1.0,EACH,2.0,0.87,1340675
MEP_DUCT_FITTINGS_RECTANGULAR_TRANSITION_ANGLE_45_DEGREE_28_X22_22_X22,"MEP Duct Fittings | Rectangular Transition - Angle | 45 Degree | 28""x22""-22""x22""",PART-MEP_DUCT_FITTINGS-34BA94E4,Parts,MEP Rough-In,EACH,1,1.0,EACH,4.0,2.31,1353456
MEP_DUCT_FITTINGS_RECTANGULAR_TRANSITION_ANGLE_45_DEGREE_30_X15_14_X20,"MEP Duct Fittings | Rectangular Transition - Angle | 45 Degree | 30""x15""-14""x20""",PART-MEP_DUCT_FITTINGS-43A47776,Parts,MEP Rough-In,EACH,1,1.0,EACH,6.0,4.23,1298264
MEP_DUCT_FITTINGS_RECTANGULAR_TRANSITION_ANGLE_45_DEGREE_30_X15_20_X20,"MEP Duct Fittings | Rectangular Transition - Angle | 45 Degree | 30""x15""-20""x20""",PART-MEP_DUCT_FITTINGS-E965EE96,Parts,MEP Rough-In,EACH,2,2.0,EACH,8.0,6.16,1330252|1330798
MEP_DUCT_FITTINGS_RECTANGULAR_TRANSITION_ANGLE_45_DEGREE_30_X15_24_X15,"MEP Duct Fittings | Rectangular Transition - Angle | 45 Degree | 30""x15""-24""x15""",PART-MEP_DUCT_FITTINGS-6DC040FC,Parts,MEP Rough-In,EACH,1,1.0,EACH,3.0,1.7,1299598
MEP_DUCT_FITTINGS_RECTANGULAR_TRANSITION_ANGLE_45_DEGREE_30_X15_30_X15,"MEP Duct Fittings | Rectangular Transition - Angle | 45 Degree | 30""x15""-30""x15""",PART-MEP_DUCT_FITTINGS-52CE9293,Parts,MEP Rough-In,EACH,1,1.0,EACH,2.0,0.26,1294212
MEP_DUCT_FITTINGS_RECTANGULAR_TRANSITION_ANGLE_45_DEGREE_30_X24_28_X22,"MEP Duct Fittings | Rectangular Transition - Angle | 45 Degree | 30""x24""-28""x22""",PART-MEP_DUCT_FITTINGS-CB1003F2,Parts,MEP Rough-In,EACH,1,1.0,EACH,3.0,0.93,1353661
MEP_DUCT_FITTINGS_RECTANGULAR_TRANSITION_ANGLE_45_DEGREE_30_X24_30_X15,"MEP Duct Fittings | Rectangular Transition - Angle | 45 Degree | 30""x24""-30""x15""",PART-MEP_DUCT_FITTINGS-BEDC8682,Parts,MEP Rough-In,EACH,1,1.0,EACH,5.0,3.68,1296688
MEP_DUCT_FITTINGS_RECTANGULAR_TRANSITION_ANGLE_45_DEGREE_31_X24_30_X15,"MEP Duct Fittings | Rectangular Transition - Angle | 45 Degree | 31""x24""-30""x15""",PART-MEP_DUCT_FITTINGS-AC3099DC,Parts,MEP Rough-In,EACH,2,2.0,EACH,10.0,7.16,1320135|1320252
MEP_DUCT_FITTINGS_RECTANGULAR_TRANSITION_ANGLE_45_DEGREE_32_X24_22_X24,"MEP Duct Fittings | Rectangular Transition - Angle | 45 Degree | 32""x24""-22""x24""",PART-MEP_DUCT_FITTINGS-A935C8D8,Parts,MEP Rough-In,EACH,1,1.0,EACH,6.0,4.53,1352466
MEP_DUCT_FITTINGS_RECTANGULAR_TRANSITION_ANGLE_45_DEGREE_32_X24_30_X15,"MEP Duct Fittings | Rectangular Transition - Angle | 45 Degree | 32""x24""-30""x15""",PART-MEP_DUCT_FITTINGS-F1929721,Parts,MEP Rough-In,EACH,1,1.0,EACH,5.0,3.81,1295955
MEP_DUCT_FITTINGS_RECTANGULAR_TRANSITION_ANGLE_45_DEGREE_32_X24_32_X24,"MEP Duct Fittings | Rectangular Transition - Angle | 45 Degree | 32""x24""-32""x24""",PART-MEP_DUCT_FITTINGS-89976E3B,Parts,MEP Rough-In,EACH,1,1.0,EACH,4.0,0.44,1352465
MEP_DUCT_FITTINGS_RECTANGULAR_TRANSITION_ANGLE_45_DEGREE_35_X16_30_X15,"MEP Duct Fittings | Rectangular Transition - Angle | 45 Degree | 35""x16""-30""x15""",PART-MEP_DUCT_FITTINGS-CB86EE27,Parts,MEP Rough-In,EACH,4,4.0,EACH,12.0,6.84,1294213|1294267|1295353|1297063
MEP_DUCT_FITTINGS_RECTANGULAR_TRANSITION_ANGLE_45_DEGREE_3_X10_3_X3,"MEP Duct Fittings | Rectangular Transition - Angle | 45 Degree | 3""x10""-3""x3""",PART-MEP_DUCT_FITTINGS-DE3A5D6D,Parts,MEP Rough-In,EACH,1,1.0,EACH,0.0,0.1,1292037
MEP_DUCT_FITTINGS_RECTANGULAR_TRANSITION_ANGLE_45_DEGREE_3_X13_3_X3,"MEP Duct Fittings | Rectangular Transition - Angle | 45 Degree | 3""x13""-3""x3""",PART-MEP_DUCT_FITTINGS-005097DA,Parts,MEP Rough-In,EACH,1,1.0,EACH,1.0,0.17,1136718
MEP_DUCT_FITTINGS_RECTANGULAR_TRANSITION_ANGLE_45_DEGREE_3_X4_3_X3,"MEP Duct Fittings | Rectangular Transition - Angle | 45 Degree | 3""x4""-3""x3""",PART-MEP_DUCT_FITTINGS-4225B5C7,Parts,MEP Rough-In,EACH,3,3.0,EACH,0.0,0.01,1129429|1231032|1291253
MEP_DUCT_FITTINGS_RECTANGULAR_TRANSITION_ANGLE_45_DEGREE_3_X5_3_X3,"MEP Duct Fittings | Rectangular Transition - Angle | 45 Degree | 3""x5""-3""x3""",PART-MEP_DUCT_FITTINGS-048EFCE5,Parts,MEP Rough-In,EACH,5,5.0,EACH,0.0,0.08,1129427|1231013|1232738|1291244|1291249
MEP_DUCT_FITTINGS_RECTANGULAR_TRANSITION_ANGLE_45_DEGREE_3_X6_3_X3,"MEP Duct Fittings | Rectangular Transition - Angle | 45 Degree | 3""x6""-3""x3""",PART-MEP_DUCT_FITTINGS-666BA823,Parts,MEP Rough-In,EACH,5,5.0,EACH,0.0,0.12,1129425|1135950|1232708|1291234|1291238
MEP_DUCT_FITTINGS_RECTANGULAR_TRANSITION_ANGLE_45_DEGREE_3_X7_3_X3,"MEP Duct Fittings | Rectangular Transition - Angle | 45 Degree | 3""x7""-3""x3""",PART-MEP_DUCT_FITTINGS-E025CBE6,Parts,MEP Rough-In,EACH,4,4.0,EACH,0.0,0.16,1129421|1129423|1291226|1291230
MEP_DUCT_FITTINGS_RECTANGULAR_TRANSITION_ANGLE_45_DEGREE_3_X8_3_X3,"MEP Duct Fittings | Rectangular Transition - Angle | 45 Degree | 3""x8""-3""x3""",PART-MEP_DUCT_FITTINGS-193EF2EC,Parts,MEP Rough-In,EACH,3,3.0,EACH,0.0,0.18,1291214|1291218|1291222
MEP_DUCT_FITTINGS_RECTANGULAR_TRANSITION_ANGLE_45_DEGREE_3_X9_3_X3,"MEP Duct Fittings | Rectangular Transition - Angle | 45 Degree | 3""x9""-3""x3""",PART-MEP_DUCT_FITTINGS-E22F908F,Parts,MEP Rough-In,EACH,4,4.0,EACH,0.0,0.32,1291203|1291208|1291212|1292355
MEP_DUCT_FITTINGS_RECTANGULAR_TRANSITION_ANGLE_45_DEGREE_4_X4_3_X3,"MEP Duct Fittings | Rectangular Transition - Angle | 45 Degree | 4""x4""-3""x3""",PART-MEP_DUCT_FITTINGS-CE339196,Parts,MEP Rough-In,EACH,5,5.0,EACH,0.0,0.01,1129428|1149344|1230927|1291252|1317447
MEP_DUCT_FITTINGS_RECTANGULAR_TRANSITION_ANGLE_45_DEGREE_4_X4_4_X4,"MEP Duct Fittings | Rectangular Transition - Angle | 45 Degree | 4""x4""-4""x4""",PART-MEP_DUCT_FITTINGS-DB8CC475,Parts,MEP Rough-In,EACH,3,3.0,EACH,0.0,0.0,1293240|1293360|1293367
MEP_DUCT_FITTINGS_RECTANGULAR_TRANSITION_ANGLE_45_DEGREE_4_X5_4_X4,"MEP Duct Fittings | Rectangular Transition - Angle | 45 Degree | 4""x5""-4""x4""",PART-MEP_DUCT_FITTINGS-7D60C443,Parts,MEP Rough-In,EACH,5,5.0,EACH,0.0,0.07,1149882|1223160|1291248|1293316|1293489
MEP_DUCT_FITTINGS_RECTANGULAR_TRANSITION_ANGLE_45_DEGREE_4_X6_4_X4,"MEP Duct Fittings | Rectangular Transition - Angle | 45 Degree | 4""x6""-4""x4""",PART-MEP_DUCT_FITTINGS-F9C5FF56,Parts,MEP Rough-In,EACH,1,1.0,EACH,0.0,0.03,1149880
MEP_DUCT_FITTINGS_RECTANGULAR_TRANSITION_ANGLE_45_DEGREE_4_X7_4_X4,"MEP Duct Fittings | Rectangular Transition - Angle | 45 Degree | 4""x7""-4""x4""",PART-MEP_DUCT_FITTINGS-D9CFCEB5,Parts,MEP Rough-In,EACH,3,3.0,EACH,0.0,0.12,1149878|1233486|1293530
MEP_DUCT_FITTINGS_RECTANGULAR_TRANSITION_ANGLE_45_DEGREE_4_X8_4_X4,"MEP Duct Fittings | Rectangular Transition - Angle | 45 Degree | 4""x8""-4""x4""",PART-MEP_DUCT_FITTINGS-C54535C7,Parts,MEP Rough-In,EACH,2,2.0,EACH,0.0,0.12,1149876|1233483
MEP_DUCT_FITTINGS_RECTANGULAR_TRANSITION_ANGLE_45_DEGREE_4_X8_4_X5,"MEP Duct Fittings | Rectangular Transition - Angle | 45 Degree | 4""x8""-4""x5""",PART-MEP_DUCT_FITTINGS-6AFD0F59,Parts,MEP Rough-In,EACH,1,1.0,EACH,0.0,0.06,1135944
MEP_DUCT_FITTINGS_RECTANGULAR_TRANSITION_ANGLE_45_DEGREE_4_X9_4_X4,"MEP Duct Fittings | Rectangular Transition - Angle | 45 Degree | 4""x9""-4""x4""",PART-MEP_DUCT_FITTINGS-493905F8,Parts,MEP Rough-In,EACH,1,1.0,EACH,0.0,0.08,1149874
MEP_DUCT_FITTINGS_RECTANGULAR_TRANSITION_ANGLE_45_DEGREE_5_X12_5_X5,"MEP Duct Fittings | Rectangular Transition - Angle | 45 Degree | 5""x12""-5""x5""",PART-MEP_DUCT_FITTINGS-97C6AC5F,Parts,MEP Rough-In,EACH,1,1.0,EACH,1.0,0.19,1136699
MEP_DUCT_FITTINGS_RECTANGULAR_TRANSITION_ANGLE_45_DEGREE_5_X14_5_X5,"MEP Duct Fittings | Rectangular Transition - Angle | 45 Degree | 5""x14""-5""x5""",PART-MEP_DUCT_FITTINGS-BB6A9FE1,Parts,MEP Rough-In,EACH,1,1.0,EACH,1.0,0.28,1136715
MEP_DUCT_FITTINGS_RECTANGULAR_TRANSITION_ANGLE_45_DEGREE_5_X5_4_X4,"MEP Duct Fittings | Rectangular Transition - Angle | 45 Degree | 5""x5""-4""x4""",PART-MEP_DUCT_FITTINGS-BEFA7952,Parts,MEP Rough-In,EACH,6,6.0,EACH,0.0,0.1,1129426|1135947|1149342|1149881|1290594|1293366
MEP_DUCT_FITTINGS_RECTANGULAR_TRANSITION_ANGLE_45_DEGREE_5_X5_4_X5,"MEP Duct Fittings | Rectangular Transition - Angle | 45 Degree | 5""x5""-4""x5""",PART-MEP_DUCT_FITTINGS-97540881,Parts,MEP Rough-In,EACH,2,2.0,EACH,0.0,0.02,1291243|1292131
MEP_DUCT_FITTINGS_RECTANGULAR_TRANSITION_ANGLE_45_DEGREE_5_X5_5_X5,"MEP Duct Fittings | Rectangular Transition - Angle | 45 Degree | 5""x5""-5""x5""",PART-MEP_DUCT_FITTINGS-EDB7E036,Parts,MEP Rough-In,EACH,1,1.0,EACH,0.0,0.01,1288014
MEP_DUCT_FITTINGS_RECTANGULAR_TRANSITION_ANGLE_45_DEGREE_5_X6_5_X5,"MEP Duct Fittings | Rectangular Transition - Angle | 45 Degree | 5""x6""-5""x5""",PART-MEP_DUCT_FITTINGS-2ECBFA62,Parts,MEP Rough-In,EACH,2,2.0,EACH,0.0,0.02,1135949|1287940
MEP_DUCT_FITTINGS_RECTANGULAR_TRANSITION_ANGLE_45_DEGREE_6_X10_6_X6,"MEP Duct Fittings | Rectangular Transition - Angle | 45 Degree | 6""x10""-6""x6""",PART-MEP_DUCT_FITTINGS-4A176406,Parts,MEP Rough-In,EACH,1,1.0,EACH,0.0,0.12,1232552
MEP_DUCT_FITTINGS_RECTANGULAR_TRANSITION_ANGLE_45_DEGREE_6_X15_6_X6,"MEP Duct Fittings | Rectangular Transition - Angle | 45 Degree | 6""x15""-6""x6""",PART-MEP_DUCT_FITTINGS-4E7802A3,Parts,MEP Rough-In,EACH,2,2.0,EACH,2.0,0.8,1147287|1147288
MEP_DUCT_FITTINGS_RECTANGULAR_TRANSITION_ANGLE_45_DEGREE_6_X6_5_X5,"MEP Duct Fittings | Rectangular Transition - Angle | 45 Degree | 6""x6""-5""x5""",PART-MEP_DUCT_FITTINGS-FC928AF5,Parts,MEP Rough-In,EACH,5,5.0,EACH,0.0,0.1,1129424|1149340|1149879|1291237|1293315
MEP_DUCT_FITTINGS_RECTANGULAR_TRANSITION_ANGLE_45_DEGREE_6_X6_6_X6,"MEP Duct Fittings | Rectangular Transition - Angle | 45 Degree | 6""x6""-6""x6""",PART-MEP_DUCT_FITTINGS-0D4033CE,Parts,MEP Rough-In,EACH,1,1.0,EACH,0.0,0.01,1291233
MEP_DUCT_FITTINGS_RECTANGULAR_TRANSITION_ANGLE_45_DEGREE_6_X7_4_X8,"MEP Duct Fittings | Rectangular Transition - Angle | 45 Degree | 6""x7""-4""x8""",PART-MEP_DUCT_FITTINGS-CE4AAFCD,Parts,MEP Rough-In,EACH,1,1.0,EACH,0.0,0.04,1135943
MEP_DUCT_FITTINGS_RECTANGULAR_TRANSITION_ANGLE_45_DEGREE_6_X7_5_X6,"MEP Duct Fittings | Rectangular Transition - Angle | 45 Degree | 6""x7""-5""x6""",PART-MEP_DUCT_FITTINGS-0D6A471F,Parts,MEP Rough-In,EACH,1,1.0,EACH,0.0,0.03,1135945
MEP_DUCT_FITTINGS_RECTANGULAR_TRANSITION_ANGLE_45_DEGREE_6_X7_6_X6,"MEP Duct Fittings | Rectangular Transition - Angle | 45 Degree | 6""x7""-6""x6""",PART-MEP_DUCT_FITTINGS-0297D97B,Parts,MEP Rough-In,EACH,4,4.0,EACH,0.0,0.1,1129422|1153550|1291229|1312503
MEP_DUCT_FITTINGS_RECTANGULAR_TRANSITION_ANGLE_45_DEGREE_6_X7_7_X5,"MEP Duct Fittings | Rectangular Transition - Angle | 45 Degree | 6""x7""-7""x5""",PART-MEP_DUCT_FITTINGS-62D4B5CC,Parts,MEP Rough-In,EACH,1,1.0,EACH,0.0,0.05,1288499
MEP_DUCT_FITTINGS_RECTANGULAR_TRANSITION_ANGLE_45_DEGREE_6_X9_6_X6,"MEP Duct Fittings | Rectangular Transition - Angle | 45 Degree | 6""x9""-6""x6""",PART-MEP_DUCT_FITTINGS-53D0985C,Parts,MEP Rough-In,EACH,6,6.0,EACH,0.0,0.54,1145482|1145483|1266164|1266165|1266260|1266261
MEP_DUCT_FITTINGS_RECTANGULAR_TRANSITION_ANGLE_45_DEGREE_6_X9_7_X7,"MEP Duct Fittings | Rectangular Transition - Angle | 45 Degree | 6""x9""-7""x7""",PART-MEP_DUCT_FITTINGS-31E2E58C,Parts,MEP Rough-In,EACH,1,1.0,EACH,0.0,0.07,1312498
MEP_DUCT_FITTINGS_RECTANGULAR_TRANSITION_ANGLE_45_DEGREE_7_X10_7_X7,"MEP Duct Fittings | Rectangular Transition - Angle | 45 Degree | 7""x10""-7""x7""",PART-MEP_DUCT_FITTINGS-5BD70B4D,Parts,MEP Rough-In,EACH,1,1.0,EACH,0.0,0.12,1254088
MEP_DUCT_FITTINGS_RECTANGULAR_TRANSITION_ANGLE_45_DEGREE_7_X11_7_X8,"MEP Duct Fittings | Rectangular Transition - Angle | 45 Degree | 7""x11""-7""x8""",PART-MEP_DUCT_FITTINGS-CE83E98D,Parts,MEP Rough-In,EACH,2,2.0,EACH,2.0,0.28,1153280|1153281
MEP_DUCT_FITTINGS_RECTANGULAR_TRANSITION_ANGLE_45_DEGREE_7_X12_7_X7,"MEP Duct Fittings | Rectangular Transition - Angle | 45 Degree | 7""x12""-7""x7""",PART-MEP_DUCT_FITTINGS-5D327063,Parts,MEP Rough-In,EACH,1,1.0,EACH,1.0,0.23,1277292
MEP_DUCT_FITTINGS_RECTANGULAR_TRANSITION_ANGLE_45_DEGREE_7_X12_7_X8,"MEP Duct Fittings | Rectangular Transition - Angle | 45 Degree | 7""x12""-7""x8""",PART-MEP_DUCT_FITTINGS-D6C1280B,Parts,MEP Rough-In,EACH,6,6.0,EACH,6.0,1.2,1165427|1165428|1165429|1165430|1340613|1340632
MEP_DUCT_FITTINGS_RECTANGULAR_TRANSITION_ANGLE_45_DEGREE_7_X14_7_X7,"MEP Duct Fittings | Rectangular Transition - Angle | 45 Degree | 7""x14""-7""x7""",PART-MEP_DUCT_FITTINGS-AC9308EC,Parts,MEP Rough-In,EACH,1,1.0,EACH,1.0,0.36,1254092
MEP_DUCT_FITTINGS_RECTANGULAR_TRANSITION_ANGLE_45_DEGREE_7_X15_7_X7,"MEP Duct Fittings | Rectangular Transition - Angle | 45 Degree | 7""x15""-7""x7""",PART-MEP_DUCT_FITTINGS-21284C6D,Parts,MEP Rough-In,EACH,1,1.0,EACH,1.0,0.43,1277295
MEP_DUCT_FITTINGS_RECTANGULAR_TRANSITION_ANGLE_45_DEGREE_7_X17_7_X7,"MEP Duct Fittings | Rectangular Transition - Angle | 45 Degree | 7""x17""-7""x7""",PART-MEP_DUCT_FITTINGS-07EBE374,Parts,MEP Rough-In,EACH,1,1.0,EACH,1.0,0.59,1277297
MEP_DUCT_FITTINGS_RECTANGULAR_TRANSITION_ANGLE_45_DEGREE_7_X18_7_X7,"MEP Duct Fittings | Rectangular Transition - Angle | 45 Degree | 7""x18""-7""x7""",PART-MEP_DUCT_FITTINGS-9A647659,Parts,MEP Rough-In,EACH,1,1.0,EACH,2.0,0.67,1277299
MEP_DUCT_FITTINGS_RECTANGULAR_TRANSITION_ANGLE_45_DEGREE_7_X19_7_X7,"MEP Duct Fittings | Rectangular Transition - Angle | 45 Degree | 7""x19""-7""x7""",PART-MEP_DUCT_FITTINGS-68AC1815,Parts,MEP Rough-In,EACH,1,1.0,EACH,2.0,0.76,1277301
MEP_DUCT_FITTINGS_RECTANGULAR_TRANSITION_ANGLE_45_DEGREE_7_X7_3_X3,"MEP Duct Fittings | Rectangular Transition - Angle | 45 Degree | 7""x7""-3""x3""",PART-MEP_DUCT_FITTINGS-92BF75B0,Parts,MEP Rough-In,EACH,2,2.0,EACH,0.0,0.14,1261001|1261315
MEP_DUCT_FITTINGS_RECTANGULAR_TRANSITION_ANGLE_45_DEGREE_7_X7_4_X4,"MEP Duct Fittings | Rectangular Transition - Angle | 45 Degree | 7""x7""-4""x4""",PART-MEP_DUCT_FITTINGS-56F513EA,Parts,MEP Rough-In,EACH,1,1.0,EACH,0.0,0.07,1312502
MEP_DUCT_FITTINGS_RECTANGULAR_TRANSITION_ANGLE_45_DEGREE_7_X7_4_X8,"MEP Duct Fittings | Rectangular Transition - Angle | 45 Degree | 7""x7""-4""x8""",PART-MEP_DUCT_FITTINGS-917220CD,Parts,MEP Rough-In,EACH,1,1.0,EACH,0.0,0.1,1233482
MEP_DUCT_FITTINGS_RECTANGULAR_TRANSITION_ANGLE_45_DEGREE_7_X7_6_X6,"MEP Duct Fittings | Rectangular Transition - Angle | 45 Degree | 7""x7""-6""x6""",PART-MEP_DUCT_FITTINGS-CC60032C,Parts,MEP Rough-In,EACH,3,3.0,EACH,0.0,0.11,1149338|1149877|1233485
MEP_DUCT_FITTINGS_RECTANGULAR_TRANSITION_ANGLE_45_DEGREE_7_X7_6_X7,"MEP Duct Fittings | Rectangular Transition - Angle | 45 Degree | 7""x7""-6""x7""",PART-MEP_DUCT_FITTINGS-6958CF10,Parts,MEP Rough-In,EACH,2,2.0,EACH,0.0,0.08,1129420|1291225
MEP_DUCT_FITTINGS_RECTANGULAR_TRANSITION_ANGLE_45_DEGREE_7_X8_7_X7,"MEP Duct Fittings | Rectangular Transition - Angle | 45 Degree | 7""x8""-7""x7""",PART-MEP_DUCT_FITTINGS-F117A9FD,Parts,MEP Rough-In,EACH,3,3.0,EACH,0.0,0.12,1149336|1149875|1291221
MEP_DUCT_FITTINGS_RECTANGULAR_TRANSITION_ANGLE_45_DEGREE_8_X10_8_X8,"MEP Duct Fittings | Rectangular Transition - Angle | 45 Degree | 8""x10""-8""x8""",PART-MEP_DUCT_FITTINGS-B0117545,Parts,MEP Rough-In,EACH,1,1.0,EACH,0.0,0.1,1289345
MEP_DUCT_FITTINGS_RECTANGULAR_TRANSITION_ANGLE_45_DEGREE_8_X7_7_X7,"MEP Duct Fittings | Rectangular Transition - Angle | 45 Degree | 8""x7""-7""x7""",PART-MEP_DUCT_FITTINGS-0CFD9E0A,Parts,MEP Rough-In,EACH,1,1.0,EACH,0.0,0.04,1149930
MEP_DUCT_FITTINGS_RECTANGULAR_TRANSITION_ANGLE_45_DEGREE_8_X7_7_X8,"MEP Duct Fittings | Rectangular Transition - Angle | 45 Degree | 8""x7""-7""x8""",PART-MEP_DUCT_FITTINGS-A43A3305,Parts,MEP Rough-In,EACH,1,1.0,EACH,0.0,0.04,1341426
MEP_DUCT_FITTINGS_RECTANGULAR_TRANSITION_ANGLE_45_DEGREE_8_X8_5_X6,"MEP Duct Fittings | Rectangular Transition - Angle | 45 Degree | 8""x8""-5""x6""",PART-MEP_DUCT_FITTINGS-DF6B8B28,Parts,MEP Rough-In,EACH,1,1.0,EACH,0.0,0.09,1232640
MEP_DUCT_FITTINGS_RECTANGULAR_TRANSITION_ANGLE_45_DEGREE_8_X8_8_X7,"MEP Duct Fittings | Rectangular Transition - Angle | 45 Degree | 8""x8""-8""x7""",PART-MEP_DUCT_FITTINGS-CB984FCD,Parts,MEP Rough-In,EACH,1,1.0,EACH,0.0,0.04,1341425
MEP_DUCT_FITTINGS_RECTANGULAR_TRANSITION_ANGLE_45_DEGREE_8_X9_7_X8,"MEP Duct Fittings | Rectangular Transition - Angle | 45 Degree | 8""x9""-7""x8""",PART-MEP_DUCT_FITTINGS-9BCB3C46,Parts,MEP Rough-In,EACH,2,2.0,EACH,0.0,0.08,1149334|1149873
MEP_DUCT_FITTINGS_RECTANGULAR_TRANSITION_ANGLE_45_DEGREE_8_X9_8_X8,"MEP Duct Fittings | Rectangular Transition - Angle | 45 Degree | 8""x9""-8""x8""",PART-MEP_DUCT_FITTINGS-97CB71C5,Parts,MEP Rough-In,EACH,1,1.0,EACH,0.0,0.05,1291211
MEP_DUCT_FITTINGS_RECTANGULAR_TRANSITION_ANGLE_45_DEGREE_9_X10_7_X7,"MEP Duct Fittings | Rectangular Transition - Angle | 45 Degree | 9""x10""-7""x7""",PART-MEP_DUCT_FITTINGS-7D79DA41,Parts,MEP Rough-In,EACH,1,1.0,EACH,1.0,0.14,1277290
MEP_DUCT_FITTINGS_RECTANGULAR_TRANSITION_ANGLE_45_DEGREE_9_X10_9_X9,"MEP Duct Fittings | Rectangular Transition - Angle | 45 Degree | 9""x10""-9""x9""",PART-MEP_DUCT_FITTINGS-3FB62DE6,Parts,MEP Rough-In,EACH,1,1.0,EACH,0.0,0.06,1291521
MEP_DUCT_FITTINGS_RECTANGULAR_TRANSITION_ANGLE_45_DEGREE_9_X13_9_X10,"MEP Duct Fittings | Rectangular Transition - Angle | 45 Degree | 9""x13""-9""x10""",PART-MEP_DUCT_FITTINGS-B3DA90FA,Parts,MEP Rough-In,EACH,3,3.0,EACH,3.0,0.66,1287495|1287499|1352953
MEP_DUCT_FITTINGS_RECTANGULAR_TRANSITION_ANGLE_45_DEGREE_9_X16_9_X10,"MEP Duct Fittings | Rectangular Transition - Angle | 45 Degree | 9""x16""-9""x10""",PART-MEP_DUCT_FITTINGS-B43DE6AE,Parts,MEP Rough-In,EACH,3,3.0,EACH,3.0,1.47,1287493|1287497|1352636
MEP_DUCT_FITTINGS_RECTANGULAR_TRANSITION_ANGLE_45_DEGREE_9_X8_8_X9,"MEP Duct Fittings | Rectangular Transition - Angle | 45 Degree | 9""x8""-8""x9""",PART-MEP_DUCT_FITTINGS-C97D7A32,Parts,MEP Rough-In,EACH,1,1.0,EACH,0.0,0.05,1150033
MEP_DUCT_FITTINGS_RECTANGULAR_TRANSITION_ANGLE_45_DEGREE_9_X9_7_X7,"MEP Duct Fittings | Rectangular Transition - Angle | 45 Degree | 9""x9""-7""x7""",PART-MEP_DUCT_FITTINGS-DB93AFAD,Parts,MEP Rough-In,EACH,2,2.0,EACH,0.0,0.18,1147542|1311938
MEP_DUCT_FITTINGS_RECTANGULAR_TRANSITION_ANGLE_45_DEGREE_9_X9_8_X9,"MEP Duct Fittings | Rectangular Transition - Angle | 45 Degree | 9""x9""-8""x9""",PART-MEP_DUCT_FITTINGS-4BD32543,Parts,MEP Rough-In,EACH,1,1.0,EACH,0.0,0.05,1291207
MEP_DUCT_FITTINGS_RECTANGULAR_TRANSITION_ANGLE_45_DEGREE_9_X9_9_X8,"MEP Duct Fittings | Rectangular Transition - Angle | 45 Degree | 9""x9""-9""x8""",PART-MEP_DUCT_FITTINGS-CB2D6D79,Parts,MEP Rough-In,EACH,4,4.0,EACH,0.0,0.2,1341465|1341466|1341485|1341486
MEP_DUCT_FITTINGS_RECTANGULAR_UNION_STANDARD_14_X13_14_X13,"MEP Duct Fittings | Rectangular Union | Standard | 14""x13""-14""x13""",PART-MEP_DUCT_FITTINGS-98EBDCED,Parts,MEP Rough-In,EACH,2,2.0,EACH,0.0,0.06,1376559|1378089
MEP_DUCT_FITTINGS_RECTANGULAR_UNION_STANDARD_14_X14_14_X14,"MEP Duct Fittings | Rectangular Union | Standard | 14""x14""-14""x14""",PART-MEP_DUCT_FITTINGS-3060D4D6,Parts,MEP Rough-In,EACH,1,1.0,EACH,0.0,0.03,1378489
MEP_DUCT_FITTINGS_RECTANGULAR_UNION_STANDARD_15_X30_15_X30,"MEP Duct Fittings | Rectangular Union | Standard | 15""x30""-15""x30""",PART-MEP_DUCT_FITTINGS-E3EDE7B8,Parts,MEP Rough-In,EACH,3,3.0,EACH,0.0,0.21,1381696|1381759|1381829
MEP_DUCT_FITTINGS_RECTANGULAR_UNION_STANDARD_22_X16_22_X16,"MEP Duct Fittings | Rectangular Union | Standard | 22""x16""-22""x16""",PART-MEP_DUCT_FITTINGS-C729F900,Parts,MEP Rough-In,EACH,1,1.0,EACH,0.0,0.05,1378848
MEP_DUCT_FITTINGS_RECTANGULAR_UNION_STANDARD_24_X15_24_X15,"MEP Duct Fittings | Rectangular Union | Standard | 24""x15""-24""x15""",PART-MEP_DUCT_FITTINGS-CA4CA6AA,Parts,MEP Rough-In,EACH,1,1.0,EACH,0.0,0.05,1379256
MEP_DUCT_FITTINGS_RECTANGULAR_UNION_STANDARD_30_X15_30_X15,"MEP Duct Fittings | Rectangular Union | Standard | 30""x15""-30""x15""",PART-MEP_DUCT_FITTINGS-FD0F32E2,Parts,MEP Rough-In,EACH,9,9.0,EACH,0.0,0.63,1379469|1379600|1380907|1381046|1381119|1381195|1381659|1381740|1381863
MEP_DUCT_FITTINGS_RECTANGULAR_UNION_STANDARD_30_X24_30_X24,"MEP Duct Fittings | Rectangular Union | Standard | 30""x24""-30""x24""",PART-MEP_DUCT_FITTINGS-52CA6C47,Parts,MEP Rough-In,EACH,1,1.0,EACH,0.0,0.1,1380014
MEP_DUCT_FITTINGS_RECTANGULAR_UNION_STANDARD_32_X24_32_X24,"MEP Duct Fittings | Rectangular Union | Standard | 32""x24""-32""x24""",PART-MEP_DUCT_FITTINGS-9996BEB0,Parts,MEP Rough-In,EACH,1,1.0,EACH,0.0,0.11,1380288
MEP_DUCT_FITTINGS_RECTANGULAR_UNION_STANDARD_7_X7_7_X7,"MEP Duct Fittings | Rectangular Union | Standard | 7""x7""-7""x7""",PART-MEP_DUCT_FITTINGS-4FA2C1F4,Parts,MEP Rough-In,EACH,1,1.0,EACH,0.0,0.01,1378347
MEP_DUCT_FITTINGS_RECTANGULAR_UNION_STANDARD_8_X8_8_X8,"MEP Duct Fittings | Rectangular Union | Standard | 8""x8""-8""x8""",PART-MEP_DUCT_FITTINGS-B8D52A5D,Parts,MEP Rough-In,EACH,2,2.0,EACH,0.0,0.02,1378578|1378638
MEP_DUCT_FITTINGS_ROUND_TRANSITION_ANGLE_45_DEGREE_12_Ø_9_Ø,"MEP Duct Fittings | Round Transition - Angle | 45 Degree | 12""ø-9""ø",PART-MEP_DUCT_FITTINGS-68EAA876,Parts,MEP Rough-In,EACH,9,9.0,EACH,9.0,1.62,1350363|1350369|1350375|1350400|1350406|1350412|1352760|1352959|1352966
MEP_DUCT_FITTINGS_ROUND_TRANSITION_ANGLE_45_DEGREE_5_Ø_3_Ø,"MEP Duct Fittings | Round Transition - Angle | 45 Degree | 5""ø-3""ø",PART-MEP_DUCT_FITTINGS-23F45A44,Parts,MEP Rough-In,EACH,22,22.0,EACH,0.0,0.44,1231060|1231081|1231108|1231147|1233477|1280782|1290711|1290726|1290756|1290773|1290790|1290807|1290824|1290841|1290858|1290875|1290892|1290909|1290926|1290943|1292066|1292434
MEP_DUCT_FITTINGS_ROUND_TRANSITION_ANGLE_45_DEGREE_6_Ø_3_Ø,"MEP Duct Fittings | Round Transition - Angle | 45 Degree | 6""ø-3""ø",PART-MEP_DUCT_FITTINGS-DB45344E,Parts,MEP Rough-In,EACH,5,5.0,EACH,0.0,0.2,1293191|1293197|1293202|1293207|1293212
MEP_DUCT_FITTINGS_ROUND_TRANSITION_ANGLE_45_DEGREE_6_Ø_5_Ø,"MEP Duct Fittings | Round Transition - Angle | 45 Degree | 6""ø-5""ø",PART-MEP_DUCT_FITTINGS-DFD4C027,Parts,MEP Rough-In,EACH,1,1.0,EACH,0.0,0.02,1359636
MEP_DUCT_FITTINGS_ROUND_TRANSITION_ANGLE_45_DEGREE_6_Ø_6_Ø,"MEP Duct Fittings | Round Transition - Angle | 45 Degree | 6""ø-6""ø",PART-MEP_DUCT_FITTINGS-8B0D24FE,Parts,MEP Rough-In,EACH,1,1.0,EACH,0.0,0.01,1290252
MEP_DUCT_FITTINGS_ROUND_TRANSITION_ANGLE_45_DEGREE_8_Ø_8_Ø,"MEP Duct Fittings | Round Transition - Angle | 45 Degree | 8""ø-8""ø",PART-MEP_DUCT_FITTINGS-6E856758,Parts,MEP Rough-In,EACH,1,1.0,EACH,0.0,0.0,1288557
MEP_ELECTRICAL_FIXTURES_34274_34274_MARINE_M_WHITE_CEILING_FAN_IP44_UNKNOWN,MEP Electrical Fixtures | 34274 | 34274 MARINE M White ceiling fan IP44,PART-MEP_ELECTRICAL_FIX-02DBADF5,Parts,MEP Rough-In,EACH,2,2.0,EACH,6.0,0.08,1341525|1341725
MEP_ELECTRICAL_FIXTURES_ESSENCE_8_FT_FAN_DIAMETER_A_UNKNOWN,MEP Electrical Fixtures | Essence | 8 ft Fan Diameter (A),PART-MEP_ELECTRICAL_FIX-2D601B75,Parts,MEP Rough-In,EACH,1,1.0,EACH,28.0,0.75,1338482
MEP_FLEX_DUCTS_UNSPECIFIED_FAMILY_FLEX_ROUND_14_Ø,"MEP Flex Ducts | Unspecified Family | Flex - Round | 14""ø",PART-MEP_FLEX_DUCTS_UNS-2BC4E475,Parts,MEP Rough-In,EACH,4,4.0,EACH,0.0,0.0,1353421|1353430|1353436|1353442
MEP_FLEX_DUCTS_UNSPECIFIED_FAMILY_FLEX_ROUND_3_1_2_Ø,"MEP Flex Ducts | Unspecified Family | Flex - Round | 3 1/2""ø",PART-MEP_FLEX_DUCTS_UNS-958CEA23,Parts,MEP Rough-In,EACH,6,6.0,EACH,0.0,0.0,1129385|1129390|1129395|1129400|1129405|1129410
MEP_FLEX_DUCTS_UNSPECIFIED_FAMILY_FLEX_ROUND_3_Ø,"MEP Flex Ducts | Unspecified Family | Flex - Round | 3""ø",PART-MEP_FLEX_DUCTS_UNS-66E5CAE4,Parts,MEP Rough-In,EACH,51,51.0,EACH,0.0,0.0,1087171|1087346|1087362|1087378|1087394|1135926|1149834|1149839|1149844|1149849|1149854|1149859|1155156|1157693|1203600|1203607|1231056|1231077|1231104|1231143|1232757|1232762|1233473|1241491|1261126|1261131|1261372|1261381|1280813|1290707|1290723|1290753|1290770|1290787|1290804|1290821|1290838|1290855|1290872|1290889|1290906|1290923|1290940|1291723|1292062|1292430|1293188|1293194|1293199|1293204|1293209
MEP_FLEX_DUCTS_UNSPECIFIED_FAMILY_FLEX_ROUND_4_Ø,"MEP Flex Ducts | Unspecified Family | Flex - Round | 4""ø",PART-MEP_FLEX_DUCTS_UNS-C050D0AA,Parts,MEP Rough-In,EACH,7,7.0,EACH,0.0,0.0,1135931|1149110|1149115|1149120|1149125|1149130|1149135
MEP_FLEX_DUCTS_UNSPECIFIED_FAMILY_FLEX_ROUND_5_Ø,"MEP Flex Ducts | Unspecified Family | Flex - Round | 5""ø",PART-MEP_FLEX_DUCTS_UNS-973AA315,Parts,MEP Rough-In,EACH,3,3.0,EACH,0.0,0.0,1135878|1277210|1359632
MEP_FLEX_DUCTS_UNSPECIFIED_FAMILY_FLEX_ROUND_6_Ø,"MEP Flex Ducts | Unspecified Family | Flex - Round | 6""ø",PART-MEP_FLEX_DUCTS_UNS-68D4FA59,Parts,MEP Rough-In,EACH,1,1.0,EACH,0.0,0.0,1290247
MEP_FLEX_DUCTS_UNSPECIFIED_FAMILY_FLEX_ROUND_7_Ø,"MEP Flex Ducts | Unspecified Family | Flex - Round | 7""ø",PART-MEP_FLEX_DUCTS_UNS-7F3554DE,Parts,MEP Rough-In,EACH,13,13.0,EACH,0.0,0.0,1143116|1145420|1145425|1145430|1145435|1145440|1145445|1145450|1152723|1236750|1239486|1312475|1349575
MEP_FLEX_DUCTS_UNSPECIFIED_FAMILY_FLEX_ROUND_8_Ø,"MEP Flex Ducts | Unspecified Family | Flex - Round | 8""ø",PART-MEP_FLEX_DUCTS_UNS-E61C1D9A,Parts,MEP Rough-In,EACH,9,9.0,EACH,0.0,0.0,1253917|1253923|1253928|1253933|1253938|1253943|1253948|1253953|1288552
MEP_FLEX_DUCTS_UNSPECIFIED_FAMILY_FLEX_ROUND_9_Ø,"MEP Flex Ducts | Unspecified Family | Flex - Round | 9""ø",PART-MEP_FLEX_DUCTS_UNS-00688DF5,Parts,MEP Rough-In,EACH,17,17.0,EACH,0.0,0.0,1152997|1153042|1153047|1153052|1153057|1153062|1153067|1340656|1350359|1350365|1350371|1350396|1350402|1350408|1352756|1352955|1352962
MEP_MECHANICAL_EQUIPMENT_71_HC_VRF_HCL_TOSHIBA_TCC_MMF6H_36_56_MMF_AP0366H1_E_UNKNOWN,MEP Mechanical Equipment | 71-HC_VRF_HCL_TOSHIBA_TCC_MMF6H_36-56 | MMF-AP0366H1-E,PART-MEP_MECHANICAL_EQU-74245D6E,Parts,MEP Rough-In,EACH,1,1.0,EACH,50.0,14.79,1317281
MEP_MECHANICAL_EQUIPMENT_AERA_EVO_55C_RFA_2026_LEVELBASED_EVO_55C_UNKNOWN,MEP Mechanical Equipment | AERA_EVO-55C_RFA_2026_LevelBased | EVO-55C,PART-MEP_MECHANICAL_EQU-5C967D51,Parts,MEP Rough-In,EACH,1,1.0,EACH,1067.0,278.49,1279955
MEP_MECHANICAL_EQUIPMENT_AERA_EVO_85C_WITH_ELECTRICAL_PRE_OR_AFTER_HEATER_RFA_2026_LEVELBASED_EVO_85C_WITH_ELECTRICAL_PRE_OR_AFTER_HEATER_UNKNOWN,MEP Mechanical Equipment | AERA_EVO-85C_with_electrical_(pre_or_after)_heater_RFA_2026_LevelBased | EVO-85C with electrical (pre or after) heater,PART-MEP_MECHANICAL_EQU-97879B99,Parts,MEP Rough-In,EACH,1,1.0,EACH,1310.0,436.48,1284806
MEP_PLUMBING_FIXTURES_M_SINK_KITCHEN_ISLAND_450_X_450MM_UNKNOWN,MEP Plumbing Fixtures | M_Sink Kitchen-Island | 450 x 450mm,PART-MEP_PLUMBING_FIXTU-50B065B1,Parts,MEP Rough-In,EACH,2,2.0,EACH,10.0,0.48,1525525|1708563
MEP_PLUMBING_FIXTURES_M_TOILET_RESIDENCIAL_3D_M_TOILET_RESIDENCIAL_3D_UNKNOWN,MEP Plumbing Fixtures | M_Toilet-Residencial-3D | M_Toilet-Residencial-3D,PART-MEP_PLUMBING_FIXTU-9A909A73,Parts,MEP Rough-In,EACH,18,18.0,EACH,360.0,19.8,1974654|1974655|1974656|1982031|1982032|1982033|2001824|2001825|2001826|2008441|2008442|2008443|2010745|2010746|2010747|2010847|2010848|2010849
MEP_PLUMBING_FIXTURES_M_VÃO_DA_PIA_REDONDO_482_X_482_MM_UNKNOWN,MEP Plumbing Fixtures | M_Vão da pia-Redondo | 482 x 482 mm,PART-MEP_PLUMBING_FIXTU-F3C4B96C,Parts,MEP Rough-In,EACH,12,12.0,EACH,60.0,5.16,1967527|1967528|1982029|1982030|2001822|2001823|2008439|2008440|2010743|2010744|2010845|2010846
