ID,NAME,CATALOG ID,DESCRIPTION,CATEGORY,SUB CATEGORY,MEASURE UNIT,Vendor,Default Vendor,Pref Vendor,Vendor SKU/Part #,Vendor Description,Vendor Item Cost,Vendor Lead Time
SL1-3R-WALL,South-L1-3 rooms part - Generic 8 Exterior,PART-SL1_3R_WALL,"South-L1-3 rooms part | Generic - 8"" - EXTERIOR wall part",Parts,Prefab Envelope,EACH,,,,,,,
SL1-3R-MULLION-L,South-L1-3 rooms part - Rectangular Mullion Lengthwise,PART-SL1_3R_MULLION_L,"South-L1-3 rooms part | Rectangular Mullion 2.5"" x 5"" rectangular - lengthwise part",Parts,Prefab Envelope,EACH,,,,,,,
SL1-3R-MULLION-B,South-L1-3 rooms part - Rectangular Mullion Breadthwise,PART-SL1_3R_MULLION_B,"South-L1-3 rooms part | Rectangular Mullion 2.5"" x 5"" rectangular - breadthwise part",Parts,Prefab Envelope,EACH,,,,,,,
SL1-3R-GLAZED-PANEL,South-L1-3 rooms part - Curtain Panel Glazed,PART-SL1_3R_GLAZED_PANEL,South-L1-3 rooms part | Curtain Panels / System Panel / Glazed part,Parts,Prefab Envelope,EACH,,,,,,,
SL1-2R-WALL,South-L1-2 rooms part - Generic 8 Exterior,PART-SL1_2R_WALL,"South-L1-2 rooms part | Generic - 8"" - EXTERIOR wall part",Parts,Prefab Envelope,EACH,,,,,,,
SL1-2R-MULLION-L,South-L1-2 rooms part - Rectangular Mullion Lengthwise,PART-SL1_2R_MULLION_L,"South-L1-2 rooms part | Rectangular Mullion 2.5"" x 5"" rectangular - lengthwise part",Parts,Prefab Envelope,EACH,,,,,,,
SL1-2R-MULLION-B,South-L1-2 rooms part - Rectangular Mullion Breadthwise,PART-SL1_2R_MULLION_B,"South-L1-2 rooms part | Rectangular Mullion 2.5"" x 5"" rectangular - breadthwise part",Parts,Prefab Envelope,EACH,,,,,,,
SL1-2R-GLAZED-PANEL,South-L1-2 rooms part - Curtain Panel Glazed,PART-SL1_2R_GLAZED_PANEL,South-L1-2 rooms part | Curtain Panels / System Panel / Glazed part,Parts,Prefab Envelope,EACH,,,,,,,
SL0W-LNEG1C-WALL,South-L0-Workshop part & South-L-1-Classrooms part - Generic 8 Exterior,PART-SL0W_LNEG1C_WALL,"South-L0-Workshop part & South-L-1-Classrooms part | Generic - 8"" - EXTERIOR wall part",Parts,Prefab Envelope,EACH,,,,,,,
SL0W-LNEG1C-MULLION-L,South-L0-Workshop part & South-L-1-Classrooms part - Rectangular Mullion Lengthwise,PART-SL0W_LNEG1C_MULLION_L,"South-L0-Workshop part & South-L-1-Classrooms part | Rectangular Mullion 2.5"" x 5"" rectangular - lengthwise part",Parts,Prefab Envelope,EACH,,,,,,,
SL0W-LNEG1C-MULLION-B,South-L0-Workshop part & South-L-1-Classrooms part - Rectangular Mullion Breadthwise,PART-SL0W_LNEG1C_MULLION_B,"South-L0-Workshop part & South-L-1-Classrooms part | Rectangular Mullion 2.5"" x 5"" rectangular - breadthwise part",Parts,Prefab Envelope,EACH,,,,,,,
SL0W-LNEG1C-GLAZED-PANEL,South-L0-Workshop part & South-L-1-Classrooms part - Curtain Panel Glazed,PART-SL0W_LNEG1C_GLAZED_PANEL,South-L0-Workshop part & South-L-1-Classrooms part | Curtain Panels / System Panel / Glazed part,Parts,Prefab Envelope,EACH,,,,,,,
STRUCT_COL_10_0_CONCRETE_CAST_IN_PLACE_GRAY,"Structural Column 10' - 0"" | Concrete, Cast-in-Place gray",PART-STRUCT_COL_10_0_CO-DC76B441,"Structural column part based on height 10' - 0"" and material Concrete, Cast-in-Place gray",Parts,Structural Columns,EACH,,,,,,,
STRUCT_COL_12_0_STRUCTURAL_BAMBOO_CLB,"Structural Column 12' - 0"" | Structural Bamboo (CLB)",PART-STRUCT_COL_12_0_ST-DE11942B,"Structural column part based on height 12' - 0"" and material Structural Bamboo (CLB)",Parts,Structural Columns,EACH,,,,,,,
STRUCT_COL_15_0_STRUCTURAL_BAMBOO_CLB,"Structural Column 15' - 0"" | Structural Bamboo (CLB)",PART-STRUCT_COL_15_0_ST-C83FE121,"Structural column part based on height 15' - 0"" and material Structural Bamboo (CLB)",Parts,Structural Columns,EACH,,,,,,,
STRUCT_COL_4_0_CONCRETE_NORMAL_WEIGHT_4_KSI,"Structural Column 4' - 0"" | Concrete, Normal Weight - 4 ksi",PART-STRUCT_COL_4_0_CON-EB71FB14,"Structural column part based on height 4' - 0"" and material Concrete, Normal Weight - 4 ksi",Parts,Structural Columns,EACH,,,,,,,
STRUCT_COL_5_0_CONCRETE_CAST_IN_PLACE_GRAY,"Structural Column 5' - 0"" | Concrete, Cast-in-Place gray",PART-STRUCT_COL_5_0_CON-DDD20230,"Structural column part based on height 5' - 0"" and material Concrete, Cast-in-Place gray",Parts,Structural Columns,EACH,,,,,,,
STRUCT_FRAME_0_0_CONCRETE_CAST_IN_PLACE_GRAY,"Structural Framing 0' - 0"" | Concrete, Cast-in-Place gray",PART-STRUCT_FRAME_0_0_C-9CF1AEC2,"Structural framing part based on length 0' - 0"" and material Concrete, Cast-in-Place gray",Parts,Structural Framing,EACH,,,,,,,
STRUCT_FRAME_10_0_STRUCTURAL_BAMBOO_CLB,"Structural Framing 10' - 0"" | Structural Bamboo (CLB)",PART-STRUCT_FRAME_10_0-5250D740,"Structural framing part based on length 10' - 0"" and material Structural Bamboo (CLB)",Parts,Structural Framing,EACH,,,,,,,
STRUCT_FRAME_10_6_STRUCTURAL_BAMBOO_CLB,"Structural Framing 10' - 6"" | Structural Bamboo (CLB)",PART-STRUCT_FRAME_10_6-F623A65A,"Structural framing part based on length 10' - 6"" and material Structural Bamboo (CLB)",Parts,Structural Framing,EACH,,,,,,,
STRUCT_FRAME_14_0_STRUCTURAL_BAMBOO_CLB,"Structural Framing 14' - 0"" | Structural Bamboo (CLB)",PART-STRUCT_FRAME_14_0-A46FB2A4,"Structural framing part based on length 14' - 0"" and material Structural Bamboo (CLB)",Parts,Structural Framing,EACH,,,,,,,
STRUCT_FRAME_14_6_CONCRETE_NORMAL_WEIGHT_4_KSI,"Structural Framing 14' - 6"" | Concrete, Normal Weight - 4 ksi",PART-STRUCT_FRAME_14_6-F098E7B9,"Structural framing part based on length 14' - 6"" and material Concrete, Normal Weight - 4 ksi",Parts,Structural Framing,EACH,,,,,,,
STRUCT_FRAME_14_6_STRUCTURAL_BAMBOO_CLB,"Structural Framing 14' - 6"" | Structural Bamboo (CLB)",PART-STRUCT_FRAME_14_6-0E6958C6,"Structural framing part based on length 14' - 6"" and material Structural Bamboo (CLB)",Parts,Structural Framing,EACH,,,,,,,
STRUCT_FRAME_17_7_STRUCTURAL_BAMBOO_CLB,"Structural Framing 17' - 7"" | Structural Bamboo (CLB)",PART-STRUCT_FRAME_17_7-03B45687,"Structural framing part based on length 17' - 7"" and material Structural Bamboo (CLB)",Parts,Structural Framing,EACH,,,,,,,
STRUCT_FRAME_18_3_7_8_STRUCTURAL_BAMBOO_CLB,"Structural Framing 18' - 3 7/8"" | Structural Bamboo (CLB)",PART-STRUCT_FRAME_18_3-2D15BB80,"Structural framing part based on length 18' - 3 7/8"" and material Structural Bamboo (CLB)",Parts,Structural Framing,EACH,,,,,,,
STRUCT_FRAME_20_1_STRUCTURAL_BAMBOO_CLB,"Structural Framing 20' - 1"" | Structural Bamboo (CLB)",PART-STRUCT_FRAME_20_1-6B66DA79,"Structural framing part based on length 20' - 1"" and material Structural Bamboo (CLB)",Parts,Structural Framing,EACH,,,,,,,
STRUCT_FRAME_21_10_3_4_STRUCTURAL_BAMBOO_CLB,"Structural Framing 21' - 10 3/4"" | Structural Bamboo (CLB)",PART-STRUCT_FRAME_21_10-1B5579D8,"Structural framing part based on length 21' - 10 3/4"" and material Structural Bamboo (CLB)",Parts,Structural Framing,EACH,,,,,,,
STRUCT_FRAME_22_0_CONCRETE_NORMAL_WEIGHT_4_KSI,"Structural Framing 22' - 0"" | Concrete, Normal Weight - 4 ksi",PART-STRUCT_FRAME_22_0-5280B15B,"Structural framing part based on length 22' - 0"" and material Concrete, Normal Weight - 4 ksi",Parts,Structural Framing,EACH,,,,,,,
STRUCT_FRAME_29_0_CONCRETE_NORMAL_WEIGHT_4_KSI,"Structural Framing 29' - 0"" | Concrete, Normal Weight - 4 ksi",PART-STRUCT_FRAME_29_0-AD934165,"Structural framing part based on length 29' - 0"" and material Concrete, Normal Weight - 4 ksi",Parts,Structural Framing,EACH,,,,,,,
STRUCT_FRAME_29_0_STRUCTURAL_BAMBOO_CLB,"Structural Framing 29' - 0"" | Structural Bamboo (CLB)",PART-STRUCT_FRAME_29_0-06FF6E8F,"Structural framing part based on length 29' - 0"" and material Structural Bamboo (CLB)",Parts,Structural Framing,EACH,,,,,,,
STRUCT_FRAME_29_10_CONCRETE_NORMAL_WEIGHT_4_KSI,"Structural Framing 29' - 10"" | Concrete, Normal Weight - 4 ksi",PART-STRUCT_FRAME_29_10-1F446A7D,"Structural framing part based on length 29' - 10"" and material Concrete, Normal Weight - 4 ksi",Parts,Structural Framing,EACH,,,,,,,
STRUCT_FRAME_29_7_3_8_CONCRETE_NORMAL_WEIGHT_4_KSI,"Structural Framing 29' - 7 3/8"" | Concrete, Normal Weight - 4 ksi",PART-STRUCT_FRAME_29_7-382F3A6D,"Structural framing part based on length 29' - 7 3/8"" and material Concrete, Normal Weight - 4 ksi",Parts,Structural Framing,EACH,,,,,,,
STRUCT_FRAME_3_3_1_2_STRUCTURAL_BAMBOO_CLB,"Structural Framing 3' - 3 1/2"" | Structural Bamboo (CLB)",PART-STRUCT_FRAME_3_3_1-B87745B1,"Structural framing part based on length 3' - 3 1/2"" and material Structural Bamboo (CLB)",Parts,Structural Framing,EACH,,,,,,,
STRUCT_FRAME_58_0_CONCRETE_NORMAL_WEIGHT_4_KSI,"Structural Framing 58' - 0"" | Concrete, Normal Weight - 4 ksi",PART-STRUCT_FRAME_58_0-BBD380E4,"Structural framing part based on length 58' - 0"" and material Concrete, Normal Weight - 4 ksi",Parts,Structural Framing,EACH,,,,,,,
STRUCT_FRAME_58_0_STRUCTURAL_BAMBOO_CLB,"Structural Framing 58' - 0"" | Structural Bamboo (CLB)",PART-STRUCT_FRAME_58_0-9DCCE4F2,"Structural framing part based on length 58' - 0"" and material Structural Bamboo (CLB)",Parts,Structural Framing,EACH,,,,,,,
STRUCT_FRAME_6_0_STRUCTURAL_BAMBOO_CLB,"Structural Framing 6' - 0"" | Structural Bamboo (CLB)",PART-STRUCT_FRAME_6_0_S-38B898CC,"Structural framing part based on length 6' - 0"" and material Structural Bamboo (CLB)",Parts,Structural Framing,EACH,,,,,,,
STRUCT_FRAME_7_0_CONCRETE_NORMAL_WEIGHT_4_KSI,"Structural Framing 7' - 0"" | Concrete, Normal Weight - 4 ksi",PART-STRUCT_FRAME_7_0_C-5D833380,"Structural framing part based on length 7' - 0"" and material Concrete, Normal Weight - 4 ksi",Parts,Structural Framing,EACH,,,,,,,
STRUCT_FRAME_9_6_STRUCTURAL_BAMBOO_CLB,"Structural Framing 9' - 6"" | Structural Bamboo (CLB)",PART-STRUCT_FRAME_9_6_S-9B8FCD47,"Structural framing part based on length 9' - 6"" and material Structural Bamboo (CLB)",Parts,Structural Framing,EACH,,,,,,,
STRUCT_FLOOR_L_0_BAMBOO_6_0_6_STRUCTURAL_BAMBOO_CLB,"Structural Floor L 0 | Bamboo - 6"" | 0' - 6"" | Structural Bamboo (CLB)",PART-STRUCT_FLOOR_L_0_B-6FFA9054,"Structural floor part for L 0 based on type Bamboo - 6"", thickness 0' - 6"", and material Structural Bamboo (CLB)",Parts,Structural Floors,SF,,,,,,,
STRUCT_FLOOR_L_1_BAMBOO_6_0_6_STRUCTURAL_BAMBOO_CLB,"Structural Floor L 1 | Bamboo - 6"" | 0' - 6"" | Structural Bamboo (CLB)",PART-STRUCT_FLOOR_L_1_B-4C943E2B,"Structural floor part for L 1 based on type Bamboo - 6"", thickness 0' - 6"", and material Structural Bamboo (CLB)",Parts,Structural Floors,SF,,,,,,,
STRUCT_FLOOR_ROOF_BAMBOO_6_0_6_STRUCTURAL_BAMBOO_CLB,"Structural Floor Roof | Bamboo - 6"" | 0' - 6"" | Structural Bamboo (CLB)",PART-STRUCT_FLOOR_ROOF-B2F08FB7,"Structural floor part for Roof based on type Bamboo - 6"", thickness 0' - 6"", and material Structural Bamboo (CLB)",Parts,Structural Floors,SF,,,,,,,
INTW_L_NEG_1_WALL,Interior Wall L -1,PART-INTW_L_NEG_1_WALL,Interior wall part for L -1,Parts,Prefab Interior,EACH,,,,,,,
INTW_L_0_WALL,Interior Wall L 0,PART-INTW_L_0_WALL,Interior wall part for L 0,Parts,Prefab Interior,EACH,,,,,,,
INTW_L_1_WALL,Interior Wall L 1,PART-INTW_L_1_WALL,Interior wall part for L 1,Parts,Prefab Interior,EACH,,,,,,,
EXTW_L_NEG_1_WALL,Exterior Wall L -1 - Wall Panel,PART-EXTW_L_NEG_1_WALL,Exterior wall panel part for L -1,Parts,Prefab Envelope,EACH,,,,,,,
EXTW_L_NEG_1_MULLION-L,Exterior Wall L -1 - Mullion Lengthwise,PART-EXTW_L_NEG_1_MULLION_L,Exterior wall lengthwise mullion part for L -1,Parts,Prefab Envelope,EACH,,,,,,,
EXTW_L_NEG_1_MULLION-B,Exterior Wall L -1 - Mullion Breadthwise,PART-EXTW_L_NEG_1_MULLION_B,Exterior wall breadthwise mullion part for L -1,Parts,Prefab Envelope,EACH,,,,,,,
EXTW_L_NEG_1_GLAZED-PANEL,Exterior Wall L -1 - Glazed Panel,PART-EXTW_L_NEG_1_GLAZED_PANEL,Exterior wall glazed panel part for L -1,Parts,Prefab Envelope,EACH,,,,,,,
EXTW_L_0_WALL,Exterior Wall L 0 - Wall Panel,PART-EXTW_L_0_WALL,Exterior wall panel part for L 0,Parts,Prefab Envelope,EACH,,,,,,,
EXTW_L_0_MULLION-L,Exterior Wall L 0 - Mullion Lengthwise,PART-EXTW_L_0_MULLION_L,Exterior wall lengthwise mullion part for L 0,Parts,Prefab Envelope,EACH,,,,,,,
EXTW_L_0_MULLION-B,Exterior Wall L 0 - Mullion Breadthwise,PART-EXTW_L_0_MULLION_B,Exterior wall breadthwise mullion part for L 0,Parts,Prefab Envelope,EACH,,,,,,,
EXTW_L_0_GLAZED-PANEL,Exterior Wall L 0 - Glazed Panel,PART-EXTW_L_0_GLAZED_PANEL,Exterior wall glazed panel part for L 0,Parts,Prefab Envelope,EACH,,,,,,,
EXTW_L_1_WALL,Exterior Wall L 1 - Wall Panel,PART-EXTW_L_1_WALL,Exterior wall panel part for L 1,Parts,Prefab Envelope,EACH,,,,,,,
EXTW_L_1_MULLION-L,Exterior Wall L 1 - Mullion Lengthwise,PART-EXTW_L_1_MULLION_L,Exterior wall lengthwise mullion part for L 1,Parts,Prefab Envelope,EACH,,,,,,,
EXTW_L_1_MULLION-B,Exterior Wall L 1 - Mullion Breadthwise,PART-EXTW_L_1_MULLION_B,Exterior wall breadthwise mullion part for L 1,Parts,Prefab Envelope,EACH,,,,,,,
EXTW_L_1_GLAZED-PANEL,Exterior Wall L 1 - Glazed Panel,PART-EXTW_L_1_GLAZED_PANEL,Exterior wall glazed panel part for L 1,Parts,Prefab Envelope,EACH,,,,,,,
MESH_L_1_PANEL,Mesh Panel L 1,PART-MESH_L_1_PANEL,Mesh panel part for L 1,Parts,Prefab Envelope,EACH,,,,,,,
CONC_400CF_TRUCK,Concrete Truck Load - 400 CF,PART-CONC_400CF_TRUCK,"Concrete truck delivery load, 400 cubic feet",Parts,Concrete,EACH,,,,,,,
MEP_AIR_TERMINALS_EXHAUST_GRILL_6X6_CONNECTION_3_3_X3,"MEP Air Terminals | Exhaust Grill | 6x6 Connection 3 | 3""x3""",PART-MEP_AIR_TERMINALS-9E41A0A1,"MEP rough-in part for Air Terminals | Exhaust Grill | 6x6 Connection 3 | 3""x3""",Parts,MEP Rough-In,EACH,,,,,,,
MEP_AIR_TERMINALS_KLIMATBYR_C3_A5N_AIRVENT_NETAVENT_NAPT_RFA_2026_LEVELBASED_NAPT_125_5_Ø,"MEP Air Terminals | Klimatbyr%c3%a5n_Airvent_Netavent_NAPT_RFA_2026_LevelBased | NAPT-125 | 5""ø",PART-MEP_AIR_TERMINALS-A84DAAE1,"MEP rough-in part for Air Terminals | Klimatbyr%c3%a5n_Airvent_Netavent_NAPT_RFA_2026_LevelBased | NAPT-125 | 5""ø",Parts,MEP Rough-In,EACH,,,,,,,
MEP_AIR_TERMINALS_KLIMATBYR_C3_A5N_AIRVENT_NETAVENT_NAPT_RFA_2026_LEVELBASED_NAPT_160_6_Ø,"MEP Air Terminals | Klimatbyr%c3%a5n_Airvent_Netavent_NAPT_RFA_2026_LevelBased | NAPT-160 | 6""ø",PART-MEP_AIR_TERMINALS-9FA1C97C,"MEP rough-in part for Air Terminals | Klimatbyr%c3%a5n_Airvent_Netavent_NAPT_RFA_2026_LevelBased | NAPT-160 | 6""ø",Parts,MEP Rough-In,EACH,,,,,,,
MEP_AIR_TERMINALS_KLIMATBYR_C3_A5N_AIRVENT_NETAVENT_NAPT_RFA_2026_LEVELBASED_NAPT_200_8_Ø,"MEP Air Terminals | Klimatbyr%c3%a5n_Airvent_Netavent_NAPT_RFA_2026_LevelBased | NAPT-200 | 8""ø",PART-MEP_AIR_TERMINALS-0E5488F0,"MEP rough-in part for Air Terminals | Klimatbyr%c3%a5n_Airvent_Netavent_NAPT_RFA_2026_LevelBased | NAPT-200 | 8""ø",Parts,MEP Rough-In,EACH,,,,,,,
MEP_AIR_TERMINALS_PRICE_40FF_FILTER_FRAME_STAMPED_RESIDENTIAL_GRILLE_RETURN_HOSTED_08X30_30_X6,"MEP Air Terminals | PRICE-40FF- Filter Frame Stamped Residential Grille-RETURN Hosted | 08x30'' | 30""x6""",PART-MEP_AIR_TERMINALS-B84D47E1,"MEP rough-in part for Air Terminals | PRICE-40FF- Filter Frame Stamped Residential Grille-RETURN Hosted | 08x30'' | 30""x6""",Parts,MEP Rough-In,EACH,,,,,,,
MEP_AIR_TERMINALS_PRICE_40FF_FILTER_FRAME_STAMPED_RESIDENTIAL_GRILLE_RETURN_HOSTED_08X30_40_X5,"MEP Air Terminals | PRICE-40FF- Filter Frame Stamped Residential Grille-RETURN Hosted | 08x30'' | 40""x5""",PART-MEP_AIR_TERMINALS-8F42456B,"MEP rough-in part for Air Terminals | PRICE-40FF- Filter Frame Stamped Residential Grille-RETURN Hosted | 08x30'' | 40""x5""",Parts,MEP Rough-In,EACH,,,,,,,
MEP_AIR_TERMINALS_PRICE_40FF_FILTER_FRAME_STAMPED_RESIDENTIAL_GRILLE_RETURN_HOSTED_08X30_40_X6,"MEP Air Terminals | PRICE-40FF- Filter Frame Stamped Residential Grille-RETURN Hosted | 08x30'' | 40""x6""",PART-MEP_AIR_TERMINALS-BC7EEA09,"MEP rough-in part for Air Terminals | PRICE-40FF- Filter Frame Stamped Residential Grille-RETURN Hosted | 08x30'' | 40""x6""",Parts,MEP Rough-In,EACH,,,,,,,
MEP_AIR_TERMINALS_RETURN_DIFFUSER_12_X_12_CONNECTION_2_6_X6,"MEP Air Terminals | Return Diffuser | 12 x 12 Connection 2 | 6""x6""",PART-MEP_AIR_TERMINALS-26869EBB,"MEP rough-in part for Air Terminals | Return Diffuser | 12 x 12 Connection 2 | 6""x6""",Parts,MEP Rough-In,EACH,,,,,,,
MEP_AIR_TERMINALS_RETURN_DIFFUSER_24_X_24_FACE_12_X_12_CONNECTION_12_X12,"MEP Air Terminals | Return Diffuser | 24 x 24 Face 12 x 12 Connection | 12""x12""",PART-MEP_AIR_TERMINALS-DF0CB2DC,"MEP rough-in part for Air Terminals | Return Diffuser | 24 x 24 Face 12 x 12 Connection | 12""x12""",Parts,MEP Rough-In,EACH,,,,,,,
MEP_AIR_TERMINALS_RETURN_DIFFUSER_6X6_CONNECTION_3_4_X4,"MEP Air Terminals | Return Diffuser | 6x6 Connection 3 | 4""x4""",PART-MEP_AIR_TERMINALS-2DB2F987,"MEP rough-in part for Air Terminals | Return Diffuser | 6x6 Connection 3 | 4""x4""",Parts,MEP Rough-In,EACH,,,,,,,
MEP_AIR_TERMINALS_RETURN_DIFFUSER_ON_DUCT_3_4_X4,"MEP Air Terminals | Return Diffuser | on duct 3 | 4""x4""",PART-MEP_AIR_TERMINALS-26DC08DC,"MEP rough-in part for Air Terminals | Return Diffuser | on duct 3 | 4""x4""",Parts,MEP Rough-In,EACH,,,,,,,
MEP_AIR_TERMINALS_SUPPLY_DIFFUSER_12X12_CONNECTION_2_6_X6,"MEP Air Terminals | Supply Diffuser | 12x12 Connection 2 | 6""x6""",PART-MEP_AIR_TERMINALS-C372A555,"MEP rough-in part for Air Terminals | Supply Diffuser | 12x12 Connection 2 | 6""x6""",Parts,MEP Rough-In,EACH,,,,,,,
MEP_AIR_TERMINALS_SUPPLY_DIFFUSER_6X6_CONNECTION_3_3_X3,"MEP Air Terminals | Supply Diffuser | 6x6 Connection 3 | 3""x3""",PART-MEP_AIR_TERMINALS-AC96EF49,"MEP rough-in part for Air Terminals | Supply Diffuser | 6x6 Connection 3 | 3""x3""",Parts,MEP Rough-In,EACH,,,,,,,
MEP_AIR_TERMINALS_SUPPLY_DIFFUSER_8X8_CONNECTION_4_4_X4,"MEP Air Terminals | Supply Diffuser | 8x8 Connection 4 | 4""x4""",PART-MEP_AIR_TERMINALS-199DEF97,"MEP rough-in part for Air Terminals | Supply Diffuser | 8x8 Connection 4 | 4""x4""",Parts,MEP Rough-In,EACH,,,,,,,
MEP_AIR_TERMINALS_SWEGON_AB_CKDA_1_ALSD_VK_RFA_2026_LEVELBASED_CKDA_1_400_V_VK_ALSD_315_400_12_Ø,"MEP Air Terminals | Swegon_AB_CKDa-1_ALSd-_VK_RFA_2026_LevelBased | CKDa 1-400-V-VK+ALSd 315-400 | 12""ø",PART-MEP_AIR_TERMINALS-11A5F28C,"MEP rough-in part for Air Terminals | Swegon_AB_CKDa-1_ALSd-_VK_RFA_2026_LevelBased | CKDa 1-400-V-VK+ALSd 315-400 | 12""ø",Parts,MEP Rough-In,EACH,,,,,,,
MEP_DUCTS_UNSPECIFIED_FAMILY_MITERED_ELBOWS_TEES_10_X10,"MEP Ducts | Unspecified Family | Mitered Elbows / Tees | 10""x10""",PART-MEP_DUCTS_UNSPECIF-1A72497D,"MEP rough-in part for Ducts | Unspecified Family | Mitered Elbows / Tees | 10""x10""",Parts,MEP Rough-In,EACH,,,,,,,
MEP_DUCTS_UNSPECIFIED_FAMILY_MITERED_ELBOWS_TEES_10_X11,"MEP Ducts | Unspecified Family | Mitered Elbows / Tees | 10""x11""",PART-MEP_DUCTS_UNSPECIF-34F7AEE1,"MEP rough-in part for Ducts | Unspecified Family | Mitered Elbows / Tees | 10""x11""",Parts,MEP Rough-In,EACH,,,,,,,
MEP_DUCTS_UNSPECIFIED_FAMILY_MITERED_ELBOWS_TEES_11_X11,"MEP Ducts | Unspecified Family | Mitered Elbows / Tees | 11""x11""",PART-MEP_DUCTS_UNSPECIF-79B6DC63,"MEP rough-in part for Ducts | Unspecified Family | Mitered Elbows / Tees | 11""x11""",Parts,MEP Rough-In,EACH,,,,,,,
MEP_DUCTS_UNSPECIFIED_FAMILY_MITERED_ELBOWS_TEES_11_X12,"MEP Ducts | Unspecified Family | Mitered Elbows / Tees | 11""x12""",PART-MEP_DUCTS_UNSPECIF-EA811A1C,"MEP rough-in part for Ducts | Unspecified Family | Mitered Elbows / Tees | 11""x12""",Parts,MEP Rough-In,EACH,,,,,,,
MEP_DUCTS_UNSPECIFIED_FAMILY_MITERED_ELBOWS_TEES_12_X10,"MEP Ducts | Unspecified Family | Mitered Elbows / Tees | 12""x10""",PART-MEP_DUCTS_UNSPECIF-07D73624,"MEP rough-in part for Ducts | Unspecified Family | Mitered Elbows / Tees | 12""x10""",Parts,MEP Rough-In,EACH,,,,,,,
MEP_DUCTS_UNSPECIFIED_FAMILY_MITERED_ELBOWS_TEES_12_X12,"MEP Ducts | Unspecified Family | Mitered Elbows / Tees | 12""x12""",PART-MEP_DUCTS_UNSPECIF-237AD2AE,"MEP rough-in part for Ducts | Unspecified Family | Mitered Elbows / Tees | 12""x12""",Parts,MEP Rough-In,EACH,,,,,,,
MEP_DUCTS_UNSPECIFIED_FAMILY_MITERED_ELBOWS_TEES_12_X13,"MEP Ducts | Unspecified Family | Mitered Elbows / Tees | 12""x13""",PART-MEP_DUCTS_UNSPECIF-083A03E0,"MEP rough-in part for Ducts | Unspecified Family | Mitered Elbows / Tees | 12""x13""",Parts,MEP Rough-In,EACH,,,,,,,
MEP_DUCTS_UNSPECIFIED_FAMILY_MITERED_ELBOWS_TEES_12_X8,"MEP Ducts | Unspecified Family | Mitered Elbows / Tees | 12""x8""",PART-MEP_DUCTS_UNSPECIF-F49444E0,"MEP rough-in part for Ducts | Unspecified Family | Mitered Elbows / Tees | 12""x8""",Parts,MEP Rough-In,EACH,,,,,,,
MEP_DUCTS_UNSPECIFIED_FAMILY_MITERED_ELBOWS_TEES_12_X9,"MEP Ducts | Unspecified Family | Mitered Elbows / Tees | 12""x9""",PART-MEP_DUCTS_UNSPECIF-CA9BD679,"MEP rough-in part for Ducts | Unspecified Family | Mitered Elbows / Tees | 12""x9""",Parts,MEP Rough-In,EACH,,,,,,,
MEP_DUCTS_UNSPECIFIED_FAMILY_MITERED_ELBOWS_TEES_13_X13,"MEP Ducts | Unspecified Family | Mitered Elbows / Tees | 13""x13""",PART-MEP_DUCTS_UNSPECIF-5F425A46,"MEP rough-in part for Ducts | Unspecified Family | Mitered Elbows / Tees | 13""x13""",Parts,MEP Rough-In,EACH,,,,,,,
MEP_DUCTS_UNSPECIFIED_FAMILY_MITERED_ELBOWS_TEES_13_X14,"MEP Ducts | Unspecified Family | Mitered Elbows / Tees | 13""x14""",PART-MEP_DUCTS_UNSPECIF-BCAB004C,"MEP rough-in part for Ducts | Unspecified Family | Mitered Elbows / Tees | 13""x14""",Parts,MEP Rough-In,EACH,,,,,,,
MEP_DUCTS_UNSPECIFIED_FAMILY_MITERED_ELBOWS_TEES_13_X9,"MEP Ducts | Unspecified Family | Mitered Elbows / Tees | 13""x9""",PART-MEP_DUCTS_UNSPECIF-892FF2BA,"MEP rough-in part for Ducts | Unspecified Family | Mitered Elbows / Tees | 13""x9""",Parts,MEP Rough-In,EACH,,,,,,,
MEP_DUCTS_UNSPECIFIED_FAMILY_MITERED_ELBOWS_TEES_14_X13,"MEP Ducts | Unspecified Family | Mitered Elbows / Tees | 14""x13""",PART-MEP_DUCTS_UNSPECIF-ECBF1C5A,"MEP rough-in part for Ducts | Unspecified Family | Mitered Elbows / Tees | 14""x13""",Parts,MEP Rough-In,EACH,,,,,,,
MEP_DUCTS_UNSPECIFIED_FAMILY_MITERED_ELBOWS_TEES_14_X14,"MEP Ducts | Unspecified Family | Mitered Elbows / Tees | 14""x14""",PART-MEP_DUCTS_UNSPECIF-5ED6058A,"MEP rough-in part for Ducts | Unspecified Family | Mitered Elbows / Tees | 14""x14""",Parts,MEP Rough-In,EACH,,,,,,,
MEP_DUCTS_UNSPECIFIED_FAMILY_MITERED_ELBOWS_TEES_14_X15,"MEP Ducts | Unspecified Family | Mitered Elbows / Tees | 14""x15""",PART-MEP_DUCTS_UNSPECIF-15CDBB7A,"MEP rough-in part for Ducts | Unspecified Family | Mitered Elbows / Tees | 14""x15""",Parts,MEP Rough-In,EACH,,,,,,,
MEP_DUCTS_UNSPECIFIED_FAMILY_MITERED_ELBOWS_TEES_14_X18,"MEP Ducts | Unspecified Family | Mitered Elbows / Tees | 14""x18""",PART-MEP_DUCTS_UNSPECIF-0039B172,"MEP rough-in part for Ducts | Unspecified Family | Mitered Elbows / Tees | 14""x18""",Parts,MEP Rough-In,EACH,,,,,,,
MEP_DUCTS_UNSPECIFIED_FAMILY_MITERED_ELBOWS_TEES_14_X9,"MEP Ducts | Unspecified Family | Mitered Elbows / Tees | 14""x9""",PART-MEP_DUCTS_UNSPECIF-6B983320,"MEP rough-in part for Ducts | Unspecified Family | Mitered Elbows / Tees | 14""x9""",Parts,MEP Rough-In,EACH,,,,,,,
MEP_DUCTS_UNSPECIFIED_FAMILY_MITERED_ELBOWS_TEES_15_X15,"MEP Ducts | Unspecified Family | Mitered Elbows / Tees | 15""x15""",PART-MEP_DUCTS_UNSPECIF-E0A1EFA1,"MEP rough-in part for Ducts | Unspecified Family | Mitered Elbows / Tees | 15""x15""",Parts,MEP Rough-In,EACH,,,,,,,
MEP_DUCTS_UNSPECIFIED_FAMILY_MITERED_ELBOWS_TEES_15_X16,"MEP Ducts | Unspecified Family | Mitered Elbows / Tees | 15""x16""",PART-MEP_DUCTS_UNSPECIF-D3F00930,"MEP rough-in part for Ducts | Unspecified Family | Mitered Elbows / Tees | 15""x16""",Parts,MEP Rough-In,EACH,,,,,,,
MEP_DUCTS_UNSPECIFIED_FAMILY_MITERED_ELBOWS_TEES_15_X24,"MEP Ducts | Unspecified Family | Mitered Elbows / Tees | 15""x24""",PART-MEP_DUCTS_UNSPECIF-C427CAD5,"MEP rough-in part for Ducts | Unspecified Family | Mitered Elbows / Tees | 15""x24""",Parts,MEP Rough-In,EACH,,,,,,,
MEP_DUCTS_UNSPECIFIED_FAMILY_MITERED_ELBOWS_TEES_15_X30,"MEP Ducts | Unspecified Family | Mitered Elbows / Tees | 15""x30""",PART-MEP_DUCTS_UNSPECIF-CFFBDD12,"MEP rough-in part for Ducts | Unspecified Family | Mitered Elbows / Tees | 15""x30""",Parts,MEP Rough-In,EACH,,,,,,,
MEP_DUCTS_UNSPECIFIED_FAMILY_MITERED_ELBOWS_TEES_16_X16,"MEP Ducts | Unspecified Family | Mitered Elbows / Tees | 16""x16""",PART-MEP_DUCTS_UNSPECIF-AD5E6978,"MEP rough-in part for Ducts | Unspecified Family | Mitered Elbows / Tees | 16""x16""",Parts,MEP Rough-In,EACH,,,,,,,
MEP_DUCTS_UNSPECIFIED_FAMILY_MITERED_ELBOWS_TEES_16_X17,"MEP Ducts | Unspecified Family | Mitered Elbows / Tees | 16""x17""",PART-MEP_DUCTS_UNSPECIF-EA1E1085,"MEP rough-in part for Ducts | Unspecified Family | Mitered Elbows / Tees | 16""x17""",Parts,MEP Rough-In,EACH,,,,,,,
MEP_DUCTS_UNSPECIFIED_FAMILY_MITERED_ELBOWS_TEES_17_X18,"MEP Ducts | Unspecified Family | Mitered Elbows / Tees | 17""x18""",PART-MEP_DUCTS_UNSPECIF-402EEB32,"MEP rough-in part for Ducts | Unspecified Family | Mitered Elbows / Tees | 17""x18""",Parts,MEP Rough-In,EACH,,,,,,,
MEP_DUCTS_UNSPECIFIED_FAMILY_MITERED_ELBOWS_TEES_18_X12,"MEP Ducts | Unspecified Family | Mitered Elbows / Tees | 18""x12""",PART-MEP_DUCTS_UNSPECIF-2AC524A0,"MEP rough-in part for Ducts | Unspecified Family | Mitered Elbows / Tees | 18""x12""",Parts,MEP Rough-In,EACH,,,,,,,
MEP_DUCTS_UNSPECIFIED_FAMILY_MITERED_ELBOWS_TEES_18_X14,"MEP Ducts | Unspecified Family | Mitered Elbows / Tees | 18""x14""",PART-MEP_DUCTS_UNSPECIF-F6744E70,"MEP rough-in part for Ducts | Unspecified Family | Mitered Elbows / Tees | 18""x14""",Parts,MEP Rough-In,EACH,,,,,,,
MEP_DUCTS_UNSPECIFIED_FAMILY_MITERED_ELBOWS_TEES_18_X18,"MEP Ducts | Unspecified Family | Mitered Elbows / Tees | 18""x18""",PART-MEP_DUCTS_UNSPECIF-176F0B3C,"MEP rough-in part for Ducts | Unspecified Family | Mitered Elbows / Tees | 18""x18""",Parts,MEP Rough-In,EACH,,,,,,,
MEP_DUCTS_UNSPECIFIED_FAMILY_MITERED_ELBOWS_TEES_19_X19,"MEP Ducts | Unspecified Family | Mitered Elbows / Tees | 19""x19""",PART-MEP_DUCTS_UNSPECIF-BA0E7B76,"MEP rough-in part for Ducts | Unspecified Family | Mitered Elbows / Tees | 19""x19""",Parts,MEP Rough-In,EACH,,,,,,,
MEP_DUCTS_UNSPECIFIED_FAMILY_MITERED_ELBOWS_TEES_19_X20,"MEP Ducts | Unspecified Family | Mitered Elbows / Tees | 19""x20""",PART-MEP_DUCTS_UNSPECIF-0B9234ED,"MEP rough-in part for Ducts | Unspecified Family | Mitered Elbows / Tees | 19""x20""",Parts,MEP Rough-In,EACH,,,,,,,
MEP_DUCTS_UNSPECIFIED_FAMILY_MITERED_ELBOWS_TEES_22_X16,"MEP Ducts | Unspecified Family | Mitered Elbows / Tees | 22""x16""",PART-MEP_DUCTS_UNSPECIF-DFEF9C63,"MEP rough-in part for Ducts | Unspecified Family | Mitered Elbows / Tees | 22""x16""",Parts,MEP Rough-In,EACH,,,,,,,
MEP_DUCTS_UNSPECIFIED_FAMILY_MITERED_ELBOWS_TEES_22_X22,"MEP Ducts | Unspecified Family | Mitered Elbows / Tees | 22""x22""",PART-MEP_DUCTS_UNSPECIF-92050242,"MEP rough-in part for Ducts | Unspecified Family | Mitered Elbows / Tees | 22""x22""",Parts,MEP Rough-In,EACH,,,,,,,
MEP_DUCTS_UNSPECIFIED_FAMILY_MITERED_ELBOWS_TEES_22_X24,"MEP Ducts | Unspecified Family | Mitered Elbows / Tees | 22""x24""",PART-MEP_DUCTS_UNSPECIF-94AA9294,"MEP rough-in part for Ducts | Unspecified Family | Mitered Elbows / Tees | 22""x24""",Parts,MEP Rough-In,EACH,,,,,,,
MEP_DUCTS_UNSPECIFIED_FAMILY_MITERED_ELBOWS_TEES_24_X12,"MEP Ducts | Unspecified Family | Mitered Elbows / Tees | 24""x12""",PART-MEP_DUCTS_UNSPECIF-3F734E5F,"MEP rough-in part for Ducts | Unspecified Family | Mitered Elbows / Tees | 24""x12""",Parts,MEP Rough-In,EACH,,,,,,,
MEP_DUCTS_UNSPECIFIED_FAMILY_MITERED_ELBOWS_TEES_24_X15,"MEP Ducts | Unspecified Family | Mitered Elbows / Tees | 24""x15""",PART-MEP_DUCTS_UNSPECIF-FD10BE0F,"MEP rough-in part for Ducts | Unspecified Family | Mitered Elbows / Tees | 24""x15""",Parts,MEP Rough-In,EACH,,,,,,,
MEP_DUCTS_UNSPECIFIED_FAMILY_MITERED_ELBOWS_TEES_28_X12,"MEP Ducts | Unspecified Family | Mitered Elbows / Tees | 28""x12""",PART-MEP_DUCTS_UNSPECIF-03B4E40A,"MEP rough-in part for Ducts | Unspecified Family | Mitered Elbows / Tees | 28""x12""",Parts,MEP Rough-In,EACH,,,,,,,
MEP_DUCTS_UNSPECIFIED_FAMILY_MITERED_ELBOWS_TEES_28_X22,"MEP Ducts | Unspecified Family | Mitered Elbows / Tees | 28""x22""",PART-MEP_DUCTS_UNSPECIF-C206E59F,"MEP rough-in part for Ducts | Unspecified Family | Mitered Elbows / Tees | 28""x22""",Parts,MEP Rough-In,EACH,,,,,,,
MEP_DUCTS_UNSPECIFIED_FAMILY_MITERED_ELBOWS_TEES_30_X15,"MEP Ducts | Unspecified Family | Mitered Elbows / Tees | 30""x15""",PART-MEP_DUCTS_UNSPECIF-AA2664C4,"MEP rough-in part for Ducts | Unspecified Family | Mitered Elbows / Tees | 30""x15""",Parts,MEP Rough-In,EACH,,,,,,,
MEP_DUCTS_UNSPECIFIED_FAMILY_MITERED_ELBOWS_TEES_30_X24,"MEP Ducts | Unspecified Family | Mitered Elbows / Tees | 30""x24""",PART-MEP_DUCTS_UNSPECIF-E77CF069,"MEP rough-in part for Ducts | Unspecified Family | Mitered Elbows / Tees | 30""x24""",Parts,MEP Rough-In,EACH,,,,,,,
MEP_DUCTS_UNSPECIFIED_FAMILY_MITERED_ELBOWS_TEES_30_X6,"MEP Ducts | Unspecified Family | Mitered Elbows / Tees | 30""x6""",PART-MEP_DUCTS_UNSPECIF-F43CDDEB,"MEP rough-in part for Ducts | Unspecified Family | Mitered Elbows / Tees | 30""x6""",Parts,MEP Rough-In,EACH,,,,,,,
MEP_DUCTS_UNSPECIFIED_FAMILY_MITERED_ELBOWS_TEES_32_X24,"MEP Ducts | Unspecified Family | Mitered Elbows / Tees | 32""x24""",PART-MEP_DUCTS_UNSPECIF-290CE02F,"MEP rough-in part for Ducts | Unspecified Family | Mitered Elbows / Tees | 32""x24""",Parts,MEP Rough-In,EACH,,,,,,,
MEP_DUCTS_UNSPECIFIED_FAMILY_MITERED_ELBOWS_TEES_35_X16,"MEP Ducts | Unspecified Family | Mitered Elbows / Tees | 35""x16""",PART-MEP_DUCTS_UNSPECIF-E9CD2767,"MEP rough-in part for Ducts | Unspecified Family | Mitered Elbows / Tees | 35""x16""",Parts,MEP Rough-In,EACH,,,,,,,
MEP_DUCTS_UNSPECIFIED_FAMILY_MITERED_ELBOWS_TEES_3_X3,"MEP Ducts | Unspecified Family | Mitered Elbows / Tees | 3""x3""",PART-MEP_DUCTS_UNSPECIF-602F4FAE,"MEP rough-in part for Ducts | Unspecified Family | Mitered Elbows / Tees | 3""x3""",Parts,MEP Rough-In,EACH,,,,,,,
MEP_DUCTS_UNSPECIFIED_FAMILY_MITERED_ELBOWS_TEES_40_X5,"MEP Ducts | Unspecified Family | Mitered Elbows / Tees | 40""x5""",PART-MEP_DUCTS_UNSPECIF-4DD7BDF5,"MEP rough-in part for Ducts | Unspecified Family | Mitered Elbows / Tees | 40""x5""",Parts,MEP Rough-In,EACH,,,,,,,
MEP_DUCTS_UNSPECIFIED_FAMILY_MITERED_ELBOWS_TEES_40_X6,"MEP Ducts | Unspecified Family | Mitered Elbows / Tees | 40""x6""",PART-MEP_DUCTS_UNSPECIF-F15B5A08,"MEP rough-in part for Ducts | Unspecified Family | Mitered Elbows / Tees | 40""x6""",Parts,MEP Rough-In,EACH,,,,,,,
MEP_DUCTS_UNSPECIFIED_FAMILY_MITERED_ELBOWS_TEES_4_X4,"MEP Ducts | Unspecified Family | Mitered Elbows / Tees | 4""x4""",PART-MEP_DUCTS_UNSPECIF-488CD498,"MEP rough-in part for Ducts | Unspecified Family | Mitered Elbows / Tees | 4""x4""",Parts,MEP Rough-In,EACH,,,,,,,
MEP_DUCTS_UNSPECIFIED_FAMILY_MITERED_ELBOWS_TEES_4_X5,"MEP Ducts | Unspecified Family | Mitered Elbows / Tees | 4""x5""",PART-MEP_DUCTS_UNSPECIF-40773E1B,"MEP rough-in part for Ducts | Unspecified Family | Mitered Elbows / Tees | 4""x5""",Parts,MEP Rough-In,EACH,,,,,,,
MEP_DUCTS_UNSPECIFIED_FAMILY_MITERED_ELBOWS_TEES_5_X5,"MEP Ducts | Unspecified Family | Mitered Elbows / Tees | 5""x5""",PART-MEP_DUCTS_UNSPECIF-A664D99C,"MEP rough-in part for Ducts | Unspecified Family | Mitered Elbows / Tees | 5""x5""",Parts,MEP Rough-In,EACH,,,,,,,
MEP_DUCTS_UNSPECIFIED_FAMILY_MITERED_ELBOWS_TEES_5_X6,"MEP Ducts | Unspecified Family | Mitered Elbows / Tees | 5""x6""",PART-MEP_DUCTS_UNSPECIF-7F98DCF1,"MEP rough-in part for Ducts | Unspecified Family | Mitered Elbows / Tees | 5""x6""",Parts,MEP Rough-In,EACH,,,,,,,
MEP_DUCTS_UNSPECIFIED_FAMILY_MITERED_ELBOWS_TEES_6_X6,"MEP Ducts | Unspecified Family | Mitered Elbows / Tees | 6""x6""",PART-MEP_DUCTS_UNSPECIF-92A1C2F4,"MEP rough-in part for Ducts | Unspecified Family | Mitered Elbows / Tees | 6""x6""",Parts,MEP Rough-In,EACH,,,,,,,
MEP_DUCTS_UNSPECIFIED_FAMILY_MITERED_ELBOWS_TEES_6_X7,"MEP Ducts | Unspecified Family | Mitered Elbows / Tees | 6""x7""",PART-MEP_DUCTS_UNSPECIF-90F7B2A2,"MEP rough-in part for Ducts | Unspecified Family | Mitered Elbows / Tees | 6""x7""",Parts,MEP Rough-In,EACH,,,,,,,
MEP_DUCTS_UNSPECIFIED_FAMILY_MITERED_ELBOWS_TEES_6_X9,"MEP Ducts | Unspecified Family | Mitered Elbows / Tees | 6""x9""",PART-MEP_DUCTS_UNSPECIF-2C66E5A7,"MEP rough-in part for Ducts | Unspecified Family | Mitered Elbows / Tees | 6""x9""",Parts,MEP Rough-In,EACH,,,,,,,
MEP_DUCTS_UNSPECIFIED_FAMILY_MITERED_ELBOWS_TEES_7_X5,"MEP Ducts | Unspecified Family | Mitered Elbows / Tees | 7""x5""",PART-MEP_DUCTS_UNSPECIF-CF6BA0CE,"MEP rough-in part for Ducts | Unspecified Family | Mitered Elbows / Tees | 7""x5""",Parts,MEP Rough-In,EACH,,,,,,,
MEP_DUCTS_UNSPECIFIED_FAMILY_MITERED_ELBOWS_TEES_7_X7,"MEP Ducts | Unspecified Family | Mitered Elbows / Tees | 7""x7""",PART-MEP_DUCTS_UNSPECIF-E64526EC,"MEP rough-in part for Ducts | Unspecified Family | Mitered Elbows / Tees | 7""x7""",Parts,MEP Rough-In,EACH,,,,,,,
MEP_DUCTS_UNSPECIFIED_FAMILY_MITERED_ELBOWS_TEES_7_X8,"MEP Ducts | Unspecified Family | Mitered Elbows / Tees | 7""x8""",PART-MEP_DUCTS_UNSPECIF-3D6D2BA5,"MEP rough-in part for Ducts | Unspecified Family | Mitered Elbows / Tees | 7""x8""",Parts,MEP Rough-In,EACH,,,,,,,
MEP_DUCTS_UNSPECIFIED_FAMILY_MITERED_ELBOWS_TEES_8_X7,"MEP Ducts | Unspecified Family | Mitered Elbows / Tees | 8""x7""",PART-MEP_DUCTS_UNSPECIF-6978C620,"MEP rough-in part for Ducts | Unspecified Family | Mitered Elbows / Tees | 8""x7""",Parts,MEP Rough-In,EACH,,,,,,,
MEP_DUCTS_UNSPECIFIED_FAMILY_MITERED_ELBOWS_TEES_8_X8,"MEP Ducts | Unspecified Family | Mitered Elbows / Tees | 8""x8""",PART-MEP_DUCTS_UNSPECIF-409EFE02,"MEP rough-in part for Ducts | Unspecified Family | Mitered Elbows / Tees | 8""x8""",Parts,MEP Rough-In,EACH,,,,,,,
MEP_DUCTS_UNSPECIFIED_FAMILY_MITERED_ELBOWS_TEES_8_X9,"MEP Ducts | Unspecified Family | Mitered Elbows / Tees | 8""x9""",PART-MEP_DUCTS_UNSPECIF-69ABCA4E,"MEP rough-in part for Ducts | Unspecified Family | Mitered Elbows / Tees | 8""x9""",Parts,MEP Rough-In,EACH,,,,,,,
MEP_DUCTS_UNSPECIFIED_FAMILY_MITERED_ELBOWS_TEES_9_X10,"MEP Ducts | Unspecified Family | Mitered Elbows / Tees | 9""x10""",PART-MEP_DUCTS_UNSPECIF-0D596FDC,"MEP rough-in part for Ducts | Unspecified Family | Mitered Elbows / Tees | 9""x10""",Parts,MEP Rough-In,EACH,,,,,,,
MEP_DUCTS_UNSPECIFIED_FAMILY_MITERED_ELBOWS_TEES_9_X8,"MEP Ducts | Unspecified Family | Mitered Elbows / Tees | 9""x8""",PART-MEP_DUCTS_UNSPECIF-7045AFAC,"MEP rough-in part for Ducts | Unspecified Family | Mitered Elbows / Tees | 9""x8""",Parts,MEP Rough-In,EACH,,,,,,,
MEP_DUCTS_UNSPECIFIED_FAMILY_MITERED_ELBOWS_TEES_9_X9,"MEP Ducts | Unspecified Family | Mitered Elbows / Tees | 9""x9""",PART-MEP_DUCTS_UNSPECIF-EC8B937F,"MEP rough-in part for Ducts | Unspecified Family | Mitered Elbows / Tees | 9""x9""",Parts,MEP Rough-In,EACH,,,,,,,
MEP_DUCT_FITTINGS_RECTANGULAR_CROSS_STANDARD_12_X9_8_X9_6_X9_6_X9,"MEP Duct Fittings | Rectangular Cross | Standard | 12""x9""-8""x9""-6""x9""-6""x9""",PART-MEP_DUCT_FITTINGS-CE139C2C,"MEP rough-in part for Duct Fittings | Rectangular Cross | Standard | 12""x9""-8""x9""-6""x9""-6""x9""",Parts,MEP Rough-In,EACH,,,,,,,
MEP_DUCT_FITTINGS_RECTANGULAR_CROSS_STANDARD_14_X15_12_X15_6_X15_6_X15,"MEP Duct Fittings | Rectangular Cross | Standard | 14""x15""-12""x15""-6""x15""-6""x15""",PART-MEP_DUCT_FITTINGS-BA0A30D5,"MEP rough-in part for Duct Fittings | Rectangular Cross | Standard | 14""x15""-12""x15""-6""x15""-6""x15""",Parts,MEP Rough-In,EACH,,,,,,,
MEP_DUCT_FITTINGS_RECTANGULAR_CROSS_STANDARD_18_X12_10_X12_7_X12_7_X12,"MEP Duct Fittings | Rectangular Cross | Standard | 18""x12""-10""x12""-7""x12""-7""x12""",PART-MEP_DUCT_FITTINGS-A2F3B028,"MEP rough-in part for Duct Fittings | Rectangular Cross | Standard | 18""x12""-10""x12""-7""x12""-7""x12""",Parts,MEP Rough-In,EACH,,,,,,,
MEP_DUCT_FITTINGS_RECTANGULAR_CROSS_STANDARD_19_X19_19_X19_17_X19_17_X19,"MEP Duct Fittings | Rectangular Cross | Standard | 19""x19""-19""x19""-17""x19""-17""x19""",PART-MEP_DUCT_FITTINGS-BB85DCAA,"MEP rough-in part for Duct Fittings | Rectangular Cross | Standard | 19""x19""-19""x19""-17""x19""-17""x19""",Parts,MEP Rough-In,EACH,,,,,,,
MEP_DUCT_FITTINGS_RECTANGULAR_CROSS_STANDARD_24_X12_18_X12_7_X12_7_X12,"MEP Duct Fittings | Rectangular Cross | Standard | 24""x12""-18""x12""-7""x12""-7""x12""",PART-MEP_DUCT_FITTINGS-C660403C,"MEP rough-in part for Duct Fittings | Rectangular Cross | Standard | 24""x12""-18""x12""-7""x12""-7""x12""",Parts,MEP Rough-In,EACH,,,,,,,
MEP_DUCT_FITTINGS_RECTANGULAR_CROSS_STANDARD_28_X12_28_X12_7_X12_7_X12,"MEP Duct Fittings | Rectangular Cross | Standard | 28""x12""-28""x12""-7""x12""-7""x12""",PART-MEP_DUCT_FITTINGS-03D78255,"MEP rough-in part for Duct Fittings | Rectangular Cross | Standard | 28""x12""-28""x12""-7""x12""-7""x12""",Parts,MEP Rough-In,EACH,,,,,,,
MEP_DUCT_FITTINGS_RECTANGULAR_ELBOW_MITERED_STANDARD_10_X10_10_X10,"MEP Duct Fittings | Rectangular Elbow - Mitered | Standard | 10""x10""-10""x10""",PART-MEP_DUCT_FITTINGS-6DE4ADED,"MEP rough-in part for Duct Fittings | Rectangular Elbow - Mitered | Standard | 10""x10""-10""x10""",Parts,MEP Rough-In,EACH,,,,,,,
MEP_DUCT_FITTINGS_RECTANGULAR_ELBOW_MITERED_STANDARD_12_X13_12_X13,"MEP Duct Fittings | Rectangular Elbow - Mitered | Standard | 12""x13""-12""x13""",PART-MEP_DUCT_FITTINGS-BD147F30,"MEP rough-in part for Duct Fittings | Rectangular Elbow - Mitered | Standard | 12""x13""-12""x13""",Parts,MEP Rough-In,EACH,,,,,,,
MEP_DUCT_FITTINGS_RECTANGULAR_ELBOW_MITERED_STANDARD_13_X13_13_X13,"MEP Duct Fittings | Rectangular Elbow - Mitered | Standard | 13""x13""-13""x13""",PART-MEP_DUCT_FITTINGS-99264962,"MEP rough-in part for Duct Fittings | Rectangular Elbow - Mitered | Standard | 13""x13""-13""x13""",Parts,MEP Rough-In,EACH,,,,,,,
MEP_DUCT_FITTINGS_RECTANGULAR_ELBOW_MITERED_STANDARD_13_X14_13_X14,"MEP Duct Fittings | Rectangular Elbow - Mitered | Standard | 13""x14""-13""x14""",PART-MEP_DUCT_FITTINGS-33A34EA6,"MEP rough-in part for Duct Fittings | Rectangular Elbow - Mitered | Standard | 13""x14""-13""x14""",Parts,MEP Rough-In,EACH,,,,,,,
MEP_DUCT_FITTINGS_RECTANGULAR_ELBOW_MITERED_STANDARD_14_X13_14_X13,"MEP Duct Fittings | Rectangular Elbow - Mitered | Standard | 14""x13""-14""x13""",PART-MEP_DUCT_FITTINGS-A62B2C15,"MEP rough-in part for Duct Fittings | Rectangular Elbow - Mitered | Standard | 14""x13""-14""x13""",Parts,MEP Rough-In,EACH,,,,,,,
MEP_DUCT_FITTINGS_RECTANGULAR_ELBOW_MITERED_STANDARD_14_X14_14_X14,"MEP Duct Fittings | Rectangular Elbow - Mitered | Standard | 14""x14""-14""x14""",PART-MEP_DUCT_FITTINGS-2933232A,"MEP rough-in part for Duct Fittings | Rectangular Elbow - Mitered | Standard | 14""x14""-14""x14""",Parts,MEP Rough-In,EACH,,,,,,,
MEP_DUCT_FITTINGS_RECTANGULAR_ELBOW_MITERED_STANDARD_14_X18_14_X18,"MEP Duct Fittings | Rectangular Elbow - Mitered | Standard | 14""x18""-14""x18""",PART-MEP_DUCT_FITTINGS-E1C2761C,"MEP rough-in part for Duct Fittings | Rectangular Elbow - Mitered | Standard | 14""x18""-14""x18""",Parts,MEP Rough-In,EACH,,,,,,,
MEP_DUCT_FITTINGS_RECTANGULAR_ELBOW_MITERED_STANDARD_15_X24_15_X24,"MEP Duct Fittings | Rectangular Elbow - Mitered | Standard | 15""x24""-15""x24""",PART-MEP_DUCT_FITTINGS-7899B87E,"MEP rough-in part for Duct Fittings | Rectangular Elbow - Mitered | Standard | 15""x24""-15""x24""",Parts,MEP Rough-In,EACH,,,,,,,
MEP_DUCT_FITTINGS_RECTANGULAR_ELBOW_MITERED_STANDARD_15_X30_15_X30,"MEP Duct Fittings | Rectangular Elbow - Mitered | Standard | 15""x30""-15""x30""",PART-MEP_DUCT_FITTINGS-16AED8A0,"MEP rough-in part for Duct Fittings | Rectangular Elbow - Mitered | Standard | 15""x30""-15""x30""",Parts,MEP Rough-In,EACH,,,,,,,
MEP_DUCT_FITTINGS_RECTANGULAR_ELBOW_MITERED_STANDARD_16_X16_16_X16,"MEP Duct Fittings | Rectangular Elbow - Mitered | Standard | 16""x16""-16""x16""",PART-MEP_DUCT_FITTINGS-7DF291C5,"MEP rough-in part for Duct Fittings | Rectangular Elbow - Mitered | Standard | 16""x16""-16""x16""",Parts,MEP Rough-In,EACH,,,,,,,
MEP_DUCT_FITTINGS_RECTANGULAR_ELBOW_MITERED_STANDARD_16_X17_16_X17,"MEP Duct Fittings | Rectangular Elbow - Mitered | Standard | 16""x17""-16""x17""",PART-MEP_DUCT_FITTINGS-5435AA68,"MEP rough-in part for Duct Fittings | Rectangular Elbow - Mitered | Standard | 16""x17""-16""x17""",Parts,MEP Rough-In,EACH,,,,,,,
MEP_DUCT_FITTINGS_RECTANGULAR_ELBOW_MITERED_STANDARD_16_X22_16_X22,"MEP Duct Fittings | Rectangular Elbow - Mitered | Standard | 16""x22""-16""x22""",PART-MEP_DUCT_FITTINGS-63DCC3B6,"MEP rough-in part for Duct Fittings | Rectangular Elbow - Mitered | Standard | 16""x22""-16""x22""",Parts,MEP Rough-In,EACH,,,,,,,
MEP_DUCT_FITTINGS_RECTANGULAR_ELBOW_MITERED_STANDARD_17_X16_17_X16,"MEP Duct Fittings | Rectangular Elbow - Mitered | Standard | 17""x16""-17""x16""",PART-MEP_DUCT_FITTINGS-1BCBE8AC,"MEP rough-in part for Duct Fittings | Rectangular Elbow - Mitered | Standard | 17""x16""-17""x16""",Parts,MEP Rough-In,EACH,,,,,,,
MEP_DUCT_FITTINGS_RECTANGULAR_ELBOW_MITERED_STANDARD_19_X19_19_X19,"MEP Duct Fittings | Rectangular Elbow - Mitered | Standard | 19""x19""-19""x19""",PART-MEP_DUCT_FITTINGS-2D8B4217,"MEP rough-in part for Duct Fittings | Rectangular Elbow - Mitered | Standard | 19""x19""-19""x19""",Parts,MEP Rough-In,EACH,,,,,,,
MEP_DUCT_FITTINGS_RECTANGULAR_ELBOW_MITERED_STANDARD_20_X19_20_X19,"MEP Duct Fittings | Rectangular Elbow - Mitered | Standard | 20""x19""-20""x19""",PART-MEP_DUCT_FITTINGS-F227C457,"MEP rough-in part for Duct Fittings | Rectangular Elbow - Mitered | Standard | 20""x19""-20""x19""",Parts,MEP Rough-In,EACH,,,,,,,
MEP_DUCT_FITTINGS_RECTANGULAR_ELBOW_MITERED_STANDARD_22_X16_22_X16,"MEP Duct Fittings | Rectangular Elbow - Mitered | Standard | 22""x16""-22""x16""",PART-MEP_DUCT_FITTINGS-37E18D6D,"MEP rough-in part for Duct Fittings | Rectangular Elbow - Mitered | Standard | 22""x16""-22""x16""",Parts,MEP Rough-In,EACH,,,,,,,
MEP_DUCT_FITTINGS_RECTANGULAR_ELBOW_MITERED_STANDARD_24_X15_24_X15,"MEP Duct Fittings | Rectangular Elbow - Mitered | Standard | 24""x15""-24""x15""",PART-MEP_DUCT_FITTINGS-741B24B0,"MEP rough-in part for Duct Fittings | Rectangular Elbow - Mitered | Standard | 24""x15""-24""x15""",Parts,MEP Rough-In,EACH,,,,,,,
MEP_DUCT_FITTINGS_RECTANGULAR_ELBOW_MITERED_STANDARD_24_X30_24_X30,"MEP Duct Fittings | Rectangular Elbow - Mitered | Standard | 24""x30""-24""x30""",PART-MEP_DUCT_FITTINGS-A940CC6E,"MEP rough-in part for Duct Fittings | Rectangular Elbow - Mitered | Standard | 24""x30""-24""x30""",Parts,MEP Rough-In,EACH,,,,,,,
MEP_DUCT_FITTINGS_RECTANGULAR_ELBOW_MITERED_STANDARD_24_X32_24_X32,"MEP Duct Fittings | Rectangular Elbow - Mitered | Standard | 24""x32""-24""x32""",PART-MEP_DUCT_FITTINGS-770AD633,"MEP rough-in part for Duct Fittings | Rectangular Elbow - Mitered | Standard | 24""x32""-24""x32""",Parts,MEP Rough-In,EACH,,,,,,,
MEP_DUCT_FITTINGS_RECTANGULAR_ELBOW_MITERED_STANDARD_28_X12_28_X12,"MEP Duct Fittings | Rectangular Elbow - Mitered | Standard | 28""x12""-28""x12""",PART-MEP_DUCT_FITTINGS-51097FC3,"MEP rough-in part for Duct Fittings | Rectangular Elbow - Mitered | Standard | 28""x12""-28""x12""",Parts,MEP Rough-In,EACH,,,,,,,
MEP_DUCT_FITTINGS_RECTANGULAR_ELBOW_MITERED_STANDARD_30_X15_30_X15,"MEP Duct Fittings | Rectangular Elbow - Mitered | Standard | 30""x15""-30""x15""",PART-MEP_DUCT_FITTINGS-2452431D,"MEP rough-in part for Duct Fittings | Rectangular Elbow - Mitered | Standard | 30""x15""-30""x15""",Parts,MEP Rough-In,EACH,,,,,,,
MEP_DUCT_FITTINGS_RECTANGULAR_ELBOW_MITERED_STANDARD_30_X24_30_X24,"MEP Duct Fittings | Rectangular Elbow - Mitered | Standard | 30""x24""-30""x24""",PART-MEP_DUCT_FITTINGS-ED742087,"MEP rough-in part for Duct Fittings | Rectangular Elbow - Mitered | Standard | 30""x24""-30""x24""",Parts,MEP Rough-In,EACH,,,,,,,
MEP_DUCT_FITTINGS_RECTANGULAR_ELBOW_MITERED_STANDARD_32_X24_32_X24,"MEP Duct Fittings | Rectangular Elbow - Mitered | Standard | 32""x24""-32""x24""",PART-MEP_DUCT_FITTINGS-FF069BEE,"MEP rough-in part for Duct Fittings | Rectangular Elbow - Mitered | Standard | 32""x24""-32""x24""",Parts,MEP Rough-In,EACH,,,,,,,
MEP_DUCT_FITTINGS_RECTANGULAR_ELBOW_MITERED_STANDARD_3_X3_3_X3,"MEP Duct Fittings | Rectangular Elbow - Mitered | Standard | 3""x3""-3""x3""",PART-MEP_DUCT_FITTINGS-22425349,"MEP rough-in part for Duct Fittings | Rectangular Elbow - Mitered | Standard | 3""x3""-3""x3""",Parts,MEP Rough-In,EACH,,,,,,,
MEP_DUCT_FITTINGS_RECTANGULAR_ELBOW_MITERED_STANDARD_4_X4_4_X4,"MEP Duct Fittings | Rectangular Elbow - Mitered | Standard | 4""x4""-4""x4""",PART-MEP_DUCT_FITTINGS-71FDF078,"MEP rough-in part for Duct Fittings | Rectangular Elbow - Mitered | Standard | 4""x4""-4""x4""",Parts,MEP Rough-In,EACH,,,,,,,
MEP_DUCT_FITTINGS_RECTANGULAR_ELBOW_MITERED_STANDARD_4_X5_4_X5,"MEP Duct Fittings | Rectangular Elbow - Mitered | Standard | 4""x5""-4""x5""",PART-MEP_DUCT_FITTINGS-B906293B,"MEP rough-in part for Duct Fittings | Rectangular Elbow - Mitered | Standard | 4""x5""-4""x5""",Parts,MEP Rough-In,EACH,,,,,,,
MEP_DUCT_FITTINGS_RECTANGULAR_ELBOW_MITERED_STANDARD_5_X4_5_X4,"MEP Duct Fittings | Rectangular Elbow - Mitered | Standard | 5""x4""-5""x4""",PART-MEP_DUCT_FITTINGS-4C00F4F2,"MEP rough-in part for Duct Fittings | Rectangular Elbow - Mitered | Standard | 5""x4""-5""x4""",Parts,MEP Rough-In,EACH,,,,,,,
MEP_DUCT_FITTINGS_RECTANGULAR_ELBOW_MITERED_STANDARD_5_X5_5_X5,"MEP Duct Fittings | Rectangular Elbow - Mitered | Standard | 5""x5""-5""x5""",PART-MEP_DUCT_FITTINGS-878A3F2B,"MEP rough-in part for Duct Fittings | Rectangular Elbow - Mitered | Standard | 5""x5""-5""x5""",Parts,MEP Rough-In,EACH,,,,,,,
MEP_DUCT_FITTINGS_RECTANGULAR_ELBOW_MITERED_STANDARD_5_X7_5_X7,"MEP Duct Fittings | Rectangular Elbow - Mitered | Standard | 5""x7""-5""x7""",PART-MEP_DUCT_FITTINGS-8B8034C7,"MEP rough-in part for Duct Fittings | Rectangular Elbow - Mitered | Standard | 5""x7""-5""x7""",Parts,MEP Rough-In,EACH,,,,,,,
MEP_DUCT_FITTINGS_RECTANGULAR_ELBOW_MITERED_STANDARD_6_X6_6_X6,"MEP Duct Fittings | Rectangular Elbow - Mitered | Standard | 6""x6""-6""x6""",PART-MEP_DUCT_FITTINGS-C7DB8DF3,"MEP rough-in part for Duct Fittings | Rectangular Elbow - Mitered | Standard | 6""x6""-6""x6""",Parts,MEP Rough-In,EACH,,,,,,,
MEP_DUCT_FITTINGS_RECTANGULAR_ELBOW_MITERED_STANDARD_7_X5_7_X5,"MEP Duct Fittings | Rectangular Elbow - Mitered | Standard | 7""x5""-7""x5""",PART-MEP_DUCT_FITTINGS-42ECCD62,"MEP rough-in part for Duct Fittings | Rectangular Elbow - Mitered | Standard | 7""x5""-7""x5""",Parts,MEP Rough-In,EACH,,,,,,,
MEP_DUCT_FITTINGS_RECTANGULAR_ELBOW_MITERED_STANDARD_7_X7_7_X7,"MEP Duct Fittings | Rectangular Elbow - Mitered | Standard | 7""x7""-7""x7""",PART-MEP_DUCT_FITTINGS-075F14E0,"MEP rough-in part for Duct Fittings | Rectangular Elbow - Mitered | Standard | 7""x7""-7""x7""",Parts,MEP Rough-In,EACH,,,,,,,
MEP_DUCT_FITTINGS_RECTANGULAR_ELBOW_MITERED_STANDARD_8_X7_8_X7,"MEP Duct Fittings | Rectangular Elbow - Mitered | Standard | 8""x7""-8""x7""",PART-MEP_DUCT_FITTINGS-FA178AE6,"MEP rough-in part for Duct Fittings | Rectangular Elbow - Mitered | Standard | 8""x7""-8""x7""",Parts,MEP Rough-In,EACH,,,,,,,
MEP_DUCT_FITTINGS_RECTANGULAR_ELBOW_MITERED_STANDARD_8_X8_8_X8,"MEP Duct Fittings | Rectangular Elbow - Mitered | Standard | 8""x8""-8""x8""",PART-MEP_DUCT_FITTINGS-189067A8,"MEP rough-in part for Duct Fittings | Rectangular Elbow - Mitered | Standard | 8""x8""-8""x8""",Parts,MEP Rough-In,EACH,,,,,,,
MEP_DUCT_FITTINGS_RECTANGULAR_ELBOW_MITERED_STANDARD_8_X9_8_X9,"MEP Duct Fittings | Rectangular Elbow - Mitered | Standard | 8""x9""-8""x9""",PART-MEP_DUCT_FITTINGS-97897004,"MEP rough-in part for Duct Fittings | Rectangular Elbow - Mitered | Standard | 8""x9""-8""x9""",Parts,MEP Rough-In,EACH,,,,,,,
MEP_DUCT_FITTINGS_RECTANGULAR_ELBOW_MITERED_STANDARD_9_X10_9_X10,"MEP Duct Fittings | Rectangular Elbow - Mitered | Standard | 9""x10""-9""x10""",PART-MEP_DUCT_FITTINGS-A05BD1D1,"MEP rough-in part for Duct Fittings | Rectangular Elbow - Mitered | Standard | 9""x10""-9""x10""",Parts,MEP Rough-In,EACH,,,,,,,
MEP_DUCT_FITTINGS_RECTANGULAR_ELBOW_MITERED_STANDARD_9_X14_9_X14,"MEP Duct Fittings | Rectangular Elbow - Mitered | Standard | 9""x14""-9""x14""",PART-MEP_DUCT_FITTINGS-4BE3E055,"MEP rough-in part for Duct Fittings | Rectangular Elbow - Mitered | Standard | 9""x14""-9""x14""",Parts,MEP Rough-In,EACH,,,,,,,
MEP_DUCT_FITTINGS_RECTANGULAR_ELBOW_MITERED_STANDARD_9_X9_9_X9,"MEP Duct Fittings | Rectangular Elbow - Mitered | Standard | 9""x9""-9""x9""",PART-MEP_DUCT_FITTINGS-6A203076,"MEP rough-in part for Duct Fittings | Rectangular Elbow - Mitered | Standard | 9""x9""-9""x9""",Parts,MEP Rough-In,EACH,,,,,,,
MEP_DUCT_FITTINGS_RECTANGULAR_ENDCAP_STANDARD_14_X13,"MEP Duct Fittings | Rectangular Endcap | Standard | 14""x13""",PART-MEP_DUCT_FITTINGS-CA07F317,"MEP rough-in part for Duct Fittings | Rectangular Endcap | Standard | 14""x13""",Parts,MEP Rough-In,EACH,,,,,,,
MEP_DUCT_FITTINGS_RECTANGULAR_TEE_STANDARD_10_X10_10_X10_6_X10,"MEP Duct Fittings | Rectangular Tee | Standard | 10""x10""-10""x10""-6""x10""",PART-MEP_DUCT_FITTINGS-89241605,"MEP rough-in part for Duct Fittings | Rectangular Tee | Standard | 10""x10""-10""x10""-6""x10""",Parts,MEP Rough-In,EACH,,,,,,,
MEP_DUCT_FITTINGS_RECTANGULAR_TEE_STANDARD_10_X10_10_X10_8_X10,"MEP Duct Fittings | Rectangular Tee | Standard | 10""x10""-10""x10""-8""x10""",PART-MEP_DUCT_FITTINGS-16AA9F23,"MEP rough-in part for Duct Fittings | Rectangular Tee | Standard | 10""x10""-10""x10""-8""x10""",Parts,MEP Rough-In,EACH,,,,,,,
MEP_DUCT_FITTINGS_RECTANGULAR_TEE_STANDARD_10_X11_7_X11_7_X11,"MEP Duct Fittings | Rectangular Tee | Standard | 10""x11""-7""x11""-7""x11""",PART-MEP_DUCT_FITTINGS-323365DC,"MEP rough-in part for Duct Fittings | Rectangular Tee | Standard | 10""x11""-7""x11""-7""x11""",Parts,MEP Rough-In,EACH,,,,,,,
MEP_DUCT_FITTINGS_RECTANGULAR_TEE_STANDARD_11_X12_11_X12_5_X12,"MEP Duct Fittings | Rectangular Tee | Standard | 11""x12""-11""x12""-5""x12""",PART-MEP_DUCT_FITTINGS-2D91B77F,"MEP rough-in part for Duct Fittings | Rectangular Tee | Standard | 11""x12""-11""x12""-5""x12""",Parts,MEP Rough-In,EACH,,,,,,,
MEP_DUCT_FITTINGS_RECTANGULAR_TEE_STANDARD_11_X12_11_X12_9_X12,"MEP Duct Fittings | Rectangular Tee | Standard | 11""x12""-11""x12""-9""x12""",PART-MEP_DUCT_FITTINGS-2AF0D919,"MEP rough-in part for Duct Fittings | Rectangular Tee | Standard | 11""x12""-11""x12""-9""x12""",Parts,MEP Rough-In,EACH,,,,,,,
MEP_DUCT_FITTINGS_RECTANGULAR_TEE_STANDARD_12_X10_12_X10_3_X10,"MEP Duct Fittings | Rectangular Tee | Standard | 12""x10""-12""x10""-3""x10""",PART-MEP_DUCT_FITTINGS-D2236D46,"MEP rough-in part for Duct Fittings | Rectangular Tee | Standard | 12""x10""-12""x10""-3""x10""",Parts,MEP Rough-In,EACH,,,,,,,
MEP_DUCT_FITTINGS_RECTANGULAR_TEE_STANDARD_12_X11_12_X11_7_X11,"MEP Duct Fittings | Rectangular Tee | Standard | 12""x11""-12""x11""-7""x11""",PART-MEP_DUCT_FITTINGS-B1AE10CB,"MEP rough-in part for Duct Fittings | Rectangular Tee | Standard | 12""x11""-12""x11""-7""x11""",Parts,MEP Rough-In,EACH,,,,,,,
MEP_DUCT_FITTINGS_RECTANGULAR_TEE_STANDARD_12_X12_12_X12_12_X12,"MEP Duct Fittings | Rectangular Tee | Standard | 12""x12""-12""x12""-12""x12""",PART-MEP_DUCT_FITTINGS-DC1A7CF6,"MEP rough-in part for Duct Fittings | Rectangular Tee | Standard | 12""x12""-12""x12""-12""x12""",Parts,MEP Rough-In,EACH,,,,,,,
MEP_DUCT_FITTINGS_RECTANGULAR_TEE_STANDARD_12_X12_12_X12_3_X12,"MEP Duct Fittings | Rectangular Tee | Standard | 12""x12""-12""x12""-3""x12""",PART-MEP_DUCT_FITTINGS-311C3CD4,"MEP rough-in part for Duct Fittings | Rectangular Tee | Standard | 12""x12""-12""x12""-3""x12""",Parts,MEP Rough-In,EACH,,,,,,,
MEP_DUCT_FITTINGS_RECTANGULAR_TEE_STANDARD_12_X12_12_X12_7_X12,"MEP Duct Fittings | Rectangular Tee | Standard | 12""x12""-12""x12""-7""x12""",PART-MEP_DUCT_FITTINGS-7CC9B6AA,"MEP rough-in part for Duct Fittings | Rectangular Tee | Standard | 12""x12""-12""x12""-7""x12""",Parts,MEP Rough-In,EACH,,,,,,,
MEP_DUCT_FITTINGS_RECTANGULAR_TEE_STANDARD_12_X13_12_X13_3_X13,"MEP Duct Fittings | Rectangular Tee | Standard | 12""x13""-12""x13""-3""x13""",PART-MEP_DUCT_FITTINGS-262B7C2B,"MEP rough-in part for Duct Fittings | Rectangular Tee | Standard | 12""x13""-12""x13""-3""x13""",Parts,MEP Rough-In,EACH,,,,,,,
MEP_DUCT_FITTINGS_RECTANGULAR_TEE_STANDARD_13_X13_13_X13_9_X13,"MEP Duct Fittings | Rectangular Tee | Standard | 13""x13""-13""x13""-9""x13""",PART-MEP_DUCT_FITTINGS-38E7B54C,"MEP rough-in part for Duct Fittings | Rectangular Tee | Standard | 13""x13""-13""x13""-9""x13""",Parts,MEP Rough-In,EACH,,,,,,,
MEP_DUCT_FITTINGS_RECTANGULAR_TEE_STANDARD_13_X14_13_X14_5_X14,"MEP Duct Fittings | Rectangular Tee | Standard | 13""x14""-13""x14""-5""x14""",PART-MEP_DUCT_FITTINGS-C7A09F6D,"MEP rough-in part for Duct Fittings | Rectangular Tee | Standard | 13""x14""-13""x14""-5""x14""",Parts,MEP Rough-In,EACH,,,,,,,
MEP_DUCT_FITTINGS_RECTANGULAR_TEE_STANDARD_13_X14_13_X14_7_X14,"MEP Duct Fittings | Rectangular Tee | Standard | 13""x14""-13""x14""-7""x14""",PART-MEP_DUCT_FITTINGS-90163EFD,"MEP rough-in part for Duct Fittings | Rectangular Tee | Standard | 13""x14""-13""x14""-7""x14""",Parts,MEP Rough-In,EACH,,,,,,,
MEP_DUCT_FITTINGS_RECTANGULAR_TEE_STANDARD_13_X9_13_X9_3_X9,"MEP Duct Fittings | Rectangular Tee | Standard | 13""x9""-13""x9""-3""x9""",PART-MEP_DUCT_FITTINGS-240A8976,"MEP rough-in part for Duct Fittings | Rectangular Tee | Standard | 13""x9""-13""x9""-3""x9""",Parts,MEP Rough-In,EACH,,,,,,,
MEP_DUCT_FITTINGS_RECTANGULAR_TEE_STANDARD_14_X14_13_X14_13_X14,"MEP Duct Fittings | Rectangular Tee | Standard | 14""x14""-13""x14""-13""x14""",PART-MEP_DUCT_FITTINGS-F5C564CD,"MEP rough-in part for Duct Fittings | Rectangular Tee | Standard | 14""x14""-13""x14""-13""x14""",Parts,MEP Rough-In,EACH,,,,,,,
MEP_DUCT_FITTINGS_RECTANGULAR_TEE_STANDARD_14_X14_14_X14_14_X14,"MEP Duct Fittings | Rectangular Tee | Standard | 14""x14""-14""x14""-14""x14""",PART-MEP_DUCT_FITTINGS-64A1A35D,"MEP rough-in part for Duct Fittings | Rectangular Tee | Standard | 14""x14""-14""x14""-14""x14""",Parts,MEP Rough-In,EACH,,,,,,,
MEP_DUCT_FITTINGS_RECTANGULAR_TEE_STANDARD_15_X15_15_X15_7_X15,"MEP Duct Fittings | Rectangular Tee | Standard | 15""x15""-15""x15""-7""x15""",PART-MEP_DUCT_FITTINGS-D4CE3A3E,"MEP rough-in part for Duct Fittings | Rectangular Tee | Standard | 15""x15""-15""x15""-7""x15""",Parts,MEP Rough-In,EACH,,,,,,,
MEP_DUCT_FITTINGS_RECTANGULAR_TEE_STANDARD_15_X24_15_X24_15_X24,"MEP Duct Fittings | Rectangular Tee | Standard | 15""x24""-15""x24""-15""x24""",PART-MEP_DUCT_FITTINGS-0EB4785A,"MEP rough-in part for Duct Fittings | Rectangular Tee | Standard | 15""x24""-15""x24""-15""x24""",Parts,MEP Rough-In,EACH,,,,,,,
MEP_DUCT_FITTINGS_RECTANGULAR_TEE_STANDARD_16_X16_16_X16_9_X16,"MEP Duct Fittings | Rectangular Tee | Standard | 16""x16""-16""x16""-9""x16""",PART-MEP_DUCT_FITTINGS-730EBEBE,"MEP rough-in part for Duct Fittings | Rectangular Tee | Standard | 16""x16""-16""x16""-9""x16""",Parts,MEP Rough-In,EACH,,,,,,,
MEP_DUCT_FITTINGS_RECTANGULAR_TEE_STANDARD_16_X17_14_X17_14_X17,"MEP Duct Fittings | Rectangular Tee | Standard | 16""x17""-14""x17""-14""x17""",PART-MEP_DUCT_FITTINGS-DC826546,"MEP rough-in part for Duct Fittings | Rectangular Tee | Standard | 16""x17""-14""x17""-14""x17""",Parts,MEP Rough-In,EACH,,,,,,,
MEP_DUCT_FITTINGS_RECTANGULAR_TEE_STANDARD_16_X17_16_X17_7_X17,"MEP Duct Fittings | Rectangular Tee | Standard | 16""x17""-16""x17""-7""x17""",PART-MEP_DUCT_FITTINGS-7EB99411,"MEP rough-in part for Duct Fittings | Rectangular Tee | Standard | 16""x17""-16""x17""-7""x17""",Parts,MEP Rough-In,EACH,,,,,,,
MEP_DUCT_FITTINGS_RECTANGULAR_TEE_STANDARD_17_X18_17_X18_12_X18,"MEP Duct Fittings | Rectangular Tee | Standard | 17""x18""-17""x18""-12""x18""",PART-MEP_DUCT_FITTINGS-B726DDC2,"MEP rough-in part for Duct Fittings | Rectangular Tee | Standard | 17""x18""-17""x18""-12""x18""",Parts,MEP Rough-In,EACH,,,,,,,
MEP_DUCT_FITTINGS_RECTANGULAR_TEE_STANDARD_18_X14_18_X14_14_X14,"MEP Duct Fittings | Rectangular Tee | Standard | 18""x14""-18""x14""-14""x14""",PART-MEP_DUCT_FITTINGS-A2D286D6,"MEP rough-in part for Duct Fittings | Rectangular Tee | Standard | 18""x14""-18""x14""-14""x14""",Parts,MEP Rough-In,EACH,,,,,,,
MEP_DUCT_FITTINGS_RECTANGULAR_TEE_STANDARD_18_X14_18_X14_4_X14,"MEP Duct Fittings | Rectangular Tee | Standard | 18""x14""-18""x14""-4""x14""",PART-MEP_DUCT_FITTINGS-2C20B3C7,"MEP rough-in part for Duct Fittings | Rectangular Tee | Standard | 18""x14""-18""x14""-4""x14""",Parts,MEP Rough-In,EACH,,,,,,,
MEP_DUCT_FITTINGS_RECTANGULAR_TEE_STANDARD_18_X18_18_X18_7_X18,"MEP Duct Fittings | Rectangular Tee | Standard | 18""x18""-18""x18""-7""x18""",PART-MEP_DUCT_FITTINGS-3BF1C5A5,"MEP rough-in part for Duct Fittings | Rectangular Tee | Standard | 18""x18""-18""x18""-7""x18""",Parts,MEP Rough-In,EACH,,,,,,,
MEP_DUCT_FITTINGS_RECTANGULAR_TEE_STANDARD_19_X19_19_X19_19_X19,"MEP Duct Fittings | Rectangular Tee | Standard | 19""x19""-19""x19""-19""x19""",PART-MEP_DUCT_FITTINGS-6CF4D94C,"MEP rough-in part for Duct Fittings | Rectangular Tee | Standard | 19""x19""-19""x19""-19""x19""",Parts,MEP Rough-In,EACH,,,,,,,
MEP_DUCT_FITTINGS_RECTANGULAR_TEE_STANDARD_19_X19_19_X19_7_X19,"MEP Duct Fittings | Rectangular Tee | Standard | 19""x19""-19""x19""-7""x19""",PART-MEP_DUCT_FITTINGS-AE9AD7FA,"MEP rough-in part for Duct Fittings | Rectangular Tee | Standard | 19""x19""-19""x19""-7""x19""",Parts,MEP Rough-In,EACH,,,,,,,
MEP_DUCT_FITTINGS_RECTANGULAR_TEE_STANDARD_19_X20_14_X20_14_X20,"MEP Duct Fittings | Rectangular Tee | Standard | 19""x20""-14""x20""-14""x20""",PART-MEP_DUCT_FITTINGS-712611DB,"MEP rough-in part for Duct Fittings | Rectangular Tee | Standard | 19""x20""-14""x20""-14""x20""",Parts,MEP Rough-In,EACH,,,,,,,
MEP_DUCT_FITTINGS_RECTANGULAR_TEE_STANDARD_22_X22_22_X22_12_X22,"MEP Duct Fittings | Rectangular Tee | Standard | 22""x22""-22""x22""-12""x22""",PART-MEP_DUCT_FITTINGS-D952D0F7,"MEP rough-in part for Duct Fittings | Rectangular Tee | Standard | 22""x22""-22""x22""-12""x22""",Parts,MEP Rough-In,EACH,,,,,,,
MEP_DUCT_FITTINGS_RECTANGULAR_TEE_STANDARD_22_X24_22_X24_16_X24,"MEP Duct Fittings | Rectangular Tee | Standard | 22""x24""-22""x24""-16""x24""",PART-MEP_DUCT_FITTINGS-6E108DA1,"MEP rough-in part for Duct Fittings | Rectangular Tee | Standard | 22""x24""-22""x24""-16""x24""",Parts,MEP Rough-In,EACH,,,,,,,
MEP_DUCT_FITTINGS_RECTANGULAR_TEE_STANDARD_28_X22_28_X22_12_X22,"MEP Duct Fittings | Rectangular Tee | Standard | 28""x22""-28""x22""-12""x22""",PART-MEP_DUCT_FITTINGS-FA2A5976,"MEP rough-in part for Duct Fittings | Rectangular Tee | Standard | 28""x22""-28""x22""-12""x22""",Parts,MEP Rough-In,EACH,,,,,,,
MEP_DUCT_FITTINGS_RECTANGULAR_TEE_STANDARD_30_X15_30_X15_14_X15,"MEP Duct Fittings | Rectangular Tee | Standard | 30""x15""-30""x15""-14""x15""",PART-MEP_DUCT_FITTINGS-56CACDFA,"MEP rough-in part for Duct Fittings | Rectangular Tee | Standard | 30""x15""-30""x15""-14""x15""",Parts,MEP Rough-In,EACH,,,,,,,
MEP_DUCT_FITTINGS_RECTANGULAR_TEE_STANDARD_3_X3_3_X3_3_X3,"MEP Duct Fittings | Rectangular Tee | Standard | 3""x3""-3""x3""-3""x3""",PART-MEP_DUCT_FITTINGS-2742C270,"MEP rough-in part for Duct Fittings | Rectangular Tee | Standard | 3""x3""-3""x3""-3""x3""",Parts,MEP Rough-In,EACH,,,,,,,
MEP_DUCT_FITTINGS_RECTANGULAR_TEE_STANDARD_4_X4_4_X4_3_X4,"MEP Duct Fittings | Rectangular Tee | Standard | 4""x4""-4""x4""-3""x4""",PART-MEP_DUCT_FITTINGS-6DF8FA07,"MEP rough-in part for Duct Fittings | Rectangular Tee | Standard | 4""x4""-4""x4""-3""x4""",Parts,MEP Rough-In,EACH,,,,,,,
MEP_DUCT_FITTINGS_RECTANGULAR_TEE_STANDARD_4_X4_4_X4_4_X4,"MEP Duct Fittings | Rectangular Tee | Standard | 4""x4""-4""x4""-4""x4""",PART-MEP_DUCT_FITTINGS-BC791144,"MEP rough-in part for Duct Fittings | Rectangular Tee | Standard | 4""x4""-4""x4""-4""x4""",Parts,MEP Rough-In,EACH,,,,,,,
MEP_DUCT_FITTINGS_RECTANGULAR_TEE_STANDARD_4_X5_4_X5_3_X5,"MEP Duct Fittings | Rectangular Tee | Standard | 4""x5""-4""x5""-3""x5""",PART-MEP_DUCT_FITTINGS-3B2A8FD1,"MEP rough-in part for Duct Fittings | Rectangular Tee | Standard | 4""x5""-4""x5""-3""x5""",Parts,MEP Rough-In,EACH,,,,,,,
MEP_DUCT_FITTINGS_RECTANGULAR_TEE_STANDARD_5_X5_5_X5_3_X5,"MEP Duct Fittings | Rectangular Tee | Standard | 5""x5""-5""x5""-3""x5""",PART-MEP_DUCT_FITTINGS-8D1F8B67,"MEP rough-in part for Duct Fittings | Rectangular Tee | Standard | 5""x5""-5""x5""-3""x5""",Parts,MEP Rough-In,EACH,,,,,,,
MEP_DUCT_FITTINGS_RECTANGULAR_TEE_STANDARD_5_X5_5_X5_4_X5,"MEP Duct Fittings | Rectangular Tee | Standard | 5""x5""-5""x5""-4""x5""",PART-MEP_DUCT_FITTINGS-513DADD1,"MEP rough-in part for Duct Fittings | Rectangular Tee | Standard | 5""x5""-5""x5""-4""x5""",Parts,MEP Rough-In,EACH,,,,,,,
MEP_DUCT_FITTINGS_RECTANGULAR_TEE_STANDARD_5_X6_5_X6_3_X6,"MEP Duct Fittings | Rectangular Tee | Standard | 5""x6""-5""x6""-3""x6""",PART-MEP_DUCT_FITTINGS-C56EC73B,"MEP rough-in part for Duct Fittings | Rectangular Tee | Standard | 5""x6""-5""x6""-3""x6""",Parts,MEP Rough-In,EACH,,,,,,,
MEP_DUCT_FITTINGS_RECTANGULAR_TEE_STANDARD_6_X6_6_X6_3_X6,"MEP Duct Fittings | Rectangular Tee | Standard | 6""x6""-6""x6""-3""x6""",PART-MEP_DUCT_FITTINGS-952E6ACE,"MEP rough-in part for Duct Fittings | Rectangular Tee | Standard | 6""x6""-6""x6""-3""x6""",Parts,MEP Rough-In,EACH,,,,,,,
MEP_DUCT_FITTINGS_RECTANGULAR_TEE_STANDARD_6_X6_6_X6_4_X6,"MEP Duct Fittings | Rectangular Tee | Standard | 6""x6""-6""x6""-4""x6""",PART-MEP_DUCT_FITTINGS-C75124CC,"MEP rough-in part for Duct Fittings | Rectangular Tee | Standard | 6""x6""-6""x6""-4""x6""",Parts,MEP Rough-In,EACH,,,,,,,
MEP_DUCT_FITTINGS_RECTANGULAR_TEE_STANDARD_6_X7_6_X7_3_X7,"MEP Duct Fittings | Rectangular Tee | Standard | 6""x7""-6""x7""-3""x7""",PART-MEP_DUCT_FITTINGS-D6DEAADD,"MEP rough-in part for Duct Fittings | Rectangular Tee | Standard | 6""x7""-6""x7""-3""x7""",Parts,MEP Rough-In,EACH,,,,,,,
MEP_DUCT_FITTINGS_RECTANGULAR_TEE_STANDARD_6_X7_6_X7_4_X7,"MEP Duct Fittings | Rectangular Tee | Standard | 6""x7""-6""x7""-4""x7""",PART-MEP_DUCT_FITTINGS-F27B755A,"MEP rough-in part for Duct Fittings | Rectangular Tee | Standard | 6""x7""-6""x7""-4""x7""",Parts,MEP Rough-In,EACH,,,,,,,
MEP_DUCT_FITTINGS_RECTANGULAR_TEE_STANDARD_7_X7_7_X7_3_X7,"MEP Duct Fittings | Rectangular Tee | Standard | 7""x7""-7""x7""-3""x7""",PART-MEP_DUCT_FITTINGS-12032D80,"MEP rough-in part for Duct Fittings | Rectangular Tee | Standard | 7""x7""-7""x7""-3""x7""",Parts,MEP Rough-In,EACH,,,,,,,
MEP_DUCT_FITTINGS_RECTANGULAR_TEE_STANDARD_7_X7_7_X7_4_X7,"MEP Duct Fittings | Rectangular Tee | Standard | 7""x7""-7""x7""-4""x7""",PART-MEP_DUCT_FITTINGS-4A831F3F,"MEP rough-in part for Duct Fittings | Rectangular Tee | Standard | 7""x7""-7""x7""-4""x7""",Parts,MEP Rough-In,EACH,,,,,,,
MEP_DUCT_FITTINGS_RECTANGULAR_TEE_STANDARD_7_X7_7_X7_6_X7,"MEP Duct Fittings | Rectangular Tee | Standard | 7""x7""-7""x7""-6""x7""",PART-MEP_DUCT_FITTINGS-7330ED6A,"MEP rough-in part for Duct Fittings | Rectangular Tee | Standard | 7""x7""-7""x7""-6""x7""",Parts,MEP Rough-In,EACH,,,,,,,
MEP_DUCT_FITTINGS_RECTANGULAR_TEE_STANDARD_7_X8_4_X8_4_X8,"MEP Duct Fittings | Rectangular Tee | Standard | 7""x8""-4""x8""-4""x8""",PART-MEP_DUCT_FITTINGS-A6854F03,"MEP rough-in part for Duct Fittings | Rectangular Tee | Standard | 7""x8""-4""x8""-4""x8""",Parts,MEP Rough-In,EACH,,,,,,,
MEP_DUCT_FITTINGS_RECTANGULAR_TEE_STANDARD_7_X8_7_X8_3_X8,"MEP Duct Fittings | Rectangular Tee | Standard | 7""x8""-7""x8""-3""x8""",PART-MEP_DUCT_FITTINGS-530664DA,"MEP rough-in part for Duct Fittings | Rectangular Tee | Standard | 7""x8""-7""x8""-3""x8""",Parts,MEP Rough-In,EACH,,,,,,,
MEP_DUCT_FITTINGS_RECTANGULAR_TEE_STANDARD_7_X8_7_X8_4_X8,"MEP Duct Fittings | Rectangular Tee | Standard | 7""x8""-7""x8""-4""x8""",PART-MEP_DUCT_FITTINGS-19AC4160,"MEP rough-in part for Duct Fittings | Rectangular Tee | Standard | 7""x8""-7""x8""-4""x8""",Parts,MEP Rough-In,EACH,,,,,,,
MEP_DUCT_FITTINGS_RECTANGULAR_TEE_STANDARD_8_X8_4_X8_4_X8,"MEP Duct Fittings | Rectangular Tee | Standard | 8""x8""-4""x8""-4""x8""",PART-MEP_DUCT_FITTINGS-343D3F02,"MEP rough-in part for Duct Fittings | Rectangular Tee | Standard | 8""x8""-4""x8""-4""x8""",Parts,MEP Rough-In,EACH,,,,,,,
MEP_DUCT_FITTINGS_RECTANGULAR_TEE_STANDARD_8_X8_8_X8_3_X8,"MEP Duct Fittings | Rectangular Tee | Standard | 8""x8""-8""x8""-3""x8""",PART-MEP_DUCT_FITTINGS-DB17AF94,"MEP rough-in part for Duct Fittings | Rectangular Tee | Standard | 8""x8""-8""x8""-3""x8""",Parts,MEP Rough-In,EACH,,,,,,,
MEP_DUCT_FITTINGS_RECTANGULAR_TEE_STANDARD_8_X8_8_X8_6_X8,"MEP Duct Fittings | Rectangular Tee | Standard | 8""x8""-8""x8""-6""x8""",PART-MEP_DUCT_FITTINGS-4CCA5B44,"MEP rough-in part for Duct Fittings | Rectangular Tee | Standard | 8""x8""-8""x8""-6""x8""",Parts,MEP Rough-In,EACH,,,,,,,
MEP_DUCT_FITTINGS_RECTANGULAR_TEE_STANDARD_8_X9_6_X9_6_X9,"MEP Duct Fittings | Rectangular Tee | Standard | 8""x9""-6""x9""-6""x9""",PART-MEP_DUCT_FITTINGS-32546B1B,"MEP rough-in part for Duct Fittings | Rectangular Tee | Standard | 8""x9""-6""x9""-6""x9""",Parts,MEP Rough-In,EACH,,,,,,,
MEP_DUCT_FITTINGS_RECTANGULAR_TEE_STANDARD_8_X9_8_X9_3_X9,"MEP Duct Fittings | Rectangular Tee | Standard | 8""x9""-8""x9""-3""x9""",PART-MEP_DUCT_FITTINGS-B43D564D,"MEP rough-in part for Duct Fittings | Rectangular Tee | Standard | 8""x9""-8""x9""-3""x9""",Parts,MEP Rough-In,EACH,,,,,,,
MEP_DUCT_FITTINGS_RECTANGULAR_TEE_STANDARD_8_X9_8_X9_4_X9,"MEP Duct Fittings | Rectangular Tee | Standard | 8""x9""-8""x9""-4""x9""",PART-MEP_DUCT_FITTINGS-D691652C,"MEP rough-in part for Duct Fittings | Rectangular Tee | Standard | 8""x9""-8""x9""-4""x9""",Parts,MEP Rough-In,EACH,,,,,,,
MEP_DUCT_FITTINGS_RECTANGULAR_TEE_STANDARD_9_X10_9_X10_3_X10,"MEP Duct Fittings | Rectangular Tee | Standard | 9""x10""-9""x10""-3""x10""",PART-MEP_DUCT_FITTINGS-BC298975,"MEP rough-in part for Duct Fittings | Rectangular Tee | Standard | 9""x10""-9""x10""-3""x10""",Parts,MEP Rough-In,EACH,,,,,,,
MEP_DUCT_FITTINGS_RECTANGULAR_TEE_STANDARD_9_X10_9_X10_7_X10,"MEP Duct Fittings | Rectangular Tee | Standard | 9""x10""-9""x10""-7""x10""",PART-MEP_DUCT_FITTINGS-D5222B56,"MEP rough-in part for Duct Fittings | Rectangular Tee | Standard | 9""x10""-9""x10""-7""x10""",Parts,MEP Rough-In,EACH,,,,,,,
MEP_DUCT_FITTINGS_RECTANGULAR_TEE_STANDARD_9_X9_9_X9_3_X9,"MEP Duct Fittings | Rectangular Tee | Standard | 9""x9""-9""x9""-3""x9""",PART-MEP_DUCT_FITTINGS-150AF220,"MEP rough-in part for Duct Fittings | Rectangular Tee | Standard | 9""x9""-9""x9""-3""x9""",Parts,MEP Rough-In,EACH,,,,,,,
MEP_DUCT_FITTINGS_RECTANGULAR_TEE_STANDARD_9_X9_9_X9_6_X9,"MEP Duct Fittings | Rectangular Tee | Standard | 9""x9""-9""x9""-6""x9""",PART-MEP_DUCT_FITTINGS-DAE6EEE5,"MEP rough-in part for Duct Fittings | Rectangular Tee | Standard | 9""x9""-9""x9""-6""x9""",Parts,MEP Rough-In,EACH,,,,,,,
MEP_DUCT_FITTINGS_RECTANGULAR_TO_ROUND_TRANSITION_ANGLE_45_DEGREE_12_X13_14_Ø,"MEP Duct Fittings | Rectangular to Round Transition - Angle | 45 Degree | 12""x13""-14""ø",PART-MEP_DUCT_FITTINGS-D2AC5B6A,"MEP rough-in part for Duct Fittings | Rectangular to Round Transition - Angle | 45 Degree | 12""x13""-14""ø",Parts,MEP Rough-In,EACH,,,,,,,
MEP_DUCT_FITTINGS_RECTANGULAR_TO_ROUND_TRANSITION_ANGLE_45_DEGREE_14_X14_16_Ø,"MEP Duct Fittings | Rectangular to Round Transition - Angle | 45 Degree | 14""x14""-16""ø",PART-MEP_DUCT_FITTINGS-15E9D764,"MEP rough-in part for Duct Fittings | Rectangular to Round Transition - Angle | 45 Degree | 14""x14""-16""ø",Parts,MEP Rough-In,EACH,,,,,,,
MEP_DUCT_FITTINGS_RECTANGULAR_TO_ROUND_TRANSITION_ANGLE_45_DEGREE_14_Ø_12_X12,"MEP Duct Fittings | Rectangular to Round Transition - Angle | 45 Degree | 14""ø-12""x12""",PART-MEP_DUCT_FITTINGS-81D37A81,"MEP rough-in part for Duct Fittings | Rectangular to Round Transition - Angle | 45 Degree | 14""ø-12""x12""",Parts,MEP Rough-In,EACH,,,,,,,
MEP_DUCT_FITTINGS_RECTANGULAR_TO_ROUND_TRANSITION_ANGLE_45_DEGREE_3_X10_3_Ø,"MEP Duct Fittings | Rectangular to Round Transition - Angle | 45 Degree | 3""x10""-3""ø",PART-MEP_DUCT_FITTINGS-006F31DB,"MEP rough-in part for Duct Fittings | Rectangular to Round Transition - Angle | 45 Degree | 3""x10""-3""ø",Parts,MEP Rough-In,EACH,,,,,,,
MEP_DUCT_FITTINGS_RECTANGULAR_TO_ROUND_TRANSITION_ANGLE_45_DEGREE_3_X12_3_Ø,"MEP Duct Fittings | Rectangular to Round Transition - Angle | 45 Degree | 3""x12""-3""ø",PART-MEP_DUCT_FITTINGS-6F88A8AE,"MEP rough-in part for Duct Fittings | Rectangular to Round Transition - Angle | 45 Degree | 3""x12""-3""ø",Parts,MEP Rough-In,EACH,,,,,,,
MEP_DUCT_FITTINGS_RECTANGULAR_TO_ROUND_TRANSITION_ANGLE_45_DEGREE_3_X13_3_Ø,"MEP Duct Fittings | Rectangular to Round Transition - Angle | 45 Degree | 3""x13""-3""ø",PART-MEP_DUCT_FITTINGS-1A074ED0,"MEP rough-in part for Duct Fittings | Rectangular to Round Transition - Angle | 45 Degree | 3""x13""-3""ø",Parts,MEP Rough-In,EACH,,,,,,,
MEP_DUCT_FITTINGS_RECTANGULAR_TO_ROUND_TRANSITION_ANGLE_45_DEGREE_3_X3_3_Ø,"MEP Duct Fittings | Rectangular to Round Transition - Angle | 45 Degree | 3""x3""-3""ø",PART-MEP_DUCT_FITTINGS-8E494B88,"MEP rough-in part for Duct Fittings | Rectangular to Round Transition - Angle | 45 Degree | 3""x3""-3""ø",Parts,MEP Rough-In,EACH,,,,,,,
MEP_DUCT_FITTINGS_RECTANGULAR_TO_ROUND_TRANSITION_ANGLE_45_DEGREE_3_X5_3_Ø,"MEP Duct Fittings | Rectangular to Round Transition - Angle | 45 Degree | 3""x5""-3""ø",PART-MEP_DUCT_FITTINGS-E21975AA,"MEP rough-in part for Duct Fittings | Rectangular to Round Transition - Angle | 45 Degree | 3""x5""-3""ø",Parts,MEP Rough-In,EACH,,,,,,,
MEP_DUCT_FITTINGS_RECTANGULAR_TO_ROUND_TRANSITION_ANGLE_45_DEGREE_4_X4_3_Ø,"MEP Duct Fittings | Rectangular to Round Transition - Angle | 45 Degree | 4""x4""-3""ø",PART-MEP_DUCT_FITTINGS-2F8044E2,"MEP rough-in part for Duct Fittings | Rectangular to Round Transition - Angle | 45 Degree | 4""x4""-3""ø",Parts,MEP Rough-In,EACH,,,,,,,
MEP_DUCT_FITTINGS_RECTANGULAR_TO_ROUND_TRANSITION_ANGLE_45_DEGREE_4_X4_4_Ø,"MEP Duct Fittings | Rectangular to Round Transition - Angle | 45 Degree | 4""x4""-4""ø",PART-MEP_DUCT_FITTINGS-4E4641FA,"MEP rough-in part for Duct Fittings | Rectangular to Round Transition - Angle | 45 Degree | 4""x4""-4""ø",Parts,MEP Rough-In,EACH,,,,,,,
MEP_DUCT_FITTINGS_RECTANGULAR_TO_ROUND_TRANSITION_ANGLE_45_DEGREE_4_X5_4_Ø,"MEP Duct Fittings | Rectangular to Round Transition - Angle | 45 Degree | 4""x5""-4""ø",PART-MEP_DUCT_FITTINGS-3418AAA8,"MEP rough-in part for Duct Fittings | Rectangular to Round Transition - Angle | 45 Degree | 4""x5""-4""ø",Parts,MEP Rough-In,EACH,,,,,,,
MEP_DUCT_FITTINGS_RECTANGULAR_TO_ROUND_TRANSITION_ANGLE_45_DEGREE_4_X6_4_Ø,"MEP Duct Fittings | Rectangular to Round Transition - Angle | 45 Degree | 4""x6""-4""ø",PART-MEP_DUCT_FITTINGS-4FB104AE,"MEP rough-in part for Duct Fittings | Rectangular to Round Transition - Angle | 45 Degree | 4""x6""-4""ø",Parts,MEP Rough-In,EACH,,,,,,,
MEP_DUCT_FITTINGS_RECTANGULAR_TO_ROUND_TRANSITION_ANGLE_45_DEGREE_4_X7_4_Ø,"MEP Duct Fittings | Rectangular to Round Transition - Angle | 45 Degree | 4""x7""-4""ø",PART-MEP_DUCT_FITTINGS-B4D9FA01,"MEP rough-in part for Duct Fittings | Rectangular to Round Transition - Angle | 45 Degree | 4""x7""-4""ø",Parts,MEP Rough-In,EACH,,,,,,,
MEP_DUCT_FITTINGS_RECTANGULAR_TO_ROUND_TRANSITION_ANGLE_45_DEGREE_4_X8_4_Ø,"MEP Duct Fittings | Rectangular to Round Transition - Angle | 45 Degree | 4""x8""-4""ø",PART-MEP_DUCT_FITTINGS-5C5E5484,"MEP rough-in part for Duct Fittings | Rectangular to Round Transition - Angle | 45 Degree | 4""x8""-4""ø",Parts,MEP Rough-In,EACH,,,,,,,
MEP_DUCT_FITTINGS_RECTANGULAR_TO_ROUND_TRANSITION_ANGLE_45_DEGREE_4_X9_4_Ø,"MEP Duct Fittings | Rectangular to Round Transition - Angle | 45 Degree | 4""x9""-4""ø",PART-MEP_DUCT_FITTINGS-E58DDC96,"MEP rough-in part for Duct Fittings | Rectangular to Round Transition - Angle | 45 Degree | 4""x9""-4""ø",Parts,MEP Rough-In,EACH,,,,,,,
MEP_DUCT_FITTINGS_RECTANGULAR_TO_ROUND_TRANSITION_ANGLE_45_DEGREE_4_Ø_3_X3,"MEP Duct Fittings | Rectangular to Round Transition - Angle | 45 Degree | 4""ø-3""x3""",PART-MEP_DUCT_FITTINGS-5224F8CF,"MEP rough-in part for Duct Fittings | Rectangular to Round Transition - Angle | 45 Degree | 4""ø-3""x3""",Parts,MEP Rough-In,EACH,,,,,,,
MEP_DUCT_FITTINGS_RECTANGULAR_TO_ROUND_TRANSITION_ANGLE_45_DEGREE_4_Ø_4_X4,"MEP Duct Fittings | Rectangular to Round Transition - Angle | 45 Degree | 4""ø-4""x4""",PART-MEP_DUCT_FITTINGS-9C566D06,"MEP rough-in part for Duct Fittings | Rectangular to Round Transition - Angle | 45 Degree | 4""ø-4""x4""",Parts,MEP Rough-In,EACH,,,,,,,
MEP_DUCT_FITTINGS_RECTANGULAR_TO_ROUND_TRANSITION_ANGLE_45_DEGREE_5_X5_5_Ø,"MEP Duct Fittings | Rectangular to Round Transition - Angle | 45 Degree | 5""x5""-5""ø",PART-MEP_DUCT_FITTINGS-17477F9E,"MEP rough-in part for Duct Fittings | Rectangular to Round Transition - Angle | 45 Degree | 5""x5""-5""ø",Parts,MEP Rough-In,EACH,,,,,,,
MEP_DUCT_FITTINGS_RECTANGULAR_TO_ROUND_TRANSITION_ANGLE_45_DEGREE_5_Ø_4_X4,"MEP Duct Fittings | Rectangular to Round Transition - Angle | 45 Degree | 5""ø-4""x4""",PART-MEP_DUCT_FITTINGS-72B39615,"MEP rough-in part for Duct Fittings | Rectangular to Round Transition - Angle | 45 Degree | 5""ø-4""x4""",Parts,MEP Rough-In,EACH,,,,,,,
MEP_DUCT_FITTINGS_RECTANGULAR_TO_ROUND_TRANSITION_ANGLE_45_DEGREE_5_Ø_4_X5,"MEP Duct Fittings | Rectangular to Round Transition - Angle | 45 Degree | 5""ø-4""x5""",PART-MEP_DUCT_FITTINGS-EA15F7E7,"MEP rough-in part for Duct Fittings | Rectangular to Round Transition - Angle | 45 Degree | 5""ø-4""x5""",Parts,MEP Rough-In,EACH,,,,,,,
MEP_DUCT_FITTINGS_RECTANGULAR_TO_ROUND_TRANSITION_ANGLE_45_DEGREE_6_X6_5_Ø,"MEP Duct Fittings | Rectangular to Round Transition - Angle | 45 Degree | 6""x6""-5""ø",PART-MEP_DUCT_FITTINGS-9158C1B0,"MEP rough-in part for Duct Fittings | Rectangular to Round Transition - Angle | 45 Degree | 6""x6""-5""ø",Parts,MEP Rough-In,EACH,,,,,,,
MEP_DUCT_FITTINGS_RECTANGULAR_TO_ROUND_TRANSITION_ANGLE_45_DEGREE_6_X7_7_Ø,"MEP Duct Fittings | Rectangular to Round Transition - Angle | 45 Degree | 6""x7""-7""ø",PART-MEP_DUCT_FITTINGS-F6BCE655,"MEP rough-in part for Duct Fittings | Rectangular to Round Transition - Angle | 45 Degree | 6""x7""-7""ø",Parts,MEP Rough-In,EACH,,,,,,,
MEP_DUCT_FITTINGS_RECTANGULAR_TO_ROUND_TRANSITION_ANGLE_45_DEGREE_6_X8_7_Ø,"MEP Duct Fittings | Rectangular to Round Transition - Angle | 45 Degree | 6""x8""-7""ø",PART-MEP_DUCT_FITTINGS-0723161B,"MEP rough-in part for Duct Fittings | Rectangular to Round Transition - Angle | 45 Degree | 6""x8""-7""ø",Parts,MEP Rough-In,EACH,,,,,,,
MEP_DUCT_FITTINGS_RECTANGULAR_TO_ROUND_TRANSITION_ANGLE_45_DEGREE_6_X9_7_Ø,"MEP Duct Fittings | Rectangular to Round Transition - Angle | 45 Degree | 6""x9""-7""ø",PART-MEP_DUCT_FITTINGS-9D185EE6,"MEP rough-in part for Duct Fittings | Rectangular to Round Transition - Angle | 45 Degree | 6""x9""-7""ø",Parts,MEP Rough-In,EACH,,,,,,,
MEP_DUCT_FITTINGS_RECTANGULAR_TO_ROUND_TRANSITION_ANGLE_45_DEGREE_6_Ø_3_X3,"MEP Duct Fittings | Rectangular to Round Transition - Angle | 45 Degree | 6""ø-3""x3""",PART-MEP_DUCT_FITTINGS-BDBDE16E,"MEP rough-in part for Duct Fittings | Rectangular to Round Transition - Angle | 45 Degree | 6""ø-3""x3""",Parts,MEP Rough-In,EACH,,,,,,,
MEP_DUCT_FITTINGS_RECTANGULAR_TO_ROUND_TRANSITION_ANGLE_45_DEGREE_6_Ø_5_X5,"MEP Duct Fittings | Rectangular to Round Transition - Angle | 45 Degree | 6""ø-5""x5""",PART-MEP_DUCT_FITTINGS-6D014C9D,"MEP rough-in part for Duct Fittings | Rectangular to Round Transition - Angle | 45 Degree | 6""ø-5""x5""",Parts,MEP Rough-In,EACH,,,,,,,
MEP_DUCT_FITTINGS_RECTANGULAR_TO_ROUND_TRANSITION_ANGLE_45_DEGREE_7_Ø_6_X6,"MEP Duct Fittings | Rectangular to Round Transition - Angle | 45 Degree | 7""ø-6""x6""",PART-MEP_DUCT_FITTINGS-40102E0E,"MEP rough-in part for Duct Fittings | Rectangular to Round Transition - Angle | 45 Degree | 7""ø-6""x6""",Parts,MEP Rough-In,EACH,,,,,,,
MEP_DUCT_FITTINGS_RECTANGULAR_TO_ROUND_TRANSITION_ANGLE_45_DEGREE_8_Ø_6_X6,"MEP Duct Fittings | Rectangular to Round Transition - Angle | 45 Degree | 8""ø-6""x6""",PART-MEP_DUCT_FITTINGS-0B3C1C15,"MEP rough-in part for Duct Fittings | Rectangular to Round Transition - Angle | 45 Degree | 8""ø-6""x6""",Parts,MEP Rough-In,EACH,,,,,,,
MEP_DUCT_FITTINGS_RECTANGULAR_TO_ROUND_TRANSITION_ANGLE_45_DEGREE_8_Ø_6_X7,"MEP Duct Fittings | Rectangular to Round Transition - Angle | 45 Degree | 8""ø-6""x7""",PART-MEP_DUCT_FITTINGS-E7E1CEE7,"MEP rough-in part for Duct Fittings | Rectangular to Round Transition - Angle | 45 Degree | 8""ø-6""x7""",Parts,MEP Rough-In,EACH,,,,,,,
MEP_DUCT_FITTINGS_RECTANGULAR_TO_ROUND_TRANSITION_ANGLE_45_DEGREE_8_Ø_7_X7,"MEP Duct Fittings | Rectangular to Round Transition - Angle | 45 Degree | 8""ø-7""x7""",PART-MEP_DUCT_FITTINGS-0678185D,"MEP rough-in part for Duct Fittings | Rectangular to Round Transition - Angle | 45 Degree | 8""ø-7""x7""",Parts,MEP Rough-In,EACH,,,,,,,
MEP_DUCT_FITTINGS_RECTANGULAR_TO_ROUND_TRANSITION_ANGLE_45_DEGREE_9_X10_9_Ø,"MEP Duct Fittings | Rectangular to Round Transition - Angle | 45 Degree | 9""x10""-9""ø",PART-MEP_DUCT_FITTINGS-DBB504F1,"MEP rough-in part for Duct Fittings | Rectangular to Round Transition - Angle | 45 Degree | 9""x10""-9""ø",Parts,MEP Rough-In,EACH,,,,,,,
MEP_DUCT_FITTINGS_RECTANGULAR_TO_ROUND_TRANSITION_ANGLE_45_DEGREE_9_Ø_6_X6,"MEP Duct Fittings | Rectangular to Round Transition - Angle | 45 Degree | 9""ø-6""x6""",PART-MEP_DUCT_FITTINGS-033596E3,"MEP rough-in part for Duct Fittings | Rectangular to Round Transition - Angle | 45 Degree | 9""ø-6""x6""",Parts,MEP Rough-In,EACH,,,,,,,
MEP_DUCT_FITTINGS_RECTANGULAR_TO_ROUND_TRANSITION_ANGLE_45_DEGREE_9_Ø_7_X8,"MEP Duct Fittings | Rectangular to Round Transition - Angle | 45 Degree | 9""ø-7""x8""",PART-MEP_DUCT_FITTINGS-8A7DF48C,"MEP rough-in part for Duct Fittings | Rectangular to Round Transition - Angle | 45 Degree | 9""ø-7""x8""",Parts,MEP Rough-In,EACH,,,,,,,
MEP_DUCT_FITTINGS_RECTANGULAR_TRANSITION_ANGLE_45_DEGREE_10_X10_7_X5,"MEP Duct Fittings | Rectangular Transition - Angle | 45 Degree | 10""x10""-7""x5""",PART-MEP_DUCT_FITTINGS-DED1E82C,"MEP rough-in part for Duct Fittings | Rectangular Transition - Angle | 45 Degree | 10""x10""-7""x5""",Parts,MEP Rough-In,EACH,,,,,,,
MEP_DUCT_FITTINGS_RECTANGULAR_TRANSITION_ANGLE_45_DEGREE_10_X10_8_X8,"MEP Duct Fittings | Rectangular Transition - Angle | 45 Degree | 10""x10""-8""x8""",PART-MEP_DUCT_FITTINGS-75F04021,"MEP rough-in part for Duct Fittings | Rectangular Transition - Angle | 45 Degree | 10""x10""-8""x8""",Parts,MEP Rough-In,EACH,,,,,,,
MEP_DUCT_FITTINGS_RECTANGULAR_TRANSITION_ANGLE_45_DEGREE_10_X12_10_X11,"MEP Duct Fittings | Rectangular Transition - Angle | 45 Degree | 10""x12""-10""x11""",PART-MEP_DUCT_FITTINGS-1F1BF52C,"MEP rough-in part for Duct Fittings | Rectangular Transition - Angle | 45 Degree | 10""x12""-10""x11""",Parts,MEP Rough-In,EACH,,,,,,,
MEP_DUCT_FITTINGS_RECTANGULAR_TRANSITION_ANGLE_45_DEGREE_11_X11_9_X10,"MEP Duct Fittings | Rectangular Transition - Angle | 45 Degree | 11""x11""-9""x10""",PART-MEP_DUCT_FITTINGS-A630247A,"MEP rough-in part for Duct Fittings | Rectangular Transition - Angle | 45 Degree | 11""x11""-9""x10""",Parts,MEP Rough-In,EACH,,,,,,,
MEP_DUCT_FITTINGS_RECTANGULAR_TRANSITION_ANGLE_45_DEGREE_11_X12_11_X11,"MEP Duct Fittings | Rectangular Transition - Angle | 45 Degree | 11""x12""-11""x11""",PART-MEP_DUCT_FITTINGS-5C1F2F96,"MEP rough-in part for Duct Fittings | Rectangular Transition - Angle | 45 Degree | 11""x12""-11""x11""",Parts,MEP Rough-In,EACH,,,,,,,
MEP_DUCT_FITTINGS_RECTANGULAR_TRANSITION_ANGLE_45_DEGREE_11_X12_12_X11,"MEP Duct Fittings | Rectangular Transition - Angle | 45 Degree | 11""x12""-12""x11""",PART-MEP_DUCT_FITTINGS-86F29C4F,"MEP rough-in part for Duct Fittings | Rectangular Transition - Angle | 45 Degree | 11""x12""-12""x11""",Parts,MEP Rough-In,EACH,,,,,,,
MEP_DUCT_FITTINGS_RECTANGULAR_TRANSITION_ANGLE_45_DEGREE_11_X12_12_X8,"MEP Duct Fittings | Rectangular Transition - Angle | 45 Degree | 11""x12""-12""x8""",PART-MEP_DUCT_FITTINGS-F85D73C5,"MEP rough-in part for Duct Fittings | Rectangular Transition - Angle | 45 Degree | 11""x12""-12""x8""",Parts,MEP Rough-In,EACH,,,,,,,
MEP_DUCT_FITTINGS_RECTANGULAR_TRANSITION_ANGLE_45_DEGREE_11_X7_7_X7,"MEP Duct Fittings | Rectangular Transition - Angle | 45 Degree | 11""x7""-7""x7""",PART-MEP_DUCT_FITTINGS-D10066D0,"MEP rough-in part for Duct Fittings | Rectangular Transition - Angle | 45 Degree | 11""x7""-7""x7""",Parts,MEP Rough-In,EACH,,,,,,,
MEP_DUCT_FITTINGS_RECTANGULAR_TRANSITION_ANGLE_45_DEGREE_12_X10_12_X9,"MEP Duct Fittings | Rectangular Transition - Angle | 45 Degree | 12""x10""-12""x9""",PART-MEP_DUCT_FITTINGS-DD6CFFA4,"MEP rough-in part for Duct Fittings | Rectangular Transition - Angle | 45 Degree | 12""x10""-12""x9""",Parts,MEP Rough-In,EACH,,,,,,,
MEP_DUCT_FITTINGS_RECTANGULAR_TRANSITION_ANGLE_45_DEGREE_12_X10_13_X9,"MEP Duct Fittings | Rectangular Transition - Angle | 45 Degree | 12""x10""-13""x9""",PART-MEP_DUCT_FITTINGS-C2375050,"MEP rough-in part for Duct Fittings | Rectangular Transition - Angle | 45 Degree | 12""x10""-13""x9""",Parts,MEP Rough-In,EACH,,,,,,,
MEP_DUCT_FITTINGS_RECTANGULAR_TRANSITION_ANGLE_45_DEGREE_12_X12_10_X10,"MEP Duct Fittings | Rectangular Transition - Angle | 45 Degree | 12""x12""-10""x10""",PART-MEP_DUCT_FITTINGS-4492681F,"MEP rough-in part for Duct Fittings | Rectangular Transition - Angle | 45 Degree | 12""x12""-10""x10""",Parts,MEP Rough-In,EACH,,,,,,,
MEP_DUCT_FITTINGS_RECTANGULAR_TRANSITION_ANGLE_45_DEGREE_12_X12_11_X12,"MEP Duct Fittings | Rectangular Transition - Angle | 45 Degree | 12""x12""-11""x12""",PART-MEP_DUCT_FITTINGS-D2A1B563,"MEP rough-in part for Duct Fittings | Rectangular Transition - Angle | 45 Degree | 12""x12""-11""x12""",Parts,MEP Rough-In,EACH,,,,,,,
MEP_DUCT_FITTINGS_RECTANGULAR_TRANSITION_ANGLE_45_DEGREE_12_X12_12_X9,"MEP Duct Fittings | Rectangular Transition - Angle | 45 Degree | 12""x12""-12""x9""",PART-MEP_DUCT_FITTINGS-5302F846,"MEP rough-in part for Duct Fittings | Rectangular Transition - Angle | 45 Degree | 12""x12""-12""x9""",Parts,MEP Rough-In,EACH,,,,,,,
MEP_DUCT_FITTINGS_RECTANGULAR_TRANSITION_ANGLE_45_DEGREE_12_X12_9_X10,"MEP Duct Fittings | Rectangular Transition - Angle | 45 Degree | 12""x12""-9""x10""",PART-MEP_DUCT_FITTINGS-4474E3CA,"MEP rough-in part for Duct Fittings | Rectangular Transition - Angle | 45 Degree | 12""x12""-9""x10""",Parts,MEP Rough-In,EACH,,,,,,,
MEP_DUCT_FITTINGS_RECTANGULAR_TRANSITION_ANGLE_45_DEGREE_12_X13_12_X12,"MEP Duct Fittings | Rectangular Transition - Angle | 45 Degree | 12""x13""-12""x12""",PART-MEP_DUCT_FITTINGS-24CEB67C,"MEP rough-in part for Duct Fittings | Rectangular Transition - Angle | 45 Degree | 12""x13""-12""x12""",Parts,MEP Rough-In,EACH,,,,,,,
MEP_DUCT_FITTINGS_RECTANGULAR_TRANSITION_ANGLE_45_DEGREE_12_X15_12_X12,"MEP Duct Fittings | Rectangular Transition - Angle | 45 Degree | 12""x15""-12""x12""",PART-MEP_DUCT_FITTINGS-14C5C15D,"MEP rough-in part for Duct Fittings | Rectangular Transition - Angle | 45 Degree | 12""x15""-12""x12""",Parts,MEP Rough-In,EACH,,,,,,,
MEP_DUCT_FITTINGS_RECTANGULAR_TRANSITION_ANGLE_45_DEGREE_12_X18_12_X13,"MEP Duct Fittings | Rectangular Transition - Angle | 45 Degree | 12""x18""-12""x13""",PART-MEP_DUCT_FITTINGS-D5B228CA,"MEP rough-in part for Duct Fittings | Rectangular Transition - Angle | 45 Degree | 12""x18""-12""x13""",Parts,MEP Rough-In,EACH,,,,,,,
MEP_DUCT_FITTINGS_RECTANGULAR_TRANSITION_ANGLE_45_DEGREE_12_X22_12_X13,"MEP Duct Fittings | Rectangular Transition - Angle | 45 Degree | 12""x22""-12""x13""",PART-MEP_DUCT_FITTINGS-B1030DFA,"MEP rough-in part for Duct Fittings | Rectangular Transition - Angle | 45 Degree | 12""x22""-12""x13""",Parts,MEP Rough-In,EACH,,,,,,,
MEP_DUCT_FITTINGS_RECTANGULAR_TRANSITION_ANGLE_45_DEGREE_12_X8_8_X9,"MEP Duct Fittings | Rectangular Transition - Angle | 45 Degree | 12""x8""-8""x9""",PART-MEP_DUCT_FITTINGS-7218B363,"MEP rough-in part for Duct Fittings | Rectangular Transition - Angle | 45 Degree | 12""x8""-8""x9""",Parts,MEP Rough-In,EACH,,,,,,,
MEP_DUCT_FITTINGS_RECTANGULAR_TRANSITION_ANGLE_45_DEGREE_12_X9_8_X9,"MEP Duct Fittings | Rectangular Transition - Angle | 45 Degree | 12""x9""-8""x9""",PART-MEP_DUCT_FITTINGS-DBB19693,"MEP rough-in part for Duct Fittings | Rectangular Transition - Angle | 45 Degree | 12""x9""-8""x9""",Parts,MEP Rough-In,EACH,,,,,,,
MEP_DUCT_FITTINGS_RECTANGULAR_TRANSITION_ANGLE_45_DEGREE_13_X13_9_X10,"MEP Duct Fittings | Rectangular Transition - Angle | 45 Degree | 13""x13""-9""x10""",PART-MEP_DUCT_FITTINGS-0DFCEB50,"MEP rough-in part for Duct Fittings | Rectangular Transition - Angle | 45 Degree | 13""x13""-9""x10""",Parts,MEP Rough-In,EACH,,,,,,,
MEP_DUCT_FITTINGS_RECTANGULAR_TRANSITION_ANGLE_45_DEGREE_13_X14_12_X10,"MEP Duct Fittings | Rectangular Transition - Angle | 45 Degree | 13""x14""-12""x10""",PART-MEP_DUCT_FITTINGS-AD43A621,"MEP rough-in part for Duct Fittings | Rectangular Transition - Angle | 45 Degree | 13""x14""-12""x10""",Parts,MEP Rough-In,EACH,,,,,,,
MEP_DUCT_FITTINGS_RECTANGULAR_TRANSITION_ANGLE_45_DEGREE_13_X14_12_X12,"MEP Duct Fittings | Rectangular Transition - Angle | 45 Degree | 13""x14""-12""x12""",PART-MEP_DUCT_FITTINGS-AAA83CFE,"MEP rough-in part for Duct Fittings | Rectangular Transition - Angle | 45 Degree | 13""x14""-12""x12""",Parts,MEP Rough-In,EACH,,,,,,,
MEP_DUCT_FITTINGS_RECTANGULAR_TRANSITION_ANGLE_45_DEGREE_13_X14_12_X13,"MEP Duct Fittings | Rectangular Transition - Angle | 45 Degree | 13""x14""-12""x13""",PART-MEP_DUCT_FITTINGS-37C78048,"MEP rough-in part for Duct Fittings | Rectangular Transition - Angle | 45 Degree | 13""x14""-12""x13""",Parts,MEP Rough-In,EACH,,,,,,,
MEP_DUCT_FITTINGS_RECTANGULAR_TRANSITION_ANGLE_45_DEGREE_14_X13_13_X13,"MEP Duct Fittings | Rectangular Transition - Angle | 45 Degree | 14""x13""-13""x13""",PART-MEP_DUCT_FITTINGS-CF97DD6A,"MEP rough-in part for Duct Fittings | Rectangular Transition - Angle | 45 Degree | 14""x13""-13""x13""",Parts,MEP Rough-In,EACH,,,,,,,
MEP_DUCT_FITTINGS_RECTANGULAR_TRANSITION_ANGLE_45_DEGREE_14_X14_11_X12,"MEP Duct Fittings | Rectangular Transition - Angle | 45 Degree | 14""x14""-11""x12""",PART-MEP_DUCT_FITTINGS-3546AA90,"MEP rough-in part for Duct Fittings | Rectangular Transition - Angle | 45 Degree | 14""x14""-11""x12""",Parts,MEP Rough-In,EACH,,,,,,,
MEP_DUCT_FITTINGS_RECTANGULAR_TRANSITION_ANGLE_45_DEGREE_14_X14_14_X13,"MEP Duct Fittings | Rectangular Transition - Angle | 45 Degree | 14""x14""-14""x13""",PART-MEP_DUCT_FITTINGS-E72CA7DE,"MEP rough-in part for Duct Fittings | Rectangular Transition - Angle | 45 Degree | 14""x14""-14""x13""",Parts,MEP Rough-In,EACH,,,,,,,
MEP_DUCT_FITTINGS_RECTANGULAR_TRANSITION_ANGLE_45_DEGREE_14_X14_14_X9,"MEP Duct Fittings | Rectangular Transition - Angle | 45 Degree | 14""x14""-14""x9""",PART-MEP_DUCT_FITTINGS-86FC2091,"MEP rough-in part for Duct Fittings | Rectangular Transition - Angle | 45 Degree | 14""x14""-14""x9""",Parts,MEP Rough-In,EACH,,,,,,,
MEP_DUCT_FITTINGS_RECTANGULAR_TRANSITION_ANGLE_45_DEGREE_14_X14_3_X3,"MEP Duct Fittings | Rectangular Transition - Angle | 45 Degree | 14""x14""-3""x3""",PART-MEP_DUCT_FITTINGS-1EFC8161,"MEP rough-in part for Duct Fittings | Rectangular Transition - Angle | 45 Degree | 14""x14""-3""x3""",Parts,MEP Rough-In,EACH,,,,,,,
MEP_DUCT_FITTINGS_RECTANGULAR_TRANSITION_ANGLE_45_DEGREE_14_X17_14_X15,"MEP Duct Fittings | Rectangular Transition - Angle | 45 Degree | 14""x17""-14""x15""",PART-MEP_DUCT_FITTINGS-4C77144E,"MEP rough-in part for Duct Fittings | Rectangular Transition - Angle | 45 Degree | 14""x17""-14""x15""",Parts,MEP Rough-In,EACH,,,,,,,
MEP_DUCT_FITTINGS_RECTANGULAR_TRANSITION_ANGLE_45_DEGREE_14_X17_8_X9,"MEP Duct Fittings | Rectangular Transition - Angle | 45 Degree | 14""x17""-8""x9""",PART-MEP_DUCT_FITTINGS-A3788091,"MEP rough-in part for Duct Fittings | Rectangular Transition - Angle | 45 Degree | 14""x17""-8""x9""",Parts,MEP Rough-In,EACH,,,,,,,
MEP_DUCT_FITTINGS_RECTANGULAR_TRANSITION_ANGLE_45_DEGREE_14_X18_14_X15,"MEP Duct Fittings | Rectangular Transition - Angle | 45 Degree | 14""x18""-14""x15""",PART-MEP_DUCT_FITTINGS-1323C450,"MEP rough-in part for Duct Fittings | Rectangular Transition - Angle | 45 Degree | 14""x18""-14""x15""",Parts,MEP Rough-In,EACH,,,,,,,
MEP_DUCT_FITTINGS_RECTANGULAR_TRANSITION_ANGLE_45_DEGREE_14_X20_14_X15,"MEP Duct Fittings | Rectangular Transition - Angle | 45 Degree | 14""x20""-14""x15""",PART-MEP_DUCT_FITTINGS-99CF1DC3,"MEP rough-in part for Duct Fittings | Rectangular Transition - Angle | 45 Degree | 14""x20""-14""x15""",Parts,MEP Rough-In,EACH,,,,,,,
MEP_DUCT_FITTINGS_RECTANGULAR_TRANSITION_ANGLE_45_DEGREE_14_X4_4_X4,"MEP Duct Fittings | Rectangular Transition - Angle | 45 Degree | 14""x4""-4""x4""",PART-MEP_DUCT_FITTINGS-0E4A4535,"MEP rough-in part for Duct Fittings | Rectangular Transition - Angle | 45 Degree | 14""x4""-4""x4""",Parts,MEP Rough-In,EACH,,,,,,,
MEP_DUCT_FITTINGS_RECTANGULAR_TRANSITION_ANGLE_45_DEGREE_14_X9_13_X9,"MEP Duct Fittings | Rectangular Transition - Angle | 45 Degree | 14""x9""-13""x9""",PART-MEP_DUCT_FITTINGS-2D89F3A6,"MEP rough-in part for Duct Fittings | Rectangular Transition - Angle | 45 Degree | 14""x9""-13""x9""",Parts,MEP Rough-In,EACH,,,,,,,
MEP_DUCT_FITTINGS_RECTANGULAR_TRANSITION_ANGLE_45_DEGREE_14_X9_5_X5,"MEP Duct Fittings | Rectangular Transition - Angle | 45 Degree | 14""x9""-5""x5""",PART-MEP_DUCT_FITTINGS-903D11C4,"MEP rough-in part for Duct Fittings | Rectangular Transition - Angle | 45 Degree | 14""x9""-5""x5""",Parts,MEP Rough-In,EACH,,,,,,,
MEP_DUCT_FITTINGS_RECTANGULAR_TRANSITION_ANGLE_45_DEGREE_15_X15_13_X14,"MEP Duct Fittings | Rectangular Transition - Angle | 45 Degree | 15""x15""-13""x14""",PART-MEP_DUCT_FITTINGS-1416F44D,"MEP rough-in part for Duct Fittings | Rectangular Transition - Angle | 45 Degree | 15""x15""-13""x14""",Parts,MEP Rough-In,EACH,,,,,,,
MEP_DUCT_FITTINGS_RECTANGULAR_TRANSITION_ANGLE_45_DEGREE_15_X16_14_X14,"MEP Duct Fittings | Rectangular Transition - Angle | 45 Degree | 15""x16""-14""x14""",PART-MEP_DUCT_FITTINGS-043AA393,"MEP rough-in part for Duct Fittings | Rectangular Transition - Angle | 45 Degree | 15""x16""-14""x14""",Parts,MEP Rough-In,EACH,,,,,,,
MEP_DUCT_FITTINGS_RECTANGULAR_TRANSITION_ANGLE_45_DEGREE_15_X24_24_X15,"MEP Duct Fittings | Rectangular Transition - Angle | 45 Degree | 15""x24""-24""x15""",PART-MEP_DUCT_FITTINGS-F3199AF9,"MEP rough-in part for Duct Fittings | Rectangular Transition - Angle | 45 Degree | 15""x24""-24""x15""",Parts,MEP Rough-In,EACH,,,,,,,
MEP_DUCT_FITTINGS_RECTANGULAR_TRANSITION_ANGLE_45_DEGREE_15_X30_30_X15,"MEP Duct Fittings | Rectangular Transition - Angle | 45 Degree | 15""x30""-30""x15""",PART-MEP_DUCT_FITTINGS-0F0061B3,"MEP rough-in part for Duct Fittings | Rectangular Transition - Angle | 45 Degree | 15""x30""-30""x15""",Parts,MEP Rough-In,EACH,,,,,,,
MEP_DUCT_FITTINGS_RECTANGULAR_TRANSITION_ANGLE_45_DEGREE_16_X16_13_X13,"MEP Duct Fittings | Rectangular Transition - Angle | 45 Degree | 16""x16""-13""x13""",PART-MEP_DUCT_FITTINGS-5F6DE30B,"MEP rough-in part for Duct Fittings | Rectangular Transition - Angle | 45 Degree | 16""x16""-13""x13""",Parts,MEP Rough-In,EACH,,,,,,,
MEP_DUCT_FITTINGS_RECTANGULAR_TRANSITION_ANGLE_45_DEGREE_16_X17_15_X15,"MEP Duct Fittings | Rectangular Transition - Angle | 45 Degree | 16""x17""-15""x15""",PART-MEP_DUCT_FITTINGS-F8B149A1,"MEP rough-in part for Duct Fittings | Rectangular Transition - Angle | 45 Degree | 16""x17""-15""x15""",Parts,MEP Rough-In,EACH,,,,,,,
MEP_DUCT_FITTINGS_RECTANGULAR_TRANSITION_ANGLE_45_DEGREE_16_X17_9_X9,"MEP Duct Fittings | Rectangular Transition - Angle | 45 Degree | 16""x17""-9""x9""",PART-MEP_DUCT_FITTINGS-ECD01B32,"MEP rough-in part for Duct Fittings | Rectangular Transition - Angle | 45 Degree | 16""x17""-9""x9""",Parts,MEP Rough-In,EACH,,,,,,,
MEP_DUCT_FITTINGS_RECTANGULAR_TRANSITION_ANGLE_45_DEGREE_16_X24_16_X16,"MEP Duct Fittings | Rectangular Transition - Angle | 45 Degree | 16""x24""-16""x16""",PART-MEP_DUCT_FITTINGS-B4B1FEA5,"MEP rough-in part for Duct Fittings | Rectangular Transition - Angle | 45 Degree | 16""x24""-16""x16""",Parts,MEP Rough-In,EACH,,,,,,,
MEP_DUCT_FITTINGS_RECTANGULAR_TRANSITION_ANGLE_45_DEGREE_17_X18_12_X13,"MEP Duct Fittings | Rectangular Transition - Angle | 45 Degree | 17""x18""-12""x13""",PART-MEP_DUCT_FITTINGS-C4254F2C,"MEP rough-in part for Duct Fittings | Rectangular Transition - Angle | 45 Degree | 17""x18""-12""x13""",Parts,MEP Rough-In,EACH,,,,,,,
MEP_DUCT_FITTINGS_RECTANGULAR_TRANSITION_ANGLE_45_DEGREE_18_X14_14_X18,"MEP Duct Fittings | Rectangular Transition - Angle | 45 Degree | 18""x14""-14""x18""",PART-MEP_DUCT_FITTINGS-A29E51A2,"MEP rough-in part for Duct Fittings | Rectangular Transition - Angle | 45 Degree | 18""x14""-14""x18""",Parts,MEP Rough-In,EACH,,,,,,,
MEP_DUCT_FITTINGS_RECTANGULAR_TRANSITION_ANGLE_45_DEGREE_18_X14_15_X16,"MEP Duct Fittings | Rectangular Transition - Angle | 45 Degree | 18""x14""-15""x16""",PART-MEP_DUCT_FITTINGS-5DB31BAB,"MEP rough-in part for Duct Fittings | Rectangular Transition - Angle | 45 Degree | 18""x14""-15""x16""",Parts,MEP Rough-In,EACH,,,,,,,
MEP_DUCT_FITTINGS_RECTANGULAR_TRANSITION_ANGLE_45_DEGREE_18_X18_16_X17,"MEP Duct Fittings | Rectangular Transition - Angle | 45 Degree | 18""x18""-16""x17""",PART-MEP_DUCT_FITTINGS-E3748A73,"MEP rough-in part for Duct Fittings | Rectangular Transition - Angle | 45 Degree | 18""x18""-16""x17""",Parts,MEP Rough-In,EACH,,,,,,,
MEP_DUCT_FITTINGS_RECTANGULAR_TRANSITION_ANGLE_45_DEGREE_19_X17_16_X17,"MEP Duct Fittings | Rectangular Transition - Angle | 45 Degree | 19""x17""-16""x17""",PART-MEP_DUCT_FITTINGS-908EC873,"MEP rough-in part for Duct Fittings | Rectangular Transition - Angle | 45 Degree | 19""x17""-16""x17""",Parts,MEP Rough-In,EACH,,,,,,,
MEP_DUCT_FITTINGS_RECTANGULAR_TRANSITION_ANGLE_45_DEGREE_19_X19_12_X12,"MEP Duct Fittings | Rectangular Transition - Angle | 45 Degree | 19""x19""-12""x12""",PART-MEP_DUCT_FITTINGS-5A9E1A54,"MEP rough-in part for Duct Fittings | Rectangular Transition - Angle | 45 Degree | 19""x19""-12""x12""",Parts,MEP Rough-In,EACH,,,,,,,
MEP_DUCT_FITTINGS_RECTANGULAR_TRANSITION_ANGLE_45_DEGREE_19_X19_14_X15,"MEP Duct Fittings | Rectangular Transition - Angle | 45 Degree | 19""x19""-14""x15""",PART-MEP_DUCT_FITTINGS-27D96CCC,"MEP rough-in part for Duct Fittings | Rectangular Transition - Angle | 45 Degree | 19""x19""-14""x15""",Parts,MEP Rough-In,EACH,,,,,,,
MEP_DUCT_FITTINGS_RECTANGULAR_TRANSITION_ANGLE_45_DEGREE_19_X19_18_X18,"MEP Duct Fittings | Rectangular Transition - Angle | 45 Degree | 19""x19""-18""x18""",PART-MEP_DUCT_FITTINGS-B3C8C341,"MEP rough-in part for Duct Fittings | Rectangular Transition - Angle | 45 Degree | 19""x19""-18""x18""",Parts,MEP Rough-In,EACH,,,,,,,
MEP_DUCT_FITTINGS_RECTANGULAR_TRANSITION_ANGLE_45_DEGREE_19_X19_22_X16,"MEP Duct Fittings | Rectangular Transition - Angle | 45 Degree | 19""x19""-22""x16""",PART-MEP_DUCT_FITTINGS-85289532,"MEP rough-in part for Duct Fittings | Rectangular Transition - Angle | 45 Degree | 19""x19""-22""x16""",Parts,MEP Rough-In,EACH,,,,,,,
MEP_DUCT_FITTINGS_RECTANGULAR_TRANSITION_ANGLE_45_DEGREE_19_X19_9_X9,"MEP Duct Fittings | Rectangular Transition - Angle | 45 Degree | 19""x19""-9""x9""",PART-MEP_DUCT_FITTINGS-260C026C,"MEP rough-in part for Duct Fittings | Rectangular Transition - Angle | 45 Degree | 19""x19""-9""x9""",Parts,MEP Rough-In,EACH,,,,,,,
MEP_DUCT_FITTINGS_RECTANGULAR_TRANSITION_ANGLE_45_DEGREE_19_X20_28_X12,"MEP Duct Fittings | Rectangular Transition - Angle | 45 Degree | 19""x20""-28""x12""",PART-MEP_DUCT_FITTINGS-3EA008C9,"MEP rough-in part for Duct Fittings | Rectangular Transition - Angle | 45 Degree | 19""x20""-28""x12""",Parts,MEP Rough-In,EACH,,,,,,,
MEP_DUCT_FITTINGS_RECTANGULAR_TRANSITION_ANGLE_45_DEGREE_22_X22_17_X18,"MEP Duct Fittings | Rectangular Transition - Angle | 45 Degree | 22""x22""-17""x18""",PART-MEP_DUCT_FITTINGS-653C993E,"MEP rough-in part for Duct Fittings | Rectangular Transition - Angle | 45 Degree | 22""x22""-17""x18""",Parts,MEP Rough-In,EACH,,,,,,,
MEP_DUCT_FITTINGS_RECTANGULAR_TRANSITION_ANGLE_45_DEGREE_22_X24_16_X16,"MEP Duct Fittings | Rectangular Transition - Angle | 45 Degree | 22""x24""-16""x16""",PART-MEP_DUCT_FITTINGS-2536540E,"MEP rough-in part for Duct Fittings | Rectangular Transition - Angle | 45 Degree | 22""x24""-16""x16""",Parts,MEP Rough-In,EACH,,,,,,,
MEP_DUCT_FITTINGS_RECTANGULAR_TRANSITION_ANGLE_45_DEGREE_24_X15_13_X13,"MEP Duct Fittings | Rectangular Transition - Angle | 45 Degree | 24""x15""-13""x13""",PART-MEP_DUCT_FITTINGS-D2E1D2AB,"MEP rough-in part for Duct Fittings | Rectangular Transition - Angle | 45 Degree | 24""x15""-13""x13""",Parts,MEP Rough-In,EACH,,,,,,,
MEP_DUCT_FITTINGS_RECTANGULAR_TRANSITION_ANGLE_45_DEGREE_24_X15_22_X16,"MEP Duct Fittings | Rectangular Transition - Angle | 45 Degree | 24""x15""-22""x16""",PART-MEP_DUCT_FITTINGS-A8A56785,"MEP rough-in part for Duct Fittings | Rectangular Transition - Angle | 45 Degree | 24""x15""-22""x16""",Parts,MEP Rough-In,EACH,,,,,,,
MEP_DUCT_FITTINGS_RECTANGULAR_TRANSITION_ANGLE_45_DEGREE_24_X32_32_X24,"MEP Duct Fittings | Rectangular Transition - Angle | 45 Degree | 24""x32""-32""x24""",PART-MEP_DUCT_FITTINGS-B07AA4BB,"MEP rough-in part for Duct Fittings | Rectangular Transition - Angle | 45 Degree | 24""x32""-32""x24""",Parts,MEP Rough-In,EACH,,,,,,,
MEP_DUCT_FITTINGS_RECTANGULAR_TRANSITION_ANGLE_45_DEGREE_28_X12_24_X12,"MEP Duct Fittings | Rectangular Transition - Angle | 45 Degree | 28""x12""-24""x12""",PART-MEP_DUCT_FITTINGS-E6CF01A8,"MEP rough-in part for Duct Fittings | Rectangular Transition - Angle | 45 Degree | 28""x12""-24""x12""",Parts,MEP Rough-In,EACH,,,,,,,
MEP_DUCT_FITTINGS_RECTANGULAR_TRANSITION_ANGLE_45_DEGREE_28_X22_22_X22,"MEP Duct Fittings | Rectangular Transition - Angle | 45 Degree | 28""x22""-22""x22""",PART-MEP_DUCT_FITTINGS-34BA94E4,"MEP rough-in part for Duct Fittings | Rectangular Transition - Angle | 45 Degree | 28""x22""-22""x22""",Parts,MEP Rough-In,EACH,,,,,,,
MEP_DUCT_FITTINGS_RECTANGULAR_TRANSITION_ANGLE_45_DEGREE_30_X15_14_X20,"MEP Duct Fittings | Rectangular Transition - Angle | 45 Degree | 30""x15""-14""x20""",PART-MEP_DUCT_FITTINGS-43A47776,"MEP rough-in part for Duct Fittings | Rectangular Transition - Angle | 45 Degree | 30""x15""-14""x20""",Parts,MEP Rough-In,EACH,,,,,,,
MEP_DUCT_FITTINGS_RECTANGULAR_TRANSITION_ANGLE_45_DEGREE_30_X15_20_X20,"MEP Duct Fittings | Rectangular Transition - Angle | 45 Degree | 30""x15""-20""x20""",PART-MEP_DUCT_FITTINGS-E965EE96,"MEP rough-in part for Duct Fittings | Rectangular Transition - Angle | 45 Degree | 30""x15""-20""x20""",Parts,MEP Rough-In,EACH,,,,,,,
MEP_DUCT_FITTINGS_RECTANGULAR_TRANSITION_ANGLE_45_DEGREE_30_X15_24_X15,"MEP Duct Fittings | Rectangular Transition - Angle | 45 Degree | 30""x15""-24""x15""",PART-MEP_DUCT_FITTINGS-6DC040FC,"MEP rough-in part for Duct Fittings | Rectangular Transition - Angle | 45 Degree | 30""x15""-24""x15""",Parts,MEP Rough-In,EACH,,,,,,,
MEP_DUCT_FITTINGS_RECTANGULAR_TRANSITION_ANGLE_45_DEGREE_30_X15_30_X15,"MEP Duct Fittings | Rectangular Transition - Angle | 45 Degree | 30""x15""-30""x15""",PART-MEP_DUCT_FITTINGS-52CE9293,"MEP rough-in part for Duct Fittings | Rectangular Transition - Angle | 45 Degree | 30""x15""-30""x15""",Parts,MEP Rough-In,EACH,,,,,,,
MEP_DUCT_FITTINGS_RECTANGULAR_TRANSITION_ANGLE_45_DEGREE_30_X24_28_X22,"MEP Duct Fittings | Rectangular Transition - Angle | 45 Degree | 30""x24""-28""x22""",PART-MEP_DUCT_FITTINGS-CB1003F2,"MEP rough-in part for Duct Fittings | Rectangular Transition - Angle | 45 Degree | 30""x24""-28""x22""",Parts,MEP Rough-In,EACH,,,,,,,
MEP_DUCT_FITTINGS_RECTANGULAR_TRANSITION_ANGLE_45_DEGREE_30_X24_30_X15,"MEP Duct Fittings | Rectangular Transition - Angle | 45 Degree | 30""x24""-30""x15""",PART-MEP_DUCT_FITTINGS-BEDC8682,"MEP rough-in part for Duct Fittings | Rectangular Transition - Angle | 45 Degree | 30""x24""-30""x15""",Parts,MEP Rough-In,EACH,,,,,,,
MEP_DUCT_FITTINGS_RECTANGULAR_TRANSITION_ANGLE_45_DEGREE_31_X24_30_X15,"MEP Duct Fittings | Rectangular Transition - Angle | 45 Degree | 31""x24""-30""x15""",PART-MEP_DUCT_FITTINGS-AC3099DC,"MEP rough-in part for Duct Fittings | Rectangular Transition - Angle | 45 Degree | 31""x24""-30""x15""",Parts,MEP Rough-In,EACH,,,,,,,
MEP_DUCT_FITTINGS_RECTANGULAR_TRANSITION_ANGLE_45_DEGREE_32_X24_22_X24,"MEP Duct Fittings | Rectangular Transition - Angle | 45 Degree | 32""x24""-22""x24""",PART-MEP_DUCT_FITTINGS-A935C8D8,"MEP rough-in part for Duct Fittings | Rectangular Transition - Angle | 45 Degree | 32""x24""-22""x24""",Parts,MEP Rough-In,EACH,,,,,,,
MEP_DUCT_FITTINGS_RECTANGULAR_TRANSITION_ANGLE_45_DEGREE_32_X24_30_X15,"MEP Duct Fittings | Rectangular Transition - Angle | 45 Degree | 32""x24""-30""x15""",PART-MEP_DUCT_FITTINGS-F1929721,"MEP rough-in part for Duct Fittings | Rectangular Transition - Angle | 45 Degree | 32""x24""-30""x15""",Parts,MEP Rough-In,EACH,,,,,,,
MEP_DUCT_FITTINGS_RECTANGULAR_TRANSITION_ANGLE_45_DEGREE_32_X24_32_X24,"MEP Duct Fittings | Rectangular Transition - Angle | 45 Degree | 32""x24""-32""x24""",PART-MEP_DUCT_FITTINGS-89976E3B,"MEP rough-in part for Duct Fittings | Rectangular Transition - Angle | 45 Degree | 32""x24""-32""x24""",Parts,MEP Rough-In,EACH,,,,,,,
MEP_DUCT_FITTINGS_RECTANGULAR_TRANSITION_ANGLE_45_DEGREE_35_X16_30_X15,"MEP Duct Fittings | Rectangular Transition - Angle | 45 Degree | 35""x16""-30""x15""",PART-MEP_DUCT_FITTINGS-CB86EE27,"MEP rough-in part for Duct Fittings | Rectangular Transition - Angle | 45 Degree | 35""x16""-30""x15""",Parts,MEP Rough-In,EACH,,,,,,,
MEP_DUCT_FITTINGS_RECTANGULAR_TRANSITION_ANGLE_45_DEGREE_3_X10_3_X3,"MEP Duct Fittings | Rectangular Transition - Angle | 45 Degree | 3""x10""-3""x3""",PART-MEP_DUCT_FITTINGS-DE3A5D6D,"MEP rough-in part for Duct Fittings | Rectangular Transition - Angle | 45 Degree | 3""x10""-3""x3""",Parts,MEP Rough-In,EACH,,,,,,,
MEP_DUCT_FITTINGS_RECTANGULAR_TRANSITION_ANGLE_45_DEGREE_3_X13_3_X3,"MEP Duct Fittings | Rectangular Transition - Angle | 45 Degree | 3""x13""-3""x3""",PART-MEP_DUCT_FITTINGS-005097DA,"MEP rough-in part for Duct Fittings | Rectangular Transition - Angle | 45 Degree | 3""x13""-3""x3""",Parts,MEP Rough-In,EACH,,,,,,,
MEP_DUCT_FITTINGS_RECTANGULAR_TRANSITION_ANGLE_45_DEGREE_3_X4_3_X3,"MEP Duct Fittings | Rectangular Transition - Angle | 45 Degree | 3""x4""-3""x3""",PART-MEP_DUCT_FITTINGS-4225B5C7,"MEP rough-in part for Duct Fittings | Rectangular Transition - Angle | 45 Degree | 3""x4""-3""x3""",Parts,MEP Rough-In,EACH,,,,,,,
MEP_DUCT_FITTINGS_RECTANGULAR_TRANSITION_ANGLE_45_DEGREE_3_X5_3_X3,"MEP Duct Fittings | Rectangular Transition - Angle | 45 Degree | 3""x5""-3""x3""",PART-MEP_DUCT_FITTINGS-048EFCE5,"MEP rough-in part for Duct Fittings | Rectangular Transition - Angle | 45 Degree | 3""x5""-3""x3""",Parts,MEP Rough-In,EACH,,,,,,,
MEP_DUCT_FITTINGS_RECTANGULAR_TRANSITION_ANGLE_45_DEGREE_3_X6_3_X3,"MEP Duct Fittings | Rectangular Transition - Angle | 45 Degree | 3""x6""-3""x3""",PART-MEP_DUCT_FITTINGS-666BA823,"MEP rough-in part for Duct Fittings | Rectangular Transition - Angle | 45 Degree | 3""x6""-3""x3""",Parts,MEP Rough-In,EACH,,,,,,,
MEP_DUCT_FITTINGS_RECTANGULAR_TRANSITION_ANGLE_45_DEGREE_3_X7_3_X3,"MEP Duct Fittings | Rectangular Transition - Angle | 45 Degree | 3""x7""-3""x3""",PART-MEP_DUCT_FITTINGS-E025CBE6,"MEP rough-in part for Duct Fittings | Rectangular Transition - Angle | 45 Degree | 3""x7""-3""x3""",Parts,MEP Rough-In,EACH,,,,,,,
MEP_DUCT_FITTINGS_RECTANGULAR_TRANSITION_ANGLE_45_DEGREE_3_X8_3_X3,"MEP Duct Fittings | Rectangular Transition - Angle | 45 Degree | 3""x8""-3""x3""",PART-MEP_DUCT_FITTINGS-193EF2EC,"MEP rough-in part for Duct Fittings | Rectangular Transition - Angle | 45 Degree | 3""x8""-3""x3""",Parts,MEP Rough-In,EACH,,,,,,,
MEP_DUCT_FITTINGS_RECTANGULAR_TRANSITION_ANGLE_45_DEGREE_3_X9_3_X3,"MEP Duct Fittings | Rectangular Transition - Angle | 45 Degree | 3""x9""-3""x3""",PART-MEP_DUCT_FITTINGS-E22F908F,"MEP rough-in part for Duct Fittings | Rectangular Transition - Angle | 45 Degree | 3""x9""-3""x3""",Parts,MEP Rough-In,EACH,,,,,,,
MEP_DUCT_FITTINGS_RECTANGULAR_TRANSITION_ANGLE_45_DEGREE_4_X4_3_X3,"MEP Duct Fittings | Rectangular Transition - Angle | 45 Degree | 4""x4""-3""x3""",PART-MEP_DUCT_FITTINGS-CE339196,"MEP rough-in part for Duct Fittings | Rectangular Transition - Angle | 45 Degree | 4""x4""-3""x3""",Parts,MEP Rough-In,EACH,,,,,,,
MEP_DUCT_FITTINGS_RECTANGULAR_TRANSITION_ANGLE_45_DEGREE_4_X4_4_X4,"MEP Duct Fittings | Rectangular Transition - Angle | 45 Degree | 4""x4""-4""x4""",PART-MEP_DUCT_FITTINGS-DB8CC475,"MEP rough-in part for Duct Fittings | Rectangular Transition - Angle | 45 Degree | 4""x4""-4""x4""",Parts,MEP Rough-In,EACH,,,,,,,
MEP_DUCT_FITTINGS_RECTANGULAR_TRANSITION_ANGLE_45_DEGREE_4_X5_4_X4,"MEP Duct Fittings | Rectangular Transition - Angle | 45 Degree | 4""x5""-4""x4""",PART-MEP_DUCT_FITTINGS-7D60C443,"MEP rough-in part for Duct Fittings | Rectangular Transition - Angle | 45 Degree | 4""x5""-4""x4""",Parts,MEP Rough-In,EACH,,,,,,,
MEP_DUCT_FITTINGS_RECTANGULAR_TRANSITION_ANGLE_45_DEGREE_4_X6_4_X4,"MEP Duct Fittings | Rectangular Transition - Angle | 45 Degree | 4""x6""-4""x4""",PART-MEP_DUCT_FITTINGS-F9C5FF56,"MEP rough-in part for Duct Fittings | Rectangular Transition - Angle | 45 Degree | 4""x6""-4""x4""",Parts,MEP Rough-In,EACH,,,,,,,
MEP_DUCT_FITTINGS_RECTANGULAR_TRANSITION_ANGLE_45_DEGREE_4_X7_4_X4,"MEP Duct Fittings | Rectangular Transition - Angle | 45 Degree | 4""x7""-4""x4""",PART-MEP_DUCT_FITTINGS-D9CFCEB5,"MEP rough-in part for Duct Fittings | Rectangular Transition - Angle | 45 Degree | 4""x7""-4""x4""",Parts,MEP Rough-In,EACH,,,,,,,
MEP_DUCT_FITTINGS_RECTANGULAR_TRANSITION_ANGLE_45_DEGREE_4_X8_4_X4,"MEP Duct Fittings | Rectangular Transition - Angle | 45 Degree | 4""x8""-4""x4""",PART-MEP_DUCT_FITTINGS-C54535C7,"MEP rough-in part for Duct Fittings | Rectangular Transition - Angle | 45 Degree | 4""x8""-4""x4""",Parts,MEP Rough-In,EACH,,,,,,,
MEP_DUCT_FITTINGS_RECTANGULAR_TRANSITION_ANGLE_45_DEGREE_4_X8_4_X5,"MEP Duct Fittings | Rectangular Transition - Angle | 45 Degree | 4""x8""-4""x5""",PART-MEP_DUCT_FITTINGS-6AFD0F59,"MEP rough-in part for Duct Fittings | Rectangular Transition - Angle | 45 Degree | 4""x8""-4""x5""",Parts,MEP Rough-In,EACH,,,,,,,
MEP_DUCT_FITTINGS_RECTANGULAR_TRANSITION_ANGLE_45_DEGREE_4_X9_4_X4,"MEP Duct Fittings | Rectangular Transition - Angle | 45 Degree | 4""x9""-4""x4""",PART-MEP_DUCT_FITTINGS-493905F8,"MEP rough-in part for Duct Fittings | Rectangular Transition - Angle | 45 Degree | 4""x9""-4""x4""",Parts,MEP Rough-In,EACH,,,,,,,
MEP_DUCT_FITTINGS_RECTANGULAR_TRANSITION_ANGLE_45_DEGREE_5_X12_5_X5,"MEP Duct Fittings | Rectangular Transition - Angle | 45 Degree | 5""x12""-5""x5""",PART-MEP_DUCT_FITTINGS-97C6AC5F,"MEP rough-in part for Duct Fittings | Rectangular Transition - Angle | 45 Degree | 5""x12""-5""x5""",Parts,MEP Rough-In,EACH,,,,,,,
MEP_DUCT_FITTINGS_RECTANGULAR_TRANSITION_ANGLE_45_DEGREE_5_X14_5_X5,"MEP Duct Fittings | Rectangular Transition - Angle | 45 Degree | 5""x14""-5""x5""",PART-MEP_DUCT_FITTINGS-BB6A9FE1,"MEP rough-in part for Duct Fittings | Rectangular Transition - Angle | 45 Degree | 5""x14""-5""x5""",Parts,MEP Rough-In,EACH,,,,,,,
MEP_DUCT_FITTINGS_RECTANGULAR_TRANSITION_ANGLE_45_DEGREE_5_X5_4_X4,"MEP Duct Fittings | Rectangular Transition - Angle | 45 Degree | 5""x5""-4""x4""",PART-MEP_DUCT_FITTINGS-BEFA7952,"MEP rough-in part for Duct Fittings | Rectangular Transition - Angle | 45 Degree | 5""x5""-4""x4""",Parts,MEP Rough-In,EACH,,,,,,,
MEP_DUCT_FITTINGS_RECTANGULAR_TRANSITION_ANGLE_45_DEGREE_5_X5_4_X5,"MEP Duct Fittings | Rectangular Transition - Angle | 45 Degree | 5""x5""-4""x5""",PART-MEP_DUCT_FITTINGS-97540881,"MEP rough-in part for Duct Fittings | Rectangular Transition - Angle | 45 Degree | 5""x5""-4""x5""",Parts,MEP Rough-In,EACH,,,,,,,
MEP_DUCT_FITTINGS_RECTANGULAR_TRANSITION_ANGLE_45_DEGREE_5_X5_5_X5,"MEP Duct Fittings | Rectangular Transition - Angle | 45 Degree | 5""x5""-5""x5""",PART-MEP_DUCT_FITTINGS-EDB7E036,"MEP rough-in part for Duct Fittings | Rectangular Transition - Angle | 45 Degree | 5""x5""-5""x5""",Parts,MEP Rough-In,EACH,,,,,,,
MEP_DUCT_FITTINGS_RECTANGULAR_TRANSITION_ANGLE_45_DEGREE_5_X6_5_X5,"MEP Duct Fittings | Rectangular Transition - Angle | 45 Degree | 5""x6""-5""x5""",PART-MEP_DUCT_FITTINGS-2ECBFA62,"MEP rough-in part for Duct Fittings | Rectangular Transition - Angle | 45 Degree | 5""x6""-5""x5""",Parts,MEP Rough-In,EACH,,,,,,,
MEP_DUCT_FITTINGS_RECTANGULAR_TRANSITION_ANGLE_45_DEGREE_6_X10_6_X6,"MEP Duct Fittings | Rectangular Transition - Angle | 45 Degree | 6""x10""-6""x6""",PART-MEP_DUCT_FITTINGS-4A176406,"MEP rough-in part for Duct Fittings | Rectangular Transition - Angle | 45 Degree | 6""x10""-6""x6""",Parts,MEP Rough-In,EACH,,,,,,,
MEP_DUCT_FITTINGS_RECTANGULAR_TRANSITION_ANGLE_45_DEGREE_6_X15_6_X6,"MEP Duct Fittings | Rectangular Transition - Angle | 45 Degree | 6""x15""-6""x6""",PART-MEP_DUCT_FITTINGS-4E7802A3,"MEP rough-in part for Duct Fittings | Rectangular Transition - Angle | 45 Degree | 6""x15""-6""x6""",Parts,MEP Rough-In,EACH,,,,,,,
MEP_DUCT_FITTINGS_RECTANGULAR_TRANSITION_ANGLE_45_DEGREE_6_X6_5_X5,"MEP Duct Fittings | Rectangular Transition - Angle | 45 Degree | 6""x6""-5""x5""",PART-MEP_DUCT_FITTINGS-FC928AF5,"MEP rough-in part for Duct Fittings | Rectangular Transition - Angle | 45 Degree | 6""x6""-5""x5""",Parts,MEP Rough-In,EACH,,,,,,,
MEP_DUCT_FITTINGS_RECTANGULAR_TRANSITION_ANGLE_45_DEGREE_6_X6_6_X6,"MEP Duct Fittings | Rectangular Transition - Angle | 45 Degree | 6""x6""-6""x6""",PART-MEP_DUCT_FITTINGS-0D4033CE,"MEP rough-in part for Duct Fittings | Rectangular Transition - Angle | 45 Degree | 6""x6""-6""x6""",Parts,MEP Rough-In,EACH,,,,,,,
MEP_DUCT_FITTINGS_RECTANGULAR_TRANSITION_ANGLE_45_DEGREE_6_X7_4_X8,"MEP Duct Fittings | Rectangular Transition - Angle | 45 Degree | 6""x7""-4""x8""",PART-MEP_DUCT_FITTINGS-CE4AAFCD,"MEP rough-in part for Duct Fittings | Rectangular Transition - Angle | 45 Degree | 6""x7""-4""x8""",Parts,MEP Rough-In,EACH,,,,,,,
MEP_DUCT_FITTINGS_RECTANGULAR_TRANSITION_ANGLE_45_DEGREE_6_X7_5_X6,"MEP Duct Fittings | Rectangular Transition - Angle | 45 Degree | 6""x7""-5""x6""",PART-MEP_DUCT_FITTINGS-0D6A471F,"MEP rough-in part for Duct Fittings | Rectangular Transition - Angle | 45 Degree | 6""x7""-5""x6""",Parts,MEP Rough-In,EACH,,,,,,,
MEP_DUCT_FITTINGS_RECTANGULAR_TRANSITION_ANGLE_45_DEGREE_6_X7_6_X6,"MEP Duct Fittings | Rectangular Transition - Angle | 45 Degree | 6""x7""-6""x6""",PART-MEP_DUCT_FITTINGS-0297D97B,"MEP rough-in part for Duct Fittings | Rectangular Transition - Angle | 45 Degree | 6""x7""-6""x6""",Parts,MEP Rough-In,EACH,,,,,,,
MEP_DUCT_FITTINGS_RECTANGULAR_TRANSITION_ANGLE_45_DEGREE_6_X7_7_X5,"MEP Duct Fittings | Rectangular Transition - Angle | 45 Degree | 6""x7""-7""x5""",PART-MEP_DUCT_FITTINGS-62D4B5CC,"MEP rough-in part for Duct Fittings | Rectangular Transition - Angle | 45 Degree | 6""x7""-7""x5""",Parts,MEP Rough-In,EACH,,,,,,,
MEP_DUCT_FITTINGS_RECTANGULAR_TRANSITION_ANGLE_45_DEGREE_6_X9_6_X6,"MEP Duct Fittings | Rectangular Transition - Angle | 45 Degree | 6""x9""-6""x6""",PART-MEP_DUCT_FITTINGS-53D0985C,"MEP rough-in part for Duct Fittings | Rectangular Transition - Angle | 45 Degree | 6""x9""-6""x6""",Parts,MEP Rough-In,EACH,,,,,,,
MEP_DUCT_FITTINGS_RECTANGULAR_TRANSITION_ANGLE_45_DEGREE_6_X9_7_X7,"MEP Duct Fittings | Rectangular Transition - Angle | 45 Degree | 6""x9""-7""x7""",PART-MEP_DUCT_FITTINGS-31E2E58C,"MEP rough-in part for Duct Fittings | Rectangular Transition - Angle | 45 Degree | 6""x9""-7""x7""",Parts,MEP Rough-In,EACH,,,,,,,
MEP_DUCT_FITTINGS_RECTANGULAR_TRANSITION_ANGLE_45_DEGREE_7_X10_7_X7,"MEP Duct Fittings | Rectangular Transition - Angle | 45 Degree | 7""x10""-7""x7""",PART-MEP_DUCT_FITTINGS-5BD70B4D,"MEP rough-in part for Duct Fittings | Rectangular Transition - Angle | 45 Degree | 7""x10""-7""x7""",Parts,MEP Rough-In,EACH,,,,,,,
MEP_DUCT_FITTINGS_RECTANGULAR_TRANSITION_ANGLE_45_DEGREE_7_X11_7_X8,"MEP Duct Fittings | Rectangular Transition - Angle | 45 Degree | 7""x11""-7""x8""",PART-MEP_DUCT_FITTINGS-CE83E98D,"MEP rough-in part for Duct Fittings | Rectangular Transition - Angle | 45 Degree | 7""x11""-7""x8""",Parts,MEP Rough-In,EACH,,,,,,,
MEP_DUCT_FITTINGS_RECTANGULAR_TRANSITION_ANGLE_45_DEGREE_7_X12_7_X7,"MEP Duct Fittings | Rectangular Transition - Angle | 45 Degree | 7""x12""-7""x7""",PART-MEP_DUCT_FITTINGS-5D327063,"MEP rough-in part for Duct Fittings | Rectangular Transition - Angle | 45 Degree | 7""x12""-7""x7""",Parts,MEP Rough-In,EACH,,,,,,,
MEP_DUCT_FITTINGS_RECTANGULAR_TRANSITION_ANGLE_45_DEGREE_7_X12_7_X8,"MEP Duct Fittings | Rectangular Transition - Angle | 45 Degree | 7""x12""-7""x8""",PART-MEP_DUCT_FITTINGS-D6C1280B,"MEP rough-in part for Duct Fittings | Rectangular Transition - Angle | 45 Degree | 7""x12""-7""x8""",Parts,MEP Rough-In,EACH,,,,,,,
MEP_DUCT_FITTINGS_RECTANGULAR_TRANSITION_ANGLE_45_DEGREE_7_X14_7_X7,"MEP Duct Fittings | Rectangular Transition - Angle | 45 Degree | 7""x14""-7""x7""",PART-MEP_DUCT_FITTINGS-AC9308EC,"MEP rough-in part for Duct Fittings | Rectangular Transition - Angle | 45 Degree | 7""x14""-7""x7""",Parts,MEP Rough-In,EACH,,,,,,,
MEP_DUCT_FITTINGS_RECTANGULAR_TRANSITION_ANGLE_45_DEGREE_7_X15_7_X7,"MEP Duct Fittings | Rectangular Transition - Angle | 45 Degree | 7""x15""-7""x7""",PART-MEP_DUCT_FITTINGS-21284C6D,"MEP rough-in part for Duct Fittings | Rectangular Transition - Angle | 45 Degree | 7""x15""-7""x7""",Parts,MEP Rough-In,EACH,,,,,,,
MEP_DUCT_FITTINGS_RECTANGULAR_TRANSITION_ANGLE_45_DEGREE_7_X17_7_X7,"MEP Duct Fittings | Rectangular Transition - Angle | 45 Degree | 7""x17""-7""x7""",PART-MEP_DUCT_FITTINGS-07EBE374,"MEP rough-in part for Duct Fittings | Rectangular Transition - Angle | 45 Degree | 7""x17""-7""x7""",Parts,MEP Rough-In,EACH,,,,,,,
MEP_DUCT_FITTINGS_RECTANGULAR_TRANSITION_ANGLE_45_DEGREE_7_X18_7_X7,"MEP Duct Fittings | Rectangular Transition - Angle | 45 Degree | 7""x18""-7""x7""",PART-MEP_DUCT_FITTINGS-9A647659,"MEP rough-in part for Duct Fittings | Rectangular Transition - Angle | 45 Degree | 7""x18""-7""x7""",Parts,MEP Rough-In,EACH,,,,,,,
MEP_DUCT_FITTINGS_RECTANGULAR_TRANSITION_ANGLE_45_DEGREE_7_X19_7_X7,"MEP Duct Fittings | Rectangular Transition - Angle | 45 Degree | 7""x19""-7""x7""",PART-MEP_DUCT_FITTINGS-68AC1815,"MEP rough-in part for Duct Fittings | Rectangular Transition - Angle | 45 Degree | 7""x19""-7""x7""",Parts,MEP Rough-In,EACH,,,,,,,
MEP_DUCT_FITTINGS_RECTANGULAR_TRANSITION_ANGLE_45_DEGREE_7_X7_3_X3,"MEP Duct Fittings | Rectangular Transition - Angle | 45 Degree | 7""x7""-3""x3""",PART-MEP_DUCT_FITTINGS-92BF75B0,"MEP rough-in part for Duct Fittings | Rectangular Transition - Angle | 45 Degree | 7""x7""-3""x3""",Parts,MEP Rough-In,EACH,,,,,,,
MEP_DUCT_FITTINGS_RECTANGULAR_TRANSITION_ANGLE_45_DEGREE_7_X7_4_X4,"MEP Duct Fittings | Rectangular Transition - Angle | 45 Degree | 7""x7""-4""x4""",PART-MEP_DUCT_FITTINGS-56F513EA,"MEP rough-in part for Duct Fittings | Rectangular Transition - Angle | 45 Degree | 7""x7""-4""x4""",Parts,MEP Rough-In,EACH,,,,,,,
MEP_DUCT_FITTINGS_RECTANGULAR_TRANSITION_ANGLE_45_DEGREE_7_X7_4_X8,"MEP Duct Fittings | Rectangular Transition - Angle | 45 Degree | 7""x7""-4""x8""",PART-MEP_DUCT_FITTINGS-917220CD,"MEP rough-in part for Duct Fittings | Rectangular Transition - Angle | 45 Degree | 7""x7""-4""x8""",Parts,MEP Rough-In,EACH,,,,,,,
MEP_DUCT_FITTINGS_RECTANGULAR_TRANSITION_ANGLE_45_DEGREE_7_X7_6_X6,"MEP Duct Fittings | Rectangular Transition - Angle | 45 Degree | 7""x7""-6""x6""",PART-MEP_DUCT_FITTINGS-CC60032C,"MEP rough-in part for Duct Fittings | Rectangular Transition - Angle | 45 Degree | 7""x7""-6""x6""",Parts,MEP Rough-In,EACH,,,,,,,
MEP_DUCT_FITTINGS_RECTANGULAR_TRANSITION_ANGLE_45_DEGREE_7_X7_6_X7,"MEP Duct Fittings | Rectangular Transition - Angle | 45 Degree | 7""x7""-6""x7""",PART-MEP_DUCT_FITTINGS-6958CF10,"MEP rough-in part for Duct Fittings | Rectangular Transition - Angle | 45 Degree | 7""x7""-6""x7""",Parts,MEP Rough-In,EACH,,,,,,,
MEP_DUCT_FITTINGS_RECTANGULAR_TRANSITION_ANGLE_45_DEGREE_7_X8_7_X7,"MEP Duct Fittings | Rectangular Transition - Angle | 45 Degree | 7""x8""-7""x7""",PART-MEP_DUCT_FITTINGS-F117A9FD,"MEP rough-in part for Duct Fittings | Rectangular Transition - Angle | 45 Degree | 7""x8""-7""x7""",Parts,MEP Rough-In,EACH,,,,,,,
MEP_DUCT_FITTINGS_RECTANGULAR_TRANSITION_ANGLE_45_DEGREE_8_X10_8_X8,"MEP Duct Fittings | Rectangular Transition - Angle | 45 Degree | 8""x10""-8""x8""",PART-MEP_DUCT_FITTINGS-B0117545,"MEP rough-in part for Duct Fittings | Rectangular Transition - Angle | 45 Degree | 8""x10""-8""x8""",Parts,MEP Rough-In,EACH,,,,,,,
MEP_DUCT_FITTINGS_RECTANGULAR_TRANSITION_ANGLE_45_DEGREE_8_X7_7_X7,"MEP Duct Fittings | Rectangular Transition - Angle | 45 Degree | 8""x7""-7""x7""",PART-MEP_DUCT_FITTINGS-0CFD9E0A,"MEP rough-in part for Duct Fittings | Rectangular Transition - Angle | 45 Degree | 8""x7""-7""x7""",Parts,MEP Rough-In,EACH,,,,,,,
MEP_DUCT_FITTINGS_RECTANGULAR_TRANSITION_ANGLE_45_DEGREE_8_X7_7_X8,"MEP Duct Fittings | Rectangular Transition - Angle | 45 Degree | 8""x7""-7""x8""",PART-MEP_DUCT_FITTINGS-A43A3305,"MEP rough-in part for Duct Fittings | Rectangular Transition - Angle | 45 Degree | 8""x7""-7""x8""",Parts,MEP Rough-In,EACH,,,,,,,
MEP_DUCT_FITTINGS_RECTANGULAR_TRANSITION_ANGLE_45_DEGREE_8_X8_5_X6,"MEP Duct Fittings | Rectangular Transition - Angle | 45 Degree | 8""x8""-5""x6""",PART-MEP_DUCT_FITTINGS-DF6B8B28,"MEP rough-in part for Duct Fittings | Rectangular Transition - Angle | 45 Degree | 8""x8""-5""x6""",Parts,MEP Rough-In,EACH,,,,,,,
MEP_DUCT_FITTINGS_RECTANGULAR_TRANSITION_ANGLE_45_DEGREE_8_X8_8_X7,"MEP Duct Fittings | Rectangular Transition - Angle | 45 Degree | 8""x8""-8""x7""",PART-MEP_DUCT_FITTINGS-CB984FCD,"MEP rough-in part for Duct Fittings | Rectangular Transition - Angle | 45 Degree | 8""x8""-8""x7""",Parts,MEP Rough-In,EACH,,,,,,,
MEP_DUCT_FITTINGS_RECTANGULAR_TRANSITION_ANGLE_45_DEGREE_8_X9_7_X8,"MEP Duct Fittings | Rectangular Transition - Angle | 45 Degree | 8""x9""-7""x8""",PART-MEP_DUCT_FITTINGS-9BCB3C46,"MEP rough-in part for Duct Fittings | Rectangular Transition - Angle | 45 Degree | 8""x9""-7""x8""",Parts,MEP Rough-In,EACH,,,,,,,
MEP_DUCT_FITTINGS_RECTANGULAR_TRANSITION_ANGLE_45_DEGREE_8_X9_8_X8,"MEP Duct Fittings | Rectangular Transition - Angle | 45 Degree | 8""x9""-8""x8""",PART-MEP_DUCT_FITTINGS-97CB71C5,"MEP rough-in part for Duct Fittings | Rectangular Transition - Angle | 45 Degree | 8""x9""-8""x8""",Parts,MEP Rough-In,EACH,,,,,,,
MEP_DUCT_FITTINGS_RECTANGULAR_TRANSITION_ANGLE_45_DEGREE_9_X10_7_X7,"MEP Duct Fittings | Rectangular Transition - Angle | 45 Degree | 9""x10""-7""x7""",PART-MEP_DUCT_FITTINGS-7D79DA41,"MEP rough-in part for Duct Fittings | Rectangular Transition - Angle | 45 Degree | 9""x10""-7""x7""",Parts,MEP Rough-In,EACH,,,,,,,
MEP_DUCT_FITTINGS_RECTANGULAR_TRANSITION_ANGLE_45_DEGREE_9_X10_9_X9,"MEP Duct Fittings | Rectangular Transition - Angle | 45 Degree | 9""x10""-9""x9""",PART-MEP_DUCT_FITTINGS-3FB62DE6,"MEP rough-in part for Duct Fittings | Rectangular Transition - Angle | 45 Degree | 9""x10""-9""x9""",Parts,MEP Rough-In,EACH,,,,,,,
MEP_DUCT_FITTINGS_RECTANGULAR_TRANSITION_ANGLE_45_DEGREE_9_X13_9_X10,"MEP Duct Fittings | Rectangular Transition - Angle | 45 Degree | 9""x13""-9""x10""",PART-MEP_DUCT_FITTINGS-B3DA90FA,"MEP rough-in part for Duct Fittings | Rectangular Transition - Angle | 45 Degree | 9""x13""-9""x10""",Parts,MEP Rough-In,EACH,,,,,,,
MEP_DUCT_FITTINGS_RECTANGULAR_TRANSITION_ANGLE_45_DEGREE_9_X16_9_X10,"MEP Duct Fittings | Rectangular Transition - Angle | 45 Degree | 9""x16""-9""x10""",PART-MEP_DUCT_FITTINGS-B43DE6AE,"MEP rough-in part for Duct Fittings | Rectangular Transition - Angle | 45 Degree | 9""x16""-9""x10""",Parts,MEP Rough-In,EACH,,,,,,,
MEP_DUCT_FITTINGS_RECTANGULAR_TRANSITION_ANGLE_45_DEGREE_9_X8_8_X9,"MEP Duct Fittings | Rectangular Transition - Angle | 45 Degree | 9""x8""-8""x9""",PART-MEP_DUCT_FITTINGS-C97D7A32,"MEP rough-in part for Duct Fittings | Rectangular Transition - Angle | 45 Degree | 9""x8""-8""x9""",Parts,MEP Rough-In,EACH,,,,,,,
MEP_DUCT_FITTINGS_RECTANGULAR_TRANSITION_ANGLE_45_DEGREE_9_X9_7_X7,"MEP Duct Fittings | Rectangular Transition - Angle | 45 Degree | 9""x9""-7""x7""",PART-MEP_DUCT_FITTINGS-DB93AFAD,"MEP rough-in part for Duct Fittings | Rectangular Transition - Angle | 45 Degree | 9""x9""-7""x7""",Parts,MEP Rough-In,EACH,,,,,,,
MEP_DUCT_FITTINGS_RECTANGULAR_TRANSITION_ANGLE_45_DEGREE_9_X9_8_X9,"MEP Duct Fittings | Rectangular Transition - Angle | 45 Degree | 9""x9""-8""x9""",PART-MEP_DUCT_FITTINGS-4BD32543,"MEP rough-in part for Duct Fittings | Rectangular Transition - Angle | 45 Degree | 9""x9""-8""x9""",Parts,MEP Rough-In,EACH,,,,,,,
MEP_DUCT_FITTINGS_RECTANGULAR_TRANSITION_ANGLE_45_DEGREE_9_X9_9_X8,"MEP Duct Fittings | Rectangular Transition - Angle | 45 Degree | 9""x9""-9""x8""",PART-MEP_DUCT_FITTINGS-CB2D6D79,"MEP rough-in part for Duct Fittings | Rectangular Transition - Angle | 45 Degree | 9""x9""-9""x8""",Parts,MEP Rough-In,EACH,,,,,,,
MEP_DUCT_FITTINGS_RECTANGULAR_UNION_STANDARD_14_X13_14_X13,"MEP Duct Fittings | Rectangular Union | Standard | 14""x13""-14""x13""",PART-MEP_DUCT_FITTINGS-98EBDCED,"MEP rough-in part for Duct Fittings | Rectangular Union | Standard | 14""x13""-14""x13""",Parts,MEP Rough-In,EACH,,,,,,,
MEP_DUCT_FITTINGS_RECTANGULAR_UNION_STANDARD_14_X14_14_X14,"MEP Duct Fittings | Rectangular Union | Standard | 14""x14""-14""x14""",PART-MEP_DUCT_FITTINGS-3060D4D6,"MEP rough-in part for Duct Fittings | Rectangular Union | Standard | 14""x14""-14""x14""",Parts,MEP Rough-In,EACH,,,,,,,
MEP_DUCT_FITTINGS_RECTANGULAR_UNION_STANDARD_15_X30_15_X30,"MEP Duct Fittings | Rectangular Union | Standard | 15""x30""-15""x30""",PART-MEP_DUCT_FITTINGS-E3EDE7B8,"MEP rough-in part for Duct Fittings | Rectangular Union | Standard | 15""x30""-15""x30""",Parts,MEP Rough-In,EACH,,,,,,,
MEP_DUCT_FITTINGS_RECTANGULAR_UNION_STANDARD_22_X16_22_X16,"MEP Duct Fittings | Rectangular Union | Standard | 22""x16""-22""x16""",PART-MEP_DUCT_FITTINGS-C729F900,"MEP rough-in part for Duct Fittings | Rectangular Union | Standard | 22""x16""-22""x16""",Parts,MEP Rough-In,EACH,,,,,,,
MEP_DUCT_FITTINGS_RECTANGULAR_UNION_STANDARD_24_X15_24_X15,"MEP Duct Fittings | Rectangular Union | Standard | 24""x15""-24""x15""",PART-MEP_DUCT_FITTINGS-CA4CA6AA,"MEP rough-in part for Duct Fittings | Rectangular Union | Standard | 24""x15""-24""x15""",Parts,MEP Rough-In,EACH,,,,,,,
MEP_DUCT_FITTINGS_RECTANGULAR_UNION_STANDARD_30_X15_30_X15,"MEP Duct Fittings | Rectangular Union | Standard | 30""x15""-30""x15""",PART-MEP_DUCT_FITTINGS-FD0F32E2,"MEP rough-in part for Duct Fittings | Rectangular Union | Standard | 30""x15""-30""x15""",Parts,MEP Rough-In,EACH,,,,,,,
MEP_DUCT_FITTINGS_RECTANGULAR_UNION_STANDARD_30_X24_30_X24,"MEP Duct Fittings | Rectangular Union | Standard | 30""x24""-30""x24""",PART-MEP_DUCT_FITTINGS-52CA6C47,"MEP rough-in part for Duct Fittings | Rectangular Union | Standard | 30""x24""-30""x24""",Parts,MEP Rough-In,EACH,,,,,,,
MEP_DUCT_FITTINGS_RECTANGULAR_UNION_STANDARD_32_X24_32_X24,"MEP Duct Fittings | Rectangular Union | Standard | 32""x24""-32""x24""",PART-MEP_DUCT_FITTINGS-9996BEB0,"MEP rough-in part for Duct Fittings | Rectangular Union | Standard | 32""x24""-32""x24""",Parts,MEP Rough-In,EACH,,,,,,,
MEP_DUCT_FITTINGS_RECTANGULAR_UNION_STANDARD_7_X7_7_X7,"MEP Duct Fittings | Rectangular Union | Standard | 7""x7""-7""x7""",PART-MEP_DUCT_FITTINGS-4FA2C1F4,"MEP rough-in part for Duct Fittings | Rectangular Union | Standard | 7""x7""-7""x7""",Parts,MEP Rough-In,EACH,,,,,,,
MEP_DUCT_FITTINGS_RECTANGULAR_UNION_STANDARD_8_X8_8_X8,"MEP Duct Fittings | Rectangular Union | Standard | 8""x8""-8""x8""",PART-MEP_DUCT_FITTINGS-B8D52A5D,"MEP rough-in part for Duct Fittings | Rectangular Union | Standard | 8""x8""-8""x8""",Parts,MEP Rough-In,EACH,,,,,,,
MEP_DUCT_FITTINGS_ROUND_TRANSITION_ANGLE_45_DEGREE_12_Ø_9_Ø,"MEP Duct Fittings | Round Transition - Angle | 45 Degree | 12""ø-9""ø",PART-MEP_DUCT_FITTINGS-68EAA876,"MEP rough-in part for Duct Fittings | Round Transition - Angle | 45 Degree | 12""ø-9""ø",Parts,MEP Rough-In,EACH,,,,,,,
MEP_DUCT_FITTINGS_ROUND_TRANSITION_ANGLE_45_DEGREE_5_Ø_3_Ø,"MEP Duct Fittings | Round Transition - Angle | 45 Degree | 5""ø-3""ø",PART-MEP_DUCT_FITTINGS-23F45A44,"MEP rough-in part for Duct Fittings | Round Transition - Angle | 45 Degree | 5""ø-3""ø",Parts,MEP Rough-In,EACH,,,,,,,
MEP_DUCT_FITTINGS_ROUND_TRANSITION_ANGLE_45_DEGREE_6_Ø_3_Ø,"MEP Duct Fittings | Round Transition - Angle | 45 Degree | 6""ø-3""ø",PART-MEP_DUCT_FITTINGS-DB45344E,"MEP rough-in part for Duct Fittings | Round Transition - Angle | 45 Degree | 6""ø-3""ø",Parts,MEP Rough-In,EACH,,,,,,,
MEP_DUCT_FITTINGS_ROUND_TRANSITION_ANGLE_45_DEGREE_6_Ø_5_Ø,"MEP Duct Fittings | Round Transition - Angle | 45 Degree | 6""ø-5""ø",PART-MEP_DUCT_FITTINGS-DFD4C027,"MEP rough-in part for Duct Fittings | Round Transition - Angle | 45 Degree | 6""ø-5""ø",Parts,MEP Rough-In,EACH,,,,,,,
MEP_DUCT_FITTINGS_ROUND_TRANSITION_ANGLE_45_DEGREE_6_Ø_6_Ø,"MEP Duct Fittings | Round Transition - Angle | 45 Degree | 6""ø-6""ø",PART-MEP_DUCT_FITTINGS-8B0D24FE,"MEP rough-in part for Duct Fittings | Round Transition - Angle | 45 Degree | 6""ø-6""ø",Parts,MEP Rough-In,EACH,,,,,,,
MEP_DUCT_FITTINGS_ROUND_TRANSITION_ANGLE_45_DEGREE_8_Ø_8_Ø,"MEP Duct Fittings | Round Transition - Angle | 45 Degree | 8""ø-8""ø",PART-MEP_DUCT_FITTINGS-6E856758,"MEP rough-in part for Duct Fittings | Round Transition - Angle | 45 Degree | 8""ø-8""ø",Parts,MEP Rough-In,EACH,,,,,,,
MEP_ELECTRICAL_FIXTURES_34274_34274_MARINE_M_WHITE_CEILING_FAN_IP44_UNKNOWN,MEP Electrical Fixtures | 34274 | 34274 MARINE M White ceiling fan IP44,PART-MEP_ELECTRICAL_FIX-02DBADF5,MEP rough-in part for Electrical Fixtures | 34274 | 34274 MARINE M White ceiling fan IP44,Parts,MEP Rough-In,EACH,,,,,,,
MEP_ELECTRICAL_FIXTURES_ESSENCE_8_FT_FAN_DIAMETER_A_UNKNOWN,MEP Electrical Fixtures | Essence | 8 ft Fan Diameter (A),PART-MEP_ELECTRICAL_FIX-2D601B75,MEP rough-in part for Electrical Fixtures | Essence | 8 ft Fan Diameter (A),Parts,MEP Rough-In,EACH,,,,,,,
MEP_FLEX_DUCTS_UNSPECIFIED_FAMILY_FLEX_ROUND_14_Ø,"MEP Flex Ducts | Unspecified Family | Flex - Round | 14""ø",PART-MEP_FLEX_DUCTS_UNS-2BC4E475,"MEP rough-in part for Flex Ducts | Unspecified Family | Flex - Round | 14""ø",Parts,MEP Rough-In,EACH,,,,,,,
MEP_FLEX_DUCTS_UNSPECIFIED_FAMILY_FLEX_ROUND_3_1_2_Ø,"MEP Flex Ducts | Unspecified Family | Flex - Round | 3 1/2""ø",PART-MEP_FLEX_DUCTS_UNS-958CEA23,"MEP rough-in part for Flex Ducts | Unspecified Family | Flex - Round | 3 1/2""ø",Parts,MEP Rough-In,EACH,,,,,,,
MEP_FLEX_DUCTS_UNSPECIFIED_FAMILY_FLEX_ROUND_3_Ø,"MEP Flex Ducts | Unspecified Family | Flex - Round | 3""ø",PART-MEP_FLEX_DUCTS_UNS-66E5CAE4,"MEP rough-in part for Flex Ducts | Unspecified Family | Flex - Round | 3""ø",Parts,MEP Rough-In,EACH,,,,,,,
MEP_FLEX_DUCTS_UNSPECIFIED_FAMILY_FLEX_ROUND_4_Ø,"MEP Flex Ducts | Unspecified Family | Flex - Round | 4""ø",PART-MEP_FLEX_DUCTS_UNS-C050D0AA,"MEP rough-in part for Flex Ducts | Unspecified Family | Flex - Round | 4""ø",Parts,MEP Rough-In,EACH,,,,,,,
MEP_FLEX_DUCTS_UNSPECIFIED_FAMILY_FLEX_ROUND_5_Ø,"MEP Flex Ducts | Unspecified Family | Flex - Round | 5""ø",PART-MEP_FLEX_DUCTS_UNS-973AA315,"MEP rough-in part for Flex Ducts | Unspecified Family | Flex - Round | 5""ø",Parts,MEP Rough-In,EACH,,,,,,,
MEP_FLEX_DUCTS_UNSPECIFIED_FAMILY_FLEX_ROUND_6_Ø,"MEP Flex Ducts | Unspecified Family | Flex - Round | 6""ø",PART-MEP_FLEX_DUCTS_UNS-68D4FA59,"MEP rough-in part for Flex Ducts | Unspecified Family | Flex - Round | 6""ø",Parts,MEP Rough-In,EACH,,,,,,,
MEP_FLEX_DUCTS_UNSPECIFIED_FAMILY_FLEX_ROUND_7_Ø,"MEP Flex Ducts | Unspecified Family | Flex - Round | 7""ø",PART-MEP_FLEX_DUCTS_UNS-7F3554DE,"MEP rough-in part for Flex Ducts | Unspecified Family | Flex - Round | 7""ø",Parts,MEP Rough-In,EACH,,,,,,,
MEP_FLEX_DUCTS_UNSPECIFIED_FAMILY_FLEX_ROUND_8_Ø,"MEP Flex Ducts | Unspecified Family | Flex - Round | 8""ø",PART-MEP_FLEX_DUCTS_UNS-E61C1D9A,"MEP rough-in part for Flex Ducts | Unspecified Family | Flex - Round | 8""ø",Parts,MEP Rough-In,EACH,,,,,,,
MEP_FLEX_DUCTS_UNSPECIFIED_FAMILY_FLEX_ROUND_9_Ø,"MEP Flex Ducts | Unspecified Family | Flex - Round | 9""ø",PART-MEP_FLEX_DUCTS_UNS-00688DF5,"MEP rough-in part for Flex Ducts | Unspecified Family | Flex - Round | 9""ø",Parts,MEP Rough-In,EACH,,,,,,,
MEP_MECHANICAL_EQUIPMENT_71_HC_VRF_HCL_TOSHIBA_TCC_MMF6H_36_56_MMF_AP0366H1_E_UNKNOWN,MEP Mechanical Equipment | 71-HC_VRF_HCL_TOSHIBA_TCC_MMF6H_36-56 | MMF-AP0366H1-E,PART-MEP_MECHANICAL_EQU-74245D6E,MEP rough-in part for Mechanical Equipment | 71-HC_VRF_HCL_TOSHIBA_TCC_MMF6H_36-56 | MMF-AP0366H1-E,Parts,MEP Rough-In,EACH,,,,,,,
MEP_MECHANICAL_EQUIPMENT_AERA_EVO_55C_RFA_2026_LEVELBASED_EVO_55C_UNKNOWN,MEP Mechanical Equipment | AERA_EVO-55C_RFA_2026_LevelBased | EVO-55C,PART-MEP_MECHANICAL_EQU-5C967D51,MEP rough-in part for Mechanical Equipment | AERA_EVO-55C_RFA_2026_LevelBased | EVO-55C,Parts,MEP Rough-In,EACH,,,,,,,
MEP_MECHANICAL_EQUIPMENT_AERA_EVO_85C_WITH_ELECTRICAL_PRE_OR_AFTER_HEATER_RFA_2026_LEVELBASED_EVO_85C_WITH_ELECTRICAL_PRE_OR_AFTER_HEATER_UNKNOWN,MEP Mechanical Equipment | AERA_EVO-85C_with_electrical_(pre_or_after)_heater_RFA_2026_LevelBased | EVO-85C with electrical (pre or after) heater,PART-MEP_MECHANICAL_EQU-97879B99,MEP rough-in part for Mechanical Equipment | AERA_EVO-85C_with_electrical_(pre_or_after)_heater_RFA_2026_LevelBased | EVO-85C with electrical (pre or after) heater,Parts,MEP Rough-In,EACH,,,,,,,
MEP_PLUMBING_FIXTURES_M_SINK_KITCHEN_ISLAND_450_X_450MM_UNKNOWN,MEP Plumbing Fixtures | M_Sink Kitchen-Island | 450 x 450mm,PART-MEP_PLUMBING_FIXTU-50B065B1,MEP rough-in part for Plumbing Fixtures | M_Sink Kitchen-Island | 450 x 450mm,Parts,MEP Rough-In,EACH,,,,,,,
MEP_PLUMBING_FIXTURES_M_TOILET_RESIDENCIAL_3D_M_TOILET_RESIDENCIAL_3D_UNKNOWN,MEP Plumbing Fixtures | M_Toilet-Residencial-3D | M_Toilet-Residencial-3D,PART-MEP_PLUMBING_FIXTU-9A909A73,MEP rough-in part for Plumbing Fixtures | M_Toilet-Residencial-3D | M_Toilet-Residencial-3D,Parts,MEP Rough-In,EACH,,,,,,,
MEP_PLUMBING_FIXTURES_M_VÃO_DA_PIA_REDONDO_482_X_482_MM_UNKNOWN,MEP Plumbing Fixtures | M_Vão da pia-Redondo | 482 x 482 mm,PART-MEP_PLUMBING_FIXTU-F3C4B96C,MEP rough-in part for Plumbing Fixtures | M_Vão da pia-Redondo | 482 x 482 mm,Parts,MEP Rough-In,EACH,,,,,,,
