element_id,kit_id,order_id,item_name,build_code
591542,CONC_400CF_TRUCK_ASSEMBLY_20291109,PO-000001,Concrete Truck Load - 400 CF,Footings - Form/Rebar/Pour Concrete | L -1 | FOOTINGS_FORM_REBAR_POUR_L_NEG_1_TRUCK_001
591542,CONC_400CF_TRUCK_ASSEMBLY_20291109,PO-000001,Concrete Truck Load - 400 CF,Footings - Form/Rebar/Pour Concrete | L -1 | FOOTINGS_FORM_REBAR_POUR_L_NEG_1_TRUCK_002
591543,CONC_400CF_TRUCK_ASSEMBLY_20291109,PO-000001,Concrete Truck Load - 400 CF,Footings - Form/Rebar/Pour Concrete | L -1 | FOOTINGS_FORM_REBAR_POUR_L_NEG_1_TRUCK_001
591543,CONC_400CF_TRUCK_ASSEMBLY_20291109,PO-000001,Concrete Truck Load - 400 CF,Footings - Form/Rebar/Pour Concrete | L -1 | FOOTINGS_FORM_REBAR_POUR_L_NEG_1_TRUCK_002
591544,CONC_400CF_TRUCK_ASSEMBLY_20291109,PO-000001,Concrete Truck Load - 400 CF,Footings - Form/Rebar/Pour Concrete | L -1 | FOOTINGS_FORM_REBAR_POUR_L_NEG_1_TRUCK_001
591544,CONC_400CF_TRUCK_ASSEMBLY_20291109,PO-000001,Concrete Truck Load - 400 CF,Footings - Form/Rebar/Pour Concrete | L -1 | FOOTINGS_FORM_REBAR_POUR_L_NEG_1_TRUCK_002
591545,CONC_400CF_TRUCK_ASSEMBLY_20291109,PO-000001,Concrete Truck Load - 400 CF,Footings - Form/Rebar/Pour Concrete | L -1 | FOOTINGS_FORM_REBAR_POUR_L_NEG_1_TRUCK_001
591545,CONC_400CF_TRUCK_ASSEMBLY_20291109,PO-000001,Concrete Truck Load - 400 CF,Footings - Form/Rebar/Pour Concrete | L -1 | FOOTINGS_FORM_REBAR_POUR_L_NEG_1_TRUCK_002
591546,CONC_400CF_TRUCK_ASSEMBLY_20291109,PO-000001,Concrete Truck Load - 400 CF,Footings - Form/Rebar/Pour Concrete | L -1 | FOOTINGS_FORM_REBAR_POUR_L_NEG_1_TRUCK_001
591546,CONC_400CF_TRUCK_ASSEMBLY_20291109,PO-000001,Concrete Truck Load - 400 CF,Footings - Form/Rebar/Pour Concrete | L -1 | FOOTINGS_FORM_REBAR_POUR_L_NEG_1_TRUCK_002
591548,CONC_400CF_TRUCK_ASSEMBLY_20291109,PO-000001,Concrete Truck Load - 400 CF,Footings - Form/Rebar/Pour Concrete | L -1 | FOOTINGS_FORM_REBAR_POUR_L_NEG_1_TRUCK_001
591548,CONC_400CF_TRUCK_ASSEMBLY_20291109,PO-000001,Concrete Truck Load - 400 CF,Footings - Form/Rebar/Pour Concrete | L -1 | FOOTINGS_FORM_REBAR_POUR_L_NEG_1_TRUCK_002
591549,CONC_400CF_TRUCK_ASSEMBLY_20291109,PO-000001,Concrete Truck Load - 400 CF,Footings - Form/Rebar/Pour Concrete | L -1 | FOOTINGS_FORM_REBAR_POUR_L_NEG_1_TRUCK_001
591549,CONC_400CF_TRUCK_ASSEMBLY_20291109,PO-000001,Concrete Truck Load - 400 CF,Footings - Form/Rebar/Pour Concrete | L -1 | FOOTINGS_FORM_REBAR_POUR_L_NEG_1_TRUCK_002
591550,CONC_400CF_TRUCK_ASSEMBLY_20291109,PO-000001,Concrete Truck Load - 400 CF,Footings - Form/Rebar/Pour Concrete | L -1 | FOOTINGS_FORM_REBAR_POUR_L_NEG_1_TRUCK_001
591550,CONC_400CF_TRUCK_ASSEMBLY_20291109,PO-000001,Concrete Truck Load - 400 CF,Footings - Form/Rebar/Pour Concrete | L -1 | FOOTINGS_FORM_REBAR_POUR_L_NEG_1_TRUCK_002
591551,CONC_400CF_TRUCK_ASSEMBLY_20291109,PO-000001,Concrete Truck Load - 400 CF,Footings - Form/Rebar/Pour Concrete | L -1 | FOOTINGS_FORM_REBAR_POUR_L_NEG_1_TRUCK_001
591551,CONC_400CF_TRUCK_ASSEMBLY_20291109,PO-000001,Concrete Truck Load - 400 CF,Footings - Form/Rebar/Pour Concrete | L -1 | FOOTINGS_FORM_REBAR_POUR_L_NEG_1_TRUCK_002
591553,CONC_400CF_TRUCK_ASSEMBLY_20291109,PO-000001,Concrete Truck Load - 400 CF,Footings - Form/Rebar/Pour Concrete | L -1 | FOOTINGS_FORM_REBAR_POUR_L_NEG_1_TRUCK_001
591553,CONC_400CF_TRUCK_ASSEMBLY_20291109,PO-000001,Concrete Truck Load - 400 CF,Footings - Form/Rebar/Pour Concrete | L -1 | FOOTINGS_FORM_REBAR_POUR_L_NEG_1_TRUCK_002
623957,CONC_400CF_TRUCK_ASSEMBLY_20291109,PO-000001,Concrete Truck Load - 400 CF,Footings - Form/Rebar/Pour Concrete | L -1 | FOOTINGS_FORM_REBAR_POUR_L_NEG_1_TRUCK_001
623957,CONC_400CF_TRUCK_ASSEMBLY_20291109,PO-000001,Concrete Truck Load - 400 CF,Footings - Form/Rebar/Pour Concrete | L -1 | FOOTINGS_FORM_REBAR_POUR_L_NEG_1_TRUCK_002
624038,CONC_400CF_TRUCK_ASSEMBLY_20291109,PO-000001,Concrete Truck Load - 400 CF,Footings - Form/Rebar/Pour Concrete | L -1 | FOOTINGS_FORM_REBAR_POUR_L_NEG_1_TRUCK_001
624038,CONC_400CF_TRUCK_ASSEMBLY_20291109,PO-000001,Concrete Truck Load - 400 CF,Footings - Form/Rebar/Pour Concrete | L -1 | FOOTINGS_FORM_REBAR_POUR_L_NEG_1_TRUCK_002
624107,CONC_400CF_TRUCK_ASSEMBLY_20291109,PO-000001,Concrete Truck Load - 400 CF,Footings - Form/Rebar/Pour Concrete | L -1 | FOOTINGS_FORM_REBAR_POUR_L_NEG_1_TRUCK_001
624107,CONC_400CF_TRUCK_ASSEMBLY_20291109,PO-000001,Concrete Truck Load - 400 CF,Footings - Form/Rebar/Pour Concrete | L -1 | FOOTINGS_FORM_REBAR_POUR_L_NEG_1_TRUCK_002
624304,CONC_400CF_TRUCK_ASSEMBLY_20291109,PO-000001,Concrete Truck Load - 400 CF,Footings - Form/Rebar/Pour Concrete | L -1 | FOOTINGS_FORM_REBAR_POUR_L_NEG_1_TRUCK_001
624304,CONC_400CF_TRUCK_ASSEMBLY_20291109,PO-000001,Concrete Truck Load - 400 CF,Footings - Form/Rebar/Pour Concrete | L -1 | FOOTINGS_FORM_REBAR_POUR_L_NEG_1_TRUCK_002
624371,CONC_400CF_TRUCK_ASSEMBLY_20291109,PO-000001,Concrete Truck Load - 400 CF,Footings - Form/Rebar/Pour Concrete | L -1 | FOOTINGS_FORM_REBAR_POUR_L_NEG_1_TRUCK_001
624371,CONC_400CF_TRUCK_ASSEMBLY_20291109,PO-000001,Concrete Truck Load - 400 CF,Footings - Form/Rebar/Pour Concrete | L -1 | FOOTINGS_FORM_REBAR_POUR_L_NEG_1_TRUCK_002
624492,CONC_400CF_TRUCK_ASSEMBLY_20291109,PO-000001,Concrete Truck Load - 400 CF,Footings - Form/Rebar/Pour Concrete | L -1 | FOOTINGS_FORM_REBAR_POUR_L_NEG_1_TRUCK_001
624492,CONC_400CF_TRUCK_ASSEMBLY_20291109,PO-000001,Concrete Truck Load - 400 CF,Footings - Form/Rebar/Pour Concrete | L -1 | FOOTINGS_FORM_REBAR_POUR_L_NEG_1_TRUCK_002
624539,CONC_400CF_TRUCK_ASSEMBLY_20291109,PO-000001,Concrete Truck Load - 400 CF,Footings - Form/Rebar/Pour Concrete | L -1 | FOOTINGS_FORM_REBAR_POUR_L_NEG_1_TRUCK_001
624539,CONC_400CF_TRUCK_ASSEMBLY_20291109,PO-000001,Concrete Truck Load - 400 CF,Footings - Form/Rebar/Pour Concrete | L -1 | FOOTINGS_FORM_REBAR_POUR_L_NEG_1_TRUCK_002
624760,CONC_400CF_TRUCK_ASSEMBLY_20291109,PO-000001,Concrete Truck Load - 400 CF,Footings - Form/Rebar/Pour Concrete | L -1 | FOOTINGS_FORM_REBAR_POUR_L_NEG_1_TRUCK_001
624760,CONC_400CF_TRUCK_ASSEMBLY_20291109,PO-000001,Concrete Truck Load - 400 CF,Footings - Form/Rebar/Pour Concrete | L -1 | FOOTINGS_FORM_REBAR_POUR_L_NEG_1_TRUCK_002
624849,CONC_400CF_TRUCK_ASSEMBLY_20291109,PO-000001,Concrete Truck Load - 400 CF,Footings - Form/Rebar/Pour Concrete | L -1 | FOOTINGS_FORM_REBAR_POUR_L_NEG_1_TRUCK_001
624849,CONC_400CF_TRUCK_ASSEMBLY_20291109,PO-000001,Concrete Truck Load - 400 CF,Footings - Form/Rebar/Pour Concrete | L -1 | FOOTINGS_FORM_REBAR_POUR_L_NEG_1_TRUCK_002
624938,CONC_400CF_TRUCK_ASSEMBLY_20291109,PO-000001,Concrete Truck Load - 400 CF,Footings - Form/Rebar/Pour Concrete | L -1 | FOOTINGS_FORM_REBAR_POUR_L_NEG_1_TRUCK_001
624938,CONC_400CF_TRUCK_ASSEMBLY_20291109,PO-000001,Concrete Truck Load - 400 CF,Footings - Form/Rebar/Pour Concrete | L -1 | FOOTINGS_FORM_REBAR_POUR_L_NEG_1_TRUCK_002
625295,CONC_400CF_TRUCK_ASSEMBLY_20291109,PO-000001,Concrete Truck Load - 400 CF,Footings - Form/Rebar/Pour Concrete | L -1 | FOOTINGS_FORM_REBAR_POUR_L_NEG_1_TRUCK_001
625295,CONC_400CF_TRUCK_ASSEMBLY_20291109,PO-000001,Concrete Truck Load - 400 CF,Footings - Form/Rebar/Pour Concrete | L -1 | FOOTINGS_FORM_REBAR_POUR_L_NEG_1_TRUCK_002
625298,CONC_400CF_TRUCK_ASSEMBLY_20291109,PO-000001,Concrete Truck Load - 400 CF,Footings - Form/Rebar/Pour Concrete | L -1 | FOOTINGS_FORM_REBAR_POUR_L_NEG_1_TRUCK_001
625298,CONC_400CF_TRUCK_ASSEMBLY_20291109,PO-000001,Concrete Truck Load - 400 CF,Footings - Form/Rebar/Pour Concrete | L -1 | FOOTINGS_FORM_REBAR_POUR_L_NEG_1_TRUCK_002
625307,CONC_400CF_TRUCK_ASSEMBLY_20291109,PO-000001,Concrete Truck Load - 400 CF,Footings - Form/Rebar/Pour Concrete | L -1 | FOOTINGS_FORM_REBAR_POUR_L_NEG_1_TRUCK_001
625307,CONC_400CF_TRUCK_ASSEMBLY_20291109,PO-000001,Concrete Truck Load - 400 CF,Footings - Form/Rebar/Pour Concrete | L -1 | FOOTINGS_FORM_REBAR_POUR_L_NEG_1_TRUCK_002
625308,CONC_400CF_TRUCK_ASSEMBLY_20291109,PO-000001,Concrete Truck Load - 400 CF,Footings - Form/Rebar/Pour Concrete | L -1 | FOOTINGS_FORM_REBAR_POUR_L_NEG_1_TRUCK_001
625308,CONC_400CF_TRUCK_ASSEMBLY_20291109,PO-000001,Concrete Truck Load - 400 CF,Footings - Form/Rebar/Pour Concrete | L -1 | FOOTINGS_FORM_REBAR_POUR_L_NEG_1_TRUCK_002
625595,CONC_400CF_TRUCK_ASSEMBLY_20291109,PO-000001,Concrete Truck Load - 400 CF,Footings - Form/Rebar/Pour Concrete | L -1 | FOOTINGS_FORM_REBAR_POUR_L_NEG_1_TRUCK_001
625595,CONC_400CF_TRUCK_ASSEMBLY_20291109,PO-000001,Concrete Truck Load - 400 CF,Footings - Form/Rebar/Pour Concrete | L -1 | FOOTINGS_FORM_REBAR_POUR_L_NEG_1_TRUCK_002
633719,CONC_400CF_TRUCK_ASSEMBLY_20291109,PO-000001,Concrete Truck Load - 400 CF,Footings - Form/Rebar/Pour Concrete | L -1 | FOOTINGS_FORM_REBAR_POUR_L_NEG_1_TRUCK_001
633719,CONC_400CF_TRUCK_ASSEMBLY_20291109,PO-000001,Concrete Truck Load - 400 CF,Footings - Form/Rebar/Pour Concrete | L -1 | FOOTINGS_FORM_REBAR_POUR_L_NEG_1_TRUCK_002
633768,CONC_400CF_TRUCK_ASSEMBLY_20291109,PO-000001,Concrete Truck Load - 400 CF,Footings - Form/Rebar/Pour Concrete | L -1 | FOOTINGS_FORM_REBAR_POUR_L_NEG_1_TRUCK_001
633768,CONC_400CF_TRUCK_ASSEMBLY_20291109,PO-000001,Concrete Truck Load - 400 CF,Footings - Form/Rebar/Pour Concrete | L -1 | FOOTINGS_FORM_REBAR_POUR_L_NEG_1_TRUCK_002
635246,CONC_400CF_TRUCK_ASSEMBLY_20291109,PO-000001,Concrete Truck Load - 400 CF,Footings - Form/Rebar/Pour Concrete | L -1 | FOOTINGS_FORM_REBAR_POUR_L_NEG_1_TRUCK_001
635246,CONC_400CF_TRUCK_ASSEMBLY_20291109,PO-000001,Concrete Truck Load - 400 CF,Footings - Form/Rebar/Pour Concrete | L -1 | FOOTINGS_FORM_REBAR_POUR_L_NEG_1_TRUCK_002
638123,CONC_400CF_TRUCK_ASSEMBLY_20291109,PO-000001,Concrete Truck Load - 400 CF,Footings - Form/Rebar/Pour Concrete | L -1 | FOOTINGS_FORM_REBAR_POUR_L_NEG_1_TRUCK_001
638123,CONC_400CF_TRUCK_ASSEMBLY_20291109,PO-000001,Concrete Truck Load - 400 CF,Footings - Form/Rebar/Pour Concrete | L -1 | FOOTINGS_FORM_REBAR_POUR_L_NEG_1_TRUCK_002
591535,CONC_400CF_TRUCK_ASSEMBLY_20291112,PO-000002,Concrete Truck Load - 400 CF,Footings - Form/Rebar/Pour Concrete | L 0 | FOOTINGS_FORM_REBAR_POUR_L_0_TRUCK_001
591536,CONC_400CF_TRUCK_ASSEMBLY_20291112,PO-000002,Concrete Truck Load - 400 CF,Footings - Form/Rebar/Pour Concrete | L 0 | FOOTINGS_FORM_REBAR_POUR_L_0_TRUCK_001
591537,CONC_400CF_TRUCK_ASSEMBLY_20291112,PO-000002,Concrete Truck Load - 400 CF,Footings - Form/Rebar/Pour Concrete | L 0 | FOOTINGS_FORM_REBAR_POUR_L_0_TRUCK_001
591538,CONC_400CF_TRUCK_ASSEMBLY_20291112,PO-000002,Concrete Truck Load - 400 CF,Footings - Form/Rebar/Pour Concrete | L 0 | FOOTINGS_FORM_REBAR_POUR_L_0_TRUCK_001
594845,CONC_400CF_TRUCK_ASSEMBLY_20291112,PO-000002,Concrete Truck Load - 400 CF,Footings - Form/Rebar/Pour Concrete | L 0 | FOOTINGS_FORM_REBAR_POUR_L_0_TRUCK_001
617799,CONC_400CF_TRUCK_ASSEMBLY_20291112,PO-000002,Concrete Truck Load - 400 CF,Basement Retaining Walls Concrete | L -1 | BASEMENT_RETAINING_WALLS_L_NEG_1_TRUCK_001
617799,CONC_400CF_TRUCK_ASSEMBLY_20291112,PO-000002,Concrete Truck Load - 400 CF,Basement Retaining Walls Concrete | L -1 | BASEMENT_RETAINING_WALLS_L_NEG_1_TRUCK_002
618153,CONC_400CF_TRUCK_ASSEMBLY_20291112,PO-000002,Concrete Truck Load - 400 CF,Footings - Form/Rebar/Pour Concrete | Unassigned | FOOTINGS_FORM_REBAR_POUR_UNASSIGNED_TRUCK_001
591738,CONC_400CF_TRUCK_ASSEMBLY_20291119,PO-000003,Concrete Truck Load - 400 CF,Grade Beams Concrete | L -1 | GRADE_BEAMS_L_NEG_1_TRUCK_001
591738,CONC_400CF_TRUCK_ASSEMBLY_20291119,PO-000003,Concrete Truck Load - 400 CF,Grade Beams Concrete | L -1 | GRADE_BEAMS_L_NEG_1_TRUCK_002
591738,CONC_400CF_TRUCK_ASSEMBLY_20291119,PO-000003,Concrete Truck Load - 400 CF,Grade Beams Concrete | L -1 | GRADE_BEAMS_L_NEG_1_TRUCK_003
591738,CONC_400CF_TRUCK_ASSEMBLY_20291119,PO-000003,Concrete Truck Load - 400 CF,Grade Beams Concrete | L -1 | GRADE_BEAMS_L_NEG_1_TRUCK_004
591738,CONC_400CF_TRUCK_ASSEMBLY_20291119,PO-000003,Concrete Truck Load - 400 CF,Grade Beams Concrete | L -1 | GRADE_BEAMS_L_NEG_1_TRUCK_005
591739,CONC_400CF_TRUCK_ASSEMBLY_20291119,PO-000003,Concrete Truck Load - 400 CF,Grade Beams Concrete | L -1 | GRADE_BEAMS_L_NEG_1_TRUCK_001
591739,CONC_400CF_TRUCK_ASSEMBLY_20291119,PO-000003,Concrete Truck Load - 400 CF,Grade Beams Concrete | L -1 | GRADE_BEAMS_L_NEG_1_TRUCK_002
591739,CONC_400CF_TRUCK_ASSEMBLY_20291119,PO-000003,Concrete Truck Load - 400 CF,Grade Beams Concrete | L -1 | GRADE_BEAMS_L_NEG_1_TRUCK_003
591739,CONC_400CF_TRUCK_ASSEMBLY_20291119,PO-000003,Concrete Truck Load - 400 CF,Grade Beams Concrete | L -1 | GRADE_BEAMS_L_NEG_1_TRUCK_004
591739,CONC_400CF_TRUCK_ASSEMBLY_20291119,PO-000003,Concrete Truck Load - 400 CF,Grade Beams Concrete | L -1 | GRADE_BEAMS_L_NEG_1_TRUCK_005
591740,CONC_400CF_TRUCK_ASSEMBLY_20291119,PO-000003,Concrete Truck Load - 400 CF,Grade Beams Concrete | L -1 | GRADE_BEAMS_L_NEG_1_TRUCK_001
591740,CONC_400CF_TRUCK_ASSEMBLY_20291119,PO-000003,Concrete Truck Load - 400 CF,Grade Beams Concrete | L -1 | GRADE_BEAMS_L_NEG_1_TRUCK_002
591740,CONC_400CF_TRUCK_ASSEMBLY_20291119,PO-000003,Concrete Truck Load - 400 CF,Grade Beams Concrete | L -1 | GRADE_BEAMS_L_NEG_1_TRUCK_003
591740,CONC_400CF_TRUCK_ASSEMBLY_20291119,PO-000003,Concrete Truck Load - 400 CF,Grade Beams Concrete | L -1 | GRADE_BEAMS_L_NEG_1_TRUCK_004
591740,CONC_400CF_TRUCK_ASSEMBLY_20291119,PO-000003,Concrete Truck Load - 400 CF,Grade Beams Concrete | L -1 | GRADE_BEAMS_L_NEG_1_TRUCK_005
591741,CONC_400CF_TRUCK_ASSEMBLY_20291119,PO-000003,Concrete Truck Load - 400 CF,Grade Beams Concrete | L -1 | GRADE_BEAMS_L_NEG_1_TRUCK_001
591741,CONC_400CF_TRUCK_ASSEMBLY_20291119,PO-000003,Concrete Truck Load - 400 CF,Grade Beams Concrete | L -1 | GRADE_BEAMS_L_NEG_1_TRUCK_002
591741,CONC_400CF_TRUCK_ASSEMBLY_20291119,PO-000003,Concrete Truck Load - 400 CF,Grade Beams Concrete | L -1 | GRADE_BEAMS_L_NEG_1_TRUCK_003
591741,CONC_400CF_TRUCK_ASSEMBLY_20291119,PO-000003,Concrete Truck Load - 400 CF,Grade Beams Concrete | L -1 | GRADE_BEAMS_L_NEG_1_TRUCK_004
591741,CONC_400CF_TRUCK_ASSEMBLY_20291119,PO-000003,Concrete Truck Load - 400 CF,Grade Beams Concrete | L -1 | GRADE_BEAMS_L_NEG_1_TRUCK_005
591742,CONC_400CF_TRUCK_ASSEMBLY_20291119,PO-000003,Concrete Truck Load - 400 CF,Grade Beams Concrete | L -1 | GRADE_BEAMS_L_NEG_1_TRUCK_001
591742,CONC_400CF_TRUCK_ASSEMBLY_20291119,PO-000003,Concrete Truck Load - 400 CF,Grade Beams Concrete | L -1 | GRADE_BEAMS_L_NEG_1_TRUCK_002
591742,CONC_400CF_TRUCK_ASSEMBLY_20291119,PO-000003,Concrete Truck Load - 400 CF,Grade Beams Concrete | L -1 | GRADE_BEAMS_L_NEG_1_TRUCK_003
591742,CONC_400CF_TRUCK_ASSEMBLY_20291119,PO-000003,Concrete Truck Load - 400 CF,Grade Beams Concrete | L -1 | GRADE_BEAMS_L_NEG_1_TRUCK_004
591742,CONC_400CF_TRUCK_ASSEMBLY_20291119,PO-000003,Concrete Truck Load - 400 CF,Grade Beams Concrete | L -1 | GRADE_BEAMS_L_NEG_1_TRUCK_005
591743,CONC_400CF_TRUCK_ASSEMBLY_20291119,PO-000003,Concrete Truck Load - 400 CF,Grade Beams Concrete | L -1 | GRADE_BEAMS_L_NEG_1_TRUCK_001
591743,CONC_400CF_TRUCK_ASSEMBLY_20291119,PO-000003,Concrete Truck Load - 400 CF,Grade Beams Concrete | L -1 | GRADE_BEAMS_L_NEG_1_TRUCK_002
591743,CONC_400CF_TRUCK_ASSEMBLY_20291119,PO-000003,Concrete Truck Load - 400 CF,Grade Beams Concrete | L -1 | GRADE_BEAMS_L_NEG_1_TRUCK_003
591743,CONC_400CF_TRUCK_ASSEMBLY_20291119,PO-000003,Concrete Truck Load - 400 CF,Grade Beams Concrete | L -1 | GRADE_BEAMS_L_NEG_1_TRUCK_004
591743,CONC_400CF_TRUCK_ASSEMBLY_20291119,PO-000003,Concrete Truck Load - 400 CF,Grade Beams Concrete | L -1 | GRADE_BEAMS_L_NEG_1_TRUCK_005
591744,CONC_400CF_TRUCK_ASSEMBLY_20291119,PO-000003,Concrete Truck Load - 400 CF,Grade Beams Concrete | L -1 | GRADE_BEAMS_L_NEG_1_TRUCK_001
591744,CONC_400CF_TRUCK_ASSEMBLY_20291119,PO-000003,Concrete Truck Load - 400 CF,Grade Beams Concrete | L -1 | GRADE_BEAMS_L_NEG_1_TRUCK_002
591744,CONC_400CF_TRUCK_ASSEMBLY_20291119,PO-000003,Concrete Truck Load - 400 CF,Grade Beams Concrete | L -1 | GRADE_BEAMS_L_NEG_1_TRUCK_003
591744,CONC_400CF_TRUCK_ASSEMBLY_20291119,PO-000003,Concrete Truck Load - 400 CF,Grade Beams Concrete | L -1 | GRADE_BEAMS_L_NEG_1_TRUCK_004
591744,CONC_400CF_TRUCK_ASSEMBLY_20291119,PO-000003,Concrete Truck Load - 400 CF,Grade Beams Concrete | L -1 | GRADE_BEAMS_L_NEG_1_TRUCK_005
591745,CONC_400CF_TRUCK_ASSEMBLY_20291119,PO-000003,Concrete Truck Load - 400 CF,Grade Beams Concrete | L -1 | GRADE_BEAMS_L_NEG_1_TRUCK_001
591745,CONC_400CF_TRUCK_ASSEMBLY_20291119,PO-000003,Concrete Truck Load - 400 CF,Grade Beams Concrete | L -1 | GRADE_BEAMS_L_NEG_1_TRUCK_002
591745,CONC_400CF_TRUCK_ASSEMBLY_20291119,PO-000003,Concrete Truck Load - 400 CF,Grade Beams Concrete | L -1 | GRADE_BEAMS_L_NEG_1_TRUCK_003
591745,CONC_400CF_TRUCK_ASSEMBLY_20291119,PO-000003,Concrete Truck Load - 400 CF,Grade Beams Concrete | L -1 | GRADE_BEAMS_L_NEG_1_TRUCK_004
591745,CONC_400CF_TRUCK_ASSEMBLY_20291119,PO-000003,Concrete Truck Load - 400 CF,Grade Beams Concrete | L -1 | GRADE_BEAMS_L_NEG_1_TRUCK_005
591746,CONC_400CF_TRUCK_ASSEMBLY_20291119,PO-000003,Concrete Truck Load - 400 CF,Grade Beams Concrete | L -1 | GRADE_BEAMS_L_NEG_1_TRUCK_001
591746,CONC_400CF_TRUCK_ASSEMBLY_20291119,PO-000003,Concrete Truck Load - 400 CF,Grade Beams Concrete | L -1 | GRADE_BEAMS_L_NEG_1_TRUCK_002
591746,CONC_400CF_TRUCK_ASSEMBLY_20291119,PO-000003,Concrete Truck Load - 400 CF,Grade Beams Concrete | L -1 | GRADE_BEAMS_L_NEG_1_TRUCK_003
591746,CONC_400CF_TRUCK_ASSEMBLY_20291119,PO-000003,Concrete Truck Load - 400 CF,Grade Beams Concrete | L -1 | GRADE_BEAMS_L_NEG_1_TRUCK_004
591746,CONC_400CF_TRUCK_ASSEMBLY_20291119,PO-000003,Concrete Truck Load - 400 CF,Grade Beams Concrete | L -1 | GRADE_BEAMS_L_NEG_1_TRUCK_005
591747,CONC_400CF_TRUCK_ASSEMBLY_20291119,PO-000003,Concrete Truck Load - 400 CF,Grade Beams Concrete | L -1 | GRADE_BEAMS_L_NEG_1_TRUCK_001
591747,CONC_400CF_TRUCK_ASSEMBLY_20291119,PO-000003,Concrete Truck Load - 400 CF,Grade Beams Concrete | L -1 | GRADE_BEAMS_L_NEG_1_TRUCK_002
591747,CONC_400CF_TRUCK_ASSEMBLY_20291119,PO-000003,Concrete Truck Load - 400 CF,Grade Beams Concrete | L -1 | GRADE_BEAMS_L_NEG_1_TRUCK_003
591747,CONC_400CF_TRUCK_ASSEMBLY_20291119,PO-000003,Concrete Truck Load - 400 CF,Grade Beams Concrete | L -1 | GRADE_BEAMS_L_NEG_1_TRUCK_004
591747,CONC_400CF_TRUCK_ASSEMBLY_20291119,PO-000003,Concrete Truck Load - 400 CF,Grade Beams Concrete | L -1 | GRADE_BEAMS_L_NEG_1_TRUCK_005
591748,CONC_400CF_TRUCK_ASSEMBLY_20291119,PO-000003,Concrete Truck Load - 400 CF,Grade Beams Concrete | L -1 | GRADE_BEAMS_L_NEG_1_TRUCK_001
591748,CONC_400CF_TRUCK_ASSEMBLY_20291119,PO-000003,Concrete Truck Load - 400 CF,Grade Beams Concrete | L -1 | GRADE_BEAMS_L_NEG_1_TRUCK_002
591748,CONC_400CF_TRUCK_ASSEMBLY_20291119,PO-000003,Concrete Truck Load - 400 CF,Grade Beams Concrete | L -1 | GRADE_BEAMS_L_NEG_1_TRUCK_003
591748,CONC_400CF_TRUCK_ASSEMBLY_20291119,PO-000003,Concrete Truck Load - 400 CF,Grade Beams Concrete | L -1 | GRADE_BEAMS_L_NEG_1_TRUCK_004
591748,CONC_400CF_TRUCK_ASSEMBLY_20291119,PO-000003,Concrete Truck Load - 400 CF,Grade Beams Concrete | L -1 | GRADE_BEAMS_L_NEG_1_TRUCK_005
591750,CONC_400CF_TRUCK_ASSEMBLY_20291119,PO-000003,Concrete Truck Load - 400 CF,Grade Beams Concrete | L -1 | GRADE_BEAMS_L_NEG_1_TRUCK_001
591750,CONC_400CF_TRUCK_ASSEMBLY_20291119,PO-000003,Concrete Truck Load - 400 CF,Grade Beams Concrete | L -1 | GRADE_BEAMS_L_NEG_1_TRUCK_002
591750,CONC_400CF_TRUCK_ASSEMBLY_20291119,PO-000003,Concrete Truck Load - 400 CF,Grade Beams Concrete | L -1 | GRADE_BEAMS_L_NEG_1_TRUCK_003
591750,CONC_400CF_TRUCK_ASSEMBLY_20291119,PO-000003,Concrete Truck Load - 400 CF,Grade Beams Concrete | L -1 | GRADE_BEAMS_L_NEG_1_TRUCK_004
591750,CONC_400CF_TRUCK_ASSEMBLY_20291119,PO-000003,Concrete Truck Load - 400 CF,Grade Beams Concrete | L -1 | GRADE_BEAMS_L_NEG_1_TRUCK_005
591751,CONC_400CF_TRUCK_ASSEMBLY_20291119,PO-000003,Concrete Truck Load - 400 CF,Grade Beams Concrete | L -1 | GRADE_BEAMS_L_NEG_1_TRUCK_001
591751,CONC_400CF_TRUCK_ASSEMBLY_20291119,PO-000003,Concrete Truck Load - 400 CF,Grade Beams Concrete | L -1 | GRADE_BEAMS_L_NEG_1_TRUCK_002
591751,CONC_400CF_TRUCK_ASSEMBLY_20291119,PO-000003,Concrete Truck Load - 400 CF,Grade Beams Concrete | L -1 | GRADE_BEAMS_L_NEG_1_TRUCK_003
591751,CONC_400CF_TRUCK_ASSEMBLY_20291119,PO-000003,Concrete Truck Load - 400 CF,Grade Beams Concrete | L -1 | GRADE_BEAMS_L_NEG_1_TRUCK_004
591751,CONC_400CF_TRUCK_ASSEMBLY_20291119,PO-000003,Concrete Truck Load - 400 CF,Grade Beams Concrete | L -1 | GRADE_BEAMS_L_NEG_1_TRUCK_005
591754,CONC_400CF_TRUCK_ASSEMBLY_20291119,PO-000003,Concrete Truck Load - 400 CF,Grade Beams Concrete | L -1 | GRADE_BEAMS_L_NEG_1_TRUCK_001
591754,CONC_400CF_TRUCK_ASSEMBLY_20291119,PO-000003,Concrete Truck Load - 400 CF,Grade Beams Concrete | L -1 | GRADE_BEAMS_L_NEG_1_TRUCK_002
591754,CONC_400CF_TRUCK_ASSEMBLY_20291119,PO-000003,Concrete Truck Load - 400 CF,Grade Beams Concrete | L -1 | GRADE_BEAMS_L_NEG_1_TRUCK_003
591754,CONC_400CF_TRUCK_ASSEMBLY_20291119,PO-000003,Concrete Truck Load - 400 CF,Grade Beams Concrete | L -1 | GRADE_BEAMS_L_NEG_1_TRUCK_004
591754,CONC_400CF_TRUCK_ASSEMBLY_20291119,PO-000003,Concrete Truck Load - 400 CF,Grade Beams Concrete | L -1 | GRADE_BEAMS_L_NEG_1_TRUCK_005
591755,CONC_400CF_TRUCK_ASSEMBLY_20291119,PO-000003,Concrete Truck Load - 400 CF,Grade Beams Concrete | L -1 | GRADE_BEAMS_L_NEG_1_TRUCK_001
591755,CONC_400CF_TRUCK_ASSEMBLY_20291119,PO-000003,Concrete Truck Load - 400 CF,Grade Beams Concrete | L -1 | GRADE_BEAMS_L_NEG_1_TRUCK_002
591755,CONC_400CF_TRUCK_ASSEMBLY_20291119,PO-000003,Concrete Truck Load - 400 CF,Grade Beams Concrete | L -1 | GRADE_BEAMS_L_NEG_1_TRUCK_003
591755,CONC_400CF_TRUCK_ASSEMBLY_20291119,PO-000003,Concrete Truck Load - 400 CF,Grade Beams Concrete | L -1 | GRADE_BEAMS_L_NEG_1_TRUCK_004
591755,CONC_400CF_TRUCK_ASSEMBLY_20291119,PO-000003,Concrete Truck Load - 400 CF,Grade Beams Concrete | L -1 | GRADE_BEAMS_L_NEG_1_TRUCK_005
591758,CONC_400CF_TRUCK_ASSEMBLY_20291119,PO-000003,Concrete Truck Load - 400 CF,Grade Beams Concrete | L -1 | GRADE_BEAMS_L_NEG_1_TRUCK_001
591758,CONC_400CF_TRUCK_ASSEMBLY_20291119,PO-000003,Concrete Truck Load - 400 CF,Grade Beams Concrete | L -1 | GRADE_BEAMS_L_NEG_1_TRUCK_002
591758,CONC_400CF_TRUCK_ASSEMBLY_20291119,PO-000003,Concrete Truck Load - 400 CF,Grade Beams Concrete | L -1 | GRADE_BEAMS_L_NEG_1_TRUCK_003
591758,CONC_400CF_TRUCK_ASSEMBLY_20291119,PO-000003,Concrete Truck Load - 400 CF,Grade Beams Concrete | L -1 | GRADE_BEAMS_L_NEG_1_TRUCK_004
591758,CONC_400CF_TRUCK_ASSEMBLY_20291119,PO-000003,Concrete Truck Load - 400 CF,Grade Beams Concrete | L -1 | GRADE_BEAMS_L_NEG_1_TRUCK_005
591759,CONC_400CF_TRUCK_ASSEMBLY_20291119,PO-000003,Concrete Truck Load - 400 CF,Grade Beams Concrete | L -1 | GRADE_BEAMS_L_NEG_1_TRUCK_001
591759,CONC_400CF_TRUCK_ASSEMBLY_20291119,PO-000003,Concrete Truck Load - 400 CF,Grade Beams Concrete | L -1 | GRADE_BEAMS_L_NEG_1_TRUCK_002
591759,CONC_400CF_TRUCK_ASSEMBLY_20291119,PO-000003,Concrete Truck Load - 400 CF,Grade Beams Concrete | L -1 | GRADE_BEAMS_L_NEG_1_TRUCK_003
591759,CONC_400CF_TRUCK_ASSEMBLY_20291119,PO-000003,Concrete Truck Load - 400 CF,Grade Beams Concrete | L -1 | GRADE_BEAMS_L_NEG_1_TRUCK_004
591759,CONC_400CF_TRUCK_ASSEMBLY_20291119,PO-000003,Concrete Truck Load - 400 CF,Grade Beams Concrete | L -1 | GRADE_BEAMS_L_NEG_1_TRUCK_005
591760,CONC_400CF_TRUCK_ASSEMBLY_20291119,PO-000003,Concrete Truck Load - 400 CF,Grade Beams Concrete | L -1 | GRADE_BEAMS_L_NEG_1_TRUCK_001
591760,CONC_400CF_TRUCK_ASSEMBLY_20291119,PO-000003,Concrete Truck Load - 400 CF,Grade Beams Concrete | L -1 | GRADE_BEAMS_L_NEG_1_TRUCK_002
591760,CONC_400CF_TRUCK_ASSEMBLY_20291119,PO-000003,Concrete Truck Load - 400 CF,Grade Beams Concrete | L -1 | GRADE_BEAMS_L_NEG_1_TRUCK_003
591760,CONC_400CF_TRUCK_ASSEMBLY_20291119,PO-000003,Concrete Truck Load - 400 CF,Grade Beams Concrete | L -1 | GRADE_BEAMS_L_NEG_1_TRUCK_004
591760,CONC_400CF_TRUCK_ASSEMBLY_20291119,PO-000003,Concrete Truck Load - 400 CF,Grade Beams Concrete | L -1 | GRADE_BEAMS_L_NEG_1_TRUCK_005
591761,CONC_400CF_TRUCK_ASSEMBLY_20291119,PO-000003,Concrete Truck Load - 400 CF,Grade Beams Concrete | L -1 | GRADE_BEAMS_L_NEG_1_TRUCK_001
591761,CONC_400CF_TRUCK_ASSEMBLY_20291119,PO-000003,Concrete Truck Load - 400 CF,Grade Beams Concrete | L -1 | GRADE_BEAMS_L_NEG_1_TRUCK_002
591761,CONC_400CF_TRUCK_ASSEMBLY_20291119,PO-000003,Concrete Truck Load - 400 CF,Grade Beams Concrete | L -1 | GRADE_BEAMS_L_NEG_1_TRUCK_003
591761,CONC_400CF_TRUCK_ASSEMBLY_20291119,PO-000003,Concrete Truck Load - 400 CF,Grade Beams Concrete | L -1 | GRADE_BEAMS_L_NEG_1_TRUCK_004
591761,CONC_400CF_TRUCK_ASSEMBLY_20291119,PO-000003,Concrete Truck Load - 400 CF,Grade Beams Concrete | L -1 | GRADE_BEAMS_L_NEG_1_TRUCK_005
591765,CONC_400CF_TRUCK_ASSEMBLY_20291119,PO-000003,Concrete Truck Load - 400 CF,Grade Beams Concrete | L -1 | GRADE_BEAMS_L_NEG_1_TRUCK_001
591765,CONC_400CF_TRUCK_ASSEMBLY_20291119,PO-000003,Concrete Truck Load - 400 CF,Grade Beams Concrete | L -1 | GRADE_BEAMS_L_NEG_1_TRUCK_002
591765,CONC_400CF_TRUCK_ASSEMBLY_20291119,PO-000003,Concrete Truck Load - 400 CF,Grade Beams Concrete | L -1 | GRADE_BEAMS_L_NEG_1_TRUCK_003
591765,CONC_400CF_TRUCK_ASSEMBLY_20291119,PO-000003,Concrete Truck Load - 400 CF,Grade Beams Concrete | L -1 | GRADE_BEAMS_L_NEG_1_TRUCK_004
591765,CONC_400CF_TRUCK_ASSEMBLY_20291119,PO-000003,Concrete Truck Load - 400 CF,Grade Beams Concrete | L -1 | GRADE_BEAMS_L_NEG_1_TRUCK_005
591766,CONC_400CF_TRUCK_ASSEMBLY_20291119,PO-000003,Concrete Truck Load - 400 CF,Grade Beams Concrete | L -1 | GRADE_BEAMS_L_NEG_1_TRUCK_001
591766,CONC_400CF_TRUCK_ASSEMBLY_20291119,PO-000003,Concrete Truck Load - 400 CF,Grade Beams Concrete | L -1 | GRADE_BEAMS_L_NEG_1_TRUCK_002
591766,CONC_400CF_TRUCK_ASSEMBLY_20291119,PO-000003,Concrete Truck Load - 400 CF,Grade Beams Concrete | L -1 | GRADE_BEAMS_L_NEG_1_TRUCK_003
591766,CONC_400CF_TRUCK_ASSEMBLY_20291119,PO-000003,Concrete Truck Load - 400 CF,Grade Beams Concrete | L -1 | GRADE_BEAMS_L_NEG_1_TRUCK_004
591766,CONC_400CF_TRUCK_ASSEMBLY_20291119,PO-000003,Concrete Truck Load - 400 CF,Grade Beams Concrete | L -1 | GRADE_BEAMS_L_NEG_1_TRUCK_005
594720,CONC_400CF_TRUCK_ASSEMBLY_20291119,PO-000003,Concrete Truck Load - 400 CF,Grade Beams Concrete | L -1 | GRADE_BEAMS_L_NEG_1_TRUCK_001
594720,CONC_400CF_TRUCK_ASSEMBLY_20291119,PO-000003,Concrete Truck Load - 400 CF,Grade Beams Concrete | L -1 | GRADE_BEAMS_L_NEG_1_TRUCK_002
594720,CONC_400CF_TRUCK_ASSEMBLY_20291119,PO-000003,Concrete Truck Load - 400 CF,Grade Beams Concrete | L -1 | GRADE_BEAMS_L_NEG_1_TRUCK_003
594720,CONC_400CF_TRUCK_ASSEMBLY_20291119,PO-000003,Concrete Truck Load - 400 CF,Grade Beams Concrete | L -1 | GRADE_BEAMS_L_NEG_1_TRUCK_004
594720,CONC_400CF_TRUCK_ASSEMBLY_20291119,PO-000003,Concrete Truck Load - 400 CF,Grade Beams Concrete | L -1 | GRADE_BEAMS_L_NEG_1_TRUCK_005
611709,CONC_400CF_TRUCK_ASSEMBLY_20291119,PO-000003,Concrete Truck Load - 400 CF,Foundational Columns Concrete | L -1 | FOUNDATIONAL_COLUMNS_L_NEG_1_TRUCK_001
611833,CONC_400CF_TRUCK_ASSEMBLY_20291119,PO-000003,Concrete Truck Load - 400 CF,Foundational Columns Concrete | L -1 | FOUNDATIONAL_COLUMNS_L_NEG_1_TRUCK_001
611868,CONC_400CF_TRUCK_ASSEMBLY_20291119,PO-000003,Concrete Truck Load - 400 CF,Foundational Columns Concrete | L -1 | FOUNDATIONAL_COLUMNS_L_NEG_1_TRUCK_001
612178,CONC_400CF_TRUCK_ASSEMBLY_20291119,PO-000003,Concrete Truck Load - 400 CF,Foundational Columns Concrete | L -1 | FOUNDATIONAL_COLUMNS_L_NEG_1_TRUCK_001
612945,CONC_400CF_TRUCK_ASSEMBLY_20291119,PO-000003,Concrete Truck Load - 400 CF,Foundational Columns Concrete | L -1 | FOUNDATIONAL_COLUMNS_L_NEG_1_TRUCK_001
618215,CONC_400CF_TRUCK_ASSEMBLY_20291119,PO-000003,Concrete Truck Load - 400 CF,Grade Beams Concrete | L -1 | GRADE_BEAMS_L_NEG_1_TRUCK_001
618215,CONC_400CF_TRUCK_ASSEMBLY_20291119,PO-000003,Concrete Truck Load - 400 CF,Grade Beams Concrete | L -1 | GRADE_BEAMS_L_NEG_1_TRUCK_002
618215,CONC_400CF_TRUCK_ASSEMBLY_20291119,PO-000003,Concrete Truck Load - 400 CF,Grade Beams Concrete | L -1 | GRADE_BEAMS_L_NEG_1_TRUCK_003
618215,CONC_400CF_TRUCK_ASSEMBLY_20291119,PO-000003,Concrete Truck Load - 400 CF,Grade Beams Concrete | L -1 | GRADE_BEAMS_L_NEG_1_TRUCK_004
618215,CONC_400CF_TRUCK_ASSEMBLY_20291119,PO-000003,Concrete Truck Load - 400 CF,Grade Beams Concrete | L -1 | GRADE_BEAMS_L_NEG_1_TRUCK_005
621063,CONC_400CF_TRUCK_ASSEMBLY_20291119,PO-000003,Concrete Truck Load - 400 CF,Foundational Columns Concrete | L -1 | FOUNDATIONAL_COLUMNS_L_NEG_1_TRUCK_001
621150,CONC_400CF_TRUCK_ASSEMBLY_20291119,PO-000003,Concrete Truck Load - 400 CF,Foundational Columns Concrete | L -1 | FOUNDATIONAL_COLUMNS_L_NEG_1_TRUCK_001
622192,CONC_400CF_TRUCK_ASSEMBLY_20291119,PO-000003,Concrete Truck Load - 400 CF,Foundational Columns Concrete | L -1 | FOUNDATIONAL_COLUMNS_L_NEG_1_TRUCK_001
622193,CONC_400CF_TRUCK_ASSEMBLY_20291119,PO-000003,Concrete Truck Load - 400 CF,Foundational Columns Concrete | L -1 | FOUNDATIONAL_COLUMNS_L_NEG_1_TRUCK_001
622194,CONC_400CF_TRUCK_ASSEMBLY_20291119,PO-000003,Concrete Truck Load - 400 CF,Foundational Columns Concrete | L -1 | FOUNDATIONAL_COLUMNS_L_NEG_1_TRUCK_001
622195,CONC_400CF_TRUCK_ASSEMBLY_20291119,PO-000003,Concrete Truck Load - 400 CF,Foundational Columns Concrete | L -1 | FOUNDATIONAL_COLUMNS_L_NEG_1_TRUCK_001
622196,CONC_400CF_TRUCK_ASSEMBLY_20291119,PO-000003,Concrete Truck Load - 400 CF,Foundational Columns Concrete | L -1 | FOUNDATIONAL_COLUMNS_L_NEG_1_TRUCK_001
622197,CONC_400CF_TRUCK_ASSEMBLY_20291119,PO-000003,Concrete Truck Load - 400 CF,Foundational Columns Concrete | L -1 | FOUNDATIONAL_COLUMNS_L_NEG_1_TRUCK_001
622198,CONC_400CF_TRUCK_ASSEMBLY_20291119,PO-000003,Concrete Truck Load - 400 CF,Foundational Columns Concrete | L -1 | FOUNDATIONAL_COLUMNS_L_NEG_1_TRUCK_001
622199,CONC_400CF_TRUCK_ASSEMBLY_20291119,PO-000003,Concrete Truck Load - 400 CF,Foundational Columns Concrete | L -1 | FOUNDATIONAL_COLUMNS_L_NEG_1_TRUCK_001
622200,CONC_400CF_TRUCK_ASSEMBLY_20291119,PO-000003,Concrete Truck Load - 400 CF,Foundational Columns Concrete | L -1 | FOUNDATIONAL_COLUMNS_L_NEG_1_TRUCK_001
622201,CONC_400CF_TRUCK_ASSEMBLY_20291119,PO-000003,Concrete Truck Load - 400 CF,Foundational Columns Concrete | L -1 | FOUNDATIONAL_COLUMNS_L_NEG_1_TRUCK_001
622202,CONC_400CF_TRUCK_ASSEMBLY_20291119,PO-000003,Concrete Truck Load - 400 CF,Foundational Columns Concrete | L -1 | FOUNDATIONAL_COLUMNS_L_NEG_1_TRUCK_001
622203,CONC_400CF_TRUCK_ASSEMBLY_20291119,PO-000003,Concrete Truck Load - 400 CF,Foundational Columns Concrete | L -1 | FOUNDATIONAL_COLUMNS_L_NEG_1_TRUCK_001
622204,CONC_400CF_TRUCK_ASSEMBLY_20291119,PO-000003,Concrete Truck Load - 400 CF,Foundational Columns Concrete | L -1 | FOUNDATIONAL_COLUMNS_L_NEG_1_TRUCK_001
622205,CONC_400CF_TRUCK_ASSEMBLY_20291119,PO-000003,Concrete Truck Load - 400 CF,Foundational Columns Concrete | L -1 | FOUNDATIONAL_COLUMNS_L_NEG_1_TRUCK_001
622206,CONC_400CF_TRUCK_ASSEMBLY_20291119,PO-000003,Concrete Truck Load - 400 CF,Foundational Columns Concrete | L -1 | FOUNDATIONAL_COLUMNS_L_NEG_1_TRUCK_001
622207,CONC_400CF_TRUCK_ASSEMBLY_20291119,PO-000003,Concrete Truck Load - 400 CF,Foundational Columns Concrete | L -1 | FOUNDATIONAL_COLUMNS_L_NEG_1_TRUCK_001
622208,CONC_400CF_TRUCK_ASSEMBLY_20291119,PO-000003,Concrete Truck Load - 400 CF,Foundational Columns Concrete | L -1 | FOUNDATIONAL_COLUMNS_L_NEG_1_TRUCK_001
622209,CONC_400CF_TRUCK_ASSEMBLY_20291119,PO-000003,Concrete Truck Load - 400 CF,Foundational Columns Concrete | L -1 | FOUNDATIONAL_COLUMNS_L_NEG_1_TRUCK_001
622210,CONC_400CF_TRUCK_ASSEMBLY_20291119,PO-000003,Concrete Truck Load - 400 CF,Foundational Columns Concrete | L -1 | FOUNDATIONAL_COLUMNS_L_NEG_1_TRUCK_001
622212,CONC_400CF_TRUCK_ASSEMBLY_20291119,PO-000003,Concrete Truck Load - 400 CF,Foundational Columns Concrete | L -1 | FOUNDATIONAL_COLUMNS_L_NEG_1_TRUCK_001
622213,CONC_400CF_TRUCK_ASSEMBLY_20291119,PO-000003,Concrete Truck Load - 400 CF,Foundational Columns Concrete | L -1 | FOUNDATIONAL_COLUMNS_L_NEG_1_TRUCK_001
622214,CONC_400CF_TRUCK_ASSEMBLY_20291119,PO-000003,Concrete Truck Load - 400 CF,Foundational Columns Concrete | L -1 | FOUNDATIONAL_COLUMNS_L_NEG_1_TRUCK_001
622918,CONC_400CF_TRUCK_ASSEMBLY_20291119,PO-000003,Concrete Truck Load - 400 CF,Foundational Columns Concrete | L -1 | FOUNDATIONAL_COLUMNS_L_NEG_1_TRUCK_001
634191,CONC_400CF_TRUCK_ASSEMBLY_20291119,PO-000003,Concrete Truck Load - 400 CF,Foundational Columns Concrete | L -1 | FOUNDATIONAL_COLUMNS_L_NEG_1_TRUCK_001
634277,CONC_400CF_TRUCK_ASSEMBLY_20291119,PO-000003,Concrete Truck Load - 400 CF,Foundational Columns Concrete | L -1 | FOUNDATIONAL_COLUMNS_L_NEG_1_TRUCK_001
634794,CONC_400CF_TRUCK_ASSEMBLY_20291119,PO-000003,Concrete Truck Load - 400 CF,Foundational Columns Concrete | L -1 | FOUNDATIONAL_COLUMNS_L_NEG_1_TRUCK_001
635522,CONC_400CF_TRUCK_ASSEMBLY_20291119,PO-000003,Concrete Truck Load - 400 CF,Grade Beams Concrete | L -1 | GRADE_BEAMS_L_NEG_1_TRUCK_001
635522,CONC_400CF_TRUCK_ASSEMBLY_20291119,PO-000003,Concrete Truck Load - 400 CF,Grade Beams Concrete | L -1 | GRADE_BEAMS_L_NEG_1_TRUCK_002
635522,CONC_400CF_TRUCK_ASSEMBLY_20291119,PO-000003,Concrete Truck Load - 400 CF,Grade Beams Concrete | L -1 | GRADE_BEAMS_L_NEG_1_TRUCK_003
635522,CONC_400CF_TRUCK_ASSEMBLY_20291119,PO-000003,Concrete Truck Load - 400 CF,Grade Beams Concrete | L -1 | GRADE_BEAMS_L_NEG_1_TRUCK_004
635522,CONC_400CF_TRUCK_ASSEMBLY_20291119,PO-000003,Concrete Truck Load - 400 CF,Grade Beams Concrete | L -1 | GRADE_BEAMS_L_NEG_1_TRUCK_005
635545,CONC_400CF_TRUCK_ASSEMBLY_20291119,PO-000003,Concrete Truck Load - 400 CF,Grade Beams Concrete | L -1 | GRADE_BEAMS_L_NEG_1_TRUCK_001
635545,CONC_400CF_TRUCK_ASSEMBLY_20291119,PO-000003,Concrete Truck Load - 400 CF,Grade Beams Concrete | L -1 | GRADE_BEAMS_L_NEG_1_TRUCK_002
635545,CONC_400CF_TRUCK_ASSEMBLY_20291119,PO-000003,Concrete Truck Load - 400 CF,Grade Beams Concrete | L -1 | GRADE_BEAMS_L_NEG_1_TRUCK_003
635545,CONC_400CF_TRUCK_ASSEMBLY_20291119,PO-000003,Concrete Truck Load - 400 CF,Grade Beams Concrete | L -1 | GRADE_BEAMS_L_NEG_1_TRUCK_004
635545,CONC_400CF_TRUCK_ASSEMBLY_20291119,PO-000003,Concrete Truck Load - 400 CF,Grade Beams Concrete | L -1 | GRADE_BEAMS_L_NEG_1_TRUCK_005
635572,CONC_400CF_TRUCK_ASSEMBLY_20291119,PO-000003,Concrete Truck Load - 400 CF,Grade Beams Concrete | L -1 | GRADE_BEAMS_L_NEG_1_TRUCK_001
635572,CONC_400CF_TRUCK_ASSEMBLY_20291119,PO-000003,Concrete Truck Load - 400 CF,Grade Beams Concrete | L -1 | GRADE_BEAMS_L_NEG_1_TRUCK_002
635572,CONC_400CF_TRUCK_ASSEMBLY_20291119,PO-000003,Concrete Truck Load - 400 CF,Grade Beams Concrete | L -1 | GRADE_BEAMS_L_NEG_1_TRUCK_003
635572,CONC_400CF_TRUCK_ASSEMBLY_20291119,PO-000003,Concrete Truck Load - 400 CF,Grade Beams Concrete | L -1 | GRADE_BEAMS_L_NEG_1_TRUCK_004
635572,CONC_400CF_TRUCK_ASSEMBLY_20291119,PO-000003,Concrete Truck Load - 400 CF,Grade Beams Concrete | L -1 | GRADE_BEAMS_L_NEG_1_TRUCK_005
635605,CONC_400CF_TRUCK_ASSEMBLY_20291119,PO-000003,Concrete Truck Load - 400 CF,Grade Beams Concrete | L -1 | GRADE_BEAMS_L_NEG_1_TRUCK_001
635605,CONC_400CF_TRUCK_ASSEMBLY_20291119,PO-000003,Concrete Truck Load - 400 CF,Grade Beams Concrete | L -1 | GRADE_BEAMS_L_NEG_1_TRUCK_002
635605,CONC_400CF_TRUCK_ASSEMBLY_20291119,PO-000003,Concrete Truck Load - 400 CF,Grade Beams Concrete | L -1 | GRADE_BEAMS_L_NEG_1_TRUCK_003
635605,CONC_400CF_TRUCK_ASSEMBLY_20291119,PO-000003,Concrete Truck Load - 400 CF,Grade Beams Concrete | L -1 | GRADE_BEAMS_L_NEG_1_TRUCK_004
635605,CONC_400CF_TRUCK_ASSEMBLY_20291119,PO-000003,Concrete Truck Load - 400 CF,Grade Beams Concrete | L -1 | GRADE_BEAMS_L_NEG_1_TRUCK_005
635633,CONC_400CF_TRUCK_ASSEMBLY_20291119,PO-000003,Concrete Truck Load - 400 CF,Grade Beams Concrete | L -1 | GRADE_BEAMS_L_NEG_1_TRUCK_001
635633,CONC_400CF_TRUCK_ASSEMBLY_20291119,PO-000003,Concrete Truck Load - 400 CF,Grade Beams Concrete | L -1 | GRADE_BEAMS_L_NEG_1_TRUCK_002
635633,CONC_400CF_TRUCK_ASSEMBLY_20291119,PO-000003,Concrete Truck Load - 400 CF,Grade Beams Concrete | L -1 | GRADE_BEAMS_L_NEG_1_TRUCK_003
635633,CONC_400CF_TRUCK_ASSEMBLY_20291119,PO-000003,Concrete Truck Load - 400 CF,Grade Beams Concrete | L -1 | GRADE_BEAMS_L_NEG_1_TRUCK_004
635633,CONC_400CF_TRUCK_ASSEMBLY_20291119,PO-000003,Concrete Truck Load - 400 CF,Grade Beams Concrete | L -1 | GRADE_BEAMS_L_NEG_1_TRUCK_005
637859,CONC_400CF_TRUCK_ASSEMBLY_20291119,PO-000003,Concrete Truck Load - 400 CF,Grade Beams Concrete | L -1 | GRADE_BEAMS_L_NEG_1_TRUCK_001
637859,CONC_400CF_TRUCK_ASSEMBLY_20291119,PO-000003,Concrete Truck Load - 400 CF,Grade Beams Concrete | L -1 | GRADE_BEAMS_L_NEG_1_TRUCK_002
637859,CONC_400CF_TRUCK_ASSEMBLY_20291119,PO-000003,Concrete Truck Load - 400 CF,Grade Beams Concrete | L -1 | GRADE_BEAMS_L_NEG_1_TRUCK_003
637859,CONC_400CF_TRUCK_ASSEMBLY_20291119,PO-000003,Concrete Truck Load - 400 CF,Grade Beams Concrete | L -1 | GRADE_BEAMS_L_NEG_1_TRUCK_004
637859,CONC_400CF_TRUCK_ASSEMBLY_20291119,PO-000003,Concrete Truck Load - 400 CF,Grade Beams Concrete | L -1 | GRADE_BEAMS_L_NEG_1_TRUCK_005
638002,CONC_400CF_TRUCK_ASSEMBLY_20291119,PO-000003,Concrete Truck Load - 400 CF,Grade Beams Concrete | L -1 | GRADE_BEAMS_L_NEG_1_TRUCK_001
638002,CONC_400CF_TRUCK_ASSEMBLY_20291119,PO-000003,Concrete Truck Load - 400 CF,Grade Beams Concrete | L -1 | GRADE_BEAMS_L_NEG_1_TRUCK_002
638002,CONC_400CF_TRUCK_ASSEMBLY_20291119,PO-000003,Concrete Truck Load - 400 CF,Grade Beams Concrete | L -1 | GRADE_BEAMS_L_NEG_1_TRUCK_003
638002,CONC_400CF_TRUCK_ASSEMBLY_20291119,PO-000003,Concrete Truck Load - 400 CF,Grade Beams Concrete | L -1 | GRADE_BEAMS_L_NEG_1_TRUCK_004
638002,CONC_400CF_TRUCK_ASSEMBLY_20291119,PO-000003,Concrete Truck Load - 400 CF,Grade Beams Concrete | L -1 | GRADE_BEAMS_L_NEG_1_TRUCK_005
638012,CONC_400CF_TRUCK_ASSEMBLY_20291119,PO-000003,Concrete Truck Load - 400 CF,Grade Beams Concrete | L -1 | GRADE_BEAMS_L_NEG_1_TRUCK_001
638012,CONC_400CF_TRUCK_ASSEMBLY_20291119,PO-000003,Concrete Truck Load - 400 CF,Grade Beams Concrete | L -1 | GRADE_BEAMS_L_NEG_1_TRUCK_002
638012,CONC_400CF_TRUCK_ASSEMBLY_20291119,PO-000003,Concrete Truck Load - 400 CF,Grade Beams Concrete | L -1 | GRADE_BEAMS_L_NEG_1_TRUCK_003
638012,CONC_400CF_TRUCK_ASSEMBLY_20291119,PO-000003,Concrete Truck Load - 400 CF,Grade Beams Concrete | L -1 | GRADE_BEAMS_L_NEG_1_TRUCK_004
638012,CONC_400CF_TRUCK_ASSEMBLY_20291119,PO-000003,Concrete Truck Load - 400 CF,Grade Beams Concrete | L -1 | GRADE_BEAMS_L_NEG_1_TRUCK_005
638122,CONC_400CF_TRUCK_ASSEMBLY_20291119,PO-000003,Concrete Truck Load - 400 CF,Foundational Columns Concrete | L -1 | FOUNDATIONAL_COLUMNS_L_NEG_1_TRUCK_001
669594,CONC_400CF_TRUCK_ASSEMBLY_20291119,PO-000003,Concrete Truck Load - 400 CF,Grade Beams Concrete | L -1 | GRADE_BEAMS_L_NEG_1_TRUCK_001
669594,CONC_400CF_TRUCK_ASSEMBLY_20291119,PO-000003,Concrete Truck Load - 400 CF,Grade Beams Concrete | L -1 | GRADE_BEAMS_L_NEG_1_TRUCK_002
669594,CONC_400CF_TRUCK_ASSEMBLY_20291119,PO-000003,Concrete Truck Load - 400 CF,Grade Beams Concrete | L -1 | GRADE_BEAMS_L_NEG_1_TRUCK_003
669594,CONC_400CF_TRUCK_ASSEMBLY_20291119,PO-000003,Concrete Truck Load - 400 CF,Grade Beams Concrete | L -1 | GRADE_BEAMS_L_NEG_1_TRUCK_004
669594,CONC_400CF_TRUCK_ASSEMBLY_20291119,PO-000003,Concrete Truck Load - 400 CF,Grade Beams Concrete | L -1 | GRADE_BEAMS_L_NEG_1_TRUCK_005
669708,CONC_400CF_TRUCK_ASSEMBLY_20291119,PO-000003,Concrete Truck Load - 400 CF,Grade Beams Concrete | L -1 | GRADE_BEAMS_L_NEG_1_TRUCK_001
669708,CONC_400CF_TRUCK_ASSEMBLY_20291119,PO-000003,Concrete Truck Load - 400 CF,Grade Beams Concrete | L -1 | GRADE_BEAMS_L_NEG_1_TRUCK_002
669708,CONC_400CF_TRUCK_ASSEMBLY_20291119,PO-000003,Concrete Truck Load - 400 CF,Grade Beams Concrete | L -1 | GRADE_BEAMS_L_NEG_1_TRUCK_003
669708,CONC_400CF_TRUCK_ASSEMBLY_20291119,PO-000003,Concrete Truck Load - 400 CF,Grade Beams Concrete | L -1 | GRADE_BEAMS_L_NEG_1_TRUCK_004
669708,CONC_400CF_TRUCK_ASSEMBLY_20291119,PO-000003,Concrete Truck Load - 400 CF,Grade Beams Concrete | L -1 | GRADE_BEAMS_L_NEG_1_TRUCK_005
670047,CONC_400CF_TRUCK_ASSEMBLY_20291119,PO-000003,Concrete Truck Load - 400 CF,Grade Beams Concrete | L -1 | GRADE_BEAMS_L_NEG_1_TRUCK_001
670047,CONC_400CF_TRUCK_ASSEMBLY_20291119,PO-000003,Concrete Truck Load - 400 CF,Grade Beams Concrete | L -1 | GRADE_BEAMS_L_NEG_1_TRUCK_002
670047,CONC_400CF_TRUCK_ASSEMBLY_20291119,PO-000003,Concrete Truck Load - 400 CF,Grade Beams Concrete | L -1 | GRADE_BEAMS_L_NEG_1_TRUCK_003
670047,CONC_400CF_TRUCK_ASSEMBLY_20291119,PO-000003,Concrete Truck Load - 400 CF,Grade Beams Concrete | L -1 | GRADE_BEAMS_L_NEG_1_TRUCK_004
670047,CONC_400CF_TRUCK_ASSEMBLY_20291119,PO-000003,Concrete Truck Load - 400 CF,Grade Beams Concrete | L -1 | GRADE_BEAMS_L_NEG_1_TRUCK_005
670564,CONC_400CF_TRUCK_ASSEMBLY_20291119,PO-000003,Concrete Truck Load - 400 CF,Grade Beams Concrete | L -1 | GRADE_BEAMS_L_NEG_1_TRUCK_001
670564,CONC_400CF_TRUCK_ASSEMBLY_20291119,PO-000003,Concrete Truck Load - 400 CF,Grade Beams Concrete | L -1 | GRADE_BEAMS_L_NEG_1_TRUCK_002
670564,CONC_400CF_TRUCK_ASSEMBLY_20291119,PO-000003,Concrete Truck Load - 400 CF,Grade Beams Concrete | L -1 | GRADE_BEAMS_L_NEG_1_TRUCK_003
670564,CONC_400CF_TRUCK_ASSEMBLY_20291119,PO-000003,Concrete Truck Load - 400 CF,Grade Beams Concrete | L -1 | GRADE_BEAMS_L_NEG_1_TRUCK_004
670564,CONC_400CF_TRUCK_ASSEMBLY_20291119,PO-000003,Concrete Truck Load - 400 CF,Grade Beams Concrete | L -1 | GRADE_BEAMS_L_NEG_1_TRUCK_005
688597,CONC_400CF_TRUCK_ASSEMBLY_20291119,PO-000003,Concrete Truck Load - 400 CF,Grade Beams Concrete | L -1 | GRADE_BEAMS_L_NEG_1_TRUCK_001
688597,CONC_400CF_TRUCK_ASSEMBLY_20291119,PO-000003,Concrete Truck Load - 400 CF,Grade Beams Concrete | L -1 | GRADE_BEAMS_L_NEG_1_TRUCK_002
688597,CONC_400CF_TRUCK_ASSEMBLY_20291119,PO-000003,Concrete Truck Load - 400 CF,Grade Beams Concrete | L -1 | GRADE_BEAMS_L_NEG_1_TRUCK_003
688597,CONC_400CF_TRUCK_ASSEMBLY_20291119,PO-000003,Concrete Truck Load - 400 CF,Grade Beams Concrete | L -1 | GRADE_BEAMS_L_NEG_1_TRUCK_004
688597,CONC_400CF_TRUCK_ASSEMBLY_20291119,PO-000003,Concrete Truck Load - 400 CF,Grade Beams Concrete | L -1 | GRADE_BEAMS_L_NEG_1_TRUCK_005
688927,CONC_400CF_TRUCK_ASSEMBLY_20291119,PO-000003,Concrete Truck Load - 400 CF,Grade Beams Concrete | L -1 | GRADE_BEAMS_L_NEG_1_TRUCK_001
688927,CONC_400CF_TRUCK_ASSEMBLY_20291119,PO-000003,Concrete Truck Load - 400 CF,Grade Beams Concrete | L -1 | GRADE_BEAMS_L_NEG_1_TRUCK_002
688927,CONC_400CF_TRUCK_ASSEMBLY_20291119,PO-000003,Concrete Truck Load - 400 CF,Grade Beams Concrete | L -1 | GRADE_BEAMS_L_NEG_1_TRUCK_003
688927,CONC_400CF_TRUCK_ASSEMBLY_20291119,PO-000003,Concrete Truck Load - 400 CF,Grade Beams Concrete | L -1 | GRADE_BEAMS_L_NEG_1_TRUCK_004
688927,CONC_400CF_TRUCK_ASSEMBLY_20291119,PO-000003,Concrete Truck Load - 400 CF,Grade Beams Concrete | L -1 | GRADE_BEAMS_L_NEG_1_TRUCK_005
690052,CONC_400CF_TRUCK_ASSEMBLY_20291119,PO-000003,Concrete Truck Load - 400 CF,Grade Beams Concrete | L -1 | GRADE_BEAMS_L_NEG_1_TRUCK_001
690052,CONC_400CF_TRUCK_ASSEMBLY_20291119,PO-000003,Concrete Truck Load - 400 CF,Grade Beams Concrete | L -1 | GRADE_BEAMS_L_NEG_1_TRUCK_002
690052,CONC_400CF_TRUCK_ASSEMBLY_20291119,PO-000003,Concrete Truck Load - 400 CF,Grade Beams Concrete | L -1 | GRADE_BEAMS_L_NEG_1_TRUCK_003
690052,CONC_400CF_TRUCK_ASSEMBLY_20291119,PO-000003,Concrete Truck Load - 400 CF,Grade Beams Concrete | L -1 | GRADE_BEAMS_L_NEG_1_TRUCK_004
690052,CONC_400CF_TRUCK_ASSEMBLY_20291119,PO-000003,Concrete Truck Load - 400 CF,Grade Beams Concrete | L -1 | GRADE_BEAMS_L_NEG_1_TRUCK_005
691023,CONC_400CF_TRUCK_ASSEMBLY_20291119,PO-000003,Concrete Truck Load - 400 CF,Grade Beams Concrete | L -1 | GRADE_BEAMS_L_NEG_1_TRUCK_001
691023,CONC_400CF_TRUCK_ASSEMBLY_20291119,PO-000003,Concrete Truck Load - 400 CF,Grade Beams Concrete | L -1 | GRADE_BEAMS_L_NEG_1_TRUCK_002
691023,CONC_400CF_TRUCK_ASSEMBLY_20291119,PO-000003,Concrete Truck Load - 400 CF,Grade Beams Concrete | L -1 | GRADE_BEAMS_L_NEG_1_TRUCK_003
691023,CONC_400CF_TRUCK_ASSEMBLY_20291119,PO-000003,Concrete Truck Load - 400 CF,Grade Beams Concrete | L -1 | GRADE_BEAMS_L_NEG_1_TRUCK_004
691023,CONC_400CF_TRUCK_ASSEMBLY_20291119,PO-000003,Concrete Truck Load - 400 CF,Grade Beams Concrete | L -1 | GRADE_BEAMS_L_NEG_1_TRUCK_005
691156,CONC_400CF_TRUCK_ASSEMBLY_20291119,PO-000003,Concrete Truck Load - 400 CF,Grade Beams Concrete | L -1 | GRADE_BEAMS_L_NEG_1_TRUCK_001
691156,CONC_400CF_TRUCK_ASSEMBLY_20291119,PO-000003,Concrete Truck Load - 400 CF,Grade Beams Concrete | L -1 | GRADE_BEAMS_L_NEG_1_TRUCK_002
691156,CONC_400CF_TRUCK_ASSEMBLY_20291119,PO-000003,Concrete Truck Load - 400 CF,Grade Beams Concrete | L -1 | GRADE_BEAMS_L_NEG_1_TRUCK_003
691156,CONC_400CF_TRUCK_ASSEMBLY_20291119,PO-000003,Concrete Truck Load - 400 CF,Grade Beams Concrete | L -1 | GRADE_BEAMS_L_NEG_1_TRUCK_004
691156,CONC_400CF_TRUCK_ASSEMBLY_20291119,PO-000003,Concrete Truck Load - 400 CF,Grade Beams Concrete | L -1 | GRADE_BEAMS_L_NEG_1_TRUCK_005
691789,CONC_400CF_TRUCK_ASSEMBLY_20291119,PO-000003,Concrete Truck Load - 400 CF,Grade Beams Concrete | L -1 | GRADE_BEAMS_L_NEG_1_TRUCK_001
691789,CONC_400CF_TRUCK_ASSEMBLY_20291119,PO-000003,Concrete Truck Load - 400 CF,Grade Beams Concrete | L -1 | GRADE_BEAMS_L_NEG_1_TRUCK_002
691789,CONC_400CF_TRUCK_ASSEMBLY_20291119,PO-000003,Concrete Truck Load - 400 CF,Grade Beams Concrete | L -1 | GRADE_BEAMS_L_NEG_1_TRUCK_003
691789,CONC_400CF_TRUCK_ASSEMBLY_20291119,PO-000003,Concrete Truck Load - 400 CF,Grade Beams Concrete | L -1 | GRADE_BEAMS_L_NEG_1_TRUCK_004
691789,CONC_400CF_TRUCK_ASSEMBLY_20291119,PO-000003,Concrete Truck Load - 400 CF,Grade Beams Concrete | L -1 | GRADE_BEAMS_L_NEG_1_TRUCK_005
694397,CONC_400CF_TRUCK_ASSEMBLY_20291119,PO-000003,Concrete Truck Load - 400 CF,Grade Beams Concrete | L -1 | GRADE_BEAMS_L_NEG_1_TRUCK_001
694397,CONC_400CF_TRUCK_ASSEMBLY_20291119,PO-000003,Concrete Truck Load - 400 CF,Grade Beams Concrete | L -1 | GRADE_BEAMS_L_NEG_1_TRUCK_002
694397,CONC_400CF_TRUCK_ASSEMBLY_20291119,PO-000003,Concrete Truck Load - 400 CF,Grade Beams Concrete | L -1 | GRADE_BEAMS_L_NEG_1_TRUCK_003
694397,CONC_400CF_TRUCK_ASSEMBLY_20291119,PO-000003,Concrete Truck Load - 400 CF,Grade Beams Concrete | L -1 | GRADE_BEAMS_L_NEG_1_TRUCK_004
694397,CONC_400CF_TRUCK_ASSEMBLY_20291119,PO-000003,Concrete Truck Load - 400 CF,Grade Beams Concrete | L -1 | GRADE_BEAMS_L_NEG_1_TRUCK_005
695171,CONC_400CF_TRUCK_ASSEMBLY_20291119,PO-000003,Concrete Truck Load - 400 CF,Grade Beams Concrete | L -1 | GRADE_BEAMS_L_NEG_1_TRUCK_001
695171,CONC_400CF_TRUCK_ASSEMBLY_20291119,PO-000003,Concrete Truck Load - 400 CF,Grade Beams Concrete | L -1 | GRADE_BEAMS_L_NEG_1_TRUCK_002
695171,CONC_400CF_TRUCK_ASSEMBLY_20291119,PO-000003,Concrete Truck Load - 400 CF,Grade Beams Concrete | L -1 | GRADE_BEAMS_L_NEG_1_TRUCK_003
695171,CONC_400CF_TRUCK_ASSEMBLY_20291119,PO-000003,Concrete Truck Load - 400 CF,Grade Beams Concrete | L -1 | GRADE_BEAMS_L_NEG_1_TRUCK_004
695171,CONC_400CF_TRUCK_ASSEMBLY_20291119,PO-000003,Concrete Truck Load - 400 CF,Grade Beams Concrete | L -1 | GRADE_BEAMS_L_NEG_1_TRUCK_005
611089,CONC_400CF_TRUCK_ASSEMBLY_20291121,PO-000014,Concrete Truck Load - 400 CF,Basement Slab on Grade Concrete | L 0 | BASEMENT_SLAB_ON_GRADE_L_0_TRUCK_001
611089,CONC_400CF_TRUCK_ASSEMBLY_20291121,PO-000014,Concrete Truck Load - 400 CF,Basement Slab on Grade Concrete | L 0 | BASEMENT_SLAB_ON_GRADE_L_0_TRUCK_002
611089,CONC_400CF_TRUCK_ASSEMBLY_20291121,PO-000014,Concrete Truck Load - 400 CF,Basement Slab on Grade Concrete | L 0 | BASEMENT_SLAB_ON_GRADE_L_0_TRUCK_003
611089,CONC_400CF_TRUCK_ASSEMBLY_20291121,PO-000014,Concrete Truck Load - 400 CF,Basement Slab on Grade Concrete | L 0 | BASEMENT_SLAB_ON_GRADE_L_0_TRUCK_004
611089,CONC_400CF_TRUCK_ASSEMBLY_20291121,PO-000014,Concrete Truck Load - 400 CF,Basement Slab on Grade Concrete | L 0 | BASEMENT_SLAB_ON_GRADE_L_0_TRUCK_005
620265,CONC_400CF_TRUCK_ASSEMBLY_20291121,PO-000014,Concrete Truck Load - 400 CF,Grade Beams Concrete | L 0 | GRADE_BEAMS_L_0_TRUCK_001
620300,CONC_400CF_TRUCK_ASSEMBLY_20291121,PO-000014,Concrete Truck Load - 400 CF,Grade Beams Concrete | L 0 | GRADE_BEAMS_L_0_TRUCK_001
637357,CONC_400CF_TRUCK_ASSEMBLY_20291121,PO-000014,Concrete Truck Load - 400 CF,Grade Beams Concrete | L 0 | GRADE_BEAMS_L_0_TRUCK_001
637562,CONC_400CF_TRUCK_ASSEMBLY_20291121,PO-000014,Concrete Truck Load - 400 CF,Grade Beams Concrete | L 0 | GRADE_BEAMS_L_0_TRUCK_001
637572,CONC_400CF_TRUCK_ASSEMBLY_20291121,PO-000014,Concrete Truck Load - 400 CF,Grade Beams Concrete | L 0 | GRADE_BEAMS_L_0_TRUCK_001
671455,CONC_400CF_TRUCK_ASSEMBLY_20291121,PO-000014,Concrete Truck Load - 400 CF,Grade Beams Concrete | L 0 | GRADE_BEAMS_L_0_TRUCK_001
627659,CONC_400CF_TRUCK_ASSEMBLY_20291122,PO-000018,Concrete Truck Load - 400 CF,Rocking Walls Concrete | L -1 | ROCKING_WALLS_L_NEG_1_TRUCK_001
627659,CONC_400CF_TRUCK_ASSEMBLY_20291122,PO-000018,Concrete Truck Load - 400 CF,Rocking Walls Concrete | L -1 | ROCKING_WALLS_L_NEG_1_TRUCK_002
627659,CONC_400CF_TRUCK_ASSEMBLY_20291122,PO-000018,Concrete Truck Load - 400 CF,Rocking Walls Concrete | L -1 | ROCKING_WALLS_L_NEG_1_TRUCK_003
627659,CONC_400CF_TRUCK_ASSEMBLY_20291122,PO-000018,Concrete Truck Load - 400 CF,Rocking Walls Concrete | L -1 | ROCKING_WALLS_L_NEG_1_TRUCK_004
627659,CONC_400CF_TRUCK_ASSEMBLY_20291122,PO-000018,Concrete Truck Load - 400 CF,Rocking Walls Concrete | L -1 | ROCKING_WALLS_L_NEG_1_TRUCK_005
627659,CONC_400CF_TRUCK_ASSEMBLY_20291122,PO-000018,Concrete Truck Load - 400 CF,Rocking Walls Concrete | L -1 | ROCKING_WALLS_L_NEG_1_TRUCK_006
627659,CONC_400CF_TRUCK_ASSEMBLY_20291122,PO-000018,Concrete Truck Load - 400 CF,Rocking Walls Concrete | L -1 | ROCKING_WALLS_L_NEG_1_TRUCK_007
627659,CONC_400CF_TRUCK_ASSEMBLY_20291122,PO-000018,Concrete Truck Load - 400 CF,Rocking Walls Concrete | L -1 | ROCKING_WALLS_L_NEG_1_TRUCK_008
627659,CONC_400CF_TRUCK_ASSEMBLY_20291122,PO-000018,Concrete Truck Load - 400 CF,Rocking Walls Concrete | L -1 | ROCKING_WALLS_L_NEG_1_TRUCK_009
628147,CONC_400CF_TRUCK_ASSEMBLY_20291122,PO-000018,Concrete Truck Load - 400 CF,Rocking Walls Concrete | L -1 | ROCKING_WALLS_L_NEG_1_TRUCK_001
628147,CONC_400CF_TRUCK_ASSEMBLY_20291122,PO-000018,Concrete Truck Load - 400 CF,Rocking Walls Concrete | L -1 | ROCKING_WALLS_L_NEG_1_TRUCK_002
628147,CONC_400CF_TRUCK_ASSEMBLY_20291122,PO-000018,Concrete Truck Load - 400 CF,Rocking Walls Concrete | L -1 | ROCKING_WALLS_L_NEG_1_TRUCK_003
628147,CONC_400CF_TRUCK_ASSEMBLY_20291122,PO-000018,Concrete Truck Load - 400 CF,Rocking Walls Concrete | L -1 | ROCKING_WALLS_L_NEG_1_TRUCK_004
628147,CONC_400CF_TRUCK_ASSEMBLY_20291122,PO-000018,Concrete Truck Load - 400 CF,Rocking Walls Concrete | L -1 | ROCKING_WALLS_L_NEG_1_TRUCK_005
628147,CONC_400CF_TRUCK_ASSEMBLY_20291122,PO-000018,Concrete Truck Load - 400 CF,Rocking Walls Concrete | L -1 | ROCKING_WALLS_L_NEG_1_TRUCK_006
628147,CONC_400CF_TRUCK_ASSEMBLY_20291122,PO-000018,Concrete Truck Load - 400 CF,Rocking Walls Concrete | L -1 | ROCKING_WALLS_L_NEG_1_TRUCK_007
628147,CONC_400CF_TRUCK_ASSEMBLY_20291122,PO-000018,Concrete Truck Load - 400 CF,Rocking Walls Concrete | L -1 | ROCKING_WALLS_L_NEG_1_TRUCK_008
628147,CONC_400CF_TRUCK_ASSEMBLY_20291122,PO-000018,Concrete Truck Load - 400 CF,Rocking Walls Concrete | L -1 | ROCKING_WALLS_L_NEG_1_TRUCK_009
628386,CONC_400CF_TRUCK_ASSEMBLY_20291122,PO-000018,Concrete Truck Load - 400 CF,Rocking Walls Concrete | L -1 | ROCKING_WALLS_L_NEG_1_TRUCK_001
628386,CONC_400CF_TRUCK_ASSEMBLY_20291122,PO-000018,Concrete Truck Load - 400 CF,Rocking Walls Concrete | L -1 | ROCKING_WALLS_L_NEG_1_TRUCK_002
628386,CONC_400CF_TRUCK_ASSEMBLY_20291122,PO-000018,Concrete Truck Load - 400 CF,Rocking Walls Concrete | L -1 | ROCKING_WALLS_L_NEG_1_TRUCK_003
628386,CONC_400CF_TRUCK_ASSEMBLY_20291122,PO-000018,Concrete Truck Load - 400 CF,Rocking Walls Concrete | L -1 | ROCKING_WALLS_L_NEG_1_TRUCK_004
628386,CONC_400CF_TRUCK_ASSEMBLY_20291122,PO-000018,Concrete Truck Load - 400 CF,Rocking Walls Concrete | L -1 | ROCKING_WALLS_L_NEG_1_TRUCK_005
628386,CONC_400CF_TRUCK_ASSEMBLY_20291122,PO-000018,Concrete Truck Load - 400 CF,Rocking Walls Concrete | L -1 | ROCKING_WALLS_L_NEG_1_TRUCK_006
628386,CONC_400CF_TRUCK_ASSEMBLY_20291122,PO-000018,Concrete Truck Load - 400 CF,Rocking Walls Concrete | L -1 | ROCKING_WALLS_L_NEG_1_TRUCK_007
628386,CONC_400CF_TRUCK_ASSEMBLY_20291122,PO-000018,Concrete Truck Load - 400 CF,Rocking Walls Concrete | L -1 | ROCKING_WALLS_L_NEG_1_TRUCK_008
628386,CONC_400CF_TRUCK_ASSEMBLY_20291122,PO-000018,Concrete Truck Load - 400 CF,Rocking Walls Concrete | L -1 | ROCKING_WALLS_L_NEG_1_TRUCK_009
628399,CONC_400CF_TRUCK_ASSEMBLY_20291122,PO-000018,Concrete Truck Load - 400 CF,Rocking Walls Concrete | L -1 | ROCKING_WALLS_L_NEG_1_TRUCK_001
628399,CONC_400CF_TRUCK_ASSEMBLY_20291122,PO-000018,Concrete Truck Load - 400 CF,Rocking Walls Concrete | L -1 | ROCKING_WALLS_L_NEG_1_TRUCK_002
628399,CONC_400CF_TRUCK_ASSEMBLY_20291122,PO-000018,Concrete Truck Load - 400 CF,Rocking Walls Concrete | L -1 | ROCKING_WALLS_L_NEG_1_TRUCK_003
628399,CONC_400CF_TRUCK_ASSEMBLY_20291122,PO-000018,Concrete Truck Load - 400 CF,Rocking Walls Concrete | L -1 | ROCKING_WALLS_L_NEG_1_TRUCK_004
628399,CONC_400CF_TRUCK_ASSEMBLY_20291122,PO-000018,Concrete Truck Load - 400 CF,Rocking Walls Concrete | L -1 | ROCKING_WALLS_L_NEG_1_TRUCK_005
628399,CONC_400CF_TRUCK_ASSEMBLY_20291122,PO-000018,Concrete Truck Load - 400 CF,Rocking Walls Concrete | L -1 | ROCKING_WALLS_L_NEG_1_TRUCK_006
628399,CONC_400CF_TRUCK_ASSEMBLY_20291122,PO-000018,Concrete Truck Load - 400 CF,Rocking Walls Concrete | L -1 | ROCKING_WALLS_L_NEG_1_TRUCK_007
628399,CONC_400CF_TRUCK_ASSEMBLY_20291122,PO-000018,Concrete Truck Load - 400 CF,Rocking Walls Concrete | L -1 | ROCKING_WALLS_L_NEG_1_TRUCK_008
628399,CONC_400CF_TRUCK_ASSEMBLY_20291122,PO-000018,Concrete Truck Load - 400 CF,Rocking Walls Concrete | L -1 | ROCKING_WALLS_L_NEG_1_TRUCK_009
628402,CONC_400CF_TRUCK_ASSEMBLY_20291122,PO-000018,Concrete Truck Load - 400 CF,Rocking Walls Concrete | L -1 | ROCKING_WALLS_L_NEG_1_TRUCK_001
628402,CONC_400CF_TRUCK_ASSEMBLY_20291122,PO-000018,Concrete Truck Load - 400 CF,Rocking Walls Concrete | L -1 | ROCKING_WALLS_L_NEG_1_TRUCK_002
628402,CONC_400CF_TRUCK_ASSEMBLY_20291122,PO-000018,Concrete Truck Load - 400 CF,Rocking Walls Concrete | L -1 | ROCKING_WALLS_L_NEG_1_TRUCK_003
628402,CONC_400CF_TRUCK_ASSEMBLY_20291122,PO-000018,Concrete Truck Load - 400 CF,Rocking Walls Concrete | L -1 | ROCKING_WALLS_L_NEG_1_TRUCK_004
628402,CONC_400CF_TRUCK_ASSEMBLY_20291122,PO-000018,Concrete Truck Load - 400 CF,Rocking Walls Concrete | L -1 | ROCKING_WALLS_L_NEG_1_TRUCK_005
628402,CONC_400CF_TRUCK_ASSEMBLY_20291122,PO-000018,Concrete Truck Load - 400 CF,Rocking Walls Concrete | L -1 | ROCKING_WALLS_L_NEG_1_TRUCK_006
628402,CONC_400CF_TRUCK_ASSEMBLY_20291122,PO-000018,Concrete Truck Load - 400 CF,Rocking Walls Concrete | L -1 | ROCKING_WALLS_L_NEG_1_TRUCK_007
628402,CONC_400CF_TRUCK_ASSEMBLY_20291122,PO-000018,Concrete Truck Load - 400 CF,Rocking Walls Concrete | L -1 | ROCKING_WALLS_L_NEG_1_TRUCK_008
628402,CONC_400CF_TRUCK_ASSEMBLY_20291122,PO-000018,Concrete Truck Load - 400 CF,Rocking Walls Concrete | L -1 | ROCKING_WALLS_L_NEG_1_TRUCK_009
642502,CONC_400CF_TRUCK_ASSEMBLY_20291122,PO-000018,Concrete Truck Load - 400 CF,Rocking Walls Concrete | L -1 | ROCKING_WALLS_L_NEG_1_TRUCK_001
642502,CONC_400CF_TRUCK_ASSEMBLY_20291122,PO-000018,Concrete Truck Load - 400 CF,Rocking Walls Concrete | L -1 | ROCKING_WALLS_L_NEG_1_TRUCK_002
642502,CONC_400CF_TRUCK_ASSEMBLY_20291122,PO-000018,Concrete Truck Load - 400 CF,Rocking Walls Concrete | L -1 | ROCKING_WALLS_L_NEG_1_TRUCK_003
642502,CONC_400CF_TRUCK_ASSEMBLY_20291122,PO-000018,Concrete Truck Load - 400 CF,Rocking Walls Concrete | L -1 | ROCKING_WALLS_L_NEG_1_TRUCK_004
642502,CONC_400CF_TRUCK_ASSEMBLY_20291122,PO-000018,Concrete Truck Load - 400 CF,Rocking Walls Concrete | L -1 | ROCKING_WALLS_L_NEG_1_TRUCK_005
642502,CONC_400CF_TRUCK_ASSEMBLY_20291122,PO-000018,Concrete Truck Load - 400 CF,Rocking Walls Concrete | L -1 | ROCKING_WALLS_L_NEG_1_TRUCK_006
642502,CONC_400CF_TRUCK_ASSEMBLY_20291122,PO-000018,Concrete Truck Load - 400 CF,Rocking Walls Concrete | L -1 | ROCKING_WALLS_L_NEG_1_TRUCK_007
642502,CONC_400CF_TRUCK_ASSEMBLY_20291122,PO-000018,Concrete Truck Load - 400 CF,Rocking Walls Concrete | L -1 | ROCKING_WALLS_L_NEG_1_TRUCK_008
642502,CONC_400CF_TRUCK_ASSEMBLY_20291122,PO-000018,Concrete Truck Load - 400 CF,Rocking Walls Concrete | L -1 | ROCKING_WALLS_L_NEG_1_TRUCK_009
643659,CONC_400CF_TRUCK_ASSEMBLY_20291122,PO-000018,Concrete Truck Load - 400 CF,Rocking Walls Concrete | L -1 | ROCKING_WALLS_L_NEG_1_TRUCK_001
643659,CONC_400CF_TRUCK_ASSEMBLY_20291122,PO-000018,Concrete Truck Load - 400 CF,Rocking Walls Concrete | L -1 | ROCKING_WALLS_L_NEG_1_TRUCK_002
643659,CONC_400CF_TRUCK_ASSEMBLY_20291122,PO-000018,Concrete Truck Load - 400 CF,Rocking Walls Concrete | L -1 | ROCKING_WALLS_L_NEG_1_TRUCK_003
643659,CONC_400CF_TRUCK_ASSEMBLY_20291122,PO-000018,Concrete Truck Load - 400 CF,Rocking Walls Concrete | L -1 | ROCKING_WALLS_L_NEG_1_TRUCK_004
643659,CONC_400CF_TRUCK_ASSEMBLY_20291122,PO-000018,Concrete Truck Load - 400 CF,Rocking Walls Concrete | L -1 | ROCKING_WALLS_L_NEG_1_TRUCK_005
643659,CONC_400CF_TRUCK_ASSEMBLY_20291122,PO-000018,Concrete Truck Load - 400 CF,Rocking Walls Concrete | L -1 | ROCKING_WALLS_L_NEG_1_TRUCK_006
643659,CONC_400CF_TRUCK_ASSEMBLY_20291122,PO-000018,Concrete Truck Load - 400 CF,Rocking Walls Concrete | L -1 | ROCKING_WALLS_L_NEG_1_TRUCK_007
643659,CONC_400CF_TRUCK_ASSEMBLY_20291122,PO-000018,Concrete Truck Load - 400 CF,Rocking Walls Concrete | L -1 | ROCKING_WALLS_L_NEG_1_TRUCK_008
643659,CONC_400CF_TRUCK_ASSEMBLY_20291122,PO-000018,Concrete Truck Load - 400 CF,Rocking Walls Concrete | L -1 | ROCKING_WALLS_L_NEG_1_TRUCK_009
652180,CONC_400CF_TRUCK_ASSEMBLY_20291122,PO-000018,Concrete Truck Load - 400 CF,Rocking Walls Concrete | L -1 | ROCKING_WALLS_L_NEG_1_TRUCK_001
652180,CONC_400CF_TRUCK_ASSEMBLY_20291122,PO-000018,Concrete Truck Load - 400 CF,Rocking Walls Concrete | L -1 | ROCKING_WALLS_L_NEG_1_TRUCK_002
652180,CONC_400CF_TRUCK_ASSEMBLY_20291122,PO-000018,Concrete Truck Load - 400 CF,Rocking Walls Concrete | L -1 | ROCKING_WALLS_L_NEG_1_TRUCK_003
652180,CONC_400CF_TRUCK_ASSEMBLY_20291122,PO-000018,Concrete Truck Load - 400 CF,Rocking Walls Concrete | L -1 | ROCKING_WALLS_L_NEG_1_TRUCK_004
652180,CONC_400CF_TRUCK_ASSEMBLY_20291122,PO-000018,Concrete Truck Load - 400 CF,Rocking Walls Concrete | L -1 | ROCKING_WALLS_L_NEG_1_TRUCK_005
652180,CONC_400CF_TRUCK_ASSEMBLY_20291122,PO-000018,Concrete Truck Load - 400 CF,Rocking Walls Concrete | L -1 | ROCKING_WALLS_L_NEG_1_TRUCK_006
652180,CONC_400CF_TRUCK_ASSEMBLY_20291122,PO-000018,Concrete Truck Load - 400 CF,Rocking Walls Concrete | L -1 | ROCKING_WALLS_L_NEG_1_TRUCK_007
652180,CONC_400CF_TRUCK_ASSEMBLY_20291122,PO-000018,Concrete Truck Load - 400 CF,Rocking Walls Concrete | L -1 | ROCKING_WALLS_L_NEG_1_TRUCK_008
652180,CONC_400CF_TRUCK_ASSEMBLY_20291122,PO-000018,Concrete Truck Load - 400 CF,Rocking Walls Concrete | L -1 | ROCKING_WALLS_L_NEG_1_TRUCK_009
653366,CONC_400CF_TRUCK_ASSEMBLY_20291122,PO-000018,Concrete Truck Load - 400 CF,Rocking Walls Concrete | L -1 | ROCKING_WALLS_L_NEG_1_TRUCK_001
653366,CONC_400CF_TRUCK_ASSEMBLY_20291122,PO-000018,Concrete Truck Load - 400 CF,Rocking Walls Concrete | L -1 | ROCKING_WALLS_L_NEG_1_TRUCK_002
653366,CONC_400CF_TRUCK_ASSEMBLY_20291122,PO-000018,Concrete Truck Load - 400 CF,Rocking Walls Concrete | L -1 | ROCKING_WALLS_L_NEG_1_TRUCK_003
653366,CONC_400CF_TRUCK_ASSEMBLY_20291122,PO-000018,Concrete Truck Load - 400 CF,Rocking Walls Concrete | L -1 | ROCKING_WALLS_L_NEG_1_TRUCK_004
653366,CONC_400CF_TRUCK_ASSEMBLY_20291122,PO-000018,Concrete Truck Load - 400 CF,Rocking Walls Concrete | L -1 | ROCKING_WALLS_L_NEG_1_TRUCK_005
653366,CONC_400CF_TRUCK_ASSEMBLY_20291122,PO-000018,Concrete Truck Load - 400 CF,Rocking Walls Concrete | L -1 | ROCKING_WALLS_L_NEG_1_TRUCK_006
653366,CONC_400CF_TRUCK_ASSEMBLY_20291122,PO-000018,Concrete Truck Load - 400 CF,Rocking Walls Concrete | L -1 | ROCKING_WALLS_L_NEG_1_TRUCK_007
653366,CONC_400CF_TRUCK_ASSEMBLY_20291122,PO-000018,Concrete Truck Load - 400 CF,Rocking Walls Concrete | L -1 | ROCKING_WALLS_L_NEG_1_TRUCK_008
653366,CONC_400CF_TRUCK_ASSEMBLY_20291122,PO-000018,Concrete Truck Load - 400 CF,Rocking Walls Concrete | L -1 | ROCKING_WALLS_L_NEG_1_TRUCK_009
653505,CONC_400CF_TRUCK_ASSEMBLY_20291122,PO-000018,Concrete Truck Load - 400 CF,Rocking Walls Concrete | L -1 | ROCKING_WALLS_L_NEG_1_TRUCK_001
653505,CONC_400CF_TRUCK_ASSEMBLY_20291122,PO-000018,Concrete Truck Load - 400 CF,Rocking Walls Concrete | L -1 | ROCKING_WALLS_L_NEG_1_TRUCK_002
653505,CONC_400CF_TRUCK_ASSEMBLY_20291122,PO-000018,Concrete Truck Load - 400 CF,Rocking Walls Concrete | L -1 | ROCKING_WALLS_L_NEG_1_TRUCK_003
653505,CONC_400CF_TRUCK_ASSEMBLY_20291122,PO-000018,Concrete Truck Load - 400 CF,Rocking Walls Concrete | L -1 | ROCKING_WALLS_L_NEG_1_TRUCK_004
653505,CONC_400CF_TRUCK_ASSEMBLY_20291122,PO-000018,Concrete Truck Load - 400 CF,Rocking Walls Concrete | L -1 | ROCKING_WALLS_L_NEG_1_TRUCK_005
653505,CONC_400CF_TRUCK_ASSEMBLY_20291122,PO-000018,Concrete Truck Load - 400 CF,Rocking Walls Concrete | L -1 | ROCKING_WALLS_L_NEG_1_TRUCK_006
653505,CONC_400CF_TRUCK_ASSEMBLY_20291122,PO-000018,Concrete Truck Load - 400 CF,Rocking Walls Concrete | L -1 | ROCKING_WALLS_L_NEG_1_TRUCK_007
653505,CONC_400CF_TRUCK_ASSEMBLY_20291122,PO-000018,Concrete Truck Load - 400 CF,Rocking Walls Concrete | L -1 | ROCKING_WALLS_L_NEG_1_TRUCK_008
653505,CONC_400CF_TRUCK_ASSEMBLY_20291122,PO-000018,Concrete Truck Load - 400 CF,Rocking Walls Concrete | L -1 | ROCKING_WALLS_L_NEG_1_TRUCK_009
654074,CONC_400CF_TRUCK_ASSEMBLY_20291122,PO-000018,Concrete Truck Load - 400 CF,Rocking Walls Concrete | L -1 | ROCKING_WALLS_L_NEG_1_TRUCK_001
654074,CONC_400CF_TRUCK_ASSEMBLY_20291122,PO-000018,Concrete Truck Load - 400 CF,Rocking Walls Concrete | L -1 | ROCKING_WALLS_L_NEG_1_TRUCK_002
654074,CONC_400CF_TRUCK_ASSEMBLY_20291122,PO-000018,Concrete Truck Load - 400 CF,Rocking Walls Concrete | L -1 | ROCKING_WALLS_L_NEG_1_TRUCK_003
654074,CONC_400CF_TRUCK_ASSEMBLY_20291122,PO-000018,Concrete Truck Load - 400 CF,Rocking Walls Concrete | L -1 | ROCKING_WALLS_L_NEG_1_TRUCK_004
654074,CONC_400CF_TRUCK_ASSEMBLY_20291122,PO-000018,Concrete Truck Load - 400 CF,Rocking Walls Concrete | L -1 | ROCKING_WALLS_L_NEG_1_TRUCK_005
654074,CONC_400CF_TRUCK_ASSEMBLY_20291122,PO-000018,Concrete Truck Load - 400 CF,Rocking Walls Concrete | L -1 | ROCKING_WALLS_L_NEG_1_TRUCK_006
654074,CONC_400CF_TRUCK_ASSEMBLY_20291122,PO-000018,Concrete Truck Load - 400 CF,Rocking Walls Concrete | L -1 | ROCKING_WALLS_L_NEG_1_TRUCK_007
654074,CONC_400CF_TRUCK_ASSEMBLY_20291122,PO-000018,Concrete Truck Load - 400 CF,Rocking Walls Concrete | L -1 | ROCKING_WALLS_L_NEG_1_TRUCK_008
654074,CONC_400CF_TRUCK_ASSEMBLY_20291122,PO-000018,Concrete Truck Load - 400 CF,Rocking Walls Concrete | L -1 | ROCKING_WALLS_L_NEG_1_TRUCK_009
655203,CONC_400CF_TRUCK_ASSEMBLY_20291122,PO-000018,Concrete Truck Load - 400 CF,Rocking Walls Concrete | L -1 | ROCKING_WALLS_L_NEG_1_TRUCK_001
655203,CONC_400CF_TRUCK_ASSEMBLY_20291122,PO-000018,Concrete Truck Load - 400 CF,Rocking Walls Concrete | L -1 | ROCKING_WALLS_L_NEG_1_TRUCK_002
655203,CONC_400CF_TRUCK_ASSEMBLY_20291122,PO-000018,Concrete Truck Load - 400 CF,Rocking Walls Concrete | L -1 | ROCKING_WALLS_L_NEG_1_TRUCK_003
655203,CONC_400CF_TRUCK_ASSEMBLY_20291122,PO-000018,Concrete Truck Load - 400 CF,Rocking Walls Concrete | L -1 | ROCKING_WALLS_L_NEG_1_TRUCK_004
655203,CONC_400CF_TRUCK_ASSEMBLY_20291122,PO-000018,Concrete Truck Load - 400 CF,Rocking Walls Concrete | L -1 | ROCKING_WALLS_L_NEG_1_TRUCK_005
655203,CONC_400CF_TRUCK_ASSEMBLY_20291122,PO-000018,Concrete Truck Load - 400 CF,Rocking Walls Concrete | L -1 | ROCKING_WALLS_L_NEG_1_TRUCK_006
655203,CONC_400CF_TRUCK_ASSEMBLY_20291122,PO-000018,Concrete Truck Load - 400 CF,Rocking Walls Concrete | L -1 | ROCKING_WALLS_L_NEG_1_TRUCK_007
655203,CONC_400CF_TRUCK_ASSEMBLY_20291122,PO-000018,Concrete Truck Load - 400 CF,Rocking Walls Concrete | L -1 | ROCKING_WALLS_L_NEG_1_TRUCK_008
655203,CONC_400CF_TRUCK_ASSEMBLY_20291122,PO-000018,Concrete Truck Load - 400 CF,Rocking Walls Concrete | L -1 | ROCKING_WALLS_L_NEG_1_TRUCK_009
655593,CONC_400CF_TRUCK_ASSEMBLY_20291122,PO-000018,Concrete Truck Load - 400 CF,Rocking Walls Concrete | L -1 | ROCKING_WALLS_L_NEG_1_TRUCK_001
655593,CONC_400CF_TRUCK_ASSEMBLY_20291122,PO-000018,Concrete Truck Load - 400 CF,Rocking Walls Concrete | L -1 | ROCKING_WALLS_L_NEG_1_TRUCK_002
655593,CONC_400CF_TRUCK_ASSEMBLY_20291122,PO-000018,Concrete Truck Load - 400 CF,Rocking Walls Concrete | L -1 | ROCKING_WALLS_L_NEG_1_TRUCK_003
655593,CONC_400CF_TRUCK_ASSEMBLY_20291122,PO-000018,Concrete Truck Load - 400 CF,Rocking Walls Concrete | L -1 | ROCKING_WALLS_L_NEG_1_TRUCK_004
655593,CONC_400CF_TRUCK_ASSEMBLY_20291122,PO-000018,Concrete Truck Load - 400 CF,Rocking Walls Concrete | L -1 | ROCKING_WALLS_L_NEG_1_TRUCK_005
655593,CONC_400CF_TRUCK_ASSEMBLY_20291122,PO-000018,Concrete Truck Load - 400 CF,Rocking Walls Concrete | L -1 | ROCKING_WALLS_L_NEG_1_TRUCK_006
655593,CONC_400CF_TRUCK_ASSEMBLY_20291122,PO-000018,Concrete Truck Load - 400 CF,Rocking Walls Concrete | L -1 | ROCKING_WALLS_L_NEG_1_TRUCK_007
655593,CONC_400CF_TRUCK_ASSEMBLY_20291122,PO-000018,Concrete Truck Load - 400 CF,Rocking Walls Concrete | L -1 | ROCKING_WALLS_L_NEG_1_TRUCK_008
655593,CONC_400CF_TRUCK_ASSEMBLY_20291122,PO-000018,Concrete Truck Load - 400 CF,Rocking Walls Concrete | L -1 | ROCKING_WALLS_L_NEG_1_TRUCK_009
626606,CONC_400CF_TRUCK_ASSEMBLY_20291126,PO-000019,Concrete Truck Load - 400 CF,Rocking Walls Concrete | L 0 | ROCKING_WALLS_L_0_TRUCK_001
626606,CONC_400CF_TRUCK_ASSEMBLY_20291126,PO-000019,Concrete Truck Load - 400 CF,Rocking Walls Concrete | L 0 | ROCKING_WALLS_L_0_TRUCK_002
626730,CONC_400CF_TRUCK_ASSEMBLY_20291126,PO-000019,Concrete Truck Load - 400 CF,Rocking Walls Concrete | L 0 | ROCKING_WALLS_L_0_TRUCK_001
626730,CONC_400CF_TRUCK_ASSEMBLY_20291126,PO-000019,Concrete Truck Load - 400 CF,Rocking Walls Concrete | L 0 | ROCKING_WALLS_L_0_TRUCK_002
626864,CONC_400CF_TRUCK_ASSEMBLY_20291126,PO-000019,Concrete Truck Load - 400 CF,Rocking Walls Concrete | L 0 | ROCKING_WALLS_L_0_TRUCK_001
626864,CONC_400CF_TRUCK_ASSEMBLY_20291126,PO-000019,Concrete Truck Load - 400 CF,Rocking Walls Concrete | L 0 | ROCKING_WALLS_L_0_TRUCK_002
627014,CONC_400CF_TRUCK_ASSEMBLY_20291126,PO-000019,Concrete Truck Load - 400 CF,Rocking Walls Concrete | L 0 | ROCKING_WALLS_L_0_TRUCK_001
627014,CONC_400CF_TRUCK_ASSEMBLY_20291126,PO-000019,Concrete Truck Load - 400 CF,Rocking Walls Concrete | L 0 | ROCKING_WALLS_L_0_TRUCK_002
1404538,EXTW_1404538_20291130,PO-000033,Exterior Wall L -1 1404538,Exterior Wall Install | L -1 | 1404538
2184865,EXTW_2184865_20291130,PO-000034,Exterior Wall L -1 2184865,Exterior Wall Install | L -1 | 2184865
2184993,EXTW_2184993_20291130,PO-000035,Exterior Wall L -1 2184993,Exterior Wall Install | L -1 | 2184993
2185404,EXTW_2185404_20291130,PO-000036,Exterior Wall L -1 2185404,Exterior Wall Install | L -1 | 2185404
2185605,EXTW_2185605_20291130,PO-000037,Exterior Wall L -1 2185605,Exterior Wall Install | L -1 | 2185605
1778137,EXTW_PREFAB_WALL_L0_012_20291207,PO-000157,Exterior Wall L 0 PREFAB_WALL_L0_012,Exterior Wall Install | L 0 | PREFAB_WALL_L0_012
1778138,EXTW_PREFAB_WALL_L0_012_20291207,PO-000157,Exterior Wall L 0 PREFAB_WALL_L0_012,Exterior Wall Install | L 0 | PREFAB_WALL_L0_012
1778139,EXTW_PREFAB_WALL_L0_012_20291207,PO-000157,Exterior Wall L 0 PREFAB_WALL_L0_012,Exterior Wall Install | L 0 | PREFAB_WALL_L0_012
1778140,EXTW_PREFAB_WALL_L0_012_20291207,PO-000157,Exterior Wall L 0 PREFAB_WALL_L0_012,Exterior Wall Install | L 0 | PREFAB_WALL_L0_012
1778141,EXTW_PREFAB_WALL_L0_012_20291207,PO-000157,Exterior Wall L 0 PREFAB_WALL_L0_012,Exterior Wall Install | L 0 | PREFAB_WALL_L0_012
1778142,EXTW_PREFAB_WALL_L0_012_20291207,PO-000157,Exterior Wall L 0 PREFAB_WALL_L0_012,Exterior Wall Install | L 0 | PREFAB_WALL_L0_012
1936236,EXTW_PREFAB_WALL_L0_012_20291207,PO-000157,Exterior Wall L 0 PREFAB_WALL_L0_012,Exterior Wall Install | L 0 | PREFAB_WALL_L0_012
1949162,EXTW_PREFAB_WALL_L0_012_20291207,PO-000157,Exterior Wall L 0 PREFAB_WALL_L0_012,Exterior Wall Install | L 0 | PREFAB_WALL_L0_012
1949146,EXTW_PREFAB_WALL_L0_019_20291207,PO-000158,Exterior Wall L 0 PREFAB_WALL_L0_019,Exterior Wall Install | L 0 | PREFAB_WALL_L0_019
1949147,EXTW_PREFAB_WALL_L0_019_20291207,PO-000158,Exterior Wall L 0 PREFAB_WALL_L0_019,Exterior Wall Install | L 0 | PREFAB_WALL_L0_019
1949149,EXTW_PREFAB_WALL_L0_019_20291207,PO-000158,Exterior Wall L 0 PREFAB_WALL_L0_019,Exterior Wall Install | L 0 | PREFAB_WALL_L0_019
1949151,EXTW_PREFAB_WALL_L0_019_20291207,PO-000158,Exterior Wall L 0 PREFAB_WALL_L0_019,Exterior Wall Install | L 0 | PREFAB_WALL_L0_019
1949156,EXTW_PREFAB_WALL_L0_019_20291207,PO-000158,Exterior Wall L 0 PREFAB_WALL_L0_019,Exterior Wall Install | L 0 | PREFAB_WALL_L0_019
1949157,EXTW_PREFAB_WALL_L0_019_20291207,PO-000158,Exterior Wall L 0 PREFAB_WALL_L0_019,Exterior Wall Install | L 0 | PREFAB_WALL_L0_019
1949158,EXTW_PREFAB_WALL_L0_019_20291207,PO-000158,Exterior Wall L 0 PREFAB_WALL_L0_019,Exterior Wall Install | L 0 | PREFAB_WALL_L0_019
1949159,EXTW_PREFAB_WALL_L0_019_20291207,PO-000158,Exterior Wall L 0 PREFAB_WALL_L0_019,Exterior Wall Install | L 0 | PREFAB_WALL_L0_019
1949160,EXTW_PREFAB_WALL_L0_019_20291207,PO-000158,Exterior Wall L 0 PREFAB_WALL_L0_019,Exterior Wall Install | L 0 | PREFAB_WALL_L0_019
1949161,EXTW_PREFAB_WALL_L0_019_20291207,PO-000158,Exterior Wall L 0 PREFAB_WALL_L0_019,Exterior Wall Install | L 0 | PREFAB_WALL_L0_019
1949164,EXTW_PREFAB_WALL_L0_019_20291207,PO-000158,Exterior Wall L 0 PREFAB_WALL_L0_019,Exterior Wall Install | L 0 | PREFAB_WALL_L0_019
1949169,EXTW_PREFAB_WALL_L0_019_20291207,PO-000158,Exterior Wall L 0 PREFAB_WALL_L0_019,Exterior Wall Install | L 0 | PREFAB_WALL_L0_019
1949170,EXTW_PREFAB_WALL_L0_019_20291207,PO-000158,Exterior Wall L 0 PREFAB_WALL_L0_019,Exterior Wall Install | L 0 | PREFAB_WALL_L0_019
1949173,EXTW_PREFAB_WALL_L0_019_20291207,PO-000158,Exterior Wall L 0 PREFAB_WALL_L0_019,Exterior Wall Install | L 0 | PREFAB_WALL_L0_019
1949438,EXTW_PREFAB_WALL_L0_019_20291207,PO-000158,Exterior Wall L 0 PREFAB_WALL_L0_019,Exterior Wall Install | L 0 | PREFAB_WALL_L0_019
1949441,EXTW_PREFAB_WALL_L0_019_20291207,PO-000158,Exterior Wall L 0 PREFAB_WALL_L0_019,Exterior Wall Install | L 0 | PREFAB_WALL_L0_019
1949454,EXTW_PREFAB_WALL_L0_019_20291207,PO-000158,Exterior Wall L 0 PREFAB_WALL_L0_019,Exterior Wall Install | L 0 | PREFAB_WALL_L0_019
1949455,EXTW_PREFAB_WALL_L0_019_20291207,PO-000158,Exterior Wall L 0 PREFAB_WALL_L0_019,Exterior Wall Install | L 0 | PREFAB_WALL_L0_019
1949456,EXTW_PREFAB_WALL_L0_019_20291207,PO-000158,Exterior Wall L 0 PREFAB_WALL_L0_019,Exterior Wall Install | L 0 | PREFAB_WALL_L0_019
1949457,EXTW_PREFAB_WALL_L0_019_20291207,PO-000158,Exterior Wall L 0 PREFAB_WALL_L0_019,Exterior Wall Install | L 0 | PREFAB_WALL_L0_019
1949460,EXTW_PREFAB_WALL_L0_019_20291207,PO-000158,Exterior Wall L 0 PREFAB_WALL_L0_019,Exterior Wall Install | L 0 | PREFAB_WALL_L0_019
1949461,EXTW_PREFAB_WALL_L0_019_20291207,PO-000158,Exterior Wall L 0 PREFAB_WALL_L0_019,Exterior Wall Install | L 0 | PREFAB_WALL_L0_019
1776273,EXTW_PREFAB_WALL_L0_020_20291207,PO-000159,Exterior Wall L 0 PREFAB_WALL_L0_020,Exterior Wall Install | L 0 | PREFAB_WALL_L0_020
2001613,EXTW_PREFAB_WALL_L0_021_20291207,PO-000160,Exterior Wall L 0 PREFAB_WALL_L0_021,Exterior Wall Install | L 0 | PREFAB_WALL_L0_021
1619541,EXTW_PREFAB_WALL_L0_022_20291207,PO-000161,Exterior Wall L 0 PREFAB_WALL_L0_022,Exterior Wall Install | L 0 | PREFAB_WALL_L0_022
1926527,EXTW_PREFAB_WALL_L0_023_20291207,PO-000162,Exterior Wall L 0 PREFAB_WALL_L0_023,Exterior Wall Install | L 0 | PREFAB_WALL_L0_023
2195425,EXTW_PREFAB_WALL_L0_024_20291207,PO-000163,Exterior Wall L 0 PREFAB_WALL_L0_024,Exterior Wall Install | L 0 | PREFAB_WALL_L0_024
1953546,EXTW_PREFAB_WALL_L0_025_20291207,PO-000164,Exterior Wall L 0 PREFAB_WALL_L0_025,Exterior Wall Install | L 0 | PREFAB_WALL_L0_025
2126489,EXTW_PREFAB_WALL_L0_025_20291207,PO-000164,Exterior Wall L 0 PREFAB_WALL_L0_025,Exterior Wall Install | L 0 | PREFAB_WALL_L0_025
2126490,EXTW_PREFAB_WALL_L0_025_20291207,PO-000164,Exterior Wall L 0 PREFAB_WALL_L0_025,Exterior Wall Install | L 0 | PREFAB_WALL_L0_025
2126491,EXTW_PREFAB_WALL_L0_025_20291207,PO-000164,Exterior Wall L 0 PREFAB_WALL_L0_025,Exterior Wall Install | L 0 | PREFAB_WALL_L0_025
2126492,EXTW_PREFAB_WALL_L0_025_20291207,PO-000164,Exterior Wall L 0 PREFAB_WALL_L0_025,Exterior Wall Install | L 0 | PREFAB_WALL_L0_025
2126493,EXTW_PREFAB_WALL_L0_025_20291207,PO-000164,Exterior Wall L 0 PREFAB_WALL_L0_025,Exterior Wall Install | L 0 | PREFAB_WALL_L0_025
2126494,EXTW_PREFAB_WALL_L0_025_20291207,PO-000164,Exterior Wall L 0 PREFAB_WALL_L0_025,Exterior Wall Install | L 0 | PREFAB_WALL_L0_025
2126496,EXTW_PREFAB_WALL_L0_025_20291207,PO-000164,Exterior Wall L 0 PREFAB_WALL_L0_025,Exterior Wall Install | L 0 | PREFAB_WALL_L0_025
2126497,EXTW_PREFAB_WALL_L0_025_20291207,PO-000164,Exterior Wall L 0 PREFAB_WALL_L0_025,Exterior Wall Install | L 0 | PREFAB_WALL_L0_025
2126498,EXTW_PREFAB_WALL_L0_025_20291207,PO-000164,Exterior Wall L 0 PREFAB_WALL_L0_025,Exterior Wall Install | L 0 | PREFAB_WALL_L0_025
2126499,EXTW_PREFAB_WALL_L0_025_20291207,PO-000164,Exterior Wall L 0 PREFAB_WALL_L0_025,Exterior Wall Install | L 0 | PREFAB_WALL_L0_025
1953539,EXTW_PREFAB_WALL_L0_026_20291207,PO-000165,Exterior Wall L 0 PREFAB_WALL_L0_026,Exterior Wall Install | L 0 | PREFAB_WALL_L0_026
1953540,EXTW_PREFAB_WALL_L0_026_20291207,PO-000165,Exterior Wall L 0 PREFAB_WALL_L0_026,Exterior Wall Install | L 0 | PREFAB_WALL_L0_026
1953542,EXTW_PREFAB_WALL_L0_026_20291207,PO-000165,Exterior Wall L 0 PREFAB_WALL_L0_026,Exterior Wall Install | L 0 | PREFAB_WALL_L0_026
1953543,EXTW_PREFAB_WALL_L0_026_20291207,PO-000165,Exterior Wall L 0 PREFAB_WALL_L0_026,Exterior Wall Install | L 0 | PREFAB_WALL_L0_026
1953544,EXTW_PREFAB_WALL_L0_026_20291207,PO-000165,Exterior Wall L 0 PREFAB_WALL_L0_026,Exterior Wall Install | L 0 | PREFAB_WALL_L0_026
1953545,EXTW_PREFAB_WALL_L0_026_20291207,PO-000165,Exterior Wall L 0 PREFAB_WALL_L0_026,Exterior Wall Install | L 0 | PREFAB_WALL_L0_026
1953547,EXTW_PREFAB_WALL_L0_026_20291207,PO-000165,Exterior Wall L 0 PREFAB_WALL_L0_026,Exterior Wall Install | L 0 | PREFAB_WALL_L0_026
1953548,EXTW_PREFAB_WALL_L0_026_20291207,PO-000165,Exterior Wall L 0 PREFAB_WALL_L0_026,Exterior Wall Install | L 0 | PREFAB_WALL_L0_026
1953549,EXTW_PREFAB_WALL_L0_026_20291207,PO-000165,Exterior Wall L 0 PREFAB_WALL_L0_026,Exterior Wall Install | L 0 | PREFAB_WALL_L0_026
1533211,EXTW_PREFAB_WALL_L0_027_20291207,PO-000166,Exterior Wall L 0 PREFAB_WALL_L0_027,Exterior Wall Install | L 0 | PREFAB_WALL_L0_027
1789249,EXTW_PREFAB_WALL_L0_027_20291207,PO-000166,Exterior Wall L 0 PREFAB_WALL_L0_027,Exterior Wall Install | L 0 | PREFAB_WALL_L0_027
1789250,EXTW_PREFAB_WALL_L0_027_20291207,PO-000166,Exterior Wall L 0 PREFAB_WALL_L0_027,Exterior Wall Install | L 0 | PREFAB_WALL_L0_027
1789255,EXTW_PREFAB_WALL_L0_027_20291207,PO-000166,Exterior Wall L 0 PREFAB_WALL_L0_027,Exterior Wall Install | L 0 | PREFAB_WALL_L0_027
1789258,EXTW_PREFAB_WALL_L0_027_20291207,PO-000166,Exterior Wall L 0 PREFAB_WALL_L0_027,Exterior Wall Install | L 0 | PREFAB_WALL_L0_027
1789259,EXTW_PREFAB_WALL_L0_027_20291207,PO-000166,Exterior Wall L 0 PREFAB_WALL_L0_027,Exterior Wall Install | L 0 | PREFAB_WALL_L0_027
1789260,EXTW_PREFAB_WALL_L0_027_20291207,PO-000166,Exterior Wall L 0 PREFAB_WALL_L0_027,Exterior Wall Install | L 0 | PREFAB_WALL_L0_027
1789261,EXTW_PREFAB_WALL_L0_027_20291207,PO-000166,Exterior Wall L 0 PREFAB_WALL_L0_027,Exterior Wall Install | L 0 | PREFAB_WALL_L0_027
1789262,EXTW_PREFAB_WALL_L0_027_20291207,PO-000166,Exterior Wall L 0 PREFAB_WALL_L0_027,Exterior Wall Install | L 0 | PREFAB_WALL_L0_027
1789263,EXTW_PREFAB_WALL_L0_027_20291207,PO-000166,Exterior Wall L 0 PREFAB_WALL_L0_027,Exterior Wall Install | L 0 | PREFAB_WALL_L0_027
1789264,EXTW_PREFAB_WALL_L0_027_20291207,PO-000166,Exterior Wall L 0 PREFAB_WALL_L0_027,Exterior Wall Install | L 0 | PREFAB_WALL_L0_027
1789371,EXTW_PREFAB_WALL_L0_027_20291207,PO-000166,Exterior Wall L 0 PREFAB_WALL_L0_027,Exterior Wall Install | L 0 | PREFAB_WALL_L0_027
1789372,EXTW_PREFAB_WALL_L0_027_20291207,PO-000166,Exterior Wall L 0 PREFAB_WALL_L0_027,Exterior Wall Install | L 0 | PREFAB_WALL_L0_027
1789377,EXTW_PREFAB_WALL_L0_027_20291207,PO-000166,Exterior Wall L 0 PREFAB_WALL_L0_027,Exterior Wall Install | L 0 | PREFAB_WALL_L0_027
1789380,EXTW_PREFAB_WALL_L0_027_20291207,PO-000166,Exterior Wall L 0 PREFAB_WALL_L0_027,Exterior Wall Install | L 0 | PREFAB_WALL_L0_027
1789381,EXTW_PREFAB_WALL_L0_027_20291207,PO-000166,Exterior Wall L 0 PREFAB_WALL_L0_027,Exterior Wall Install | L 0 | PREFAB_WALL_L0_027
1789382,EXTW_PREFAB_WALL_L0_027_20291207,PO-000166,Exterior Wall L 0 PREFAB_WALL_L0_027,Exterior Wall Install | L 0 | PREFAB_WALL_L0_027
1789383,EXTW_PREFAB_WALL_L0_027_20291207,PO-000166,Exterior Wall L 0 PREFAB_WALL_L0_027,Exterior Wall Install | L 0 | PREFAB_WALL_L0_027
1789384,EXTW_PREFAB_WALL_L0_027_20291207,PO-000166,Exterior Wall L 0 PREFAB_WALL_L0_027,Exterior Wall Install | L 0 | PREFAB_WALL_L0_027
1789385,EXTW_PREFAB_WALL_L0_027_20291207,PO-000166,Exterior Wall L 0 PREFAB_WALL_L0_027,Exterior Wall Install | L 0 | PREFAB_WALL_L0_027
1789386,EXTW_PREFAB_WALL_L0_027_20291207,PO-000166,Exterior Wall L 0 PREFAB_WALL_L0_027,Exterior Wall Install | L 0 | PREFAB_WALL_L0_027
1947262,EXTW_PREFAB_WALL_L0_027_20291207,PO-000166,Exterior Wall L 0 PREFAB_WALL_L0_027,Exterior Wall Install | L 0 | PREFAB_WALL_L0_027
1947263,EXTW_PREFAB_WALL_L0_027_20291207,PO-000166,Exterior Wall L 0 PREFAB_WALL_L0_027,Exterior Wall Install | L 0 | PREFAB_WALL_L0_027
1947267,EXTW_PREFAB_WALL_L0_027_20291207,PO-000166,Exterior Wall L 0 PREFAB_WALL_L0_027,Exterior Wall Install | L 0 | PREFAB_WALL_L0_027
1947276,EXTW_PREFAB_WALL_L0_027_20291207,PO-000166,Exterior Wall L 0 PREFAB_WALL_L0_027,Exterior Wall Install | L 0 | PREFAB_WALL_L0_027
1947277,EXTW_PREFAB_WALL_L0_027_20291207,PO-000166,Exterior Wall L 0 PREFAB_WALL_L0_027,Exterior Wall Install | L 0 | PREFAB_WALL_L0_027
1947279,EXTW_PREFAB_WALL_L0_027_20291207,PO-000166,Exterior Wall L 0 PREFAB_WALL_L0_027,Exterior Wall Install | L 0 | PREFAB_WALL_L0_027
1947280,EXTW_PREFAB_WALL_L0_027_20291207,PO-000166,Exterior Wall L 0 PREFAB_WALL_L0_027,Exterior Wall Install | L 0 | PREFAB_WALL_L0_027
1947282,EXTW_PREFAB_WALL_L0_027_20291207,PO-000166,Exterior Wall L 0 PREFAB_WALL_L0_027,Exterior Wall Install | L 0 | PREFAB_WALL_L0_027
1947284,EXTW_PREFAB_WALL_L0_027_20291207,PO-000166,Exterior Wall L 0 PREFAB_WALL_L0_027,Exterior Wall Install | L 0 | PREFAB_WALL_L0_027
1947289,EXTW_PREFAB_WALL_L0_027_20291207,PO-000166,Exterior Wall L 0 PREFAB_WALL_L0_027,Exterior Wall Install | L 0 | PREFAB_WALL_L0_027
1947646,EXTW_PREFAB_WALL_L0_027_20291207,PO-000166,Exterior Wall L 0 PREFAB_WALL_L0_027,Exterior Wall Install | L 0 | PREFAB_WALL_L0_027
1947647,EXTW_PREFAB_WALL_L0_027_20291207,PO-000166,Exterior Wall L 0 PREFAB_WALL_L0_027,Exterior Wall Install | L 0 | PREFAB_WALL_L0_027
1947649,EXTW_PREFAB_WALL_L0_027_20291207,PO-000166,Exterior Wall L 0 PREFAB_WALL_L0_027,Exterior Wall Install | L 0 | PREFAB_WALL_L0_027
1947650,EXTW_PREFAB_WALL_L0_027_20291207,PO-000166,Exterior Wall L 0 PREFAB_WALL_L0_027,Exterior Wall Install | L 0 | PREFAB_WALL_L0_027
1947651,EXTW_PREFAB_WALL_L0_027_20291207,PO-000166,Exterior Wall L 0 PREFAB_WALL_L0_027,Exterior Wall Install | L 0 | PREFAB_WALL_L0_027
1947652,EXTW_PREFAB_WALL_L0_027_20291207,PO-000166,Exterior Wall L 0 PREFAB_WALL_L0_027,Exterior Wall Install | L 0 | PREFAB_WALL_L0_027
1947653,EXTW_PREFAB_WALL_L0_027_20291207,PO-000166,Exterior Wall L 0 PREFAB_WALL_L0_027,Exterior Wall Install | L 0 | PREFAB_WALL_L0_027
1947654,EXTW_PREFAB_WALL_L0_027_20291207,PO-000166,Exterior Wall L 0 PREFAB_WALL_L0_027,Exterior Wall Install | L 0 | PREFAB_WALL_L0_027
1947655,EXTW_PREFAB_WALL_L0_027_20291207,PO-000166,Exterior Wall L 0 PREFAB_WALL_L0_027,Exterior Wall Install | L 0 | PREFAB_WALL_L0_027
1947656,EXTW_PREFAB_WALL_L0_027_20291207,PO-000166,Exterior Wall L 0 PREFAB_WALL_L0_027,Exterior Wall Install | L 0 | PREFAB_WALL_L0_027
1783843,EXTW_PREFAB_WALL_L0_028_20291207,PO-000167,Exterior Wall L 0 PREFAB_WALL_L0_028,Exterior Wall Install | L 0 | PREFAB_WALL_L0_028
1952948,EXTW_PREFAB_WALL_L0_028_20291207,PO-000167,Exterior Wall L 0 PREFAB_WALL_L0_028,Exterior Wall Install | L 0 | PREFAB_WALL_L0_028
1952949,EXTW_PREFAB_WALL_L0_028_20291207,PO-000167,Exterior Wall L 0 PREFAB_WALL_L0_028,Exterior Wall Install | L 0 | PREFAB_WALL_L0_028
1952951,EXTW_PREFAB_WALL_L0_028_20291207,PO-000167,Exterior Wall L 0 PREFAB_WALL_L0_028,Exterior Wall Install | L 0 | PREFAB_WALL_L0_028
1952952,EXTW_PREFAB_WALL_L0_028_20291207,PO-000167,Exterior Wall L 0 PREFAB_WALL_L0_028,Exterior Wall Install | L 0 | PREFAB_WALL_L0_028
1952953,EXTW_PREFAB_WALL_L0_028_20291207,PO-000167,Exterior Wall L 0 PREFAB_WALL_L0_028,Exterior Wall Install | L 0 | PREFAB_WALL_L0_028
1952954,EXTW_PREFAB_WALL_L0_028_20291207,PO-000167,Exterior Wall L 0 PREFAB_WALL_L0_028,Exterior Wall Install | L 0 | PREFAB_WALL_L0_028
1952955,EXTW_PREFAB_WALL_L0_028_20291207,PO-000167,Exterior Wall L 0 PREFAB_WALL_L0_028,Exterior Wall Install | L 0 | PREFAB_WALL_L0_028
1952956,EXTW_PREFAB_WALL_L0_028_20291207,PO-000167,Exterior Wall L 0 PREFAB_WALL_L0_028,Exterior Wall Install | L 0 | PREFAB_WALL_L0_028
1952957,EXTW_PREFAB_WALL_L0_028_20291207,PO-000167,Exterior Wall L 0 PREFAB_WALL_L0_028,Exterior Wall Install | L 0 | PREFAB_WALL_L0_028
1952958,EXTW_PREFAB_WALL_L0_028_20291207,PO-000167,Exterior Wall L 0 PREFAB_WALL_L0_028,Exterior Wall Install | L 0 | PREFAB_WALL_L0_028
2126039,EXTW_PREFAB_WALL_L0_028_20291207,PO-000167,Exterior Wall L 0 PREFAB_WALL_L0_028,Exterior Wall Install | L 0 | PREFAB_WALL_L0_028
2126040,EXTW_PREFAB_WALL_L0_028_20291207,PO-000167,Exterior Wall L 0 PREFAB_WALL_L0_028,Exterior Wall Install | L 0 | PREFAB_WALL_L0_028
2126043,EXTW_PREFAB_WALL_L0_028_20291207,PO-000167,Exterior Wall L 0 PREFAB_WALL_L0_028,Exterior Wall Install | L 0 | PREFAB_WALL_L0_028
2126044,EXTW_PREFAB_WALL_L0_028_20291207,PO-000167,Exterior Wall L 0 PREFAB_WALL_L0_028,Exterior Wall Install | L 0 | PREFAB_WALL_L0_028
2126045,EXTW_PREFAB_WALL_L0_028_20291207,PO-000167,Exterior Wall L 0 PREFAB_WALL_L0_028,Exterior Wall Install | L 0 | PREFAB_WALL_L0_028
2126047,EXTW_PREFAB_WALL_L0_028_20291207,PO-000167,Exterior Wall L 0 PREFAB_WALL_L0_028,Exterior Wall Install | L 0 | PREFAB_WALL_L0_028
2126242,EXTW_PREFAB_WALL_L0_028_20291207,PO-000167,Exterior Wall L 0 PREFAB_WALL_L0_028,Exterior Wall Install | L 0 | PREFAB_WALL_L0_028
2126248,EXTW_PREFAB_WALL_L0_028_20291207,PO-000167,Exterior Wall L 0 PREFAB_WALL_L0_028,Exterior Wall Install | L 0 | PREFAB_WALL_L0_028
2126249,EXTW_PREFAB_WALL_L0_028_20291207,PO-000167,Exterior Wall L 0 PREFAB_WALL_L0_028,Exterior Wall Install | L 0 | PREFAB_WALL_L0_028
2126250,EXTW_PREFAB_WALL_L0_028_20291207,PO-000167,Exterior Wall L 0 PREFAB_WALL_L0_028,Exterior Wall Install | L 0 | PREFAB_WALL_L0_028
1717415,EXTW_PREFAB_WALL_L0_029_20291207,PO-000168,Exterior Wall L 0 PREFAB_WALL_L0_029,Exterior Wall Install | L 0 | PREFAB_WALL_L0_029
1717566,EXTW_PREFAB_WALL_L0_030_20291207,PO-000169,Exterior Wall L 0 PREFAB_WALL_L0_030,Exterior Wall Install | L 0 | PREFAB_WALL_L0_030
1992813,EXTW_PREFAB_WALL_L0_031_20291207,PO-000170,Exterior Wall L 0 PREFAB_WALL_L0_031,Exterior Wall Install | L 0 | PREFAB_WALL_L0_031
1993027,EXTW_PREFAB_WALL_L0_032_20291207,PO-000171,Exterior Wall L 0 PREFAB_WALL_L0_032,Exterior Wall Install | L 0 | PREFAB_WALL_L0_032
1787151,EXTW_PREFAB_WALL_L0_033_20291207,PO-000172,Exterior Wall L 0 PREFAB_WALL_L0_033,Exterior Wall Install | L 0 | PREFAB_WALL_L0_033
1787152,EXTW_PREFAB_WALL_L0_033_20291207,PO-000172,Exterior Wall L 0 PREFAB_WALL_L0_033,Exterior Wall Install | L 0 | PREFAB_WALL_L0_033
1787157,EXTW_PREFAB_WALL_L0_033_20291207,PO-000172,Exterior Wall L 0 PREFAB_WALL_L0_033,Exterior Wall Install | L 0 | PREFAB_WALL_L0_033
1787159,EXTW_PREFAB_WALL_L0_033_20291207,PO-000172,Exterior Wall L 0 PREFAB_WALL_L0_033,Exterior Wall Install | L 0 | PREFAB_WALL_L0_033
1787161,EXTW_PREFAB_WALL_L0_033_20291207,PO-000172,Exterior Wall L 0 PREFAB_WALL_L0_033,Exterior Wall Install | L 0 | PREFAB_WALL_L0_033
1787163,EXTW_PREFAB_WALL_L0_033_20291207,PO-000172,Exterior Wall L 0 PREFAB_WALL_L0_033,Exterior Wall Install | L 0 | PREFAB_WALL_L0_033
1787164,EXTW_PREFAB_WALL_L0_033_20291207,PO-000172,Exterior Wall L 0 PREFAB_WALL_L0_033,Exterior Wall Install | L 0 | PREFAB_WALL_L0_033
1787165,EXTW_PREFAB_WALL_L0_033_20291207,PO-000172,Exterior Wall L 0 PREFAB_WALL_L0_033,Exterior Wall Install | L 0 | PREFAB_WALL_L0_033
1787166,EXTW_PREFAB_WALL_L0_033_20291207,PO-000172,Exterior Wall L 0 PREFAB_WALL_L0_033,Exterior Wall Install | L 0 | PREFAB_WALL_L0_033
1787169,EXTW_PREFAB_WALL_L0_033_20291207,PO-000172,Exterior Wall L 0 PREFAB_WALL_L0_033,Exterior Wall Install | L 0 | PREFAB_WALL_L0_033
1787170,EXTW_PREFAB_WALL_L0_033_20291207,PO-000172,Exterior Wall L 0 PREFAB_WALL_L0_033,Exterior Wall Install | L 0 | PREFAB_WALL_L0_033
1787171,EXTW_PREFAB_WALL_L0_033_20291207,PO-000172,Exterior Wall L 0 PREFAB_WALL_L0_033,Exterior Wall Install | L 0 | PREFAB_WALL_L0_033
1787172,EXTW_PREFAB_WALL_L0_033_20291207,PO-000172,Exterior Wall L 0 PREFAB_WALL_L0_033,Exterior Wall Install | L 0 | PREFAB_WALL_L0_033
1787173,EXTW_PREFAB_WALL_L0_033_20291207,PO-000172,Exterior Wall L 0 PREFAB_WALL_L0_033,Exterior Wall Install | L 0 | PREFAB_WALL_L0_033
1787174,EXTW_PREFAB_WALL_L0_033_20291207,PO-000172,Exterior Wall L 0 PREFAB_WALL_L0_033,Exterior Wall Install | L 0 | PREFAB_WALL_L0_033
1787175,EXTW_PREFAB_WALL_L0_033_20291207,PO-000172,Exterior Wall L 0 PREFAB_WALL_L0_033,Exterior Wall Install | L 0 | PREFAB_WALL_L0_033
1787176,EXTW_PREFAB_WALL_L0_033_20291207,PO-000172,Exterior Wall L 0 PREFAB_WALL_L0_033,Exterior Wall Install | L 0 | PREFAB_WALL_L0_033
1787177,EXTW_PREFAB_WALL_L0_033_20291207,PO-000172,Exterior Wall L 0 PREFAB_WALL_L0_033,Exterior Wall Install | L 0 | PREFAB_WALL_L0_033
1787178,EXTW_PREFAB_WALL_L0_033_20291207,PO-000172,Exterior Wall L 0 PREFAB_WALL_L0_033,Exterior Wall Install | L 0 | PREFAB_WALL_L0_033
1787179,EXTW_PREFAB_WALL_L0_033_20291207,PO-000172,Exterior Wall L 0 PREFAB_WALL_L0_033,Exterior Wall Install | L 0 | PREFAB_WALL_L0_033
1787180,EXTW_PREFAB_WALL_L0_033_20291207,PO-000172,Exterior Wall L 0 PREFAB_WALL_L0_033,Exterior Wall Install | L 0 | PREFAB_WALL_L0_033
1787181,EXTW_PREFAB_WALL_L0_033_20291207,PO-000172,Exterior Wall L 0 PREFAB_WALL_L0_033,Exterior Wall Install | L 0 | PREFAB_WALL_L0_033
1787182,EXTW_PREFAB_WALL_L0_033_20291207,PO-000172,Exterior Wall L 0 PREFAB_WALL_L0_033,Exterior Wall Install | L 0 | PREFAB_WALL_L0_033
1787183,EXTW_PREFAB_WALL_L0_033_20291207,PO-000172,Exterior Wall L 0 PREFAB_WALL_L0_033,Exterior Wall Install | L 0 | PREFAB_WALL_L0_033
1787184,EXTW_PREFAB_WALL_L0_033_20291207,PO-000172,Exterior Wall L 0 PREFAB_WALL_L0_033,Exterior Wall Install | L 0 | PREFAB_WALL_L0_033
1787185,EXTW_PREFAB_WALL_L0_033_20291207,PO-000172,Exterior Wall L 0 PREFAB_WALL_L0_033,Exterior Wall Install | L 0 | PREFAB_WALL_L0_033
1787186,EXTW_PREFAB_WALL_L0_033_20291207,PO-000172,Exterior Wall L 0 PREFAB_WALL_L0_033,Exterior Wall Install | L 0 | PREFAB_WALL_L0_033
1787187,EXTW_PREFAB_WALL_L0_033_20291207,PO-000172,Exterior Wall L 0 PREFAB_WALL_L0_033,Exterior Wall Install | L 0 | PREFAB_WALL_L0_033
1787188,EXTW_PREFAB_WALL_L0_033_20291207,PO-000172,Exterior Wall L 0 PREFAB_WALL_L0_033,Exterior Wall Install | L 0 | PREFAB_WALL_L0_033
1787189,EXTW_PREFAB_WALL_L0_033_20291207,PO-000172,Exterior Wall L 0 PREFAB_WALL_L0_033,Exterior Wall Install | L 0 | PREFAB_WALL_L0_033
1787190,EXTW_PREFAB_WALL_L0_033_20291207,PO-000172,Exterior Wall L 0 PREFAB_WALL_L0_033,Exterior Wall Install | L 0 | PREFAB_WALL_L0_033
1918001,EXTW_PREFAB_WALL_L0_033_20291207,PO-000172,Exterior Wall L 0 PREFAB_WALL_L0_033,Exterior Wall Install | L 0 | PREFAB_WALL_L0_033
1918002,EXTW_PREFAB_WALL_L0_033_20291207,PO-000172,Exterior Wall L 0 PREFAB_WALL_L0_033,Exterior Wall Install | L 0 | PREFAB_WALL_L0_033
1918003,EXTW_PREFAB_WALL_L0_033_20291207,PO-000172,Exterior Wall L 0 PREFAB_WALL_L0_033,Exterior Wall Install | L 0 | PREFAB_WALL_L0_033
1918004,EXTW_PREFAB_WALL_L0_033_20291207,PO-000172,Exterior Wall L 0 PREFAB_WALL_L0_033,Exterior Wall Install | L 0 | PREFAB_WALL_L0_033
1918023,EXTW_PREFAB_WALL_L0_033_20291207,PO-000172,Exterior Wall L 0 PREFAB_WALL_L0_033,Exterior Wall Install | L 0 | PREFAB_WALL_L0_033
1918025,EXTW_PREFAB_WALL_L0_033_20291207,PO-000172,Exterior Wall L 0 PREFAB_WALL_L0_033,Exterior Wall Install | L 0 | PREFAB_WALL_L0_033
1918027,EXTW_PREFAB_WALL_L0_033_20291207,PO-000172,Exterior Wall L 0 PREFAB_WALL_L0_033,Exterior Wall Install | L 0 | PREFAB_WALL_L0_033
1918029,EXTW_PREFAB_WALL_L0_033_20291207,PO-000172,Exterior Wall L 0 PREFAB_WALL_L0_033,Exterior Wall Install | L 0 | PREFAB_WALL_L0_033
1918031,EXTW_PREFAB_WALL_L0_033_20291207,PO-000172,Exterior Wall L 0 PREFAB_WALL_L0_033,Exterior Wall Install | L 0 | PREFAB_WALL_L0_033
1918033,EXTW_PREFAB_WALL_L0_033_20291207,PO-000172,Exterior Wall L 0 PREFAB_WALL_L0_033,Exterior Wall Install | L 0 | PREFAB_WALL_L0_033
1918034,EXTW_PREFAB_WALL_L0_033_20291207,PO-000172,Exterior Wall L 0 PREFAB_WALL_L0_033,Exterior Wall Install | L 0 | PREFAB_WALL_L0_033
1918035,EXTW_PREFAB_WALL_L0_033_20291207,PO-000172,Exterior Wall L 0 PREFAB_WALL_L0_033,Exterior Wall Install | L 0 | PREFAB_WALL_L0_033
1918036,EXTW_PREFAB_WALL_L0_033_20291207,PO-000172,Exterior Wall L 0 PREFAB_WALL_L0_033,Exterior Wall Install | L 0 | PREFAB_WALL_L0_033
1721183,EXTW_PREFAB_WALL_L0_034_20291207,PO-000173,Exterior Wall L 0 PREFAB_WALL_L0_034,Exterior Wall Install | L 0 | PREFAB_WALL_L0_034
1721556,EXTW_PREFAB_WALL_L0_034_20291207,PO-000173,Exterior Wall L 0 PREFAB_WALL_L0_034,Exterior Wall Install | L 0 | PREFAB_WALL_L0_034
1721562,EXTW_PREFAB_WALL_L0_034_20291207,PO-000173,Exterior Wall L 0 PREFAB_WALL_L0_034,Exterior Wall Install | L 0 | PREFAB_WALL_L0_034
1721565,EXTW_PREFAB_WALL_L0_034_20291207,PO-000173,Exterior Wall L 0 PREFAB_WALL_L0_034,Exterior Wall Install | L 0 | PREFAB_WALL_L0_034
1721567,EXTW_PREFAB_WALL_L0_034_20291207,PO-000173,Exterior Wall L 0 PREFAB_WALL_L0_034,Exterior Wall Install | L 0 | PREFAB_WALL_L0_034
1721569,EXTW_PREFAB_WALL_L0_034_20291207,PO-000173,Exterior Wall L 0 PREFAB_WALL_L0_034,Exterior Wall Install | L 0 | PREFAB_WALL_L0_034
1721571,EXTW_PREFAB_WALL_L0_034_20291207,PO-000173,Exterior Wall L 0 PREFAB_WALL_L0_034,Exterior Wall Install | L 0 | PREFAB_WALL_L0_034
1721581,EXTW_PREFAB_WALL_L0_034_20291207,PO-000173,Exterior Wall L 0 PREFAB_WALL_L0_034,Exterior Wall Install | L 0 | PREFAB_WALL_L0_034
1721582,EXTW_PREFAB_WALL_L0_034_20291207,PO-000173,Exterior Wall L 0 PREFAB_WALL_L0_034,Exterior Wall Install | L 0 | PREFAB_WALL_L0_034
1721583,EXTW_PREFAB_WALL_L0_034_20291207,PO-000173,Exterior Wall L 0 PREFAB_WALL_L0_034,Exterior Wall Install | L 0 | PREFAB_WALL_L0_034
1721584,EXTW_PREFAB_WALL_L0_034_20291207,PO-000173,Exterior Wall L 0 PREFAB_WALL_L0_034,Exterior Wall Install | L 0 | PREFAB_WALL_L0_034
1721637,EXTW_PREFAB_WALL_L0_034_20291207,PO-000173,Exterior Wall L 0 PREFAB_WALL_L0_034,Exterior Wall Install | L 0 | PREFAB_WALL_L0_034
1721646,EXTW_PREFAB_WALL_L0_034_20291207,PO-000173,Exterior Wall L 0 PREFAB_WALL_L0_034,Exterior Wall Install | L 0 | PREFAB_WALL_L0_034
1721649,EXTW_PREFAB_WALL_L0_034_20291207,PO-000173,Exterior Wall L 0 PREFAB_WALL_L0_034,Exterior Wall Install | L 0 | PREFAB_WALL_L0_034
1721650,EXTW_PREFAB_WALL_L0_034_20291207,PO-000173,Exterior Wall L 0 PREFAB_WALL_L0_034,Exterior Wall Install | L 0 | PREFAB_WALL_L0_034
1721651,EXTW_PREFAB_WALL_L0_034_20291207,PO-000173,Exterior Wall L 0 PREFAB_WALL_L0_034,Exterior Wall Install | L 0 | PREFAB_WALL_L0_034
1721652,EXTW_PREFAB_WALL_L0_034_20291207,PO-000173,Exterior Wall L 0 PREFAB_WALL_L0_034,Exterior Wall Install | L 0 | PREFAB_WALL_L0_034
1721673,EXTW_PREFAB_WALL_L0_034_20291207,PO-000173,Exterior Wall L 0 PREFAB_WALL_L0_034,Exterior Wall Install | L 0 | PREFAB_WALL_L0_034
1721674,EXTW_PREFAB_WALL_L0_034_20291207,PO-000173,Exterior Wall L 0 PREFAB_WALL_L0_034,Exterior Wall Install | L 0 | PREFAB_WALL_L0_034
1721675,EXTW_PREFAB_WALL_L0_034_20291207,PO-000173,Exterior Wall L 0 PREFAB_WALL_L0_034,Exterior Wall Install | L 0 | PREFAB_WALL_L0_034
1721679,EXTW_PREFAB_WALL_L0_034_20291207,PO-000173,Exterior Wall L 0 PREFAB_WALL_L0_034,Exterior Wall Install | L 0 | PREFAB_WALL_L0_034
1721680,EXTW_PREFAB_WALL_L0_034_20291207,PO-000173,Exterior Wall L 0 PREFAB_WALL_L0_034,Exterior Wall Install | L 0 | PREFAB_WALL_L0_034
1721681,EXTW_PREFAB_WALL_L0_034_20291207,PO-000173,Exterior Wall L 0 PREFAB_WALL_L0_034,Exterior Wall Install | L 0 | PREFAB_WALL_L0_034
1769283,EXTW_PREFAB_WALL_L0_034_20291207,PO-000173,Exterior Wall L 0 PREFAB_WALL_L0_034,Exterior Wall Install | L 0 | PREFAB_WALL_L0_034
1769284,EXTW_PREFAB_WALL_L0_034_20291207,PO-000173,Exterior Wall L 0 PREFAB_WALL_L0_034,Exterior Wall Install | L 0 | PREFAB_WALL_L0_034
1769285,EXTW_PREFAB_WALL_L0_034_20291207,PO-000173,Exterior Wall L 0 PREFAB_WALL_L0_034,Exterior Wall Install | L 0 | PREFAB_WALL_L0_034
1769286,EXTW_PREFAB_WALL_L0_034_20291207,PO-000173,Exterior Wall L 0 PREFAB_WALL_L0_034,Exterior Wall Install | L 0 | PREFAB_WALL_L0_034
1769291,EXTW_PREFAB_WALL_L0_034_20291207,PO-000173,Exterior Wall L 0 PREFAB_WALL_L0_034,Exterior Wall Install | L 0 | PREFAB_WALL_L0_034
1769292,EXTW_PREFAB_WALL_L0_034_20291207,PO-000173,Exterior Wall L 0 PREFAB_WALL_L0_034,Exterior Wall Install | L 0 | PREFAB_WALL_L0_034
1769293,EXTW_PREFAB_WALL_L0_034_20291207,PO-000173,Exterior Wall L 0 PREFAB_WALL_L0_034,Exterior Wall Install | L 0 | PREFAB_WALL_L0_034
1769294,EXTW_PREFAB_WALL_L0_034_20291207,PO-000173,Exterior Wall L 0 PREFAB_WALL_L0_034,Exterior Wall Install | L 0 | PREFAB_WALL_L0_034
1926889,EXTW_PREFAB_WALL_L0_034_20291207,PO-000173,Exterior Wall L 0 PREFAB_WALL_L0_034,Exterior Wall Install | L 0 | PREFAB_WALL_L0_034
1926890,EXTW_PREFAB_WALL_L0_034_20291207,PO-000173,Exterior Wall L 0 PREFAB_WALL_L0_034,Exterior Wall Install | L 0 | PREFAB_WALL_L0_034
1926891,EXTW_PREFAB_WALL_L0_034_20291207,PO-000173,Exterior Wall L 0 PREFAB_WALL_L0_034,Exterior Wall Install | L 0 | PREFAB_WALL_L0_034
1926892,EXTW_PREFAB_WALL_L0_034_20291207,PO-000173,Exterior Wall L 0 PREFAB_WALL_L0_034,Exterior Wall Install | L 0 | PREFAB_WALL_L0_034
1926905,EXTW_PREFAB_WALL_L0_034_20291207,PO-000173,Exterior Wall L 0 PREFAB_WALL_L0_034,Exterior Wall Install | L 0 | PREFAB_WALL_L0_034
1926906,EXTW_PREFAB_WALL_L0_034_20291207,PO-000173,Exterior Wall L 0 PREFAB_WALL_L0_034,Exterior Wall Install | L 0 | PREFAB_WALL_L0_034
1926907,EXTW_PREFAB_WALL_L0_034_20291207,PO-000173,Exterior Wall L 0 PREFAB_WALL_L0_034,Exterior Wall Install | L 0 | PREFAB_WALL_L0_034
1926908,EXTW_PREFAB_WALL_L0_034_20291207,PO-000173,Exterior Wall L 0 PREFAB_WALL_L0_034,Exterior Wall Install | L 0 | PREFAB_WALL_L0_034
1926909,EXTW_PREFAB_WALL_L0_034_20291207,PO-000173,Exterior Wall L 0 PREFAB_WALL_L0_034,Exterior Wall Install | L 0 | PREFAB_WALL_L0_034
1926910,EXTW_PREFAB_WALL_L0_034_20291207,PO-000173,Exterior Wall L 0 PREFAB_WALL_L0_034,Exterior Wall Install | L 0 | PREFAB_WALL_L0_034
1926911,EXTW_PREFAB_WALL_L0_034_20291207,PO-000173,Exterior Wall L 0 PREFAB_WALL_L0_034,Exterior Wall Install | L 0 | PREFAB_WALL_L0_034
1926912,EXTW_PREFAB_WALL_L0_034_20291207,PO-000173,Exterior Wall L 0 PREFAB_WALL_L0_034,Exterior Wall Install | L 0 | PREFAB_WALL_L0_034
1926913,EXTW_PREFAB_WALL_L0_034_20291207,PO-000173,Exterior Wall L 0 PREFAB_WALL_L0_034,Exterior Wall Install | L 0 | PREFAB_WALL_L0_034
1249235,EXTW_PREFAB_WALL_L1_040_20291217,PO-000334,Exterior Wall L 1 PREFAB_WALL_L1_040,Exterior Wall Install | L 1 | PREFAB_WALL_L1_040
1931410,EXTW_PREFAB_WALL_L1_040_20291217,PO-000334,Exterior Wall L 1 PREFAB_WALL_L1_040,Exterior Wall Install | L 1 | PREFAB_WALL_L1_040
1938800,EXTW_PREFAB_WALL_L1_040_20291217,PO-000334,Exterior Wall L 1 PREFAB_WALL_L1_040,Exterior Wall Install | L 1 | PREFAB_WALL_L1_040
1938801,EXTW_PREFAB_WALL_L1_040_20291217,PO-000334,Exterior Wall L 1 PREFAB_WALL_L1_040,Exterior Wall Install | L 1 | PREFAB_WALL_L1_040
1938803,EXTW_PREFAB_WALL_L1_040_20291217,PO-000334,Exterior Wall L 1 PREFAB_WALL_L1_040,Exterior Wall Install | L 1 | PREFAB_WALL_L1_040
1938804,EXTW_PREFAB_WALL_L1_040_20291217,PO-000334,Exterior Wall L 1 PREFAB_WALL_L1_040,Exterior Wall Install | L 1 | PREFAB_WALL_L1_040
1938805,EXTW_PREFAB_WALL_L1_040_20291217,PO-000334,Exterior Wall L 1 PREFAB_WALL_L1_040,Exterior Wall Install | L 1 | PREFAB_WALL_L1_040
1938806,EXTW_PREFAB_WALL_L1_040_20291217,PO-000334,Exterior Wall L 1 PREFAB_WALL_L1_040,Exterior Wall Install | L 1 | PREFAB_WALL_L1_040
1938807,EXTW_PREFAB_WALL_L1_040_20291217,PO-000334,Exterior Wall L 1 PREFAB_WALL_L1_040,Exterior Wall Install | L 1 | PREFAB_WALL_L1_040
1938808,EXTW_PREFAB_WALL_L1_040_20291217,PO-000334,Exterior Wall L 1 PREFAB_WALL_L1_040,Exterior Wall Install | L 1 | PREFAB_WALL_L1_040
1938809,EXTW_PREFAB_WALL_L1_040_20291217,PO-000334,Exterior Wall L 1 PREFAB_WALL_L1_040,Exterior Wall Install | L 1 | PREFAB_WALL_L1_040
1938810,EXTW_PREFAB_WALL_L1_040_20291217,PO-000334,Exterior Wall L 1 PREFAB_WALL_L1_040,Exterior Wall Install | L 1 | PREFAB_WALL_L1_040
1525036,EXTW_PREFAB_WALL_L1_041_20291217,PO-000335,Exterior Wall L 1 PREFAB_WALL_L1_041,Exterior Wall Install | L 1 | PREFAB_WALL_L1_041
1935606,EXTW_PREFAB_WALL_L1_041_20291217,PO-000335,Exterior Wall L 1 PREFAB_WALL_L1_041,Exterior Wall Install | L 1 | PREFAB_WALL_L1_041
1938614,EXTW_PREFAB_WALL_L1_041_20291217,PO-000335,Exterior Wall L 1 PREFAB_WALL_L1_041,Exterior Wall Install | L 1 | PREFAB_WALL_L1_041
1938615,EXTW_PREFAB_WALL_L1_041_20291217,PO-000335,Exterior Wall L 1 PREFAB_WALL_L1_041,Exterior Wall Install | L 1 | PREFAB_WALL_L1_041
1938617,EXTW_PREFAB_WALL_L1_041_20291217,PO-000335,Exterior Wall L 1 PREFAB_WALL_L1_041,Exterior Wall Install | L 1 | PREFAB_WALL_L1_041
1938618,EXTW_PREFAB_WALL_L1_041_20291217,PO-000335,Exterior Wall L 1 PREFAB_WALL_L1_041,Exterior Wall Install | L 1 | PREFAB_WALL_L1_041
1938619,EXTW_PREFAB_WALL_L1_041_20291217,PO-000335,Exterior Wall L 1 PREFAB_WALL_L1_041,Exterior Wall Install | L 1 | PREFAB_WALL_L1_041
1938620,EXTW_PREFAB_WALL_L1_041_20291217,PO-000335,Exterior Wall L 1 PREFAB_WALL_L1_041,Exterior Wall Install | L 1 | PREFAB_WALL_L1_041
1938621,EXTW_PREFAB_WALL_L1_041_20291217,PO-000335,Exterior Wall L 1 PREFAB_WALL_L1_041,Exterior Wall Install | L 1 | PREFAB_WALL_L1_041
1938622,EXTW_PREFAB_WALL_L1_041_20291217,PO-000335,Exterior Wall L 1 PREFAB_WALL_L1_041,Exterior Wall Install | L 1 | PREFAB_WALL_L1_041
1938623,EXTW_PREFAB_WALL_L1_041_20291217,PO-000335,Exterior Wall L 1 PREFAB_WALL_L1_041,Exterior Wall Install | L 1 | PREFAB_WALL_L1_041
1938624,EXTW_PREFAB_WALL_L1_041_20291217,PO-000335,Exterior Wall L 1 PREFAB_WALL_L1_041,Exterior Wall Install | L 1 | PREFAB_WALL_L1_041
1525472,EXTW_PREFAB_WALL_L1_042_20291217,PO-000336,Exterior Wall L 1 PREFAB_WALL_L1_042,Exterior Wall Install | L 1 | PREFAB_WALL_L1_042
1622167,EXTW_PREFAB_WALL_L1_042_20291217,PO-000336,Exterior Wall L 1 PREFAB_WALL_L1_042,Exterior Wall Install | L 1 | PREFAB_WALL_L1_042
1622170,EXTW_PREFAB_WALL_L1_042_20291217,PO-000336,Exterior Wall L 1 PREFAB_WALL_L1_042,Exterior Wall Install | L 1 | PREFAB_WALL_L1_042
1622171,EXTW_PREFAB_WALL_L1_042_20291217,PO-000336,Exterior Wall L 1 PREFAB_WALL_L1_042,Exterior Wall Install | L 1 | PREFAB_WALL_L1_042
1622172,EXTW_PREFAB_WALL_L1_042_20291217,PO-000336,Exterior Wall L 1 PREFAB_WALL_L1_042,Exterior Wall Install | L 1 | PREFAB_WALL_L1_042
1622174,EXTW_PREFAB_WALL_L1_042_20291217,PO-000336,Exterior Wall L 1 PREFAB_WALL_L1_042,Exterior Wall Install | L 1 | PREFAB_WALL_L1_042
1622178,EXTW_PREFAB_WALL_L1_042_20291217,PO-000336,Exterior Wall L 1 PREFAB_WALL_L1_042,Exterior Wall Install | L 1 | PREFAB_WALL_L1_042
1622179,EXTW_PREFAB_WALL_L1_042_20291217,PO-000336,Exterior Wall L 1 PREFAB_WALL_L1_042,Exterior Wall Install | L 1 | PREFAB_WALL_L1_042
1622180,EXTW_PREFAB_WALL_L1_042_20291217,PO-000336,Exterior Wall L 1 PREFAB_WALL_L1_042,Exterior Wall Install | L 1 | PREFAB_WALL_L1_042
1622193,EXTW_PREFAB_WALL_L1_042_20291217,PO-000336,Exterior Wall L 1 PREFAB_WALL_L1_042,Exterior Wall Install | L 1 | PREFAB_WALL_L1_042
1622195,EXTW_PREFAB_WALL_L1_042_20291217,PO-000336,Exterior Wall L 1 PREFAB_WALL_L1_042,Exterior Wall Install | L 1 | PREFAB_WALL_L1_042
1622196,EXTW_PREFAB_WALL_L1_042_20291217,PO-000336,Exterior Wall L 1 PREFAB_WALL_L1_042,Exterior Wall Install | L 1 | PREFAB_WALL_L1_042
1622197,EXTW_PREFAB_WALL_L1_042_20291217,PO-000336,Exterior Wall L 1 PREFAB_WALL_L1_042,Exterior Wall Install | L 1 | PREFAB_WALL_L1_042
1622198,EXTW_PREFAB_WALL_L1_042_20291217,PO-000336,Exterior Wall L 1 PREFAB_WALL_L1_042,Exterior Wall Install | L 1 | PREFAB_WALL_L1_042
1622199,EXTW_PREFAB_WALL_L1_042_20291217,PO-000336,Exterior Wall L 1 PREFAB_WALL_L1_042,Exterior Wall Install | L 1 | PREFAB_WALL_L1_042
1622200,EXTW_PREFAB_WALL_L1_042_20291217,PO-000336,Exterior Wall L 1 PREFAB_WALL_L1_042,Exterior Wall Install | L 1 | PREFAB_WALL_L1_042
1622201,EXTW_PREFAB_WALL_L1_042_20291217,PO-000336,Exterior Wall L 1 PREFAB_WALL_L1_042,Exterior Wall Install | L 1 | PREFAB_WALL_L1_042
1622202,EXTW_PREFAB_WALL_L1_042_20291217,PO-000336,Exterior Wall L 1 PREFAB_WALL_L1_042,Exterior Wall Install | L 1 | PREFAB_WALL_L1_042
1622203,EXTW_PREFAB_WALL_L1_042_20291217,PO-000336,Exterior Wall L 1 PREFAB_WALL_L1_042,Exterior Wall Install | L 1 | PREFAB_WALL_L1_042
1767162,EXTW_PREFAB_WALL_L1_042_20291217,PO-000336,Exterior Wall L 1 PREFAB_WALL_L1_042,Exterior Wall Install | L 1 | PREFAB_WALL_L1_042
1767163,EXTW_PREFAB_WALL_L1_042_20291217,PO-000336,Exterior Wall L 1 PREFAB_WALL_L1_042,Exterior Wall Install | L 1 | PREFAB_WALL_L1_042
1767164,EXTW_PREFAB_WALL_L1_042_20291217,PO-000336,Exterior Wall L 1 PREFAB_WALL_L1_042,Exterior Wall Install | L 1 | PREFAB_WALL_L1_042
1624682,EXTW_PREFAB_WALL_L1_043_20291217,PO-000337,Exterior Wall L 1 PREFAB_WALL_L1_043,Exterior Wall Install | L 1 | PREFAB_WALL_L1_043
1939373,EXTW_PREFAB_WALL_L1_043_20291217,PO-000337,Exterior Wall L 1 PREFAB_WALL_L1_043,Exterior Wall Install | L 1 | PREFAB_WALL_L1_043
1939374,EXTW_PREFAB_WALL_L1_043_20291217,PO-000337,Exterior Wall L 1 PREFAB_WALL_L1_043,Exterior Wall Install | L 1 | PREFAB_WALL_L1_043
1939376,EXTW_PREFAB_WALL_L1_043_20291217,PO-000337,Exterior Wall L 1 PREFAB_WALL_L1_043,Exterior Wall Install | L 1 | PREFAB_WALL_L1_043
1939377,EXTW_PREFAB_WALL_L1_043_20291217,PO-000337,Exterior Wall L 1 PREFAB_WALL_L1_043,Exterior Wall Install | L 1 | PREFAB_WALL_L1_043
1939378,EXTW_PREFAB_WALL_L1_043_20291217,PO-000337,Exterior Wall L 1 PREFAB_WALL_L1_043,Exterior Wall Install | L 1 | PREFAB_WALL_L1_043
1939379,EXTW_PREFAB_WALL_L1_043_20291217,PO-000337,Exterior Wall L 1 PREFAB_WALL_L1_043,Exterior Wall Install | L 1 | PREFAB_WALL_L1_043
1939380,EXTW_PREFAB_WALL_L1_043_20291217,PO-000337,Exterior Wall L 1 PREFAB_WALL_L1_043,Exterior Wall Install | L 1 | PREFAB_WALL_L1_043
1939381,EXTW_PREFAB_WALL_L1_043_20291217,PO-000337,Exterior Wall L 1 PREFAB_WALL_L1_043,Exterior Wall Install | L 1 | PREFAB_WALL_L1_043
1939382,EXTW_PREFAB_WALL_L1_043_20291217,PO-000337,Exterior Wall L 1 PREFAB_WALL_L1_043,Exterior Wall Install | L 1 | PREFAB_WALL_L1_043
1939383,EXTW_PREFAB_WALL_L1_043_20291217,PO-000337,Exterior Wall L 1 PREFAB_WALL_L1_043,Exterior Wall Install | L 1 | PREFAB_WALL_L1_043
1993594,EXTW_PREFAB_WALL_L1_044_20291217,PO-000338,Exterior Wall L 1 PREFAB_WALL_L1_044,Exterior Wall Install | L 1 | PREFAB_WALL_L1_044
1994221,EXTW_PREFAB_WALL_L1_045_20291217,PO-000339,Exterior Wall L 1 PREFAB_WALL_L1_045,Exterior Wall Install | L 1 | PREFAB_WALL_L1_045
1939481,EXTW_PREFAB_WALL_L1_046_20291217,PO-000340,Exterior Wall L 1 PREFAB_WALL_L1_046,Exterior Wall Install | L 1 | PREFAB_WALL_L1_046
1939482,EXTW_PREFAB_WALL_L1_046_20291217,PO-000340,Exterior Wall L 1 PREFAB_WALL_L1_046,Exterior Wall Install | L 1 | PREFAB_WALL_L1_046
1939484,EXTW_PREFAB_WALL_L1_046_20291217,PO-000340,Exterior Wall L 1 PREFAB_WALL_L1_046,Exterior Wall Install | L 1 | PREFAB_WALL_L1_046
1939485,EXTW_PREFAB_WALL_L1_046_20291217,PO-000340,Exterior Wall L 1 PREFAB_WALL_L1_046,Exterior Wall Install | L 1 | PREFAB_WALL_L1_046
1939486,EXTW_PREFAB_WALL_L1_046_20291217,PO-000340,Exterior Wall L 1 PREFAB_WALL_L1_046,Exterior Wall Install | L 1 | PREFAB_WALL_L1_046
1939487,EXTW_PREFAB_WALL_L1_046_20291217,PO-000340,Exterior Wall L 1 PREFAB_WALL_L1_046,Exterior Wall Install | L 1 | PREFAB_WALL_L1_046
1939488,EXTW_PREFAB_WALL_L1_046_20291217,PO-000340,Exterior Wall L 1 PREFAB_WALL_L1_046,Exterior Wall Install | L 1 | PREFAB_WALL_L1_046
1939489,EXTW_PREFAB_WALL_L1_046_20291217,PO-000340,Exterior Wall L 1 PREFAB_WALL_L1_046,Exterior Wall Install | L 1 | PREFAB_WALL_L1_046
1939490,EXTW_PREFAB_WALL_L1_046_20291217,PO-000340,Exterior Wall L 1 PREFAB_WALL_L1_046,Exterior Wall Install | L 1 | PREFAB_WALL_L1_046
1939491,EXTW_PREFAB_WALL_L1_046_20291217,PO-000340,Exterior Wall L 1 PREFAB_WALL_L1_046,Exterior Wall Install | L 1 | PREFAB_WALL_L1_046
2194568,EXTW_PREFAB_WALL_L1_046_20291217,PO-000340,Exterior Wall L 1 PREFAB_WALL_L1_046,Exterior Wall Install | L 1 | PREFAB_WALL_L1_046
1940420,EXTW_PREFAB_WALL_L1_047_20291217,PO-000341,Exterior Wall L 1 PREFAB_WALL_L1_047,Exterior Wall Install | L 1 | PREFAB_WALL_L1_047
1940421,EXTW_PREFAB_WALL_L1_047_20291217,PO-000341,Exterior Wall L 1 PREFAB_WALL_L1_047,Exterior Wall Install | L 1 | PREFAB_WALL_L1_047
1940423,EXTW_PREFAB_WALL_L1_047_20291217,PO-000341,Exterior Wall L 1 PREFAB_WALL_L1_047,Exterior Wall Install | L 1 | PREFAB_WALL_L1_047
1940424,EXTW_PREFAB_WALL_L1_047_20291217,PO-000341,Exterior Wall L 1 PREFAB_WALL_L1_047,Exterior Wall Install | L 1 | PREFAB_WALL_L1_047
1940425,EXTW_PREFAB_WALL_L1_047_20291217,PO-000341,Exterior Wall L 1 PREFAB_WALL_L1_047,Exterior Wall Install | L 1 | PREFAB_WALL_L1_047
1940426,EXTW_PREFAB_WALL_L1_047_20291217,PO-000341,Exterior Wall L 1 PREFAB_WALL_L1_047,Exterior Wall Install | L 1 | PREFAB_WALL_L1_047
1940427,EXTW_PREFAB_WALL_L1_047_20291217,PO-000341,Exterior Wall L 1 PREFAB_WALL_L1_047,Exterior Wall Install | L 1 | PREFAB_WALL_L1_047
1940428,EXTW_PREFAB_WALL_L1_047_20291217,PO-000341,Exterior Wall L 1 PREFAB_WALL_L1_047,Exterior Wall Install | L 1 | PREFAB_WALL_L1_047
1940429,EXTW_PREFAB_WALL_L1_047_20291217,PO-000341,Exterior Wall L 1 PREFAB_WALL_L1_047,Exterior Wall Install | L 1 | PREFAB_WALL_L1_047
1940430,EXTW_PREFAB_WALL_L1_047_20291217,PO-000341,Exterior Wall L 1 PREFAB_WALL_L1_047,Exterior Wall Install | L 1 | PREFAB_WALL_L1_047
2194567,EXTW_PREFAB_WALL_L1_047_20291217,PO-000341,Exterior Wall L 1 PREFAB_WALL_L1_047,Exterior Wall Install | L 1 | PREFAB_WALL_L1_047
1623960,EXTW_PREFAB_WALL_L1_048_20291217,PO-000342,Exterior Wall L 1 PREFAB_WALL_L1_048,Exterior Wall Install | L 1 | PREFAB_WALL_L1_048
1941775,EXTW_PREFAB_WALL_L1_048_20291217,PO-000342,Exterior Wall L 1 PREFAB_WALL_L1_048,Exterior Wall Install | L 1 | PREFAB_WALL_L1_048
1941766,EXTW_PREFAB_WALL_L1_049_20291217,PO-000343,Exterior Wall L 1 PREFAB_WALL_L1_049,Exterior Wall Install | L 1 | PREFAB_WALL_L1_049
1941767,EXTW_PREFAB_WALL_L1_049_20291217,PO-000343,Exterior Wall L 1 PREFAB_WALL_L1_049,Exterior Wall Install | L 1 | PREFAB_WALL_L1_049
1941769,EXTW_PREFAB_WALL_L1_049_20291217,PO-000343,Exterior Wall L 1 PREFAB_WALL_L1_049,Exterior Wall Install | L 1 | PREFAB_WALL_L1_049
1941770,EXTW_PREFAB_WALL_L1_049_20291217,PO-000343,Exterior Wall L 1 PREFAB_WALL_L1_049,Exterior Wall Install | L 1 | PREFAB_WALL_L1_049
1941771,EXTW_PREFAB_WALL_L1_049_20291217,PO-000343,Exterior Wall L 1 PREFAB_WALL_L1_049,Exterior Wall Install | L 1 | PREFAB_WALL_L1_049
1941772,EXTW_PREFAB_WALL_L1_049_20291217,PO-000343,Exterior Wall L 1 PREFAB_WALL_L1_049,Exterior Wall Install | L 1 | PREFAB_WALL_L1_049
1941773,EXTW_PREFAB_WALL_L1_049_20291217,PO-000343,Exterior Wall L 1 PREFAB_WALL_L1_049,Exterior Wall Install | L 1 | PREFAB_WALL_L1_049
1941776,EXTW_PREFAB_WALL_L1_049_20291217,PO-000343,Exterior Wall L 1 PREFAB_WALL_L1_049,Exterior Wall Install | L 1 | PREFAB_WALL_L1_049
1941854,EXTW_PREFAB_WALL_L1_049_20291217,PO-000343,Exterior Wall L 1 PREFAB_WALL_L1_049,Exterior Wall Install | L 1 | PREFAB_WALL_L1_049
1941860,EXTW_PREFAB_WALL_L1_049_20291217,PO-000343,Exterior Wall L 1 PREFAB_WALL_L1_049,Exterior Wall Install | L 1 | PREFAB_WALL_L1_049
1941861,EXTW_PREFAB_WALL_L1_049_20291217,PO-000343,Exterior Wall L 1 PREFAB_WALL_L1_049,Exterior Wall Install | L 1 | PREFAB_WALL_L1_049
1941862,EXTW_PREFAB_WALL_L1_049_20291217,PO-000343,Exterior Wall L 1 PREFAB_WALL_L1_049,Exterior Wall Install | L 1 | PREFAB_WALL_L1_049
1946858,EXTW_PREFAB_WALL_L1_049_20291217,PO-000343,Exterior Wall L 1 PREFAB_WALL_L1_049,Exterior Wall Install | L 1 | PREFAB_WALL_L1_049
1941774,EXTW_PREFAB_WALL_L1_050_20291217,PO-000344,Exterior Wall L 1 PREFAB_WALL_L1_050,Exterior Wall Install | L 1 | PREFAB_WALL_L1_050
1941883,EXTW_PREFAB_WALL_L1_050_20291217,PO-000344,Exterior Wall L 1 PREFAB_WALL_L1_050,Exterior Wall Install | L 1 | PREFAB_WALL_L1_050
1941884,EXTW_PREFAB_WALL_L1_050_20291217,PO-000344,Exterior Wall L 1 PREFAB_WALL_L1_050,Exterior Wall Install | L 1 | PREFAB_WALL_L1_050
1941886,EXTW_PREFAB_WALL_L1_050_20291217,PO-000344,Exterior Wall L 1 PREFAB_WALL_L1_050,Exterior Wall Install | L 1 | PREFAB_WALL_L1_050
1941887,EXTW_PREFAB_WALL_L1_050_20291217,PO-000344,Exterior Wall L 1 PREFAB_WALL_L1_050,Exterior Wall Install | L 1 | PREFAB_WALL_L1_050
1941888,EXTW_PREFAB_WALL_L1_050_20291217,PO-000344,Exterior Wall L 1 PREFAB_WALL_L1_050,Exterior Wall Install | L 1 | PREFAB_WALL_L1_050
1941889,EXTW_PREFAB_WALL_L1_050_20291217,PO-000344,Exterior Wall L 1 PREFAB_WALL_L1_050,Exterior Wall Install | L 1 | PREFAB_WALL_L1_050
1941890,EXTW_PREFAB_WALL_L1_050_20291217,PO-000344,Exterior Wall L 1 PREFAB_WALL_L1_050,Exterior Wall Install | L 1 | PREFAB_WALL_L1_050
1941891,EXTW_PREFAB_WALL_L1_050_20291217,PO-000344,Exterior Wall L 1 PREFAB_WALL_L1_050,Exterior Wall Install | L 1 | PREFAB_WALL_L1_050
1941892,EXTW_PREFAB_WALL_L1_050_20291217,PO-000344,Exterior Wall L 1 PREFAB_WALL_L1_050,Exterior Wall Install | L 1 | PREFAB_WALL_L1_050
1941893,EXTW_PREFAB_WALL_L1_050_20291217,PO-000344,Exterior Wall L 1 PREFAB_WALL_L1_050,Exterior Wall Install | L 1 | PREFAB_WALL_L1_050
1946656,EXTW_PREFAB_WALL_L1_050_20291217,PO-000344,Exterior Wall L 1 PREFAB_WALL_L1_050,Exterior Wall Install | L 1 | PREFAB_WALL_L1_050
1249833,EXTW_PREFAB_WALL_L1_051_20291217,PO-000345,Exterior Wall L 1 PREFAB_WALL_L1_051,Exterior Wall Install | L 1 | PREFAB_WALL_L1_051
1940668,EXTW_PREFAB_WALL_L1_051_20291217,PO-000345,Exterior Wall L 1 PREFAB_WALL_L1_051,Exterior Wall Install | L 1 | PREFAB_WALL_L1_051
1940669,EXTW_PREFAB_WALL_L1_051_20291217,PO-000345,Exterior Wall L 1 PREFAB_WALL_L1_051,Exterior Wall Install | L 1 | PREFAB_WALL_L1_051
1940671,EXTW_PREFAB_WALL_L1_051_20291217,PO-000345,Exterior Wall L 1 PREFAB_WALL_L1_051,Exterior Wall Install | L 1 | PREFAB_WALL_L1_051
1940672,EXTW_PREFAB_WALL_L1_051_20291217,PO-000345,Exterior Wall L 1 PREFAB_WALL_L1_051,Exterior Wall Install | L 1 | PREFAB_WALL_L1_051
1940673,EXTW_PREFAB_WALL_L1_051_20291217,PO-000345,Exterior Wall L 1 PREFAB_WALL_L1_051,Exterior Wall Install | L 1 | PREFAB_WALL_L1_051
1940674,EXTW_PREFAB_WALL_L1_051_20291217,PO-000345,Exterior Wall L 1 PREFAB_WALL_L1_051,Exterior Wall Install | L 1 | PREFAB_WALL_L1_051
1940675,EXTW_PREFAB_WALL_L1_051_20291217,PO-000345,Exterior Wall L 1 PREFAB_WALL_L1_051,Exterior Wall Install | L 1 | PREFAB_WALL_L1_051
1940676,EXTW_PREFAB_WALL_L1_051_20291217,PO-000345,Exterior Wall L 1 PREFAB_WALL_L1_051,Exterior Wall Install | L 1 | PREFAB_WALL_L1_051
1940677,EXTW_PREFAB_WALL_L1_051_20291217,PO-000345,Exterior Wall L 1 PREFAB_WALL_L1_051,Exterior Wall Install | L 1 | PREFAB_WALL_L1_051
1940678,EXTW_PREFAB_WALL_L1_051_20291217,PO-000345,Exterior Wall L 1 PREFAB_WALL_L1_051,Exterior Wall Install | L 1 | PREFAB_WALL_L1_051
1940760,EXTW_PREFAB_WALL_L1_052_20291217,PO-000346,Exterior Wall L 1 PREFAB_WALL_L1_052,Exterior Wall Install | L 1 | PREFAB_WALL_L1_052
1940761,EXTW_PREFAB_WALL_L1_052_20291217,PO-000346,Exterior Wall L 1 PREFAB_WALL_L1_052,Exterior Wall Install | L 1 | PREFAB_WALL_L1_052
1940763,EXTW_PREFAB_WALL_L1_052_20291217,PO-000346,Exterior Wall L 1 PREFAB_WALL_L1_052,Exterior Wall Install | L 1 | PREFAB_WALL_L1_052
1940764,EXTW_PREFAB_WALL_L1_052_20291217,PO-000346,Exterior Wall L 1 PREFAB_WALL_L1_052,Exterior Wall Install | L 1 | PREFAB_WALL_L1_052
1940765,EXTW_PREFAB_WALL_L1_052_20291217,PO-000346,Exterior Wall L 1 PREFAB_WALL_L1_052,Exterior Wall Install | L 1 | PREFAB_WALL_L1_052
1940766,EXTW_PREFAB_WALL_L1_052_20291217,PO-000346,Exterior Wall L 1 PREFAB_WALL_L1_052,Exterior Wall Install | L 1 | PREFAB_WALL_L1_052
1940767,EXTW_PREFAB_WALL_L1_052_20291217,PO-000346,Exterior Wall L 1 PREFAB_WALL_L1_052,Exterior Wall Install | L 1 | PREFAB_WALL_L1_052
1940768,EXTW_PREFAB_WALL_L1_052_20291217,PO-000346,Exterior Wall L 1 PREFAB_WALL_L1_052,Exterior Wall Install | L 1 | PREFAB_WALL_L1_052
1940769,EXTW_PREFAB_WALL_L1_052_20291217,PO-000346,Exterior Wall L 1 PREFAB_WALL_L1_052,Exterior Wall Install | L 1 | PREFAB_WALL_L1_052
1940770,EXTW_PREFAB_WALL_L1_052_20291217,PO-000346,Exterior Wall L 1 PREFAB_WALL_L1_052,Exterior Wall Install | L 1 | PREFAB_WALL_L1_052
1941093,EXTW_PREFAB_WALL_L1_053_20291217,PO-000347,Exterior Wall L 1 PREFAB_WALL_L1_053,Exterior Wall Install | L 1 | PREFAB_WALL_L1_053
1941094,EXTW_PREFAB_WALL_L1_053_20291217,PO-000347,Exterior Wall L 1 PREFAB_WALL_L1_053,Exterior Wall Install | L 1 | PREFAB_WALL_L1_053
1941096,EXTW_PREFAB_WALL_L1_053_20291217,PO-000347,Exterior Wall L 1 PREFAB_WALL_L1_053,Exterior Wall Install | L 1 | PREFAB_WALL_L1_053
1941097,EXTW_PREFAB_WALL_L1_053_20291217,PO-000347,Exterior Wall L 1 PREFAB_WALL_L1_053,Exterior Wall Install | L 1 | PREFAB_WALL_L1_053
1941098,EXTW_PREFAB_WALL_L1_053_20291217,PO-000347,Exterior Wall L 1 PREFAB_WALL_L1_053,Exterior Wall Install | L 1 | PREFAB_WALL_L1_053
1941099,EXTW_PREFAB_WALL_L1_053_20291217,PO-000347,Exterior Wall L 1 PREFAB_WALL_L1_053,Exterior Wall Install | L 1 | PREFAB_WALL_L1_053
1941100,EXTW_PREFAB_WALL_L1_053_20291217,PO-000347,Exterior Wall L 1 PREFAB_WALL_L1_053,Exterior Wall Install | L 1 | PREFAB_WALL_L1_053
1941101,EXTW_PREFAB_WALL_L1_053_20291217,PO-000347,Exterior Wall L 1 PREFAB_WALL_L1_053,Exterior Wall Install | L 1 | PREFAB_WALL_L1_053
1941102,EXTW_PREFAB_WALL_L1_053_20291217,PO-000347,Exterior Wall L 1 PREFAB_WALL_L1_053,Exterior Wall Install | L 1 | PREFAB_WALL_L1_053
1941103,EXTW_PREFAB_WALL_L1_053_20291217,PO-000347,Exterior Wall L 1 PREFAB_WALL_L1_053,Exterior Wall Install | L 1 | PREFAB_WALL_L1_053
1941152,EXTW_PREFAB_WALL_L1_054_20291217,PO-000348,Exterior Wall L 1 PREFAB_WALL_L1_054,Exterior Wall Install | L 1 | PREFAB_WALL_L1_054
1941153,EXTW_PREFAB_WALL_L1_054_20291217,PO-000348,Exterior Wall L 1 PREFAB_WALL_L1_054,Exterior Wall Install | L 1 | PREFAB_WALL_L1_054
1941155,EXTW_PREFAB_WALL_L1_054_20291217,PO-000348,Exterior Wall L 1 PREFAB_WALL_L1_054,Exterior Wall Install | L 1 | PREFAB_WALL_L1_054
1941156,EXTW_PREFAB_WALL_L1_054_20291217,PO-000348,Exterior Wall L 1 PREFAB_WALL_L1_054,Exterior Wall Install | L 1 | PREFAB_WALL_L1_054
1941157,EXTW_PREFAB_WALL_L1_054_20291217,PO-000348,Exterior Wall L 1 PREFAB_WALL_L1_054,Exterior Wall Install | L 1 | PREFAB_WALL_L1_054
1941158,EXTW_PREFAB_WALL_L1_054_20291217,PO-000348,Exterior Wall L 1 PREFAB_WALL_L1_054,Exterior Wall Install | L 1 | PREFAB_WALL_L1_054
1941159,EXTW_PREFAB_WALL_L1_054_20291217,PO-000348,Exterior Wall L 1 PREFAB_WALL_L1_054,Exterior Wall Install | L 1 | PREFAB_WALL_L1_054
1941160,EXTW_PREFAB_WALL_L1_054_20291217,PO-000348,Exterior Wall L 1 PREFAB_WALL_L1_054,Exterior Wall Install | L 1 | PREFAB_WALL_L1_054
1941161,EXTW_PREFAB_WALL_L1_054_20291217,PO-000348,Exterior Wall L 1 PREFAB_WALL_L1_054,Exterior Wall Install | L 1 | PREFAB_WALL_L1_054
1941162,EXTW_PREFAB_WALL_L1_054_20291217,PO-000348,Exterior Wall L 1 PREFAB_WALL_L1_054,Exterior Wall Install | L 1 | PREFAB_WALL_L1_054
1941342,EXTW_PREFAB_WALL_L1_055_20291217,PO-000349,Exterior Wall L 1 PREFAB_WALL_L1_055,Exterior Wall Install | L 1 | PREFAB_WALL_L1_055
1941343,EXTW_PREFAB_WALL_L1_055_20291217,PO-000349,Exterior Wall L 1 PREFAB_WALL_L1_055,Exterior Wall Install | L 1 | PREFAB_WALL_L1_055
1941345,EXTW_PREFAB_WALL_L1_055_20291217,PO-000349,Exterior Wall L 1 PREFAB_WALL_L1_055,Exterior Wall Install | L 1 | PREFAB_WALL_L1_055
1941346,EXTW_PREFAB_WALL_L1_055_20291217,PO-000349,Exterior Wall L 1 PREFAB_WALL_L1_055,Exterior Wall Install | L 1 | PREFAB_WALL_L1_055
1941347,EXTW_PREFAB_WALL_L1_055_20291217,PO-000349,Exterior Wall L 1 PREFAB_WALL_L1_055,Exterior Wall Install | L 1 | PREFAB_WALL_L1_055
1941348,EXTW_PREFAB_WALL_L1_055_20291217,PO-000349,Exterior Wall L 1 PREFAB_WALL_L1_055,Exterior Wall Install | L 1 | PREFAB_WALL_L1_055
1941349,EXTW_PREFAB_WALL_L1_055_20291217,PO-000349,Exterior Wall L 1 PREFAB_WALL_L1_055,Exterior Wall Install | L 1 | PREFAB_WALL_L1_055
1941350,EXTW_PREFAB_WALL_L1_055_20291217,PO-000349,Exterior Wall L 1 PREFAB_WALL_L1_055,Exterior Wall Install | L 1 | PREFAB_WALL_L1_055
1941351,EXTW_PREFAB_WALL_L1_055_20291217,PO-000349,Exterior Wall L 1 PREFAB_WALL_L1_055,Exterior Wall Install | L 1 | PREFAB_WALL_L1_055
1941352,EXTW_PREFAB_WALL_L1_055_20291217,PO-000349,Exterior Wall L 1 PREFAB_WALL_L1_055,Exterior Wall Install | L 1 | PREFAB_WALL_L1_055
1941401,EXTW_PREFAB_WALL_L1_056_20291217,PO-000350,Exterior Wall L 1 PREFAB_WALL_L1_056,Exterior Wall Install | L 1 | PREFAB_WALL_L1_056
1941402,EXTW_PREFAB_WALL_L1_056_20291217,PO-000350,Exterior Wall L 1 PREFAB_WALL_L1_056,Exterior Wall Install | L 1 | PREFAB_WALL_L1_056
1941404,EXTW_PREFAB_WALL_L1_056_20291217,PO-000350,Exterior Wall L 1 PREFAB_WALL_L1_056,Exterior Wall Install | L 1 | PREFAB_WALL_L1_056
1941405,EXTW_PREFAB_WALL_L1_056_20291217,PO-000350,Exterior Wall L 1 PREFAB_WALL_L1_056,Exterior Wall Install | L 1 | PREFAB_WALL_L1_056
1941406,EXTW_PREFAB_WALL_L1_056_20291217,PO-000350,Exterior Wall L 1 PREFAB_WALL_L1_056,Exterior Wall Install | L 1 | PREFAB_WALL_L1_056
1941407,EXTW_PREFAB_WALL_L1_056_20291217,PO-000350,Exterior Wall L 1 PREFAB_WALL_L1_056,Exterior Wall Install | L 1 | PREFAB_WALL_L1_056
1941408,EXTW_PREFAB_WALL_L1_056_20291217,PO-000350,Exterior Wall L 1 PREFAB_WALL_L1_056,Exterior Wall Install | L 1 | PREFAB_WALL_L1_056
1941409,EXTW_PREFAB_WALL_L1_056_20291217,PO-000350,Exterior Wall L 1 PREFAB_WALL_L1_056,Exterior Wall Install | L 1 | PREFAB_WALL_L1_056
1941410,EXTW_PREFAB_WALL_L1_056_20291217,PO-000350,Exterior Wall L 1 PREFAB_WALL_L1_056,Exterior Wall Install | L 1 | PREFAB_WALL_L1_056
1941411,EXTW_PREFAB_WALL_L1_056_20291217,PO-000350,Exterior Wall L 1 PREFAB_WALL_L1_056,Exterior Wall Install | L 1 | PREFAB_WALL_L1_056
1941460,EXTW_PREFAB_WALL_L1_057_20291217,PO-000351,Exterior Wall L 1 PREFAB_WALL_L1_057,Exterior Wall Install | L 1 | PREFAB_WALL_L1_057
1941461,EXTW_PREFAB_WALL_L1_057_20291217,PO-000351,Exterior Wall L 1 PREFAB_WALL_L1_057,Exterior Wall Install | L 1 | PREFAB_WALL_L1_057
1941463,EXTW_PREFAB_WALL_L1_057_20291217,PO-000351,Exterior Wall L 1 PREFAB_WALL_L1_057,Exterior Wall Install | L 1 | PREFAB_WALL_L1_057
1941464,EXTW_PREFAB_WALL_L1_057_20291217,PO-000351,Exterior Wall L 1 PREFAB_WALL_L1_057,Exterior Wall Install | L 1 | PREFAB_WALL_L1_057
1941465,EXTW_PREFAB_WALL_L1_057_20291217,PO-000351,Exterior Wall L 1 PREFAB_WALL_L1_057,Exterior Wall Install | L 1 | PREFAB_WALL_L1_057
1941466,EXTW_PREFAB_WALL_L1_057_20291217,PO-000351,Exterior Wall L 1 PREFAB_WALL_L1_057,Exterior Wall Install | L 1 | PREFAB_WALL_L1_057
1941467,EXTW_PREFAB_WALL_L1_057_20291217,PO-000351,Exterior Wall L 1 PREFAB_WALL_L1_057,Exterior Wall Install | L 1 | PREFAB_WALL_L1_057
1941468,EXTW_PREFAB_WALL_L1_057_20291217,PO-000351,Exterior Wall L 1 PREFAB_WALL_L1_057,Exterior Wall Install | L 1 | PREFAB_WALL_L1_057
1941469,EXTW_PREFAB_WALL_L1_057_20291217,PO-000351,Exterior Wall L 1 PREFAB_WALL_L1_057,Exterior Wall Install | L 1 | PREFAB_WALL_L1_057
1941470,EXTW_PREFAB_WALL_L1_057_20291217,PO-000351,Exterior Wall L 1 PREFAB_WALL_L1_057,Exterior Wall Install | L 1 | PREFAB_WALL_L1_057
1941517,EXTW_PREFAB_WALL_L1_058_20291217,PO-000352,Exterior Wall L 1 PREFAB_WALL_L1_058,Exterior Wall Install | L 1 | PREFAB_WALL_L1_058
1941518,EXTW_PREFAB_WALL_L1_058_20291217,PO-000352,Exterior Wall L 1 PREFAB_WALL_L1_058,Exterior Wall Install | L 1 | PREFAB_WALL_L1_058
1941520,EXTW_PREFAB_WALL_L1_058_20291217,PO-000352,Exterior Wall L 1 PREFAB_WALL_L1_058,Exterior Wall Install | L 1 | PREFAB_WALL_L1_058
1941521,EXTW_PREFAB_WALL_L1_058_20291217,PO-000352,Exterior Wall L 1 PREFAB_WALL_L1_058,Exterior Wall Install | L 1 | PREFAB_WALL_L1_058
1941522,EXTW_PREFAB_WALL_L1_058_20291217,PO-000352,Exterior Wall L 1 PREFAB_WALL_L1_058,Exterior Wall Install | L 1 | PREFAB_WALL_L1_058
1941523,EXTW_PREFAB_WALL_L1_058_20291217,PO-000352,Exterior Wall L 1 PREFAB_WALL_L1_058,Exterior Wall Install | L 1 | PREFAB_WALL_L1_058
1941524,EXTW_PREFAB_WALL_L1_058_20291217,PO-000352,Exterior Wall L 1 PREFAB_WALL_L1_058,Exterior Wall Install | L 1 | PREFAB_WALL_L1_058
1941525,EXTW_PREFAB_WALL_L1_058_20291217,PO-000352,Exterior Wall L 1 PREFAB_WALL_L1_058,Exterior Wall Install | L 1 | PREFAB_WALL_L1_058
1941526,EXTW_PREFAB_WALL_L1_058_20291217,PO-000352,Exterior Wall L 1 PREFAB_WALL_L1_058,Exterior Wall Install | L 1 | PREFAB_WALL_L1_058
1941527,EXTW_PREFAB_WALL_L1_058_20291217,PO-000352,Exterior Wall L 1 PREFAB_WALL_L1_058,Exterior Wall Install | L 1 | PREFAB_WALL_L1_058
1927220,EXTW_PREFAB_WALL_L1_059_20291217,PO-000353,Exterior Wall L 1 PREFAB_WALL_L1_059,Exterior Wall Install | L 1 | PREFAB_WALL_L1_059
1928004,EXTW_PREFAB_WALL_L1_060_20291217,PO-000354,Exterior Wall L 1 PREFAB_WALL_L1_060,Exterior Wall Install | L 1 | PREFAB_WALL_L1_060
1642597,EXTW_PREFAB_WALL_LNEG1_007_20291130,PO-000038,Exterior Wall L -1 PREFAB_WALL_LNEG1_007,Exterior Wall Install | L -1 | PREFAB_WALL_LNEG1_007
1516212,EXTW_PREFAB_WALL_LNEG1_008_20291130,PO-000039,Exterior Wall L -1 PREFAB_WALL_LNEG1_008,Exterior Wall Install | L -1 | PREFAB_WALL_LNEG1_008
2000202,EXTW_PREFAB_WALL_LNEG1_009_20291130,PO-000040,Exterior Wall L -1 PREFAB_WALL_LNEG1_009,Exterior Wall Install | L -1 | PREFAB_WALL_LNEG1_009
2000241,EXTW_PREFAB_WALL_LNEG1_010_20291130,PO-000041,Exterior Wall L -1 PREFAB_WALL_LNEG1_010,Exterior Wall Install | L -1 | PREFAB_WALL_LNEG1_010
1774968,EXTW_PREFAB_WALL_LNEG1_011_20291130,PO-000042,Exterior Wall L -1 PREFAB_WALL_LNEG1_011,Exterior Wall Install | L -1 | PREFAB_WALL_LNEG1_011
1352336,INTW_L_0_ASSEMBLY_20291210,PO-000200,Interior Walls L 0,Interior Walls | L 0 | 1352336
1403081,INTW_L_0_ASSEMBLY_20291210,PO-000200,Interior Walls L 0,Interior Walls | L 0 | 1403081
1403682,INTW_L_0_ASSEMBLY_20291210,PO-000200,Interior Walls L 0,Interior Walls | L 0 | 1403682
1775693,INTW_L_0_ASSEMBLY_20291210,PO-000200,Interior Walls L 0,Interior Walls | L 0 | 1775693
1776011,INTW_L_0_ASSEMBLY_20291210,PO-000200,Interior Walls L 0,Interior Walls | L 0 | 1776011
1776132,INTW_L_0_ASSEMBLY_20291210,PO-000200,Interior Walls L 0,Interior Walls | L 0 | 1776132
1776203,INTW_L_0_ASSEMBLY_20291210,PO-000200,Interior Walls L 0,Interior Walls | L 0 | 1776203
1776411,INTW_L_0_ASSEMBLY_20291210,PO-000200,Interior Walls L 0,Interior Walls | L 0 | 1776411
1776493,INTW_L_0_ASSEMBLY_20291210,PO-000200,Interior Walls L 0,Interior Walls | L 0 | 1776493
1776593,INTW_L_0_ASSEMBLY_20291210,PO-000200,Interior Walls L 0,Interior Walls | L 0 | 1776593
1992761,INTW_L_0_ASSEMBLY_20291210,PO-000200,Interior Walls L 0,Interior Walls | L 0 | 1992761
2173036,INTW_L_0_ASSEMBLY_20291210,PO-000200,Interior Walls L 0,Interior Walls | L 0 | 2173036
2173303,INTW_L_0_ASSEMBLY_20291210,PO-000200,Interior Walls L 0,Interior Walls | L 0 | 2173303
2175005,INTW_L_0_ASSEMBLY_20291210,PO-000200,Interior Walls L 0,Interior Walls | L 0 | 2175005
2175262,INTW_L_0_ASSEMBLY_20291210,PO-000200,Interior Walls L 0,Interior Walls | L 0 | 2175262
2175569,INTW_L_0_ASSEMBLY_20291210,PO-000200,Interior Walls L 0,Interior Walls | L 0 | 2175569
1720735,INTW_L_0_ASSEMBLY_20291211,PO-000244,Interior Walls L 0,Interior Walls | L 0 | 1720735
1720779,INTW_L_0_ASSEMBLY_20291211,PO-000244,Interior Walls L 0,Interior Walls | L 0 | 1720779
2177543,INTW_L_0_ASSEMBLY_20291211,PO-000244,Interior Walls L 0,Interior Walls | L 0 | 2177543
2178159,INTW_L_0_ASSEMBLY_20291211,PO-000244,Interior Walls L 0,Interior Walls | L 0 | 2178159
2178442,INTW_L_0_ASSEMBLY_20291211,PO-000244,Interior Walls L 0,Interior Walls | L 0 | 2178442
2180086,INTW_L_0_ASSEMBLY_20291211,PO-000244,Interior Walls L 0,Interior Walls | L 0 | 2180086
2181464,INTW_L_0_ASSEMBLY_20291211,PO-000244,Interior Walls L 0,Interior Walls | L 0 | 2181464
2181573,INTW_L_0_ASSEMBLY_20291211,PO-000244,Interior Walls L 0,Interior Walls | L 0 | 2181573
2181649,INTW_L_0_ASSEMBLY_20291211,PO-000244,Interior Walls L 0,Interior Walls | L 0 | 2181649
2181841,INTW_L_0_ASSEMBLY_20291211,PO-000244,Interior Walls L 0,Interior Walls | L 0 | 2181841
2182224,INTW_L_0_ASSEMBLY_20291211,PO-000244,Interior Walls L 0,Interior Walls | L 0 | 2182224
2182304,INTW_L_0_ASSEMBLY_20291211,PO-000244,Interior Walls L 0,Interior Walls | L 0 | 2182304
2182380,INTW_L_0_ASSEMBLY_20291211,PO-000244,Interior Walls L 0,Interior Walls | L 0 | 2182380
2186904,INTW_L_0_ASSEMBLY_20291211,PO-000244,Interior Walls L 0,Interior Walls | L 0 | 2186904
2187593,INTW_L_0_ASSEMBLY_20291211,PO-000244,Interior Walls L 0,Interior Walls | L 0 | 2187593
2187665,INTW_L_0_ASSEMBLY_20291211,PO-000244,Interior Walls L 0,Interior Walls | L 0 | 2187665
1387392,INTW_L_0_ASSEMBLY_20291212,PO-000278,Interior Walls L 0,Interior Walls | L 0 | 1387392
1502824,INTW_L_0_ASSEMBLY_20291212,PO-000278,Interior Walls L 0,Interior Walls | L 0 | 1502824
2181278,INTW_L_0_ASSEMBLY_20291212,PO-000278,Interior Walls L 0,Interior Walls | L 0 | 2181278
2181371,INTW_L_0_ASSEMBLY_20291212,PO-000278,Interior Walls L 0,Interior Walls | L 0 | 2181371
2182796,INTW_L_0_ASSEMBLY_20291212,PO-000278,Interior Walls L 0,Interior Walls | L 0 | 2182796
2182888,INTW_L_0_ASSEMBLY_20291212,PO-000278,Interior Walls L 0,Interior Walls | L 0 | 2182888
2182947,INTW_L_0_ASSEMBLY_20291212,PO-000278,Interior Walls L 0,Interior Walls | L 0 | 2182947
2182948,INTW_L_0_ASSEMBLY_20291212,PO-000278,Interior Walls L 0,Interior Walls | L 0 | 2182948
2183054,INTW_L_0_ASSEMBLY_20291212,PO-000278,Interior Walls L 0,Interior Walls | L 0 | 2183054
2183137,INTW_L_0_ASSEMBLY_20291212,PO-000278,Interior Walls L 0,Interior Walls | L 0 | 2183137
1249262,INTW_L_1_ASSEMBLY_20291218,PO-000358,Interior Walls L 1,Interior Walls | L 1 | 1249262
1249295,INTW_L_1_ASSEMBLY_20291218,PO-000358,Interior Walls L 1,Interior Walls | L 1 | 1249295
1249332,INTW_L_1_ASSEMBLY_20291218,PO-000358,Interior Walls L 1,Interior Walls | L 1 | 1249332
1249372,INTW_L_1_ASSEMBLY_20291218,PO-000358,Interior Walls L 1,Interior Walls | L 1 | 1249372
1249405,INTW_L_1_ASSEMBLY_20291218,PO-000358,Interior Walls L 1,Interior Walls | L 1 | 1249405
1249438,INTW_L_1_ASSEMBLY_20291218,PO-000358,Interior Walls L 1,Interior Walls | L 1 | 1249438
1249463,INTW_L_1_ASSEMBLY_20291218,PO-000358,Interior Walls L 1,Interior Walls | L 1 | 1249463
1249493,INTW_L_1_ASSEMBLY_20291218,PO-000358,Interior Walls L 1,Interior Walls | L 1 | 1249493
1249530,INTW_L_1_ASSEMBLY_20291218,PO-000358,Interior Walls L 1,Interior Walls | L 1 | 1249530
1249558,INTW_L_1_ASSEMBLY_20291218,PO-000358,Interior Walls L 1,Interior Walls | L 1 | 1249558
1249706,INTW_L_1_ASSEMBLY_20291218,PO-000358,Interior Walls L 1,Interior Walls | L 1 | 1249706
1249741,INTW_L_1_ASSEMBLY_20291218,PO-000358,Interior Walls L 1,Interior Walls | L 1 | 1249741
1250299,INTW_L_1_ASSEMBLY_20291218,PO-000358,Interior Walls L 1,Interior Walls | L 1 | 1250299
2168568,INTW_L_1_ASSEMBLY_20291218,PO-000358,Interior Walls L 1,Interior Walls | L 1 | 2168568
2168964,INTW_L_1_ASSEMBLY_20291218,PO-000358,Interior Walls L 1,Interior Walls | L 1 | 2168964
2169090,INTW_L_1_ASSEMBLY_20291218,PO-000358,Interior Walls L 1,Interior Walls | L 1 | 2169090
1286681,INTW_L_1_ASSEMBLY_20291219,PO-000383,Interior Walls L 1,Interior Walls | L 1 | 1286681
1324711,INTW_L_1_ASSEMBLY_20291219,PO-000383,Interior Walls L 1,Interior Walls | L 1 | 1324711
1379208,INTW_L_1_ASSEMBLY_20291219,PO-000383,Interior Walls L 1,Interior Walls | L 1 | 1379208
1525073,INTW_L_1_ASSEMBLY_20291219,PO-000383,Interior Walls L 1,Interior Walls | L 1 | 1525073
1525831,INTW_L_1_ASSEMBLY_20291219,PO-000383,Interior Walls L 1,Interior Walls | L 1 | 1525831
1722264,INTW_L_1_ASSEMBLY_20291219,PO-000383,Interior Walls L 1,Interior Walls | L 1 | 1722264
1952046,INTW_L_1_ASSEMBLY_20291219,PO-000383,Interior Walls L 1,Interior Walls | L 1 | 1952046
2012235,INTW_L_1_ASSEMBLY_20291219,PO-000383,Interior Walls L 1,Interior Walls | L 1 | 2012235
2169420,INTW_L_1_ASSEMBLY_20291219,PO-000383,Interior Walls L 1,Interior Walls | L 1 | 2169420
2169589,INTW_L_1_ASSEMBLY_20291219,PO-000383,Interior Walls L 1,Interior Walls | L 1 | 2169589
2169746,INTW_L_1_ASSEMBLY_20291219,PO-000383,Interior Walls L 1,Interior Walls | L 1 | 2169746
2169836,INTW_L_1_ASSEMBLY_20291219,PO-000383,Interior Walls L 1,Interior Walls | L 1 | 2169836
2170012,INTW_L_1_ASSEMBLY_20291219,PO-000383,Interior Walls L 1,Interior Walls | L 1 | 2170012
2170228,INTW_L_1_ASSEMBLY_20291219,PO-000383,Interior Walls L 1,Interior Walls | L 1 | 2170228
2173074,INTW_L_1_ASSEMBLY_20291219,PO-000383,Interior Walls L 1,Interior Walls | L 1 | 2173074
2173306,INTW_L_1_ASSEMBLY_20291219,PO-000383,Interior Walls L 1,Interior Walls | L 1 | 2173306
1355120,INTW_L_1_ASSEMBLY_20291220,PO-000408,Interior Walls L 1,Interior Walls | L 1 | 1355120
1378909,INTW_L_1_ASSEMBLY_20291220,PO-000408,Interior Walls L 1,Interior Walls | L 1 | 1378909
1379108,INTW_L_1_ASSEMBLY_20291220,PO-000408,Interior Walls L 1,Interior Walls | L 1 | 1379108
1379153,INTW_L_1_ASSEMBLY_20291220,PO-000408,Interior Walls L 1,Interior Walls | L 1 | 1379153
1379178,INTW_L_1_ASSEMBLY_20291220,PO-000408,Interior Walls L 1,Interior Walls | L 1 | 1379178
1885961,INTW_L_1_ASSEMBLY_20291220,PO-000408,Interior Walls L 1,Interior Walls | L 1 | 1885961
1886283,INTW_L_1_ASSEMBLY_20291220,PO-000408,Interior Walls L 1,Interior Walls | L 1 | 1886283
1886661,INTW_L_1_ASSEMBLY_20291220,PO-000408,Interior Walls L 1,Interior Walls | L 1 | 1886661
1886856,INTW_L_1_ASSEMBLY_20291220,PO-000408,Interior Walls L 1,Interior Walls | L 1 | 1886856
1887063,INTW_L_1_ASSEMBLY_20291220,PO-000408,Interior Walls L 1,Interior Walls | L 1 | 1887063
1887103,INTW_L_1_ASSEMBLY_20291220,PO-000408,Interior Walls L 1,Interior Walls | L 1 | 1887103
1887145,INTW_L_1_ASSEMBLY_20291220,PO-000408,Interior Walls L 1,Interior Walls | L 1 | 1887145
1887184,INTW_L_1_ASSEMBLY_20291220,PO-000408,Interior Walls L 1,Interior Walls | L 1 | 1887184
1952186,INTW_L_1_ASSEMBLY_20291220,PO-000408,Interior Walls L 1,Interior Walls | L 1 | 1952186
2175265,INTW_L_1_ASSEMBLY_20291220,PO-000408,Interior Walls L 1,Interior Walls | L 1 | 2175265
2175573,INTW_L_1_ASSEMBLY_20291220,PO-000408,Interior Walls L 1,Interior Walls | L 1 | 2175573
1620235,INTW_L_1_ASSEMBLY_20291221,PO-000433,Interior Walls L 1,Interior Walls | L 1 | 1620235
1620862,INTW_L_1_ASSEMBLY_20291221,PO-000433,Interior Walls L 1,Interior Walls | L 1 | 1620862
2008766,INTW_L_1_ASSEMBLY_20291221,PO-000433,Interior Walls L 1,Interior Walls | L 1 | 2008766
2009682,INTW_L_1_ASSEMBLY_20291221,PO-000433,Interior Walls L 1,Interior Walls | L 1 | 2009682
2177547,INTW_L_1_ASSEMBLY_20291221,PO-000433,Interior Walls L 1,Interior Walls | L 1 | 2177547
2178162,INTW_L_1_ASSEMBLY_20291221,PO-000433,Interior Walls L 1,Interior Walls | L 1 | 2178162
2179179,INTW_L_1_ASSEMBLY_20291221,PO-000433,Interior Walls L 1,Interior Walls | L 1 | 2179179
2180110,INTW_L_1_ASSEMBLY_20291221,PO-000433,Interior Walls L 1,Interior Walls | L 1 | 2180110
2180442,INTW_L_1_ASSEMBLY_20291221,PO-000433,Interior Walls L 1,Interior Walls | L 1 | 2180442
2180533,INTW_L_1_ASSEMBLY_20291221,PO-000433,Interior Walls L 1,Interior Walls | L 1 | 2180533
2181576,INTW_L_1_ASSEMBLY_20291221,PO-000433,Interior Walls L 1,Interior Walls | L 1 | 2181576
2181652,INTW_L_1_ASSEMBLY_20291221,PO-000433,Interior Walls L 1,Interior Walls | L 1 | 2181652
2181844,INTW_L_1_ASSEMBLY_20291221,PO-000433,Interior Walls L 1,Interior Walls | L 1 | 2181844
2186907,INTW_L_1_ASSEMBLY_20291221,PO-000433,Interior Walls L 1,Interior Walls | L 1 | 2186907
2187596,INTW_L_1_ASSEMBLY_20291221,PO-000433,Interior Walls L 1,Interior Walls | L 1 | 2187596
2187668,INTW_L_1_ASSEMBLY_20291221,PO-000433,Interior Walls L 1,Interior Walls | L 1 | 2187668
1286603,INTW_L_1_ASSEMBLY_20291224,PO-000458,Interior Walls L 1,Interior Walls | L 1 | 1286603
1368267,INTW_L_1_ASSEMBLY_20291224,PO-000458,Interior Walls L 1,Interior Walls | L 1 | 1368267
1523748,INTW_L_1_ASSEMBLY_20291224,PO-000458,Interior Walls L 1,Interior Walls | L 1 | 1523748
2009644,INTW_L_1_ASSEMBLY_20291224,PO-000458,Interior Walls L 1,Interior Walls | L 1 | 2009644
2181281,INTW_L_1_ASSEMBLY_20291224,PO-000458,Interior Walls L 1,Interior Walls | L 1 | 2181281
2181374,INTW_L_1_ASSEMBLY_20291224,PO-000458,Interior Walls L 1,Interior Walls | L 1 | 2181374
2181467,INTW_L_1_ASSEMBLY_20291224,PO-000458,Interior Walls L 1,Interior Walls | L 1 | 2181467
2182227,INTW_L_1_ASSEMBLY_20291224,PO-000458,Interior Walls L 1,Interior Walls | L 1 | 2182227
2182307,INTW_L_1_ASSEMBLY_20291224,PO-000458,Interior Walls L 1,Interior Walls | L 1 | 2182307
2182383,INTW_L_1_ASSEMBLY_20291224,PO-000458,Interior Walls L 1,Interior Walls | L 1 | 2182383
2182891,INTW_L_1_ASSEMBLY_20291224,PO-000458,Interior Walls L 1,Interior Walls | L 1 | 2182891
2182951,INTW_L_1_ASSEMBLY_20291224,PO-000458,Interior Walls L 1,Interior Walls | L 1 | 2182951
2182952,INTW_L_1_ASSEMBLY_20291224,PO-000458,Interior Walls L 1,Interior Walls | L 1 | 2182952
2183057,INTW_L_1_ASSEMBLY_20291224,PO-000458,Interior Walls L 1,Interior Walls | L 1 | 2183057
2183140,INTW_L_1_ASSEMBLY_20291224,PO-000458,Interior Walls L 1,Interior Walls | L 1 | 2183140
2183250,INTW_L_1_ASSEMBLY_20291224,PO-000458,Interior Walls L 1,Interior Walls | L 1 | 2183250
1249986,INTW_L_1_ASSEMBLY_20291225,PO-000483,Interior Walls L 1,Interior Walls | L 1 | 1249986
1250022,INTW_L_1_ASSEMBLY_20291225,PO-000483,Interior Walls L 1,Interior Walls | L 1 | 1250022
1250048,INTW_L_1_ASSEMBLY_20291225,PO-000483,Interior Walls L 1,Interior Walls | L 1 | 1250048
1250076,INTW_L_1_ASSEMBLY_20291225,PO-000483,Interior Walls L 1,Interior Walls | L 1 | 1250076
1250100,INTW_L_1_ASSEMBLY_20291225,PO-000483,Interior Walls L 1,Interior Walls | L 1 | 1250100
1250193,INTW_L_1_ASSEMBLY_20291225,PO-000483,Interior Walls L 1,Interior Walls | L 1 | 1250193
1626925,INTW_L_1_ASSEMBLY_20291225,PO-000483,Interior Walls L 1,Interior Walls | L 1 | 1626925
1995789,INTW_L_1_ASSEMBLY_20291225,PO-000483,Interior Walls L 1,Interior Walls | L 1 | 1995789
2182799,INTW_L_1_ASSEMBLY_20291225,PO-000483,Interior Walls L 1,Interior Walls | L 1 | 2182799
2190702,INTW_L_1_ASSEMBLY_20291225,PO-000483,Interior Walls L 1,Interior Walls | L 1 | 2190702
2191628,INTW_L_1_ASSEMBLY_20291225,PO-000483,Interior Walls L 1,Interior Walls | L 1 | 2191628
1407241,INTW_L_NEG_1_ASSEMBLY_20291203,PO-000045,Interior Walls L -1,Interior Walls | L -1 | 1407241
1407928,INTW_L_NEG_1_ASSEMBLY_20291203,PO-000045,Interior Walls L -1,Interior Walls | L -1 | 1407928
1516683,INTW_L_NEG_1_ASSEMBLY_20291203,PO-000045,Interior Walls L -1,Interior Walls | L -1 | 1516683
1516723,INTW_L_NEG_1_ASSEMBLY_20291203,PO-000045,Interior Walls L -1,Interior Walls | L -1 | 1516723
1631433,INTW_L_NEG_1_ASSEMBLY_20291203,PO-000045,Interior Walls L -1,Interior Walls | L -1 | 1631433
1634227,INTW_L_NEG_1_ASSEMBLY_20291203,PO-000045,Interior Walls L -1,Interior Walls | L -1 | 1634227
1634397,INTW_L_NEG_1_ASSEMBLY_20291203,PO-000045,Interior Walls L -1,Interior Walls | L -1 | 1634397
1695664,INTW_L_NEG_1_ASSEMBLY_20291203,PO-000045,Interior Walls L -1,Interior Walls | L -1 | 1695664
1710678,INTW_L_NEG_1_ASSEMBLY_20291203,PO-000045,Interior Walls L -1,Interior Walls | L -1 | 1710678
1777575,INTW_L_NEG_1_ASSEMBLY_20291203,PO-000045,Interior Walls L -1,Interior Walls | L -1 | 1777575
1943499,INTW_L_NEG_1_ASSEMBLY_20291203,PO-000045,Interior Walls L -1,Interior Walls | L -1 | 1943499
1943544,INTW_L_NEG_1_ASSEMBLY_20291203,PO-000045,Interior Walls L -1,Interior Walls | L -1 | 1943544
1943574,INTW_L_NEG_1_ASSEMBLY_20291203,PO-000045,Interior Walls L -1,Interior Walls | L -1 | 1943574
1943630,INTW_L_NEG_1_ASSEMBLY_20291203,PO-000045,Interior Walls L -1,Interior Walls | L -1 | 1943630
1943683,INTW_L_NEG_1_ASSEMBLY_20291203,PO-000045,Interior Walls L -1,Interior Walls | L -1 | 1943683
1992635,INTW_L_NEG_1_ASSEMBLY_20291203,PO-000045,Interior Walls L -1,Interior Walls | L -1 | 1992635
1515329,INTW_L_NEG_1_ASSEMBLY_20291204,PO-000071,Interior Walls L -1,Interior Walls | L -1 | 1515329
1515333,INTW_L_NEG_1_ASSEMBLY_20291204,PO-000071,Interior Walls L -1,Interior Walls | L -1 | 1515333
1515334,INTW_L_NEG_1_ASSEMBLY_20291204,PO-000071,Interior Walls L -1,Interior Walls | L -1 | 1515334
1516005,INTW_L_NEG_1_ASSEMBLY_20291204,PO-000071,Interior Walls L -1,Interior Walls | L -1 | 1516005
1537404,INTW_L_NEG_1_ASSEMBLY_20291204,PO-000071,Interior Walls L -1,Interior Walls | L -1 | 1537404
1537528,INTW_L_NEG_1_ASSEMBLY_20291204,PO-000071,Interior Walls L -1,Interior Walls | L -1 | 1537528
1537901,INTW_L_NEG_1_ASSEMBLY_20291204,PO-000071,Interior Walls L -1,Interior Walls | L -1 | 1537901
1630868,INTW_L_NEG_1_ASSEMBLY_20291204,PO-000071,Interior Walls L -1,Interior Walls | L -1 | 1630868
1633116,INTW_L_NEG_1_ASSEMBLY_20291204,PO-000071,Interior Walls L -1,Interior Walls | L -1 | 1633116
1675286,INTW_L_NEG_1_ASSEMBLY_20291204,PO-000071,Interior Walls L -1,Interior Walls | L -1 | 1675286
1775440,INTW_L_NEG_1_ASSEMBLY_20291204,PO-000071,Interior Walls L -1,Interior Walls | L -1 | 1775440
1943723,INTW_L_NEG_1_ASSEMBLY_20291204,PO-000071,Interior Walls L -1,Interior Walls | L -1 | 1943723
1943755,INTW_L_NEG_1_ASSEMBLY_20291204,PO-000071,Interior Walls L -1,Interior Walls | L -1 | 1943755
1943797,INTW_L_NEG_1_ASSEMBLY_20291204,PO-000071,Interior Walls L -1,Interior Walls | L -1 | 1943797
1993388,INTW_L_NEG_1_ASSEMBLY_20291204,PO-000071,Interior Walls L -1,Interior Walls | L -1 | 1993388
2179040,INTW_L_NEG_1_ASSEMBLY_20291204,PO-000071,Interior Walls L -1,Interior Walls | L -1 | 2179040
1610794,INTW_L_NEG_1_ASSEMBLY_20291205,PO-000105,Interior Walls L -1,Interior Walls | L -1 | 1610794
1773818,INTW_L_NEG_1_ASSEMBLY_20291205,PO-000105,Interior Walls L -1,Interior Walls | L -1 | 1773818
1773993,INTW_L_NEG_1_ASSEMBLY_20291205,PO-000105,Interior Walls L -1,Interior Walls | L -1 | 1773993
1774763,INTW_L_NEG_1_ASSEMBLY_20291205,PO-000105,Interior Walls L -1,Interior Walls | L -1 | 1774763
1779421,INTW_L_NEG_1_ASSEMBLY_20291205,PO-000105,Interior Walls L -1,Interior Walls | L -1 | 1779421
1779738,INTW_L_NEG_1_ASSEMBLY_20291205,PO-000105,Interior Walls L -1,Interior Walls | L -1 | 1779738
1779997,INTW_L_NEG_1_ASSEMBLY_20291205,PO-000105,Interior Walls L -1,Interior Walls | L -1 | 1779997
1967723,INTW_L_NEG_1_ASSEMBLY_20291205,PO-000105,Interior Walls L -1,Interior Walls | L -1 | 1967723
1971369,INTW_L_NEG_1_ASSEMBLY_20291205,PO-000105,Interior Walls L -1,Interior Walls | L -1 | 1971369
1992218,INTW_L_NEG_1_ASSEMBLY_20291205,PO-000105,Interior Walls L -1,Interior Walls | L -1 | 1992218
1290707,MEP_L_0_G001_20291210,PO-000201,MEP Rough-In L 0 Group 001,MEP Rough-In | L 0 | MEP_L_0_G001
1290723,MEP_L_0_G001_20291210,PO-000201,MEP Rough-In L 0 Group 001,MEP Rough-In | L 0 | MEP_L_0_G001
1290770,MEP_L_0_G001_20291210,PO-000201,MEP Rough-In L 0 Group 001,MEP Rough-In | L 0 | MEP_L_0_G001
1290753,MEP_L_0_G002_20291210,PO-000202,MEP Rough-In L 0 Group 002,MEP Rough-In | L 0 | MEP_L_0_G002
1290923,MEP_L_0_G002_20291210,PO-000202,MEP Rough-In L 0 Group 002,MEP Rough-In | L 0 | MEP_L_0_G002
1290940,MEP_L_0_G002_20291210,PO-000202,MEP Rough-In L 0 Group 002,MEP Rough-In | L 0 | MEP_L_0_G002
1290872,MEP_L_0_G003_20291210,PO-000203,MEP Rough-In L 0 Group 003,MEP Rough-In | L 0 | MEP_L_0_G003
1290889,MEP_L_0_G003_20291210,PO-000203,MEP Rough-In L 0 Group 003,MEP Rough-In | L 0 | MEP_L_0_G003
1290906,MEP_L_0_G003_20291210,PO-000203,MEP Rough-In L 0 Group 003,MEP Rough-In | L 0 | MEP_L_0_G003
1290821,MEP_L_0_G004_20291210,PO-000204,MEP Rough-In L 0 Group 004,MEP Rough-In | L 0 | MEP_L_0_G004
1290838,MEP_L_0_G004_20291210,PO-000204,MEP Rough-In L 0 Group 004,MEP Rough-In | L 0 | MEP_L_0_G004
1290855,MEP_L_0_G004_20291210,PO-000204,MEP Rough-In L 0 Group 004,MEP Rough-In | L 0 | MEP_L_0_G004
1290726,MEP_L_0_G005_20291210,PO-000205,MEP Rough-In L 0 Group 005,MEP Rough-In | L 0 | MEP_L_0_G005
1290787,MEP_L_0_G005_20291210,PO-000205,MEP Rough-In L 0 Group 005,MEP Rough-In | L 0 | MEP_L_0_G005
1290804,MEP_L_0_G005_20291210,PO-000205,MEP Rough-In L 0 Group 005,MEP Rough-In | L 0 | MEP_L_0_G005
1290711,MEP_L_0_G006_20291210,PO-000206,MEP Rough-In L 0 Group 006,MEP Rough-In | L 0 | MEP_L_0_G006
1290756,MEP_L_0_G006_20291210,PO-000206,MEP Rough-In L 0 Group 006,MEP Rough-In | L 0 | MEP_L_0_G006
1290773,MEP_L_0_G006_20291210,PO-000206,MEP Rough-In L 0 Group 006,MEP Rough-In | L 0 | MEP_L_0_G006
1290909,MEP_L_0_G007_20291210,PO-000207,MEP Rough-In L 0 Group 007,MEP Rough-In | L 0 | MEP_L_0_G007
1290926,MEP_L_0_G007_20291210,PO-000207,MEP Rough-In L 0 Group 007,MEP Rough-In | L 0 | MEP_L_0_G007
1290943,MEP_L_0_G007_20291210,PO-000207,MEP Rough-In L 0 Group 007,MEP Rough-In | L 0 | MEP_L_0_G007
1290858,MEP_L_0_G008_20291210,PO-000208,MEP Rough-In L 0 Group 008,MEP Rough-In | L 0 | MEP_L_0_G008
1290875,MEP_L_0_G008_20291210,PO-000208,MEP Rough-In L 0 Group 008,MEP Rough-In | L 0 | MEP_L_0_G008
1290892,MEP_L_0_G008_20291210,PO-000208,MEP Rough-In L 0 Group 008,MEP Rough-In | L 0 | MEP_L_0_G008
1290807,MEP_L_0_G009_20291210,PO-000209,MEP Rough-In L 0 Group 009,MEP Rough-In | L 0 | MEP_L_0_G009
1290824,MEP_L_0_G009_20291210,PO-000209,MEP Rough-In L 0 Group 009,MEP Rough-In | L 0 | MEP_L_0_G009
1290841,MEP_L_0_G009_20291210,PO-000209,MEP Rough-In L 0 Group 009,MEP Rough-In | L 0 | MEP_L_0_G009
1255449,MEP_L_0_G010_20291210,PO-000210,MEP Rough-In L 0 Group 010,MEP Rough-In | L 0 | MEP_L_0_G010
1290790,MEP_L_0_G010_20291210,PO-000210,MEP Rough-In L 0 Group 010,MEP Rough-In | L 0 | MEP_L_0_G010
1341525,MEP_L_0_G010_20291210,PO-000210,MEP Rough-In L 0 Group 010,MEP Rough-In | L 0 | MEP_L_0_G010
1254877,MEP_L_0_G011_20291210,PO-000211,MEP Rough-In L 0 Group 011,MEP Rough-In | L 0 | MEP_L_0_G011
1378088,MEP_L_0_G011_20291210,PO-000211,MEP Rough-In L 0 Group 011,MEP Rough-In | L 0 | MEP_L_0_G011
1378089,MEP_L_0_G011_20291210,PO-000211,MEP Rough-In L 0 Group 011,MEP Rough-In | L 0 | MEP_L_0_G011
1255067,MEP_L_0_G012_20291210,PO-000212,MEP Rough-In L 0 Group 012,MEP Rough-In | L 0 | MEP_L_0_G012
1255068,MEP_L_0_G012_20291210,PO-000212,MEP Rough-In L 0 Group 012,MEP Rough-In | L 0 | MEP_L_0_G012
1255072,MEP_L_0_G012_20291210,PO-000212,MEP Rough-In L 0 Group 012,MEP Rough-In | L 0 | MEP_L_0_G012
1255069,MEP_L_0_G013_20291210,PO-000213,MEP Rough-In L 0 Group 013,MEP Rough-In | L 0 | MEP_L_0_G013
1255077,MEP_L_0_G013_20291210,PO-000213,MEP Rough-In L 0 Group 013,MEP Rough-In | L 0 | MEP_L_0_G013
1255479,MEP_L_0_G013_20291210,PO-000213,MEP Rough-In L 0 Group 013,MEP Rough-In | L 0 | MEP_L_0_G013
1255416,MEP_L_0_G014_20291210,PO-000214,MEP Rough-In L 0 Group 014,MEP Rough-In | L 0 | MEP_L_0_G014
1255425,MEP_L_0_G014_20291210,PO-000214,MEP Rough-In L 0 Group 014,MEP Rough-In | L 0 | MEP_L_0_G014
1255430,MEP_L_0_G014_20291210,PO-000214,MEP Rough-In L 0 Group 014,MEP Rough-In | L 0 | MEP_L_0_G014
1255316,MEP_L_0_G015_20291210,PO-000215,MEP Rough-In L 0 Group 015,MEP Rough-In | L 0 | MEP_L_0_G015
1255356,MEP_L_0_G015_20291210,PO-000215,MEP Rough-In L 0 Group 015,MEP Rough-In | L 0 | MEP_L_0_G015
1255411,MEP_L_0_G015_20291210,PO-000215,MEP Rough-In L 0 Group 015,MEP Rough-In | L 0 | MEP_L_0_G015
1255224,MEP_L_0_G016_20291210,PO-000216,MEP Rough-In L 0 Group 016,MEP Rough-In | L 0 | MEP_L_0_G016
1255229,MEP_L_0_G016_20291210,PO-000216,MEP Rough-In L 0 Group 016,MEP Rough-In | L 0 | MEP_L_0_G016
1255297,MEP_L_0_G016_20291210,PO-000216,MEP Rough-In L 0 Group 016,MEP Rough-In | L 0 | MEP_L_0_G016
1144040,MEP_L_0_G017_20291210,PO-000217,MEP Rough-In L 0 Group 017,MEP Rough-In | L 0 | MEP_L_0_G017
1144320,MEP_L_0_G017_20291210,PO-000217,MEP Rough-In L 0 Group 017,MEP Rough-In | L 0 | MEP_L_0_G017
1144720,MEP_L_0_G017_20291210,PO-000217,MEP Rough-In L 0 Group 017,MEP Rough-In | L 0 | MEP_L_0_G017
1144803,MEP_L_0_G018_20291210,PO-000218,MEP Rough-In L 0 Group 018,MEP Rough-In | L 0 | MEP_L_0_G018
1165445,MEP_L_0_G018_20291210,PO-000218,MEP Rough-In L 0 Group 018,MEP Rough-In | L 0 | MEP_L_0_G018
1277214,MEP_L_0_G018_20291210,PO-000218,MEP Rough-In L 0 Group 018,MEP Rough-In | L 0 | MEP_L_0_G018
1165437,MEP_L_0_G019_20291210,PO-000219,MEP Rough-In L 0 Group 019,MEP Rough-In | L 0 | MEP_L_0_G019
1165441,MEP_L_0_G019_20291210,PO-000219,MEP Rough-In L 0 Group 019,MEP Rough-In | L 0 | MEP_L_0_G019
1165447,MEP_L_0_G019_20291210,PO-000219,MEP Rough-In L 0 Group 019,MEP Rough-In | L 0 | MEP_L_0_G019
1145360,MEP_L_0_G020_20291210,PO-000220,MEP Rough-In L 0 Group 020,MEP Rough-In | L 0 | MEP_L_0_G020
1156184,MEP_L_0_G020_20291210,PO-000220,MEP Rough-In L 0 Group 020,MEP Rough-In | L 0 | MEP_L_0_G020
1277210,MEP_L_0_G020_20291210,PO-000220,MEP Rough-In L 0 Group 020,MEP Rough-In | L 0 | MEP_L_0_G020
1087346,MEP_L_0_G021_20291210,PO-000221,MEP Rough-In L 0 Group 021,MEP Rough-In | L 0 | MEP_L_0_G021
1147288,MEP_L_0_G021_20291210,PO-000221,MEP Rough-In L 0 Group 021,MEP Rough-In | L 0 | MEP_L_0_G021
1277213,MEP_L_0_G021_20291210,PO-000221,MEP Rough-In L 0 Group 021,MEP Rough-In | L 0 | MEP_L_0_G021
1145378,MEP_L_0_G022_20291210,PO-000222,MEP Rough-In L 0 Group 022,MEP Rough-In | L 0 | MEP_L_0_G022
1153057,MEP_L_0_G022_20291210,PO-000222,MEP Rough-In L 0 Group 022,MEP Rough-In | L 0 | MEP_L_0_G022
1266259,MEP_L_0_G022_20291210,PO-000222,MEP Rough-In L 0 Group 022,MEP Rough-In | L 0 | MEP_L_0_G022
1152997,MEP_L_0_G023_20291210,PO-000223,MEP Rough-In L 0 Group 023,MEP Rough-In | L 0 | MEP_L_0_G023
1153047,MEP_L_0_G023_20291210,PO-000223,MEP Rough-In L 0 Group 023,MEP Rough-In | L 0 | MEP_L_0_G023
1153062,MEP_L_0_G023_20291210,PO-000223,MEP Rough-In L 0 Group 023,MEP Rough-In | L 0 | MEP_L_0_G023
1145345,MEP_L_0_G024_20291210,PO-000224,MEP Rough-In L 0 Group 024,MEP Rough-In | L 0 | MEP_L_0_G024
1145482,MEP_L_0_G024_20291210,PO-000224,MEP Rough-In L 0 Group 024,MEP Rough-In | L 0 | MEP_L_0_G024
1266165,MEP_L_0_G024_20291210,PO-000224,MEP Rough-In L 0 Group 024,MEP Rough-In | L 0 | MEP_L_0_G024
1145313,MEP_L_0_G025_20291211,PO-000245,MEP Rough-In L 0 Group 025,MEP Rough-In | L 0 | MEP_L_0_G025
1266258,MEP_L_0_G025_20291211,PO-000245,MEP Rough-In L 0 Group 025,MEP Rough-In | L 0 | MEP_L_0_G025
1266261,MEP_L_0_G025_20291211,PO-000245,MEP Rough-In L 0 Group 025,MEP Rough-In | L 0 | MEP_L_0_G025
1145386,MEP_L_0_G026_20291211,PO-000246,MEP Rough-In L 0 Group 026,MEP Rough-In | L 0 | MEP_L_0_G026
1145387,MEP_L_0_G026_20291211,PO-000246,MEP Rough-In L 0 Group 026,MEP Rough-In | L 0 | MEP_L_0_G026
1266166,MEP_L_0_G026_20291211,PO-000246,MEP Rough-In L 0 Group 026,MEP Rough-In | L 0 | MEP_L_0_G026
1145369,MEP_L_0_G027_20291211,PO-000247,MEP Rough-In L 0 Group 027,MEP Rough-In | L 0 | MEP_L_0_G027
1145370,MEP_L_0_G027_20291211,PO-000247,MEP Rough-In L 0 Group 027,MEP Rough-In | L 0 | MEP_L_0_G027
1147289,MEP_L_0_G027_20291211,PO-000247,MEP Rough-In L 0 Group 027,MEP Rough-In | L 0 | MEP_L_0_G027
1146109,MEP_L_0_G028_20291211,PO-000248,MEP Rough-In L 0 Group 028,MEP Rough-In | L 0 | MEP_L_0_G028
1154638,MEP_L_0_G028_20291211,PO-000248,MEP Rough-In L 0 Group 028,MEP Rough-In | L 0 | MEP_L_0_G028
1154659,MEP_L_0_G028_20291211,PO-000248,MEP Rough-In L 0 Group 028,MEP Rough-In | L 0 | MEP_L_0_G028
1145352,MEP_L_0_G029_20291211,PO-000249,MEP Rough-In L 0 Group 029,MEP Rough-In | L 0 | MEP_L_0_G029
1154636,MEP_L_0_G029_20291211,PO-000249,MEP Rough-In L 0 Group 029,MEP Rough-In | L 0 | MEP_L_0_G029
1266260,MEP_L_0_G029_20291211,PO-000249,MEP Rough-In L 0 Group 029,MEP Rough-In | L 0 | MEP_L_0_G029
1145483,MEP_L_0_G030_20291211,PO-000250,MEP Rough-In L 0 Group 030,MEP Rough-In | L 0 | MEP_L_0_G030
1255849,MEP_L_0_G030_20291211,PO-000250,MEP Rough-In L 0 Group 030,MEP Rough-In | L 0 | MEP_L_0_G030
1266164,MEP_L_0_G030_20291211,PO-000250,MEP Rough-In L 0 Group 030,MEP Rough-In | L 0 | MEP_L_0_G030
1087171,MEP_L_0_G031_20291211,PO-000251,MEP Rough-In L 0 Group 031,MEP Rough-In | L 0 | MEP_L_0_G031
1147287,MEP_L_0_G031_20291211,PO-000251,MEP Rough-In L 0 Group 031,MEP Rough-In | L 0 | MEP_L_0_G031
1260295,MEP_L_0_G031_20291211,PO-000251,MEP Rough-In L 0 Group 031,MEP Rough-In | L 0 | MEP_L_0_G031
1165440,MEP_L_0_G032_20291211,PO-000252,MEP Rough-In L 0 Group 032,MEP Rough-In | L 0 | MEP_L_0_G032
1165444,MEP_L_0_G032_20291211,PO-000252,MEP Rough-In L 0 Group 032,MEP Rough-In | L 0 | MEP_L_0_G032
1340593,MEP_L_0_G032_20291211,PO-000252,MEP Rough-In L 0 Group 032,MEP Rough-In | L 0 | MEP_L_0_G032
1136702,MEP_L_0_G033_20291211,PO-000253,MEP Rough-In L 0 Group 033,MEP Rough-In | L 0 | MEP_L_0_G033
1165446,MEP_L_0_G033_20291211,PO-000253,MEP Rough-In L 0 Group 033,MEP Rough-In | L 0 | MEP_L_0_G033
1338482,MEP_L_0_G033_20291211,PO-000253,MEP Rough-In L 0 Group 033,MEP Rough-In | L 0 | MEP_L_0_G033
1145353,MEP_L_0_G034_20291211,PO-000254,MEP Rough-In L 0 Group 034,MEP Rough-In | L 0 | MEP_L_0_G034
1145397,MEP_L_0_G034_20291211,PO-000254,MEP Rough-In L 0 Group 034,MEP Rough-In | L 0 | MEP_L_0_G034
1237180,MEP_L_0_G034_20291211,PO-000254,MEP Rough-In L 0 Group 034,MEP Rough-In | L 0 | MEP_L_0_G034
1145368,MEP_L_0_G035_20291211,PO-000255,MEP Rough-In L 0 Group 035,MEP Rough-In | L 0 | MEP_L_0_G035
1145385,MEP_L_0_G035_20291211,PO-000255,MEP Rough-In L 0 Group 035,MEP Rough-In | L 0 | MEP_L_0_G035
1156183,MEP_L_0_G035_20291211,PO-000255,MEP Rough-In L 0 Group 035,MEP Rough-In | L 0 | MEP_L_0_G035
1087362,MEP_L_0_G036_20291211,PO-000256,MEP Rough-In L 0 Group 036,MEP Rough-In | L 0 | MEP_L_0_G036
1203502,MEP_L_0_G036_20291211,PO-000256,MEP Rough-In L 0 Group 036,MEP Rough-In | L 0 | MEP_L_0_G036
1293489,MEP_L_0_G036_20291211,PO-000256,MEP Rough-In L 0 Group 036,MEP Rough-In | L 0 | MEP_L_0_G036
1146867,MEP_L_0_G037_20291211,PO-000257,MEP Rough-In L 0 Group 037,MEP Rough-In | L 0 | MEP_L_0_G037
1266182,MEP_L_0_G037_20291211,PO-000257,MEP Rough-In L 0 Group 037,MEP Rough-In | L 0 | MEP_L_0_G037
1293212,MEP_L_0_G037_20291211,PO-000257,MEP Rough-In L 0 Group 037,MEP Rough-In | L 0 | MEP_L_0_G037
1293197,MEP_L_0_G038_20291211,PO-000258,MEP Rough-In L 0 Group 038,MEP Rough-In | L 0 | MEP_L_0_G038
1293202,MEP_L_0_G038_20291211,PO-000258,MEP Rough-In L 0 Group 038,MEP Rough-In | L 0 | MEP_L_0_G038
1293207,MEP_L_0_G038_20291211,PO-000258,MEP Rough-In L 0 Group 038,MEP Rough-In | L 0 | MEP_L_0_G038
1165438,MEP_L_0_G039_20291211,PO-000259,MEP Rough-In L 0 Group 039,MEP Rough-In | L 0 | MEP_L_0_G039
1165442,MEP_L_0_G039_20291211,PO-000259,MEP Rough-In L 0 Group 039,MEP Rough-In | L 0 | MEP_L_0_G039
1293191,MEP_L_0_G039_20291211,PO-000259,MEP Rough-In L 0 Group 039,MEP Rough-In | L 0 | MEP_L_0_G039
1293188,MEP_L_0_G040_20291211,PO-000260,MEP Rough-In L 0 Group 040,MEP Rough-In | L 0 | MEP_L_0_G040
1293194,MEP_L_0_G040_20291211,PO-000260,MEP Rough-In L 0 Group 040,MEP Rough-In | L 0 | MEP_L_0_G040
1293199,MEP_L_0_G040_20291211,PO-000260,MEP Rough-In L 0 Group 040,MEP Rough-In | L 0 | MEP_L_0_G040
1165434,MEP_L_0_G041_20291211,PO-000261,MEP Rough-In L 0 Group 041,MEP Rough-In | L 0 | MEP_L_0_G041
1293204,MEP_L_0_G041_20291211,PO-000261,MEP Rough-In L 0 Group 041,MEP Rough-In | L 0 | MEP_L_0_G041
1293209,MEP_L_0_G041_20291211,PO-000261,MEP Rough-In L 0 Group 041,MEP Rough-In | L 0 | MEP_L_0_G041
1153052,MEP_L_0_G042_20291211,PO-000262,MEP Rough-In L 0 Group 042,MEP Rough-In | L 0 | MEP_L_0_G042
1153067,MEP_L_0_G042_20291211,PO-000262,MEP Rough-In L 0 Group 042,MEP Rough-In | L 0 | MEP_L_0_G042
1165448,MEP_L_0_G042_20291211,PO-000262,MEP Rough-In L 0 Group 042,MEP Rough-In | L 0 | MEP_L_0_G042
1144167,MEP_L_0_G043_20291211,PO-000263,MEP Rough-In L 0 Group 043,MEP Rough-In | L 0 | MEP_L_0_G043
1144421,MEP_L_0_G043_20291211,PO-000263,MEP Rough-In L 0 Group 043,MEP Rough-In | L 0 | MEP_L_0_G043
1145004,MEP_L_0_G043_20291211,PO-000263,MEP Rough-In L 0 Group 043,MEP Rough-In | L 0 | MEP_L_0_G043
1143736,MEP_L_0_G044_20291211,PO-000264,MEP Rough-In L 0 Group 044,MEP Rough-In | L 0 | MEP_L_0_G044
1153042,MEP_L_0_G044_20291211,PO-000264,MEP Rough-In L 0 Group 044,MEP Rough-In | L 0 | MEP_L_0_G044
1340656,MEP_L_0_G044_20291211,PO-000264,MEP Rough-In L 0 Group 044,MEP Rough-In | L 0 | MEP_L_0_G044
1156751,MEP_L_0_G045_20291211,PO-000265,MEP Rough-In L 0 Group 045,MEP Rough-In | L 0 | MEP_L_0_G045
1156752,MEP_L_0_G045_20291211,PO-000265,MEP Rough-In L 0 Group 045,MEP Rough-In | L 0 | MEP_L_0_G045
1156753,MEP_L_0_G045_20291211,PO-000265,MEP Rough-In L 0 Group 045,MEP Rough-In | L 0 | MEP_L_0_G045
1156749,MEP_L_0_G046_20291211,PO-000266,MEP Rough-In L 0 Group 046,MEP Rough-In | L 0 | MEP_L_0_G046
1156750,MEP_L_0_G046_20291211,PO-000266,MEP Rough-In L 0 Group 046,MEP Rough-In | L 0 | MEP_L_0_G046
1165443,MEP_L_0_G046_20291211,PO-000266,MEP Rough-In L 0 Group 046,MEP Rough-In | L 0 | MEP_L_0_G046
1087378,MEP_L_0_G047_20291211,PO-000267,MEP Rough-In L 0 Group 047,MEP Rough-In | L 0 | MEP_L_0_G047
1156185,MEP_L_0_G047_20291211,PO-000267,MEP Rough-In L 0 Group 047,MEP Rough-In | L 0 | MEP_L_0_G047
1165449,MEP_L_0_G047_20291211,PO-000267,MEP Rough-In L 0 Group 047,MEP Rough-In | L 0 | MEP_L_0_G047
1165435,MEP_L_0_G048_20291211,PO-000268,MEP Rough-In L 0 Group 048,MEP Rough-In | L 0 | MEP_L_0_G048
1165439,MEP_L_0_G048_20291211,PO-000268,MEP Rough-In L 0 Group 048,MEP Rough-In | L 0 | MEP_L_0_G048
1341725,MEP_L_0_G048_20291211,PO-000268,MEP Rough-In L 0 Group 048,MEP Rough-In | L 0 | MEP_L_0_G048
1147253,MEP_L_0_G049_20291212,PO-000279,MEP Rough-In L 0 Group 049,MEP Rough-In | L 0 | MEP_L_0_G049
1154620,MEP_L_0_G049_20291212,PO-000279,MEP Rough-In L 0 Group 049,MEP Rough-In | L 0 | MEP_L_0_G049
1157697,MEP_L_0_G049_20291212,PO-000279,MEP Rough-In L 0 Group 049,MEP Rough-In | L 0 | MEP_L_0_G049
1147255,MEP_L_0_G050_20291212,PO-000280,MEP Rough-In L 0 Group 050,MEP Rough-In | L 0 | MEP_L_0_G050
1157693,MEP_L_0_G050_20291212,PO-000280,MEP Rough-In L 0 Group 050,MEP Rough-In | L 0 | MEP_L_0_G050
1376559,MEP_L_0_G050_20291212,PO-000280,MEP Rough-In L 0 Group 050,MEP Rough-In | L 0 | MEP_L_0_G050
1087394,MEP_L_0_G051_20291212,PO-000281,MEP Rough-In L 0 Group 051,MEP Rough-In | L 0 | MEP_L_0_G051
1156186,MEP_L_0_G051_20291212,PO-000281,MEP Rough-In L 0 Group 051,MEP Rough-In | L 0 | MEP_L_0_G051
1164746,MEP_L_0_G051_20291212,PO-000281,MEP Rough-In L 0 Group 051,MEP Rough-In | L 0 | MEP_L_0_G051
1146869,MEP_L_0_G052_20291212,PO-000282,MEP Rough-In L 0 Group 052,MEP Rough-In | L 0 | MEP_L_0_G052
1266757,MEP_L_0_G052_20291212,PO-000282,MEP Rough-In L 0 Group 052,MEP Rough-In | L 0 | MEP_L_0_G052
1267294,MEP_L_0_G052_20291212,PO-000282,MEP Rough-In L 0 Group 052,MEP Rough-In | L 0 | MEP_L_0_G052
1088861,MEP_L_0_G053_20291212,PO-000283,MEP Rough-In L 0 Group 053,MEP Rough-In | L 0 | MEP_L_0_G053
1241494,MEP_L_0_G053_20291212,PO-000283,MEP Rough-In L 0 Group 053,MEP Rough-In | L 0 | MEP_L_0_G053
1376558,MEP_L_0_G053_20291212,PO-000283,MEP Rough-In L 0 Group 053,MEP Rough-In | L 0 | MEP_L_0_G053
1165804,MEP_L_0_G054_20291212,PO-000284,MEP Rough-In L 0 Group 054,MEP Rough-In | L 0 | MEP_L_0_G054
1241441,MEP_L_0_G054_20291212,PO-000284,MEP Rough-In L 0 Group 054,MEP Rough-In | L 0 | MEP_L_0_G054
1241485,MEP_L_0_G054_20291212,PO-000284,MEP Rough-In L 0 Group 054,MEP Rough-In | L 0 | MEP_L_0_G054
1094979,MEP_L_0_G055_20291212,PO-000285,MEP Rough-In L 0 Group 055,MEP Rough-In | L 0 | MEP_L_0_G055
1136763,MEP_L_0_G055_20291212,PO-000285,MEP Rough-In L 0 Group 055,MEP Rough-In | L 0 | MEP_L_0_G055
1293130,MEP_L_0_G055_20291212,PO-000285,MEP Rough-In L 0 Group 055,MEP Rough-In | L 0 | MEP_L_0_G055
1094978,MEP_L_0_G056_20291212,PO-000286,MEP Rough-In L 0 Group 056,MEP Rough-In | L 0 | MEP_L_0_G056
1241450,MEP_L_0_G056_20291212,PO-000286,MEP Rough-In L 0 Group 056,MEP Rough-In | L 0 | MEP_L_0_G056
1241484,MEP_L_0_G056_20291212,PO-000286,MEP Rough-In L 0 Group 056,MEP Rough-In | L 0 | MEP_L_0_G056
1262015,MEP_L_0_G057_20291212,PO-000287,MEP Rough-In L 0 Group 057,MEP Rough-In | L 0 | MEP_L_0_G057
1266029,MEP_L_0_G057_20291212,PO-000287,MEP Rough-In L 0 Group 057,MEP Rough-In | L 0 | MEP_L_0_G057
1293129,MEP_L_0_G057_20291212,PO-000287,MEP Rough-In L 0 Group 057,MEP Rough-In | L 0 | MEP_L_0_G057
1266094,MEP_L_0_G058_20291212,PO-000288,MEP Rough-In L 0 Group 058,MEP Rough-In | L 0 | MEP_L_0_G058
1290247,MEP_L_0_G058_20291212,PO-000288,MEP Rough-In L 0 Group 058,MEP Rough-In | L 0 | MEP_L_0_G058
1290252,MEP_L_0_G058_20291212,PO-000288,MEP Rough-In L 0 Group 058,MEP Rough-In | L 0 | MEP_L_0_G058
1147671,MEP_L_0_G059_20291212,PO-000289,MEP Rough-In L 0 Group 059,MEP Rough-In | L 0 | MEP_L_0_G059
1240108,MEP_L_0_G059_20291212,PO-000289,MEP Rough-In L 0 Group 059,MEP Rough-In | L 0 | MEP_L_0_G059
1261085,MEP_L_0_G059_20291212,PO-000289,MEP Rough-In L 0 Group 059,MEP Rough-In | L 0 | MEP_L_0_G059
1143057,MEP_L_0_G060_20291212,PO-000290,MEP Rough-In L 0 Group 060,MEP Rough-In | L 0 | MEP_L_0_G060
1261001,MEP_L_0_G060_20291212,PO-000290,MEP Rough-In L 0 Group 060,MEP Rough-In | L 0 | MEP_L_0_G060
1378347,MEP_L_0_G060_20291212,PO-000290,MEP Rough-In L 0 Group 060,MEP Rough-In | L 0 | MEP_L_0_G060
1147489,MEP_L_0_G061_20291212,PO-000291,MEP Rough-In L 0 Group 061,MEP Rough-In | L 0 | MEP_L_0_G061
1349814,MEP_L_0_G061_20291212,PO-000291,MEP Rough-In L 0 Group 061,MEP Rough-In | L 0 | MEP_L_0_G061
1378346,MEP_L_0_G061_20291212,PO-000291,MEP Rough-In L 0 Group 061,MEP Rough-In | L 0 | MEP_L_0_G061
1147501,MEP_L_0_G062_20291212,PO-000292,MEP Rough-In L 0 Group 062,MEP Rough-In | L 0 | MEP_L_0_G062
1147540,MEP_L_0_G062_20291212,PO-000292,MEP Rough-In L 0 Group 062,MEP Rough-In | L 0 | MEP_L_0_G062
1147542,MEP_L_0_G062_20291212,PO-000292,MEP Rough-In L 0 Group 062,MEP Rough-In | L 0 | MEP_L_0_G062
1143056,MEP_L_0_G063_20291212,PO-000293,MEP Rough-In L 0 Group 063,MEP Rough-In | L 0 | MEP_L_0_G063
1143085,MEP_L_0_G063_20291212,PO-000293,MEP Rough-In L 0 Group 063,MEP Rough-In | L 0 | MEP_L_0_G063
1240105,MEP_L_0_G063_20291212,PO-000293,MEP Rough-In L 0 Group 063,MEP Rough-In | L 0 | MEP_L_0_G063
1261084,MEP_L_0_G064_20291212,PO-000294,MEP Rough-In L 0 Group 064,MEP Rough-In | L 0 | MEP_L_0_G064
1261101,MEP_L_0_G064_20291212,PO-000294,MEP Rough-In L 0 Group 064,MEP Rough-In | L 0 | MEP_L_0_G064
1349847,MEP_L_0_G064_20291212,PO-000294,MEP Rough-In L 0 Group 064,MEP Rough-In | L 0 | MEP_L_0_G064
1145842,MEP_L_0_G065_20291212,PO-000295,MEP Rough-In L 0 Group 065,MEP Rough-In | L 0 | MEP_L_0_G065
1146930,MEP_L_0_G065_20291212,PO-000295,MEP Rough-In L 0 Group 065,MEP Rough-In | L 0 | MEP_L_0_G065
1261075,MEP_L_0_G065_20291212,PO-000295,MEP Rough-In L 0 Group 065,MEP Rough-In | L 0 | MEP_L_0_G065
1261129,MEP_L_0_G066_20291212,PO-000296,MEP Rough-In L 0 Group 066,MEP Rough-In | L 0 | MEP_L_0_G066
1261134,MEP_L_0_G066_20291212,PO-000296,MEP Rough-In L 0 Group 066,MEP Rough-In | L 0 | MEP_L_0_G066
1982030,MEP_L_0_G066_20291212,PO-000296,MEP Rough-In L 0 Group 066,MEP Rough-In | L 0 | MEP_L_0_G066
1240853,MEP_L_0_G067_20291212,PO-000297,MEP Rough-In L 0 Group 067,MEP Rough-In | L 0 | MEP_L_0_G067
1241017,MEP_L_0_G067_20291212,PO-000297,MEP Rough-In L 0 Group 067,MEP Rough-In | L 0 | MEP_L_0_G067
1967528,MEP_L_0_G067_20291212,PO-000297,MEP Rough-In L 0 Group 067,MEP Rough-In | L 0 | MEP_L_0_G067
1241095,MEP_L_0_G068_20291212,PO-000298,MEP Rough-In L 0 Group 068,MEP Rough-In | L 0 | MEP_L_0_G068
1241097,MEP_L_0_G068_20291212,PO-000298,MEP Rough-In L 0 Group 068,MEP Rough-In | L 0 | MEP_L_0_G068
1241098,MEP_L_0_G068_20291212,PO-000298,MEP Rough-In L 0 Group 068,MEP Rough-In | L 0 | MEP_L_0_G068
1142969,MEP_L_0_G069_20291212,PO-000299,MEP Rough-In L 0 Group 069,MEP Rough-In | L 0 | MEP_L_0_G069
1289212,MEP_L_0_G069_20291212,PO-000299,MEP Rough-In L 0 Group 069,MEP Rough-In | L 0 | MEP_L_0_G069
1289219,MEP_L_0_G069_20291212,PO-000299,MEP Rough-In L 0 Group 069,MEP Rough-In | L 0 | MEP_L_0_G069
1241189,MEP_L_0_G070_20291212,PO-000300,MEP Rough-In L 0 Group 070,MEP Rough-In | L 0 | MEP_L_0_G070
1311740,MEP_L_0_G070_20291212,PO-000300,MEP Rough-In L 0 Group 070,MEP Rough-In | L 0 | MEP_L_0_G070
1311741,MEP_L_0_G070_20291212,PO-000300,MEP Rough-In L 0 Group 070,MEP Rough-In | L 0 | MEP_L_0_G070
1241233,MEP_L_0_G071_20291212,PO-000301,MEP Rough-In L 0 Group 071,MEP Rough-In | L 0 | MEP_L_0_G071
1289215,MEP_L_0_G071_20291212,PO-000301,MEP Rough-In L 0 Group 071,MEP Rough-In | L 0 | MEP_L_0_G071
1289217,MEP_L_0_G071_20291212,PO-000301,MEP Rough-In L 0 Group 071,MEP Rough-In | L 0 | MEP_L_0_G071
1139544,MEP_L_0_G072_20291212,PO-000302,MEP Rough-In L 0 Group 072,MEP Rough-In | L 0 | MEP_L_0_G072
1139709,MEP_L_0_G072_20291212,PO-000302,MEP Rough-In L 0 Group 072,MEP Rough-In | L 0 | MEP_L_0_G072
1148479,MEP_L_0_G072_20291212,PO-000302,MEP Rough-In L 0 Group 072,MEP Rough-In | L 0 | MEP_L_0_G072
1153616,MEP_L_0_G073_20291213,PO-000309,MEP Rough-In L 0 Group 073,MEP Rough-In | L 0 | MEP_L_0_G073
1255076,MEP_L_0_G073_20291213,PO-000309,MEP Rough-In L 0 Group 073,MEP Rough-In | L 0 | MEP_L_0_G073
1288552,MEP_L_0_G073_20291213,PO-000309,MEP Rough-In L 0 Group 073,MEP Rough-In | L 0 | MEP_L_0_G073
1098430,MEP_L_0_G074_20291213,PO-000310,MEP Rough-In L 0 Group 074,MEP Rough-In | L 0 | MEP_L_0_G074
1139452,MEP_L_0_G074_20291213,PO-000310,MEP Rough-In L 0 Group 074,MEP Rough-In | L 0 | MEP_L_0_G074
1139459,MEP_L_0_G074_20291213,PO-000310,MEP Rough-In L 0 Group 074,MEP Rough-In | L 0 | MEP_L_0_G074
1152723,MEP_L_0_G075_20291213,PO-000311,MEP Rough-In L 0 Group 075,MEP Rough-In | L 0 | MEP_L_0_G075
1967527,MEP_L_0_G075_20291213,PO-000311,MEP Rough-In L 0 Group 075,MEP Rough-In | L 0 | MEP_L_0_G075
1982029,MEP_L_0_G075_20291213,PO-000311,MEP Rough-In L 0 Group 075,MEP Rough-In | L 0 | MEP_L_0_G075
1312475,MEP_L_0_G076_20291213,PO-000312,MEP Rough-In L 0 Group 076,MEP Rough-In | L 0 | MEP_L_0_G076
1312504,MEP_L_0_G076_20291213,PO-000312,MEP Rough-In L 0 Group 076,MEP Rough-In | L 0 | MEP_L_0_G076
1312505,MEP_L_0_G076_20291213,PO-000312,MEP Rough-In L 0 Group 076,MEP Rough-In | L 0 | MEP_L_0_G076
1093091,MEP_L_0_G077_20291213,PO-000313,MEP Rough-In L 0 Group 077,MEP Rough-In | L 0 | MEP_L_0_G077
1153617,MEP_L_0_G077_20291213,PO-000313,MEP Rough-In L 0 Group 077,MEP Rough-In | L 0 | MEP_L_0_G077
1288557,MEP_L_0_G077_20291213,PO-000313,MEP Rough-In L 0 Group 077,MEP Rough-In | L 0 | MEP_L_0_G077
1093279,MEP_L_0_G078_20291213,PO-000314,MEP Rough-In L 0 Group 078,MEP Rough-In | L 0 | MEP_L_0_G078
1093318,MEP_L_0_G078_20291213,PO-000314,MEP Rough-In L 0 Group 078,MEP Rough-In | L 0 | MEP_L_0_G078
1093417,MEP_L_0_G078_20291213,PO-000314,MEP Rough-In L 0 Group 078,MEP Rough-In | L 0 | MEP_L_0_G078
1092924,MEP_L_0_G079_20291213,PO-000315,MEP Rough-In L 0 Group 079,MEP Rough-In | L 0 | MEP_L_0_G079
1093192,MEP_L_0_G079_20291213,PO-000315,MEP Rough-In L 0 Group 079,MEP Rough-In | L 0 | MEP_L_0_G079
1982032,MEP_L_0_G079_20291213,PO-000315,MEP Rough-In L 0 Group 079,MEP Rough-In | L 0 | MEP_L_0_G079
1974655,MEP_L_0_G080_20291213,PO-000316,MEP Rough-In L 0 Group 080,MEP Rough-In | L 0 | MEP_L_0_G080
1982031,MEP_L_0_G080_20291213,PO-000316,MEP Rough-In L 0 Group 080,MEP Rough-In | L 0 | MEP_L_0_G080
1982033,MEP_L_0_G080_20291213,PO-000316,MEP Rough-In L 0 Group 080,MEP Rough-In | L 0 | MEP_L_0_G080
1149335,MEP_L_0_G081_20291213,PO-000317,MEP Rough-In L 0 Group 081,MEP Rough-In | L 0 | MEP_L_0_G081
1974654,MEP_L_0_G081_20291213,PO-000317,MEP Rough-In L 0 Group 081,MEP Rough-In | L 0 | MEP_L_0_G081
1974656,MEP_L_0_G081_20291213,PO-000317,MEP Rough-In L 0 Group 081,MEP Rough-In | L 0 | MEP_L_0_G081
1149337,MEP_L_0_G082_20291213,PO-000318,MEP Rough-In L 0 Group 082,MEP Rough-In | L 0 | MEP_L_0_G082
1149339,MEP_L_0_G082_20291213,PO-000318,MEP Rough-In L 0 Group 082,MEP Rough-In | L 0 | MEP_L_0_G082
1149341,MEP_L_0_G082_20291213,PO-000318,MEP Rough-In L 0 Group 082,MEP Rough-In | L 0 | MEP_L_0_G082
1149074,MEP_L_0_G083_20291213,PO-000319,MEP Rough-In L 0 Group 083,MEP Rough-In | L 0 | MEP_L_0_G083
1149093,MEP_L_0_G083_20291213,PO-000319,MEP Rough-In L 0 Group 083,MEP Rough-In | L 0 | MEP_L_0_G083
1149343,MEP_L_0_G083_20291213,PO-000319,MEP Rough-In L 0 Group 083,MEP Rough-In | L 0 | MEP_L_0_G083
1149020,MEP_L_0_G084_20291213,PO-000320,MEP Rough-In L 0 Group 084,MEP Rough-In | L 0 | MEP_L_0_G084
1149038,MEP_L_0_G084_20291213,PO-000320,MEP Rough-In L 0 Group 084,MEP Rough-In | L 0 | MEP_L_0_G084
1149056,MEP_L_0_G084_20291213,PO-000320,MEP Rough-In L 0 Group 084,MEP Rough-In | L 0 | MEP_L_0_G084
1115782,MEP_L_0_G085_20291213,PO-000321,MEP Rough-In L 0 Group 085,MEP Rough-In | L 0 | MEP_L_0_G085
1149002,MEP_L_0_G085_20291213,PO-000321,MEP Rough-In L 0 Group 085,MEP Rough-In | L 0 | MEP_L_0_G085
1149981,MEP_L_0_G085_20291213,PO-000321,MEP Rough-In L 0 Group 085,MEP Rough-In | L 0 | MEP_L_0_G085
1149980,MEP_L_0_G086_20291213,PO-000322,MEP Rough-In L 0 Group 086,MEP Rough-In | L 0 | MEP_L_0_G086
1232309,MEP_L_0_G086_20291213,PO-000322,MEP Rough-In L 0 Group 086,MEP Rough-In | L 0 | MEP_L_0_G086
1232318,MEP_L_0_G086_20291213,PO-000322,MEP Rough-In L 0 Group 086,MEP Rough-In | L 0 | MEP_L_0_G086
1093629,MEP_L_0_G087_20291213,PO-000323,MEP Rough-In L 0 Group 087,MEP Rough-In | L 0 | MEP_L_0_G087
1150032,MEP_L_0_G087_20291213,PO-000323,MEP Rough-In L 0 Group 087,MEP Rough-In | L 0 | MEP_L_0_G087
1232312,MEP_L_0_G087_20291213,PO-000323,MEP Rough-In L 0 Group 087,MEP Rough-In | L 0 | MEP_L_0_G087
1149930,MEP_L_0_G088_20291213,PO-000324,MEP Rough-In L 0 Group 088,MEP Rough-In | L 0 | MEP_L_0_G088
1150033,MEP_L_0_G088_20291213,PO-000324,MEP Rough-In L 0 Group 088,MEP Rough-In | L 0 | MEP_L_0_G088
1232319,MEP_L_0_G088_20291213,PO-000324,MEP Rough-In L 0 Group 088,MEP Rough-In | L 0 | MEP_L_0_G088
1149003,MEP_L_0_G089_20291213,PO-000325,MEP Rough-In L 0 Group 089,MEP Rough-In | L 0 | MEP_L_0_G089
1149021,MEP_L_0_G089_20291213,PO-000325,MEP Rough-In L 0 Group 089,MEP Rough-In | L 0 | MEP_L_0_G089
1149334,MEP_L_0_G089_20291213,PO-000325,MEP Rough-In L 0 Group 089,MEP Rough-In | L 0 | MEP_L_0_G089
1149039,MEP_L_0_G090_20291213,PO-000326,MEP Rough-In L 0 Group 090,MEP Rough-In | L 0 | MEP_L_0_G090
1149336,MEP_L_0_G090_20291213,PO-000326,MEP Rough-In L 0 Group 090,MEP Rough-In | L 0 | MEP_L_0_G090
1149338,MEP_L_0_G090_20291213,PO-000326,MEP Rough-In L 0 Group 090,MEP Rough-In | L 0 | MEP_L_0_G090
1149057,MEP_L_0_G091_20291213,PO-000327,MEP Rough-In L 0 Group 091,MEP Rough-In | L 0 | MEP_L_0_G091
1149075,MEP_L_0_G091_20291213,PO-000327,MEP Rough-In L 0 Group 091,MEP Rough-In | L 0 | MEP_L_0_G091
1149340,MEP_L_0_G091_20291213,PO-000327,MEP Rough-In L 0 Group 091,MEP Rough-In | L 0 | MEP_L_0_G091
1093833,MEP_L_0_G092_20291213,PO-000328,MEP Rough-In L 0 Group 092,MEP Rough-In | L 0 | MEP_L_0_G092
1149342,MEP_L_0_G092_20291213,PO-000328,MEP Rough-In L 0 Group 092,MEP Rough-In | L 0 | MEP_L_0_G092
1149344,MEP_L_0_G092_20291213,PO-000328,MEP Rough-In L 0 Group 092,MEP Rough-In | L 0 | MEP_L_0_G092
1291723,MEP_L_0_G093_20291213,PO-000329,MEP Rough-In L 0 Group 093,MEP Rough-In | L 0 | MEP_L_0_G093
1292066,MEP_L_0_G093_20291213,PO-000329,MEP Rough-In L 0 Group 093,MEP Rough-In | L 0 | MEP_L_0_G093
1292434,MEP_L_0_G093_20291213,PO-000329,MEP Rough-In L 0 Group 093,MEP Rough-In | L 0 | MEP_L_0_G093
1292062,MEP_L_0_G094_20291213,PO-000330,MEP Rough-In L 0 Group 094,MEP Rough-In | L 0 | MEP_L_0_G094
1292430,MEP_L_0_G094_20291213,PO-000330,MEP Rough-In L 0 Group 094,MEP Rough-In | L 0 | MEP_L_0_G094
1292705,MEP_L_0_G094_20291213,PO-000330,MEP Rough-In L 0 Group 094,MEP Rough-In | L 0 | MEP_L_0_G094
1292754,MEP_L_0_G095_20291213,PO-000331,MEP Rough-In L 0 Group 095,MEP Rough-In | L 0 | MEP_L_0_G095
1293075,MEP_L_0_G095_20291213,PO-000331,MEP Rough-In L 0 Group 095,MEP Rough-In | L 0 | MEP_L_0_G095
1291519,MEP_L_1_G001_20291218,PO-000359,MEP Rough-In L 1 Group 001,MEP Rough-In | L 1 | MEP_L_1_G001
1291526,MEP_L_1_G001_20291218,PO-000359,MEP Rough-In L 1 Group 001,MEP Rough-In | L 1 | MEP_L_1_G001
1341466,MEP_L_1_G001_20291218,PO-000359,MEP Rough-In L 1 Group 001,MEP Rough-In | L 1 | MEP_L_1_G001
1290639,MEP_L_1_G002_20291218,PO-000360,MEP Rough-In L 1 Group 002,MEP Rough-In | L 1 | MEP_L_1_G002
1341465,MEP_L_1_G002_20291218,PO-000360,MEP Rough-In L 1 Group 002,MEP Rough-In | L 1 | MEP_L_1_G002
1341485,MEP_L_1_G002_20291218,PO-000360,MEP Rough-In L 1 Group 002,MEP Rough-In | L 1 | MEP_L_1_G002
1290718,MEP_L_1_G003_20291218,PO-000361,MEP Rough-In L 1 Group 003,MEP Rough-In | L 1 | MEP_L_1_G003
1291207,MEP_L_1_G003_20291218,PO-000361,MEP Rough-In L 1 Group 003,MEP Rough-In | L 1 | MEP_L_1_G003
1341486,MEP_L_1_G003_20291218,PO-000361,MEP Rough-In L 1 Group 003,MEP Rough-In | L 1 | MEP_L_1_G003
1290748,MEP_L_1_G004_20291218,PO-000362,MEP Rough-In L 1 Group 004,MEP Rough-In | L 1 | MEP_L_1_G004
1290765,MEP_L_1_G004_20291218,PO-000362,MEP Rough-In L 1 Group 004,MEP Rough-In | L 1 | MEP_L_1_G004
1291211,MEP_L_1_G004_20291218,PO-000362,MEP Rough-In L 1 Group 004,MEP Rough-In | L 1 | MEP_L_1_G004
1290782,MEP_L_1_G005_20291218,PO-000363,MEP Rough-In L 1 Group 005,MEP Rough-In | L 1 | MEP_L_1_G005
1290799,MEP_L_1_G005_20291218,PO-000363,MEP Rough-In L 1 Group 005,MEP Rough-In | L 1 | MEP_L_1_G005
1341425,MEP_L_1_G005_20291218,PO-000363,MEP Rough-In L 1 Group 005,MEP Rough-In | L 1 | MEP_L_1_G005
1290816,MEP_L_1_G006_20291218,PO-000364,MEP Rough-In L 1 Group 006,MEP Rough-In | L 1 | MEP_L_1_G006
1291221,MEP_L_1_G006_20291218,PO-000364,MEP Rough-In L 1 Group 006,MEP Rough-In | L 1 | MEP_L_1_G006
1341426,MEP_L_1_G006_20291218,PO-000364,MEP Rough-In L 1 Group 006,MEP Rough-In | L 1 | MEP_L_1_G006
1290833,MEP_L_1_G007_20291218,PO-000365,MEP Rough-In L 1 Group 007,MEP Rough-In | L 1 | MEP_L_1_G007
1291225,MEP_L_1_G007_20291218,PO-000365,MEP Rough-In L 1 Group 007,MEP Rough-In | L 1 | MEP_L_1_G007
1291229,MEP_L_1_G007_20291218,PO-000365,MEP Rough-In L 1 Group 007,MEP Rough-In | L 1 | MEP_L_1_G007
1290850,MEP_L_1_G008_20291218,PO-000366,MEP Rough-In L 1 Group 008,MEP Rough-In | L 1 | MEP_L_1_G008
1290867,MEP_L_1_G008_20291218,PO-000366,MEP Rough-In L 1 Group 008,MEP Rough-In | L 1 | MEP_L_1_G008
1291233,MEP_L_1_G008_20291218,PO-000366,MEP Rough-In L 1 Group 008,MEP Rough-In | L 1 | MEP_L_1_G008
1290884,MEP_L_1_G009_20291218,PO-000367,MEP Rough-In L 1 Group 009,MEP Rough-In | L 1 | MEP_L_1_G009
1291237,MEP_L_1_G009_20291218,PO-000367,MEP Rough-In L 1 Group 009,MEP Rough-In | L 1 | MEP_L_1_G009
1291243,MEP_L_1_G009_20291218,PO-000367,MEP Rough-In L 1 Group 009,MEP Rough-In | L 1 | MEP_L_1_G009
1290901,MEP_L_1_G010_20291218,PO-000368,MEP Rough-In L 1 Group 010,MEP Rough-In | L 1 | MEP_L_1_G010
1290918,MEP_L_1_G010_20291218,PO-000368,MEP Rough-In L 1 Group 010,MEP Rough-In | L 1 | MEP_L_1_G010
1291248,MEP_L_1_G010_20291218,PO-000368,MEP Rough-In L 1 Group 010,MEP Rough-In | L 1 | MEP_L_1_G010
1290935,MEP_L_1_G011_20291218,PO-000369,MEP Rough-In L 1 Group 011,MEP Rough-In | L 1 | MEP_L_1_G011
1291005,MEP_L_1_G011_20291218,PO-000369,MEP Rough-In L 1 Group 011,MEP Rough-In | L 1 | MEP_L_1_G011
1291252,MEP_L_1_G011_20291218,PO-000369,MEP Rough-In L 1 Group 011,MEP Rough-In | L 1 | MEP_L_1_G011
1290886,MEP_L_1_G012_20291218,PO-000370,MEP Rough-In L 1 Group 012,MEP Rough-In | L 1 | MEP_L_1_G012
1290903,MEP_L_1_G012_20291218,PO-000370,MEP Rough-In L 1 Group 012,MEP Rough-In | L 1 | MEP_L_1_G012
1290920,MEP_L_1_G012_20291218,PO-000370,MEP Rough-In L 1 Group 012,MEP Rough-In | L 1 | MEP_L_1_G012
1290835,MEP_L_1_G013_20291218,PO-000371,MEP Rough-In L 1 Group 013,MEP Rough-In | L 1 | MEP_L_1_G013
1290852,MEP_L_1_G013_20291218,PO-000371,MEP Rough-In L 1 Group 013,MEP Rough-In | L 1 | MEP_L_1_G013
1290869,MEP_L_1_G013_20291218,PO-000371,MEP Rough-In L 1 Group 013,MEP Rough-In | L 1 | MEP_L_1_G013
1290784,MEP_L_1_G014_20291218,PO-000372,MEP Rough-In L 1 Group 014,MEP Rough-In | L 1 | MEP_L_1_G014
1290801,MEP_L_1_G014_20291218,PO-000372,MEP Rough-In L 1 Group 014,MEP Rough-In | L 1 | MEP_L_1_G014
1290818,MEP_L_1_G014_20291218,PO-000372,MEP Rough-In L 1 Group 014,MEP Rough-In | L 1 | MEP_L_1_G014
1290720,MEP_L_1_G015_20291218,PO-000373,MEP Rough-In L 1 Group 015,MEP Rough-In | L 1 | MEP_L_1_G015
1290750,MEP_L_1_G015_20291218,PO-000373,MEP Rough-In L 1 Group 015,MEP Rough-In | L 1 | MEP_L_1_G015
1290767,MEP_L_1_G015_20291218,PO-000373,MEP Rough-In L 1 Group 015,MEP Rough-In | L 1 | MEP_L_1_G015
1290694,MEP_L_1_G016_20291218,PO-000374,MEP Rough-In L 1 Group 016,MEP Rough-In | L 1 | MEP_L_1_G016
1291253,MEP_L_1_G016_20291218,PO-000374,MEP Rough-In L 1 Group 016,MEP Rough-In | L 1 | MEP_L_1_G016
1291520,MEP_L_1_G016_20291218,PO-000374,MEP Rough-In L 1 Group 016,MEP Rough-In | L 1 | MEP_L_1_G016
1291238,MEP_L_1_G017_20291218,PO-000375,MEP Rough-In L 1 Group 017,MEP Rough-In | L 1 | MEP_L_1_G017
1291244,MEP_L_1_G017_20291218,PO-000375,MEP Rough-In L 1 Group 017,MEP Rough-In | L 1 | MEP_L_1_G017
1291249,MEP_L_1_G017_20291218,PO-000375,MEP Rough-In L 1 Group 017,MEP Rough-In | L 1 | MEP_L_1_G017
1291230,MEP_L_1_G018_20291218,PO-000376,MEP Rough-In L 1 Group 018,MEP Rough-In | L 1 | MEP_L_1_G018
1291234,MEP_L_1_G018_20291218,PO-000376,MEP Rough-In L 1 Group 018,MEP Rough-In | L 1 | MEP_L_1_G018
1291521,MEP_L_1_G018_20291218,PO-000376,MEP Rough-In L 1 Group 018,MEP Rough-In | L 1 | MEP_L_1_G018
1291218,MEP_L_1_G019_20291218,PO-000377,MEP Rough-In L 1 Group 019,MEP Rough-In | L 1 | MEP_L_1_G019
1291222,MEP_L_1_G019_20291218,PO-000377,MEP Rough-In L 1 Group 019,MEP Rough-In | L 1 | MEP_L_1_G019
1291226,MEP_L_1_G019_20291218,PO-000377,MEP Rough-In L 1 Group 019,MEP Rough-In | L 1 | MEP_L_1_G019
1291208,MEP_L_1_G020_20291218,PO-000378,MEP Rough-In L 1 Group 020,MEP Rough-In | L 1 | MEP_L_1_G020
1291212,MEP_L_1_G020_20291218,PO-000378,MEP Rough-In L 1 Group 020,MEP Rough-In | L 1 | MEP_L_1_G020
1291214,MEP_L_1_G020_20291218,PO-000378,MEP Rough-In L 1 Group 020,MEP Rough-In | L 1 | MEP_L_1_G020
1290919,MEP_L_1_G021_20291218,PO-000379,MEP Rough-In L 1 Group 021,MEP Rough-In | L 1 | MEP_L_1_G021
1290936,MEP_L_1_G021_20291218,PO-000379,MEP Rough-In L 1 Group 021,MEP Rough-In | L 1 | MEP_L_1_G021
1291203,MEP_L_1_G021_20291218,PO-000379,MEP Rough-In L 1 Group 021,MEP Rough-In | L 1 | MEP_L_1_G021
1290868,MEP_L_1_G022_20291218,PO-000380,MEP Rough-In L 1 Group 022,MEP Rough-In | L 1 | MEP_L_1_G022
1290885,MEP_L_1_G022_20291218,PO-000380,MEP Rough-In L 1 Group 022,MEP Rough-In | L 1 | MEP_L_1_G022
1290902,MEP_L_1_G022_20291218,PO-000380,MEP Rough-In L 1 Group 022,MEP Rough-In | L 1 | MEP_L_1_G022
1290719,MEP_L_1_G023_20291218,PO-000381,MEP Rough-In L 1 Group 023,MEP Rough-In | L 1 | MEP_L_1_G023
1290766,MEP_L_1_G023_20291218,PO-000381,MEP Rough-In L 1 Group 023,MEP Rough-In | L 1 | MEP_L_1_G023
1290851,MEP_L_1_G023_20291218,PO-000381,MEP Rough-In L 1 Group 023,MEP Rough-In | L 1 | MEP_L_1_G023
1290725,MEP_L_1_G024_20291218,PO-000382,MEP Rough-In L 1 Group 024,MEP Rough-In | L 1 | MEP_L_1_G024
1290817,MEP_L_1_G024_20291218,PO-000382,MEP Rough-In L 1 Group 024,MEP Rough-In | L 1 | MEP_L_1_G024
1290834,MEP_L_1_G024_20291218,PO-000382,MEP Rough-In L 1 Group 024,MEP Rough-In | L 1 | MEP_L_1_G024
1290680,MEP_L_1_G025_20291219,PO-000384,MEP Rough-In L 1 Group 025,MEP Rough-In | L 1 | MEP_L_1_G025
1290749,MEP_L_1_G025_20291219,PO-000384,MEP Rough-In L 1 Group 025,MEP Rough-In | L 1 | MEP_L_1_G025
1290800,MEP_L_1_G025_20291219,PO-000384,MEP Rough-In L 1 Group 025,MEP Rough-In | L 1 | MEP_L_1_G025
1290755,MEP_L_1_G026_20291219,PO-000385,MEP Rough-In L 1 Group 026,MEP Rough-In | L 1 | MEP_L_1_G026
1290772,MEP_L_1_G026_20291219,PO-000385,MEP Rough-In L 1 Group 026,MEP Rough-In | L 1 | MEP_L_1_G026
1290783,MEP_L_1_G026_20291219,PO-000385,MEP Rough-In L 1 Group 026,MEP Rough-In | L 1 | MEP_L_1_G026
1290710,MEP_L_1_G027_20291219,PO-000386,MEP Rough-In L 1 Group 027,MEP Rough-In | L 1 | MEP_L_1_G027
1290789,MEP_L_1_G027_20291219,PO-000386,MEP Rough-In L 1 Group 027,MEP Rough-In | L 1 | MEP_L_1_G027
1290806,MEP_L_1_G027_20291219,PO-000386,MEP Rough-In L 1 Group 027,MEP Rough-In | L 1 | MEP_L_1_G027
1290823,MEP_L_1_G028_20291219,PO-000387,MEP Rough-In L 1 Group 028,MEP Rough-In | L 1 | MEP_L_1_G028
1290840,MEP_L_1_G028_20291219,PO-000387,MEP Rough-In L 1 Group 028,MEP Rough-In | L 1 | MEP_L_1_G028
1290857,MEP_L_1_G028_20291219,PO-000387,MEP Rough-In L 1 Group 028,MEP Rough-In | L 1 | MEP_L_1_G028
1290874,MEP_L_1_G029_20291219,PO-000388,MEP Rough-In L 1 Group 029,MEP Rough-In | L 1 | MEP_L_1_G029
1290891,MEP_L_1_G029_20291219,PO-000388,MEP Rough-In L 1 Group 029,MEP Rough-In | L 1 | MEP_L_1_G029
1290908,MEP_L_1_G029_20291219,PO-000388,MEP Rough-In L 1 Group 029,MEP Rough-In | L 1 | MEP_L_1_G029
1290717,MEP_L_1_G030_20291219,PO-000389,MEP Rough-In L 1 Group 030,MEP Rough-In | L 1 | MEP_L_1_G030
1290925,MEP_L_1_G030_20291219,PO-000389,MEP Rough-In L 1 Group 030,MEP Rough-In | L 1 | MEP_L_1_G030
1290942,MEP_L_1_G030_20291219,PO-000389,MEP Rough-In L 1 Group 030,MEP Rough-In | L 1 | MEP_L_1_G030
1290630,MEP_L_1_G031_20291219,PO-000390,MEP Rough-In L 1 Group 031,MEP Rough-In | L 1 | MEP_L_1_G031
1290747,MEP_L_1_G031_20291219,PO-000390,MEP Rough-In L 1 Group 031,MEP Rough-In | L 1 | MEP_L_1_G031
1290764,MEP_L_1_G031_20291219,PO-000390,MEP Rough-In L 1 Group 031,MEP Rough-In | L 1 | MEP_L_1_G031
1290781,MEP_L_1_G032_20291219,PO-000391,MEP Rough-In L 1 Group 032,MEP Rough-In | L 1 | MEP_L_1_G032
1290798,MEP_L_1_G032_20291219,PO-000391,MEP Rough-In L 1 Group 032,MEP Rough-In | L 1 | MEP_L_1_G032
1290815,MEP_L_1_G032_20291219,PO-000391,MEP Rough-In L 1 Group 032,MEP Rough-In | L 1 | MEP_L_1_G032
1290832,MEP_L_1_G033_20291219,PO-000392,MEP Rough-In L 1 Group 033,MEP Rough-In | L 1 | MEP_L_1_G033
1290849,MEP_L_1_G033_20291219,PO-000392,MEP Rough-In L 1 Group 033,MEP Rough-In | L 1 | MEP_L_1_G033
1290866,MEP_L_1_G033_20291219,PO-000392,MEP Rough-In L 1 Group 033,MEP Rough-In | L 1 | MEP_L_1_G033
1290883,MEP_L_1_G034_20291219,PO-000393,MEP Rough-In L 1 Group 034,MEP Rough-In | L 1 | MEP_L_1_G034
1290900,MEP_L_1_G034_20291219,PO-000393,MEP Rough-In L 1 Group 034,MEP Rough-In | L 1 | MEP_L_1_G034
1290917,MEP_L_1_G034_20291219,PO-000393,MEP Rough-In L 1 Group 034,MEP Rough-In | L 1 | MEP_L_1_G034
1271225,MEP_L_1_G035_20291219,PO-000394,MEP Rough-In L 1 Group 035,MEP Rough-In | L 1 | MEP_L_1_G035
1271237,MEP_L_1_G035_20291219,PO-000394,MEP Rough-In L 1 Group 035,MEP Rough-In | L 1 | MEP_L_1_G035
1290934,MEP_L_1_G035_20291219,PO-000394,MEP Rough-In L 1 Group 035,MEP Rough-In | L 1 | MEP_L_1_G035
1271189,MEP_L_1_G036_20291219,PO-000395,MEP Rough-In L 1 Group 036,MEP Rough-In | L 1 | MEP_L_1_G036
1271201,MEP_L_1_G036_20291219,PO-000395,MEP Rough-In L 1 Group 036,MEP Rough-In | L 1 | MEP_L_1_G036
1271213,MEP_L_1_G036_20291219,PO-000395,MEP Rough-In L 1 Group 036,MEP Rough-In | L 1 | MEP_L_1_G036
1271153,MEP_L_1_G037_20291219,PO-000396,MEP Rough-In L 1 Group 037,MEP Rough-In | L 1 | MEP_L_1_G037
1271165,MEP_L_1_G037_20291219,PO-000396,MEP Rough-In L 1 Group 037,MEP Rough-In | L 1 | MEP_L_1_G037
1271177,MEP_L_1_G037_20291219,PO-000396,MEP Rough-In L 1 Group 037,MEP Rough-In | L 1 | MEP_L_1_G037
1271117,MEP_L_1_G038_20291219,PO-000397,MEP Rough-In L 1 Group 038,MEP Rough-In | L 1 | MEP_L_1_G038
1271129,MEP_L_1_G038_20291219,PO-000397,MEP Rough-In L 1 Group 038,MEP Rough-In | L 1 | MEP_L_1_G038
1271141,MEP_L_1_G038_20291219,PO-000397,MEP Rough-In L 1 Group 038,MEP Rough-In | L 1 | MEP_L_1_G038
1270996,MEP_L_1_G039_20291219,PO-000398,MEP Rough-In L 1 Group 039,MEP Rough-In | L 1 | MEP_L_1_G039
1271092,MEP_L_1_G039_20291219,PO-000398,MEP Rough-In L 1 Group 039,MEP Rough-In | L 1 | MEP_L_1_G039
1271105,MEP_L_1_G039_20291219,PO-000398,MEP Rough-In L 1 Group 039,MEP Rough-In | L 1 | MEP_L_1_G039
1085785,MEP_L_1_G040_20291219,PO-000399,MEP Rough-In L 1 Group 040,MEP Rough-In | L 1 | MEP_L_1_G040
1145495,MEP_L_1_G040_20291219,PO-000399,MEP Rough-In L 1 Group 040,MEP Rough-In | L 1 | MEP_L_1_G040
1270472,MEP_L_1_G040_20291219,PO-000399,MEP Rough-In L 1 Group 040,MEP Rough-In | L 1 | MEP_L_1_G040
1145435,MEP_L_1_G041_20291219,PO-000400,MEP Rough-In L 1 Group 041,MEP Rough-In | L 1 | MEP_L_1_G041
1145499,MEP_L_1_G041_20291219,PO-000400,MEP Rough-In L 1 Group 041,MEP Rough-In | L 1 | MEP_L_1_G041
1145501,MEP_L_1_G041_20291219,PO-000400,MEP Rough-In L 1 Group 041,MEP Rough-In | L 1 | MEP_L_1_G041
1145425,MEP_L_1_G042_20291219,PO-000401,MEP Rough-In L 1 Group 042,MEP Rough-In | L 1 | MEP_L_1_G042
1145440,MEP_L_1_G042_20291219,PO-000401,MEP Rough-In L 1 Group 042,MEP Rough-In | L 1 | MEP_L_1_G042
1145498,MEP_L_1_G042_20291219,PO-000401,MEP Rough-In L 1 Group 042,MEP Rough-In | L 1 | MEP_L_1_G042
1082649,MEP_L_1_G043_20291219,PO-000402,MEP Rough-In L 1 Group 043,MEP Rough-In | L 1 | MEP_L_1_G043
1087184,MEP_L_1_G043_20291219,PO-000402,MEP Rough-In L 1 Group 043,MEP Rough-In | L 1 | MEP_L_1_G043
1291416,MEP_L_1_G043_20291219,PO-000402,MEP Rough-In L 1 Group 043,MEP Rough-In | L 1 | MEP_L_1_G043
1145494,MEP_L_1_G044_20291219,PO-000403,MEP Rough-In L 1 Group 044,MEP Rough-In | L 1 | MEP_L_1_G044
1145500,MEP_L_1_G044_20291219,PO-000403,MEP Rough-In L 1 Group 044,MEP Rough-In | L 1 | MEP_L_1_G044
1291415,MEP_L_1_G044_20291219,PO-000403,MEP Rough-In L 1 Group 044,MEP Rough-In | L 1 | MEP_L_1_G044
1087185,MEP_L_1_G045_20291219,PO-000404,MEP Rough-In L 1 Group 045,MEP Rough-In | L 1 | MEP_L_1_G045
1136698,MEP_L_1_G045_20291219,PO-000404,MEP Rough-In L 1 Group 045,MEP Rough-In | L 1 | MEP_L_1_G045
1233477,MEP_L_1_G045_20291219,PO-000404,MEP Rough-In L 1 Group 045,MEP Rough-In | L 1 | MEP_L_1_G045
1130986,MEP_L_1_G046_20291219,PO-000405,MEP Rough-In L 1 Group 046,MEP Rough-In | L 1 | MEP_L_1_G046
1233473,MEP_L_1_G046_20291219,PO-000405,MEP Rough-In L 1 Group 046,MEP Rough-In | L 1 | MEP_L_1_G046
1290595,MEP_L_1_G046_20291219,PO-000405,MEP Rough-In L 1 Group 046,MEP Rough-In | L 1 | MEP_L_1_G046
1131054,MEP_L_1_G047_20291219,PO-000406,MEP Rough-In L 1 Group 047,MEP Rough-In | L 1 | MEP_L_1_G047
1290484,MEP_L_1_G047_20291219,PO-000406,MEP Rough-In L 1 Group 047,MEP Rough-In | L 1 | MEP_L_1_G047
1290594,MEP_L_1_G047_20291219,PO-000406,MEP Rough-In L 1 Group 047,MEP Rough-In | L 1 | MEP_L_1_G047
1087153,MEP_L_1_G048_20291219,PO-000407,MEP Rough-In L 1 Group 048,MEP Rough-In | L 1 | MEP_L_1_G048
1131042,MEP_L_1_G048_20291219,PO-000407,MEP Rough-In L 1 Group 048,MEP Rough-In | L 1 | MEP_L_1_G048
1131051,MEP_L_1_G048_20291219,PO-000407,MEP Rough-In L 1 Group 048,MEP Rough-In | L 1 | MEP_L_1_G048
1087051,MEP_L_1_G049_20291220,PO-000409,MEP Rough-In L 1 Group 049,MEP Rough-In | L 1 | MEP_L_1_G049
1136699,MEP_L_1_G049_20291220,PO-000409,MEP Rough-In L 1 Group 049,MEP Rough-In | L 1 | MEP_L_1_G049
1233447,MEP_L_1_G049_20291220,PO-000409,MEP Rough-In L 1 Group 049,MEP Rough-In | L 1 | MEP_L_1_G049
1087152,MEP_L_1_G050_20291220,PO-000410,MEP Rough-In L 1 Group 050,MEP Rough-In | L 1 | MEP_L_1_G050
1135855,MEP_L_1_G050_20291220,PO-000410,MEP Rough-In L 1 Group 050,MEP Rough-In | L 1 | MEP_L_1_G050
1136701,MEP_L_1_G050_20291220,PO-000410,MEP Rough-In L 1 Group 050,MEP Rough-In | L 1 | MEP_L_1_G050
1126780,MEP_L_1_G051_20291220,PO-000411,MEP Rough-In L 1 Group 051,MEP Rough-In | L 1 | MEP_L_1_G051
1203607,MEP_L_1_G051_20291220,PO-000411,MEP Rough-In L 1 Group 051,MEP Rough-In | L 1 | MEP_L_1_G051
1293449,MEP_L_1_G051_20291220,PO-000411,MEP Rough-In L 1 Group 051,MEP Rough-In | L 1 | MEP_L_1_G051
1083126,MEP_L_1_G052_20291220,PO-000412,MEP Rough-In L 1 Group 052,MEP Rough-In | L 1 | MEP_L_1_G052
1203611,MEP_L_1_G052_20291220,PO-000412,MEP Rough-In L 1 Group 052,MEP Rough-In | L 1 | MEP_L_1_G052
1293448,MEP_L_1_G052_20291220,PO-000412,MEP Rough-In L 1 Group 052,MEP Rough-In | L 1 | MEP_L_1_G052
1087052,MEP_L_1_G053_20291220,PO-000413,MEP Rough-In L 1 Group 053,MEP Rough-In | L 1 | MEP_L_1_G053
1135714,MEP_L_1_G053_20291220,PO-000413,MEP Rough-In L 1 Group 053,MEP Rough-In | L 1 | MEP_L_1_G053
1136705,MEP_L_1_G053_20291220,PO-000413,MEP Rough-In L 1 Group 053,MEP Rough-In | L 1 | MEP_L_1_G053
1082486,MEP_L_1_G054_20291220,PO-000414,MEP Rough-In L 1 Group 054,MEP Rough-In | L 1 | MEP_L_1_G054
1087207,MEP_L_1_G054_20291220,PO-000414,MEP Rough-In L 1 Group 054,MEP Rough-In | L 1 | MEP_L_1_G054
1136706,MEP_L_1_G054_20291220,PO-000414,MEP Rough-In L 1 Group 054,MEP Rough-In | L 1 | MEP_L_1_G054
1135740,MEP_L_1_G055_20291220,PO-000415,MEP Rough-In L 1 Group 055,MEP Rough-In | L 1 | MEP_L_1_G055
1135947,MEP_L_1_G055_20291220,PO-000415,MEP Rough-In L 1 Group 055,MEP Rough-In | L 1 | MEP_L_1_G055
1293488,MEP_L_1_G055_20291220,PO-000415,MEP Rough-In L 1 Group 055,MEP Rough-In | L 1 | MEP_L_1_G055
1145492,MEP_L_1_G056_20291220,PO-000416,MEP Rough-In L 1 Group 056,MEP Rough-In | L 1 | MEP_L_1_G056
1145496,MEP_L_1_G056_20291220,PO-000416,MEP Rough-In L 1 Group 056,MEP Rough-In | L 1 | MEP_L_1_G056
1145502,MEP_L_1_G056_20291220,PO-000416,MEP Rough-In L 1 Group 056,MEP Rough-In | L 1 | MEP_L_1_G056
1135741,MEP_L_1_G057_20291220,PO-000417,MEP Rough-In L 1 Group 057,MEP Rough-In | L 1 | MEP_L_1_G057
1135748,MEP_L_1_G057_20291220,PO-000417,MEP Rough-In L 1 Group 057,MEP Rough-In | L 1 | MEP_L_1_G057
1135958,MEP_L_1_G057_20291220,PO-000417,MEP Rough-In L 1 Group 057,MEP Rough-In | L 1 | MEP_L_1_G057
1087208,MEP_L_1_G058_20291220,PO-000418,MEP Rough-In L 1 Group 058,MEP Rough-In | L 1 | MEP_L_1_G058
1135931,MEP_L_1_G058_20291220,PO-000418,MEP Rough-In L 1 Group 058,MEP Rough-In | L 1 | MEP_L_1_G058
1135949,MEP_L_1_G058_20291220,PO-000418,MEP Rough-In L 1 Group 058,MEP Rough-In | L 1 | MEP_L_1_G058
1293161,MEP_L_1_G059_20291220,PO-000419,MEP Rough-In L 1 Group 059,MEP Rough-In | L 1 | MEP_L_1_G059
1293166,MEP_L_1_G059_20291220,PO-000419,MEP Rough-In L 1 Group 059,MEP Rough-In | L 1 | MEP_L_1_G059
1525525,MEP_L_1_G059_20291220,PO-000419,MEP Rough-In L 1 Group 059,MEP Rough-In | L 1 | MEP_L_1_G059
1293139,MEP_L_1_G060_20291220,PO-000420,MEP Rough-In L 1 Group 060,MEP Rough-In | L 1 | MEP_L_1_G060
1293149,MEP_L_1_G060_20291220,PO-000420,MEP Rough-In L 1 Group 060,MEP Rough-In | L 1 | MEP_L_1_G060
1293156,MEP_L_1_G060_20291220,PO-000420,MEP Rough-In L 1 Group 060,MEP Rough-In | L 1 | MEP_L_1_G060
1145420,MEP_L_1_G061_20291220,PO-000421,MEP Rough-In L 1 Group 061,MEP Rough-In | L 1 | MEP_L_1_G061
1145430,MEP_L_1_G061_20291220,PO-000421,MEP Rough-In L 1 Group 061,MEP Rough-In | L 1 | MEP_L_1_G061
1145445,MEP_L_1_G061_20291220,PO-000421,MEP Rough-In L 1 Group 061,MEP Rough-In | L 1 | MEP_L_1_G061
1126920,MEP_L_1_G062_20291220,PO-000422,MEP Rough-In L 1 Group 062,MEP Rough-In | L 1 | MEP_L_1_G062
1135959,MEP_L_1_G062_20291220,PO-000422,MEP Rough-In L 1 Group 062,MEP Rough-In | L 1 | MEP_L_1_G062
1145450,MEP_L_1_G062_20291220,PO-000422,MEP Rough-In L 1 Group 062,MEP Rough-In | L 1 | MEP_L_1_G062
1126901,MEP_L_1_G063_20291220,PO-000423,MEP Rough-In L 1 Group 063,MEP Rough-In | L 1 | MEP_L_1_G063
1135926,MEP_L_1_G063_20291220,PO-000423,MEP Rough-In L 1 Group 063,MEP Rough-In | L 1 | MEP_L_1_G063
1135930,MEP_L_1_G063_20291220,PO-000423,MEP Rough-In L 1 Group 063,MEP Rough-In | L 1 | MEP_L_1_G063
1135809,MEP_L_1_G064_20291220,PO-000424,MEP Rough-In L 1 Group 064,MEP Rough-In | L 1 | MEP_L_1_G064
1135950,MEP_L_1_G064_20291220,PO-000424,MEP Rough-In L 1 Group 064,MEP Rough-In | L 1 | MEP_L_1_G064
1135957,MEP_L_1_G064_20291220,PO-000424,MEP Rough-In L 1 Group 064,MEP Rough-In | L 1 | MEP_L_1_G064
1135816,MEP_L_1_G065_20291220,PO-000425,MEP Rough-In L 1 Group 065,MEP Rough-In | L 1 | MEP_L_1_G065
1145493,MEP_L_1_G065_20291220,PO-000425,MEP Rough-In L 1 Group 065,MEP Rough-In | L 1 | MEP_L_1_G065
1145497,MEP_L_1_G065_20291220,PO-000425,MEP Rough-In L 1 Group 065,MEP Rough-In | L 1 | MEP_L_1_G065
1145503,MEP_L_1_G066_20291220,PO-000426,MEP Rough-In L 1 Group 066,MEP Rough-In | L 1 | MEP_L_1_G066
1145505,MEP_L_1_G066_20291220,PO-000426,MEP Rough-In L 1 Group 066,MEP Rough-In | L 1 | MEP_L_1_G066
1156592,MEP_L_1_G066_20291220,PO-000426,MEP Rough-In L 1 Group 066,MEP Rough-In | L 1 | MEP_L_1_G066
1082712,MEP_L_1_G067_20291220,PO-000427,MEP Rough-In L 1 Group 067,MEP Rough-In | L 1 | MEP_L_1_G067
1087222,MEP_L_1_G067_20291220,PO-000427,MEP Rough-In L 1 Group 067,MEP Rough-In | L 1 | MEP_L_1_G067
1136707,MEP_L_1_G067_20291220,PO-000427,MEP Rough-In L 1 Group 067,MEP Rough-In | L 1 | MEP_L_1_G067
1135817,MEP_L_1_G068_20291220,PO-000428,MEP Rough-In L 1 Group 068,MEP Rough-In | L 1 | MEP_L_1_G068
1156610,MEP_L_1_G068_20291220,PO-000428,MEP Rough-In L 1 Group 068,MEP Rough-In | L 1 | MEP_L_1_G068
1156642,MEP_L_1_G068_20291220,PO-000428,MEP Rough-In L 1 Group 068,MEP Rough-In | L 1 | MEP_L_1_G068
1156561,MEP_L_1_G069_20291220,PO-000429,MEP Rough-In L 1 Group 069,MEP Rough-In | L 1 | MEP_L_1_G069
1156626,MEP_L_1_G069_20291220,PO-000429,MEP Rough-In L 1 Group 069,MEP Rough-In | L 1 | MEP_L_1_G069
1233486,MEP_L_1_G069_20291220,PO-000429,MEP Rough-In L 1 Group 069,MEP Rough-In | L 1 | MEP_L_1_G069
1293240,MEP_L_1_G070_20291220,PO-000430,MEP Rough-In L 1 Group 070,MEP Rough-In | L 1 | MEP_L_1_G070
1293316,MEP_L_1_G070_20291220,PO-000430,MEP Rough-In L 1 Group 070,MEP Rough-In | L 1 | MEP_L_1_G070
1293367,MEP_L_1_G070_20291220,PO-000430,MEP Rough-In L 1 Group 070,MEP Rough-In | L 1 | MEP_L_1_G070
1156633,MEP_L_1_G071_20291220,PO-000431,MEP Rough-In L 1 Group 071,MEP Rough-In | L 1 | MEP_L_1_G071
1293359,MEP_L_1_G071_20291220,PO-000431,MEP Rough-In L 1 Group 071,MEP Rough-In | L 1 | MEP_L_1_G071
1293360,MEP_L_1_G071_20291220,PO-000431,MEP Rough-In L 1 Group 071,MEP Rough-In | L 1 | MEP_L_1_G071
1156599,MEP_L_1_G072_20291220,PO-000432,MEP Rough-In L 1 Group 072,MEP Rough-In | L 1 | MEP_L_1_G072
1156617,MEP_L_1_G072_20291220,PO-000432,MEP Rough-In L 1 Group 072,MEP Rough-In | L 1 | MEP_L_1_G072
1293239,MEP_L_1_G072_20291220,PO-000432,MEP Rough-In L 1 Group 072,MEP Rough-In | L 1 | MEP_L_1_G072
1156213,MEP_L_1_G073_20291221,PO-000434,MEP Rough-In L 1 Group 073,MEP Rough-In | L 1 | MEP_L_1_G073
1156253,MEP_L_1_G073_20291221,PO-000434,MEP Rough-In L 1 Group 073,MEP Rough-In | L 1 | MEP_L_1_G073
1293242,MEP_L_1_G073_20291221,PO-000434,MEP Rough-In L 1 Group 073,MEP Rough-In | L 1 | MEP_L_1_G073
1155957,MEP_L_1_G074_20291221,PO-000435,MEP Rough-In L 1 Group 074,MEP Rough-In | L 1 | MEP_L_1_G074
1156220,MEP_L_1_G074_20291221,PO-000435,MEP Rough-In L 1 Group 074,MEP Rough-In | L 1 | MEP_L_1_G074
1233483,MEP_L_1_G074_20291221,PO-000435,MEP Rough-In L 1 Group 074,MEP Rough-In | L 1 | MEP_L_1_G074
1156600,MEP_L_1_G075_20291221,PO-000436,MEP Rough-In L 1 Group 075,MEP Rough-In | L 1 | MEP_L_1_G075
1233482,MEP_L_1_G075_20291221,PO-000436,MEP Rough-In L 1 Group 075,MEP Rough-In | L 1 | MEP_L_1_G075
1233485,MEP_L_1_G075_20291221,PO-000436,MEP Rough-In L 1 Group 075,MEP Rough-In | L 1 | MEP_L_1_G075
1156295,MEP_L_1_G076_20291221,PO-000437,MEP Rough-In L 1 Group 076,MEP Rough-In | L 1 | MEP_L_1_G076
1156303,MEP_L_1_G076_20291221,PO-000437,MEP Rough-In L 1 Group 076,MEP Rough-In | L 1 | MEP_L_1_G076
1156364,MEP_L_1_G076_20291221,PO-000437,MEP Rough-In L 1 Group 076,MEP Rough-In | L 1 | MEP_L_1_G076
1156618,MEP_L_1_G077_20291221,PO-000438,MEP Rough-In L 1 Group 077,MEP Rough-In | L 1 | MEP_L_1_G077
1293281,MEP_L_1_G077_20291221,PO-000438,MEP Rough-In L 1 Group 077,MEP Rough-In | L 1 | MEP_L_1_G077
1293315,MEP_L_1_G077_20291221,PO-000438,MEP Rough-In L 1 Group 077,MEP Rough-In | L 1 | MEP_L_1_G077
1155984,MEP_L_1_G078_20291221,PO-000439,MEP Rough-In L 1 Group 078,MEP Rough-In | L 1 | MEP_L_1_G078
1156634,MEP_L_1_G078_20291221,PO-000439,MEP Rough-In L 1 Group 078,MEP Rough-In | L 1 | MEP_L_1_G078
1293366,MEP_L_1_G078_20291221,PO-000439,MEP Rough-In L 1 Group 078,MEP Rough-In | L 1 | MEP_L_1_G078
1135945,MEP_L_1_G079_20291221,PO-000440,MEP Rough-In L 1 Group 079,MEP Rough-In | L 1 | MEP_L_1_G079
1155983,MEP_L_1_G079_20291221,PO-000440,MEP Rough-In L 1 Group 079,MEP Rough-In | L 1 | MEP_L_1_G079
1378577,MEP_L_1_G079_20291221,PO-000440,MEP Rough-In L 1 Group 079,MEP Rough-In | L 1 | MEP_L_1_G079
1126761,MEP_L_1_G080_20291221,PO-000441,MEP Rough-In L 1 Group 080,MEP Rough-In | L 1 | MEP_L_1_G080
1203600,MEP_L_1_G080_20291221,PO-000441,MEP Rough-In L 1 Group 080,MEP Rough-In | L 1 | MEP_L_1_G080
1203604,MEP_L_1_G080_20291221,PO-000441,MEP Rough-In L 1 Group 080,MEP Rough-In | L 1 | MEP_L_1_G080
1136091,MEP_L_1_G081_20291221,PO-000442,MEP Rough-In L 1 Group 081,MEP Rough-In | L 1 | MEP_L_1_G081
1293529,MEP_L_1_G081_20291221,PO-000442,MEP Rough-In L 1 Group 081,MEP Rough-In | L 1 | MEP_L_1_G081
1293530,MEP_L_1_G081_20291221,PO-000442,MEP Rough-In L 1 Group 081,MEP Rough-In | L 1 | MEP_L_1_G081
1087223,MEP_L_1_G082_20291221,PO-000443,MEP Rough-In L 1 Group 082,MEP Rough-In | L 1 | MEP_L_1_G082
1135673,MEP_L_1_G082_20291221,PO-000443,MEP Rough-In L 1 Group 082,MEP Rough-In | L 1 | MEP_L_1_G082
1378578,MEP_L_1_G082_20291221,PO-000443,MEP Rough-In L 1 Group 082,MEP Rough-In | L 1 | MEP_L_1_G082
1271441,MEP_L_1_G083_20291221,PO-000444,MEP Rough-In L 1 Group 083,MEP Rough-In | L 1 | MEP_L_1_G083
1271454,MEP_L_1_G083_20291221,PO-000444,MEP Rough-In L 1 Group 083,MEP Rough-In | L 1 | MEP_L_1_G083
1271467,MEP_L_1_G083_20291221,PO-000444,MEP Rough-In L 1 Group 083,MEP Rough-In | L 1 | MEP_L_1_G083
1235385,MEP_L_1_G084_20291221,PO-000445,MEP Rough-In L 1 Group 084,MEP Rough-In | L 1 | MEP_L_1_G084
1271366,MEP_L_1_G084_20291221,PO-000445,MEP Rough-In L 1 Group 084,MEP Rough-In | L 1 | MEP_L_1_G084
1271428,MEP_L_1_G084_20291221,PO-000445,MEP Rough-In L 1 Group 084,MEP Rough-In | L 1 | MEP_L_1_G084
1087237,MEP_L_1_G085_20291221,PO-000446,MEP Rough-In L 1 Group 085,MEP Rough-In | L 1 | MEP_L_1_G085
1136708,MEP_L_1_G085_20291221,PO-000446,MEP Rough-In L 1 Group 085,MEP Rough-In | L 1 | MEP_L_1_G085
1136709,MEP_L_1_G085_20291221,PO-000446,MEP Rough-In L 1 Group 085,MEP Rough-In | L 1 | MEP_L_1_G085
1082897,MEP_L_1_G086_20291221,PO-000447,MEP Rough-In L 1 Group 086,MEP Rough-In | L 1 | MEP_L_1_G086
1135674,MEP_L_1_G086_20291221,PO-000447,MEP Rough-In L 1 Group 086,MEP Rough-In | L 1 | MEP_L_1_G086
1135943,MEP_L_1_G086_20291221,PO-000447,MEP Rough-In L 1 Group 086,MEP Rough-In | L 1 | MEP_L_1_G086
1087238,MEP_L_1_G087_20291221,PO-000448,MEP Rough-In L 1 Group 087,MEP Rough-In | L 1 | MEP_L_1_G087
1127081,MEP_L_1_G087_20291221,PO-000448,MEP Rough-In L 1 Group 087,MEP Rough-In | L 1 | MEP_L_1_G087
1135602,MEP_L_1_G087_20291221,PO-000448,MEP Rough-In L 1 Group 087,MEP Rough-In | L 1 | MEP_L_1_G087
1128228,MEP_L_1_G088_20291221,PO-000449,MEP Rough-In L 1 Group 088,MEP Rough-In | L 1 | MEP_L_1_G088
1135637,MEP_L_1_G088_20291221,PO-000449,MEP Rough-In L 1 Group 088,MEP Rough-In | L 1 | MEP_L_1_G088
1135944,MEP_L_1_G088_20291221,PO-000449,MEP Rough-In L 1 Group 088,MEP Rough-In | L 1 | MEP_L_1_G088
1126868,MEP_L_1_G089_20291221,PO-000450,MEP Rough-In L 1 Group 089,MEP Rough-In | L 1 | MEP_L_1_G089
1135659,MEP_L_1_G089_20291221,PO-000450,MEP Rough-In L 1 Group 089,MEP Rough-In | L 1 | MEP_L_1_G089
1135952,MEP_L_1_G089_20291221,PO-000450,MEP Rough-In L 1 Group 089,MEP Rough-In | L 1 | MEP_L_1_G089
1135652,MEP_L_1_G090_20291221,PO-000451,MEP Rough-In L 1 Group 090,MEP Rough-In | L 1 | MEP_L_1_G090
1135878,MEP_L_1_G090_20291221,PO-000451,MEP Rough-In L 1 Group 090,MEP Rough-In | L 1 | MEP_L_1_G090
1135951,MEP_L_1_G090_20291221,PO-000451,MEP Rough-In L 1 Group 090,MEP Rough-In | L 1 | MEP_L_1_G090
1087433,MEP_L_1_G091_20291221,PO-000452,MEP Rough-In L 1 Group 091,MEP Rough-In | L 1 | MEP_L_1_G091
1136718,MEP_L_1_G091_20291221,PO-000452,MEP Rough-In L 1 Group 091,MEP Rough-In | L 1 | MEP_L_1_G091
1155976,MEP_L_1_G091_20291221,PO-000452,MEP Rough-In L 1 Group 091,MEP Rough-In | L 1 | MEP_L_1_G091
1130130,MEP_L_1_G092_20291221,PO-000453,MEP Rough-In L 1 Group 092,MEP Rough-In | L 1 | MEP_L_1_G092
1130140,MEP_L_1_G092_20291221,PO-000453,MEP Rough-In L 1 Group 092,MEP Rough-In | L 1 | MEP_L_1_G092
1130348,MEP_L_1_G092_20291221,PO-000453,MEP Rough-In L 1 Group 092,MEP Rough-In | L 1 | MEP_L_1_G092
1130122,MEP_L_1_G093_20291221,PO-000454,MEP Rough-In L 1 Group 093,MEP Rough-In | L 1 | MEP_L_1_G093
1130127,MEP_L_1_G093_20291221,PO-000454,MEP Rough-In L 1 Group 093,MEP Rough-In | L 1 | MEP_L_1_G093
1130137,MEP_L_1_G093_20291221,PO-000454,MEP Rough-In L 1 Group 093,MEP Rough-In | L 1 | MEP_L_1_G093
1087426,MEP_L_1_G094_20291221,PO-000455,MEP Rough-In L 1 Group 094,MEP Rough-In | L 1 | MEP_L_1_G094
1130108,MEP_L_1_G094_20291221,PO-000455,MEP Rough-In L 1 Group 094,MEP Rough-In | L 1 | MEP_L_1_G094
1130111,MEP_L_1_G094_20291221,PO-000455,MEP Rough-In L 1 Group 094,MEP Rough-In | L 1 | MEP_L_1_G094
1084400,MEP_L_1_G095_20291221,PO-000456,MEP Rough-In L 1 Group 095,MEP Rough-In | L 1 | MEP_L_1_G095
1155156,MEP_L_1_G095_20291221,PO-000456,MEP Rough-In L 1 Group 095,MEP Rough-In | L 1 | MEP_L_1_G095
1155159,MEP_L_1_G095_20291221,PO-000456,MEP Rough-In L 1 Group 095,MEP Rough-In | L 1 | MEP_L_1_G095
1155160,MEP_L_1_G096_20291221,PO-000457,MEP Rough-In L 1 Group 096,MEP Rough-In | L 1 | MEP_L_1_G096
1241491,MEP_L_1_G096_20291221,PO-000457,MEP Rough-In L 1 Group 096,MEP Rough-In | L 1 | MEP_L_1_G096
1241495,MEP_L_1_G096_20291221,PO-000457,MEP Rough-In L 1 Group 096,MEP Rough-In | L 1 | MEP_L_1_G096
1087434,MEP_L_1_G097_20291224,PO-000459,MEP Rough-In L 1 Group 097,MEP Rough-In | L 1 | MEP_L_1_G097
1281312,MEP_L_1_G097_20291224,PO-000459,MEP Rough-In L 1 Group 097,MEP Rough-In | L 1 | MEP_L_1_G097
1281321,MEP_L_1_G097_20291224,PO-000459,MEP Rough-In L 1 Group 097,MEP Rough-In | L 1 | MEP_L_1_G097
1268727,MEP_L_1_G098_20291224,PO-000460,MEP Rough-In L 1 Group 098,MEP Rough-In | L 1 | MEP_L_1_G098
1281282,MEP_L_1_G098_20291224,PO-000460,MEP Rough-In L 1 Group 098,MEP Rough-In | L 1 | MEP_L_1_G098
1281299,MEP_L_1_G098_20291224,PO-000460,MEP Rough-In L 1 Group 098,MEP Rough-In | L 1 | MEP_L_1_G098
1270060,MEP_L_1_G099_20291224,PO-000461,MEP Rough-In L 1 Group 099,MEP Rough-In | L 1 | MEP_L_1_G099
1341931,MEP_L_1_G099_20291224,PO-000461,MEP Rough-In L 1 Group 099,MEP Rough-In | L 1 | MEP_L_1_G099
1343222,MEP_L_1_G099_20291224,PO-000461,MEP Rough-In L 1 Group 099,MEP Rough-In | L 1 | MEP_L_1_G099
1136714,MEP_L_1_G100_20291224,PO-000462,MEP Rough-In L 1 Group 100,MEP Rough-In | L 1 | MEP_L_1_G100
1269604,MEP_L_1_G100_20291224,PO-000462,MEP Rough-In L 1 Group 100,MEP Rough-In | L 1 | MEP_L_1_G100
1270047,MEP_L_1_G100_20291224,PO-000462,MEP Rough-In L 1 Group 100,MEP Rough-In | L 1 | MEP_L_1_G100
1087401,MEP_L_1_G101_20291224,PO-000463,MEP Rough-In L 1 Group 101,MEP Rough-In | L 1 | MEP_L_1_G101
1290218,MEP_L_1_G101_20291224,PO-000463,MEP Rough-In L 1 Group 101,MEP Rough-In | L 1 | MEP_L_1_G101
1290250,MEP_L_1_G101_20291224,PO-000463,MEP Rough-In L 1 Group 101,MEP Rough-In | L 1 | MEP_L_1_G101
1087406,MEP_L_1_G102_20291224,PO-000464,MEP Rough-In L 1 Group 102,MEP Rough-In | L 1 | MEP_L_1_G102
1136715,MEP_L_1_G102_20291224,PO-000464,MEP Rough-In L 1 Group 102,MEP Rough-In | L 1 | MEP_L_1_G102
1289223,MEP_L_1_G102_20291224,PO-000464,MEP Rough-In L 1 Group 102,MEP Rough-In | L 1 | MEP_L_1_G102
1349507,MEP_L_1_G103_20291224,PO-000465,MEP Rough-In L 1 Group 103,MEP Rough-In | L 1 | MEP_L_1_G103
1349543,MEP_L_1_G103_20291224,PO-000465,MEP Rough-In L 1 Group 103,MEP Rough-In | L 1 | MEP_L_1_G103
1349553,MEP_L_1_G103_20291224,PO-000465,MEP Rough-In L 1 Group 103,MEP Rough-In | L 1 | MEP_L_1_G103
1233611,MEP_L_1_G104_20291224,PO-000466,MEP Rough-In L 1 Group 104,MEP Rough-In | L 1 | MEP_L_1_G104
1288014,MEP_L_1_G104_20291224,PO-000466,MEP Rough-In L 1 Group 104,MEP Rough-In | L 1 | MEP_L_1_G104
1349517,MEP_L_1_G104_20291224,PO-000466,MEP Rough-In L 1 Group 104,MEP Rough-In | L 1 | MEP_L_1_G104
1155589,MEP_L_1_G105_20291224,PO-000467,MEP Rough-In L 1 Group 105,MEP Rough-In | L 1 | MEP_L_1_G105
1232735,MEP_L_1_G105_20291224,PO-000467,MEP Rough-In L 1 Group 105,MEP Rough-In | L 1 | MEP_L_1_G105
1287940,MEP_L_1_G105_20291224,PO-000467,MEP Rough-In L 1 Group 105,MEP Rough-In | L 1 | MEP_L_1_G105
1155454,MEP_L_1_G106_20291224,PO-000468,MEP Rough-In L 1 Group 106,MEP Rough-In | L 1 | MEP_L_1_G106
1232640,MEP_L_1_G106_20291224,PO-000468,MEP Rough-In L 1 Group 106,MEP Rough-In | L 1 | MEP_L_1_G106
1232705,MEP_L_1_G106_20291224,PO-000468,MEP Rough-In L 1 Group 106,MEP Rough-In | L 1 | MEP_L_1_G106
1155477,MEP_L_1_G107_20291224,PO-000469,MEP Rough-In L 1 Group 107,MEP Rough-In | L 1 | MEP_L_1_G107
1378637,MEP_L_1_G107_20291224,PO-000469,MEP Rough-In L 1 Group 107,MEP Rough-In | L 1 | MEP_L_1_G107
1378638,MEP_L_1_G107_20291224,PO-000469,MEP Rough-In L 1 Group 107,MEP Rough-In | L 1 | MEP_L_1_G107
1155466,MEP_L_1_G108_20291224,PO-000470,MEP Rough-In L 1 Group 108,MEP Rough-In | L 1 | MEP_L_1_G108
1155469,MEP_L_1_G108_20291224,PO-000470,MEP Rough-In L 1 Group 108,MEP Rough-In | L 1 | MEP_L_1_G108
1349479,MEP_L_1_G108_20291224,PO-000470,MEP Rough-In L 1 Group 108,MEP Rough-In | L 1 | MEP_L_1_G108
1155468,MEP_L_1_G109_20291224,PO-000471,MEP Rough-In L 1 Group 109,MEP Rough-In | L 1 | MEP_L_1_G109
1232551,MEP_L_1_G109_20291224,PO-000471,MEP Rough-In L 1 Group 109,MEP Rough-In | L 1 | MEP_L_1_G109
1232800,MEP_L_1_G109_20291224,PO-000471,MEP Rough-In L 1 Group 109,MEP Rough-In | L 1 | MEP_L_1_G109
1155455,MEP_L_1_G110_20291224,PO-000472,MEP Rough-In L 1 Group 110,MEP Rough-In | L 1 | MEP_L_1_G110
1155457,MEP_L_1_G110_20291224,PO-000472,MEP Rough-In L 1 Group 110,MEP Rough-In | L 1 | MEP_L_1_G110
1232704,MEP_L_1_G110_20291224,PO-000472,MEP Rough-In L 1 Group 110,MEP Rough-In | L 1 | MEP_L_1_G110
1232734,MEP_L_1_G111_20291224,PO-000473,MEP Rough-In L 1 Group 111,MEP Rough-In | L 1 | MEP_L_1_G111
1288015,MEP_L_1_G111_20291224,PO-000473,MEP Rough-In L 1 Group 111,MEP Rough-In | L 1 | MEP_L_1_G111
1289345,MEP_L_1_G111_20291224,PO-000473,MEP Rough-In L 1 Group 111,MEP Rough-In | L 1 | MEP_L_1_G111
1232708,MEP_L_1_G112_20291224,PO-000474,MEP Rough-In L 1 Group 112,MEP Rough-In | L 1 | MEP_L_1_G112
1232738,MEP_L_1_G112_20291224,PO-000474,MEP Rough-In L 1 Group 112,MEP Rough-In | L 1 | MEP_L_1_G112
1289213,MEP_L_1_G112_20291224,PO-000474,MEP Rough-In L 1 Group 112,MEP Rough-In | L 1 | MEP_L_1_G112
1232554,MEP_L_1_G113_20291224,PO-000475,MEP Rough-In L 1 Group 113,MEP Rough-In | L 1 | MEP_L_1_G113
2001823,MEP_L_1_G113_20291224,PO-000475,MEP Rough-In L 1 Group 113,MEP Rough-In | L 1 | MEP_L_1_G113
2008440,MEP_L_1_G113_20291224,PO-000475,MEP Rough-In L 1 Group 113,MEP Rough-In | L 1 | MEP_L_1_G113
1232552,MEP_L_1_G114_20291224,PO-000476,MEP Rough-In L 1 Group 114,MEP Rough-In | L 1 | MEP_L_1_G114
1232760,MEP_L_1_G114_20291224,PO-000476,MEP Rough-In L 1 Group 114,MEP Rough-In | L 1 | MEP_L_1_G114
1232765,MEP_L_1_G114_20291224,PO-000476,MEP Rough-In L 1 Group 114,MEP Rough-In | L 1 | MEP_L_1_G114
1239940,MEP_L_1_G115_20291224,PO-000477,MEP Rough-In L 1 Group 115,MEP Rough-In | L 1 | MEP_L_1_G115
1240854,MEP_L_1_G115_20291224,PO-000477,MEP Rough-In L 1 Group 115,MEP Rough-In | L 1 | MEP_L_1_G115
1289320,MEP_L_1_G115_20291224,PO-000477,MEP Rough-In L 1 Group 115,MEP Rough-In | L 1 | MEP_L_1_G115
1288324,MEP_L_1_G116_20291224,PO-000478,MEP Rough-In L 1 Group 116,MEP Rough-In | L 1 | MEP_L_1_G116
1288338,MEP_L_1_G116_20291224,PO-000478,MEP Rough-In L 1 Group 116,MEP Rough-In | L 1 | MEP_L_1_G116
1288496,MEP_L_1_G116_20291224,PO-000478,MEP Rough-In L 1 Group 116,MEP Rough-In | L 1 | MEP_L_1_G116
1288317,MEP_L_1_G117_20291224,PO-000479,MEP Rough-In L 1 Group 117,MEP Rough-In | L 1 | MEP_L_1_G117
1288335,MEP_L_1_G117_20291224,PO-000479,MEP Rough-In L 1 Group 117,MEP Rough-In | L 1 | MEP_L_1_G117
1289344,MEP_L_1_G117_20291224,PO-000479,MEP Rough-In L 1 Group 117,MEP Rough-In | L 1 | MEP_L_1_G117
1240109,MEP_L_1_G118_20291224,PO-000480,MEP Rough-In L 1 Group 118,MEP Rough-In | L 1 | MEP_L_1_G118
1288498,MEP_L_1_G118_20291224,PO-000480,MEP Rough-In L 1 Group 118,MEP Rough-In | L 1 | MEP_L_1_G118
1289262,MEP_L_1_G118_20291224,PO-000480,MEP Rough-In L 1 Group 118,MEP Rough-In | L 1 | MEP_L_1_G118
1232757,MEP_L_1_G119_20291224,PO-000481,MEP Rough-In L 1 Group 119,MEP Rough-In | L 1 | MEP_L_1_G119
1232762,MEP_L_1_G119_20291224,PO-000481,MEP Rough-In L 1 Group 119,MEP Rough-In | L 1 | MEP_L_1_G119
1288499,MEP_L_1_G119_20291224,PO-000481,MEP Rough-In L 1 Group 119,MEP Rough-In | L 1 | MEP_L_1_G119
1155452,MEP_L_1_G120_20291224,PO-000482,MEP Rough-In L 1 Group 120,MEP Rough-In | L 1 | MEP_L_1_G120
1155486,MEP_L_1_G120_20291224,PO-000482,MEP Rough-In L 1 Group 120,MEP Rough-In | L 1 | MEP_L_1_G120
1158976,MEP_L_1_G120_20291224,PO-000482,MEP Rough-In L 1 Group 120,MEP Rough-In | L 1 | MEP_L_1_G120
1155453,MEP_L_1_G121_20291225,PO-000484,MEP Rough-In L 1 Group 121,MEP Rough-In | L 1 | MEP_L_1_G121
1232761,MEP_L_1_G121_20291225,PO-000484,MEP Rough-In L 1 Group 121,MEP Rough-In | L 1 | MEP_L_1_G121
1232766,MEP_L_1_G121_20291225,PO-000484,MEP Rough-In L 1 Group 121,MEP Rough-In | L 1 | MEP_L_1_G121
1143116,MEP_L_1_G122_20291225,PO-000485,MEP Rough-In L 1 Group 122,MEP Rough-In | L 1 | MEP_L_1_G122
1239525,MEP_L_1_G122_20291225,PO-000485,MEP Rough-In L 1 Group 122,MEP Rough-In | L 1 | MEP_L_1_G122
1288555,MEP_L_1_G122_20291225,PO-000485,MEP Rough-In L 1 Group 122,MEP Rough-In | L 1 | MEP_L_1_G122
1236760,MEP_L_1_G123_20291225,PO-000486,MEP Rough-In L 1 Group 123,MEP Rough-In | L 1 | MEP_L_1_G123
1239486,MEP_L_1_G123_20291225,PO-000486,MEP Rough-In L 1 Group 123,MEP Rough-In | L 1 | MEP_L_1_G123
1349575,MEP_L_1_G123_20291225,PO-000486,MEP Rough-In L 1 Group 123,MEP Rough-In | L 1 | MEP_L_1_G123
1155450,MEP_L_1_G124_20291225,PO-000487,MEP Rough-In L 1 Group 124,MEP Rough-In | L 1 | MEP_L_1_G124
1165543,MEP_L_1_G124_20291225,PO-000487,MEP Rough-In L 1 Group 124,MEP Rough-In | L 1 | MEP_L_1_G124
1236750,MEP_L_1_G124_20291225,PO-000487,MEP Rough-In L 1 Group 124,MEP Rough-In | L 1 | MEP_L_1_G124
1154383,MEP_L_1_G125_20291225,PO-000488,MEP Rough-In L 1 Group 125,MEP Rough-In | L 1 | MEP_L_1_G125
1236761,MEP_L_1_G125_20291225,PO-000488,MEP Rough-In L 1 Group 125,MEP Rough-In | L 1 | MEP_L_1_G125
1239526,MEP_L_1_G125_20291225,PO-000488,MEP Rough-In L 1 Group 125,MEP Rough-In | L 1 | MEP_L_1_G125
1155451,MEP_L_1_G126_20291225,PO-000489,MEP Rough-In L 1 Group 126,MEP Rough-In | L 1 | MEP_L_1_G126
1349578,MEP_L_1_G126_20291225,PO-000489,MEP Rough-In L 1 Group 126,MEP Rough-In | L 1 | MEP_L_1_G126
2001822,MEP_L_1_G126_20291225,PO-000489,MEP Rough-In L 1 Group 126,MEP Rough-In | L 1 | MEP_L_1_G126
1288531,MEP_L_1_G127_20291225,PO-000490,MEP Rough-In L 1 Group 127,MEP Rough-In | L 1 | MEP_L_1_G127
1359635,MEP_L_1_G127_20291225,PO-000490,MEP Rough-In L 1 Group 127,MEP Rough-In | L 1 | MEP_L_1_G127
2008439,MEP_L_1_G127_20291225,PO-000490,MEP Rough-In L 1 Group 127,MEP Rough-In | L 1 | MEP_L_1_G127
1164675,MEP_L_1_G128_20291225,PO-000491,MEP Rough-In L 1 Group 128,MEP Rough-In | L 1 | MEP_L_1_G128
1380013,MEP_L_1_G128_20291225,PO-000491,MEP Rough-In L 1 Group 128,MEP Rough-In | L 1 | MEP_L_1_G128
1380014,MEP_L_1_G128_20291225,PO-000491,MEP Rough-In L 1 Group 128,MEP Rough-In | L 1 | MEP_L_1_G128
1164571,MEP_L_1_G129_20291225,PO-000492,MEP Rough-In L 1 Group 129,MEP Rough-In | L 1 | MEP_L_1_G129
1164682,MEP_L_1_G129_20291225,PO-000492,MEP Rough-In L 1 Group 129,MEP Rough-In | L 1 | MEP_L_1_G129
1296539,MEP_L_1_G129_20291225,PO-000492,MEP Rough-In L 1 Group 129,MEP Rough-In | L 1 | MEP_L_1_G129
1233124,MEP_L_1_G130_20291225,PO-000493,MEP Rough-In L 1 Group 130,MEP Rough-In | L 1 | MEP_L_1_G130
1296687,MEP_L_1_G130_20291225,PO-000493,MEP Rough-In L 1 Group 130,MEP Rough-In | L 1 | MEP_L_1_G130
1296688,MEP_L_1_G130_20291225,PO-000493,MEP Rough-In L 1 Group 130,MEP Rough-In | L 1 | MEP_L_1_G130
1296675,MEP_L_1_G131_20291225,PO-000494,MEP Rough-In L 1 Group 131,MEP Rough-In | L 1 | MEP_L_1_G131
1296890,MEP_L_1_G131_20291225,PO-000494,MEP Rough-In L 1 Group 131,MEP Rough-In | L 1 | MEP_L_1_G131
1379468,MEP_L_1_G131_20291225,PO-000494,MEP Rough-In L 1 Group 131,MEP Rough-In | L 1 | MEP_L_1_G131
1296581,MEP_L_1_G132_20291225,PO-000495,MEP Rough-In L 1 Group 132,MEP Rough-In | L 1 | MEP_L_1_G132
1296959,MEP_L_1_G132_20291225,PO-000495,MEP Rough-In L 1 Group 132,MEP Rough-In | L 1 | MEP_L_1_G132
1379469,MEP_L_1_G132_20291225,PO-000495,MEP Rough-In L 1 Group 132,MEP Rough-In | L 1 | MEP_L_1_G132
1164429,MEP_L_1_G133_20291225,PO-000496,MEP Rough-In L 1 Group 133,MEP Rough-In | L 1 | MEP_L_1_G133
1359632,MEP_L_1_G133_20291225,PO-000496,MEP Rough-In L 1 Group 133,MEP Rough-In | L 1 | MEP_L_1_G133
1378488,MEP_L_1_G133_20291225,PO-000496,MEP Rough-In L 1 Group 133,MEP Rough-In | L 1 | MEP_L_1_G133
1094072,MEP_L_1_G134_20291225,PO-000497,MEP Rough-In L 1 Group 134,MEP Rough-In | L 1 | MEP_L_1_G134
1359587,MEP_L_1_G134_20291225,PO-000497,MEP Rough-In L 1 Group 134,MEP Rough-In | L 1 | MEP_L_1_G134
1359636,MEP_L_1_G134_20291225,PO-000497,MEP Rough-In L 1 Group 134,MEP Rough-In | L 1 | MEP_L_1_G134
1094079,MEP_L_1_G135_20291225,PO-000498,MEP Rough-In L 1 Group 135,MEP Rough-In | L 1 | MEP_L_1_G135
1094090,MEP_L_1_G135_20291225,PO-000498,MEP Rough-In L 1 Group 135,MEP Rough-In | L 1 | MEP_L_1_G135
1094104,MEP_L_1_G135_20291225,PO-000498,MEP Rough-In L 1 Group 135,MEP Rough-In | L 1 | MEP_L_1_G135
1087407,MEP_L_1_G136_20291225,PO-000499,MEP Rough-In L 1 Group 136,MEP Rough-In | L 1 | MEP_L_1_G136
1094097,MEP_L_1_G136_20291225,PO-000499,MEP Rough-In L 1 Group 136,MEP Rough-In | L 1 | MEP_L_1_G136
1094124,MEP_L_1_G136_20291225,PO-000499,MEP Rough-In L 1 Group 136,MEP Rough-In | L 1 | MEP_L_1_G136
1149345,MEP_L_1_G137_20291225,PO-000500,MEP Rough-In L 1 Group 137,MEP Rough-In | L 1 | MEP_L_1_G137
1149346,MEP_L_1_G137_20291225,PO-000500,MEP Rough-In L 1 Group 137,MEP Rough-In | L 1 | MEP_L_1_G137
1149347,MEP_L_1_G137_20291225,PO-000500,MEP Rough-In L 1 Group 137,MEP Rough-In | L 1 | MEP_L_1_G137
1149348,MEP_L_1_G138_20291225,PO-000501,MEP Rough-In L 1 Group 138,MEP Rough-In | L 1 | MEP_L_1_G138
1149349,MEP_L_1_G138_20291225,PO-000501,MEP Rough-In L 1 Group 138,MEP Rough-In | L 1 | MEP_L_1_G138
1149351,MEP_L_1_G138_20291225,PO-000501,MEP Rough-In L 1 Group 138,MEP Rough-In | L 1 | MEP_L_1_G138
1149853,MEP_L_1_G139_20291225,PO-000502,MEP Rough-In L 1 Group 139,MEP Rough-In | L 1 | MEP_L_1_G139
1149858,MEP_L_1_G139_20291225,PO-000502,MEP Rough-In L 1 Group 139,MEP Rough-In | L 1 | MEP_L_1_G139
1149863,MEP_L_1_G139_20291225,PO-000502,MEP Rough-In L 1 Group 139,MEP Rough-In | L 1 | MEP_L_1_G139
1149838,MEP_L_1_G140_20291225,PO-000503,MEP Rough-In L 1 Group 140,MEP Rough-In | L 1 | MEP_L_1_G140
1149843,MEP_L_1_G140_20291225,PO-000503,MEP Rough-In L 1 Group 140,MEP Rough-In | L 1 | MEP_L_1_G140
1149848,MEP_L_1_G140_20291225,PO-000503,MEP Rough-In L 1 Group 140,MEP Rough-In | L 1 | MEP_L_1_G140
1295832,MEP_L_1_G141_20291225,PO-000504,MEP Rough-In L 1 Group 141,MEP Rough-In | L 1 | MEP_L_1_G141
1380287,MEP_L_1_G141_20291225,PO-000504,MEP Rough-In L 1 Group 141,MEP Rough-In | L 1 | MEP_L_1_G141
1380288,MEP_L_1_G141_20291225,PO-000504,MEP Rough-In L 1 Group 141,MEP Rough-In | L 1 | MEP_L_1_G141
1295637,MEP_L_1_G142_20291225,PO-000505,MEP Rough-In L 1 Group 142,MEP Rough-In | L 1 | MEP_L_1_G142
1295824,MEP_L_1_G142_20291225,PO-000505,MEP Rough-In L 1 Group 142,MEP Rough-In | L 1 | MEP_L_1_G142
1295874,MEP_L_1_G142_20291225,PO-000505,MEP Rough-In L 1 Group 142,MEP Rough-In | L 1 | MEP_L_1_G142
1295839,MEP_L_1_G143_20291225,PO-000506,MEP Rough-In L 1 Group 143,MEP Rough-In | L 1 | MEP_L_1_G143
1295940,MEP_L_1_G143_20291225,PO-000506,MEP Rough-In L 1 Group 143,MEP Rough-In | L 1 | MEP_L_1_G143
1295957,MEP_L_1_G143_20291225,PO-000506,MEP Rough-In L 1 Group 143,MEP Rough-In | L 1 | MEP_L_1_G143
1149854,MEP_L_1_G144_20291225,PO-000507,MEP Rough-In L 1 Group 144,MEP Rough-In | L 1 | MEP_L_1_G144
1149859,MEP_L_1_G144_20291225,PO-000507,MEP Rough-In L 1 Group 144,MEP Rough-In | L 1 | MEP_L_1_G144
1296347,MEP_L_1_G144_20291225,PO-000507,MEP Rough-In L 1 Group 144,MEP Rough-In | L 1 | MEP_L_1_G144
1149839,MEP_L_1_G145_20291226,PO-000508,MEP Rough-In L 1 Group 145,MEP Rough-In | L 1 | MEP_L_1_G145
1149844,MEP_L_1_G145_20291226,PO-000508,MEP Rough-In L 1 Group 145,MEP Rough-In | L 1 | MEP_L_1_G145
1149849,MEP_L_1_G145_20291226,PO-000508,MEP Rough-In L 1 Group 145,MEP Rough-In | L 1 | MEP_L_1_G145
1149110,MEP_L_1_G146_20291226,PO-000509,MEP Rough-In L 1 Group 146,MEP Rough-In | L 1 | MEP_L_1_G146
1149115,MEP_L_1_G146_20291226,PO-000509,MEP Rough-In L 1 Group 146,MEP Rough-In | L 1 | MEP_L_1_G146
1231724,MEP_L_1_G146_20291226,PO-000509,MEP Rough-In L 1 Group 146,MEP Rough-In | L 1 | MEP_L_1_G146
1149120,MEP_L_1_G147_20291226,PO-000510,MEP Rough-In L 1 Group 147,MEP Rough-In | L 1 | MEP_L_1_G147
1149125,MEP_L_1_G147_20291226,PO-000510,MEP Rough-In L 1 Group 147,MEP Rough-In | L 1 | MEP_L_1_G147
1149130,MEP_L_1_G147_20291226,PO-000510,MEP Rough-In L 1 Group 147,MEP Rough-In | L 1 | MEP_L_1_G147
1149135,MEP_L_1_G148_20291226,PO-000511,MEP Rough-In L 1 Group 148,MEP Rough-In | L 1 | MEP_L_1_G148
1149834,MEP_L_1_G148_20291226,PO-000511,MEP Rough-In L 1 Group 148,MEP Rough-In | L 1 | MEP_L_1_G148
1149884,MEP_L_1_G148_20291226,PO-000511,MEP Rough-In L 1 Group 148,MEP Rough-In | L 1 | MEP_L_1_G148
1149885,MEP_L_1_G149_20291226,PO-000512,MEP Rough-In L 1 Group 149,MEP Rough-In | L 1 | MEP_L_1_G149
1149886,MEP_L_1_G149_20291226,PO-000512,MEP Rough-In L 1 Group 149,MEP Rough-In | L 1 | MEP_L_1_G149
1149887,MEP_L_1_G149_20291226,PO-000512,MEP Rough-In L 1 Group 149,MEP Rough-In | L 1 | MEP_L_1_G149
1149888,MEP_L_1_G150_20291226,PO-000513,MEP Rough-In L 1 Group 150,MEP Rough-In | L 1 | MEP_L_1_G150
2008441,MEP_L_1_G150_20291226,PO-000513,MEP Rough-In L 1 Group 150,MEP Rough-In | L 1 | MEP_L_1_G150
2008442,MEP_L_1_G150_20291226,PO-000513,MEP Rough-In L 1 Group 150,MEP Rough-In | L 1 | MEP_L_1_G150
2001824,MEP_L_1_G151_20291226,PO-000514,MEP Rough-In L 1 Group 151,MEP Rough-In | L 1 | MEP_L_1_G151
2001826,MEP_L_1_G151_20291226,PO-000514,MEP Rough-In L 1 Group 151,MEP Rough-In | L 1 | MEP_L_1_G151
2008443,MEP_L_1_G151_20291226,PO-000514,MEP Rough-In L 1 Group 151,MEP Rough-In | L 1 | MEP_L_1_G151
1129281,MEP_L_1_G152_20291226,PO-000515,MEP Rough-In L 1 Group 152,MEP Rough-In | L 1 | MEP_L_1_G152
1129303,MEP_L_1_G152_20291226,PO-000515,MEP Rough-In L 1 Group 152,MEP Rough-In | L 1 | MEP_L_1_G152
2001825,MEP_L_1_G152_20291226,PO-000515,MEP Rough-In L 1 Group 152,MEP Rough-In | L 1 | MEP_L_1_G152
1129258,MEP_L_1_G153_20291226,PO-000516,MEP Rough-In L 1 Group 153,MEP Rough-In | L 1 | MEP_L_1_G153
1129321,MEP_L_1_G153_20291226,PO-000516,MEP Rough-In L 1 Group 153,MEP Rough-In | L 1 | MEP_L_1_G153
1129339,MEP_L_1_G153_20291226,PO-000516,MEP Rough-In L 1 Group 153,MEP Rough-In | L 1 | MEP_L_1_G153
1129359,MEP_L_1_G154_20291226,PO-000517,MEP Rough-In L 1 Group 154,MEP Rough-In | L 1 | MEP_L_1_G154
1129421,MEP_L_1_G154_20291226,PO-000517,MEP Rough-In L 1 Group 154,MEP Rough-In | L 1 | MEP_L_1_G154
1149883,MEP_L_1_G154_20291226,PO-000517,MEP Rough-In L 1 Group 154,MEP Rough-In | L 1 | MEP_L_1_G154
1129423,MEP_L_1_G155_20291226,PO-000518,MEP Rough-In L 1 Group 155,MEP Rough-In | L 1 | MEP_L_1_G155
1129425,MEP_L_1_G155_20291226,PO-000518,MEP Rough-In L 1 Group 155,MEP Rough-In | L 1 | MEP_L_1_G155
1129427,MEP_L_1_G155_20291226,PO-000518,MEP Rough-In L 1 Group 155,MEP Rough-In | L 1 | MEP_L_1_G155
1129368,MEP_L_1_G156_20291226,PO-000519,MEP Rough-In L 1 Group 156,MEP Rough-In | L 1 | MEP_L_1_G156
1129429,MEP_L_1_G156_20291226,PO-000519,MEP Rough-In L 1 Group 156,MEP Rough-In | L 1 | MEP_L_1_G156
1149350,MEP_L_1_G156_20291226,PO-000519,MEP Rough-In L 1 Group 156,MEP Rough-In | L 1 | MEP_L_1_G156
1129310,MEP_L_1_G157_20291226,PO-000520,MEP Rough-In L 1 Group 157,MEP Rough-In | L 1 | MEP_L_1_G157
1129328,MEP_L_1_G157_20291226,PO-000520,MEP Rough-In L 1 Group 157,MEP Rough-In | L 1 | MEP_L_1_G157
1129346,MEP_L_1_G157_20291226,PO-000520,MEP Rough-In L 1 Group 157,MEP Rough-In | L 1 | MEP_L_1_G157
1129265,MEP_L_1_G158_20291226,PO-000521,MEP Rough-In L 1 Group 158,MEP Rough-In | L 1 | MEP_L_1_G158
1129290,MEP_L_1_G158_20291226,PO-000521,MEP Rough-In L 1 Group 158,MEP Rough-In | L 1 | MEP_L_1_G158
1232337,MEP_L_1_G158_20291226,PO-000521,MEP Rough-In L 1 Group 158,MEP Rough-In | L 1 | MEP_L_1_G158
1129266,MEP_L_1_G159_20291226,PO-000522,MEP Rough-In L 1 Group 159,MEP Rough-In | L 1 | MEP_L_1_G159
1129420,MEP_L_1_G159_20291226,PO-000522,MEP Rough-In L 1 Group 159,MEP Rough-In | L 1 | MEP_L_1_G159
1232345,MEP_L_1_G159_20291226,PO-000522,MEP Rough-In L 1 Group 159,MEP Rough-In | L 1 | MEP_L_1_G159
1129291,MEP_L_1_G160_20291226,PO-000523,MEP Rough-In L 1 Group 160,MEP Rough-In | L 1 | MEP_L_1_G160
1129311,MEP_L_1_G160_20291226,PO-000523,MEP Rough-In L 1 Group 160,MEP Rough-In | L 1 | MEP_L_1_G160
1129422,MEP_L_1_G160_20291226,PO-000523,MEP Rough-In L 1 Group 160,MEP Rough-In | L 1 | MEP_L_1_G160
1129329,MEP_L_1_G161_20291226,PO-000524,MEP Rough-In L 1 Group 161,MEP Rough-In | L 1 | MEP_L_1_G161
1129424,MEP_L_1_G161_20291226,PO-000524,MEP Rough-In L 1 Group 161,MEP Rough-In | L 1 | MEP_L_1_G161
1129426,MEP_L_1_G161_20291226,PO-000524,MEP Rough-In L 1 Group 161,MEP Rough-In | L 1 | MEP_L_1_G161
1093963,MEP_L_1_G162_20291226,PO-000525,MEP Rough-In L 1 Group 162,MEP Rough-In | L 1 | MEP_L_1_G162
1129347,MEP_L_1_G162_20291226,PO-000525,MEP Rough-In L 1 Group 162,MEP Rough-In | L 1 | MEP_L_1_G162
1129428,MEP_L_1_G162_20291226,PO-000525,MEP Rough-In L 1 Group 162,MEP Rough-In | L 1 | MEP_L_1_G162
1276396,MEP_L_1_G163_20291226,PO-000526,MEP Rough-In L 1 Group 163,MEP Rough-In | L 1 | MEP_L_1_G163
1277033,MEP_L_1_G163_20291226,PO-000526,MEP Rough-In L 1 Group 163,MEP Rough-In | L 1 | MEP_L_1_G163
1351839,MEP_L_1_G163_20291226,PO-000526,MEP Rough-In L 1 Group 163,MEP Rough-In | L 1 | MEP_L_1_G163
1276997,MEP_L_1_G164_20291226,PO-000527,MEP Rough-In L 1 Group 164,MEP Rough-In | L 1 | MEP_L_1_G164
1277009,MEP_L_1_G164_20291226,PO-000527,MEP Rough-In L 1 Group 164,MEP Rough-In | L 1 | MEP_L_1_G164
1277021,MEP_L_1_G164_20291226,PO-000527,MEP Rough-In L 1 Group 164,MEP Rough-In | L 1 | MEP_L_1_G164
1276908,MEP_L_1_G165_20291226,PO-000528,MEP Rough-In L 1 Group 165,MEP Rough-In | L 1 | MEP_L_1_G165
1276972,MEP_L_1_G165_20291226,PO-000528,MEP Rough-In L 1 Group 165,MEP Rough-In | L 1 | MEP_L_1_G165
1276985,MEP_L_1_G165_20291226,PO-000528,MEP Rough-In L 1 Group 165,MEP Rough-In | L 1 | MEP_L_1_G165
1231725,MEP_L_1_G166_20291226,PO-000529,MEP Rough-In L 1 Group 166,MEP Rough-In | L 1 | MEP_L_1_G166
1231726,MEP_L_1_G166_20291226,PO-000529,MEP Rough-In L 1 Group 166,MEP Rough-In | L 1 | MEP_L_1_G166
1378489,MEP_L_1_G166_20291226,PO-000529,MEP Rough-In L 1 Group 166,MEP Rough-In | L 1 | MEP_L_1_G166
1350592,MEP_L_1_G167_20291226,PO-000530,MEP Rough-In L 1 Group 167,MEP Rough-In | L 1 | MEP_L_1_G167
1352005,MEP_L_1_G167_20291226,PO-000530,MEP Rough-In L 1 Group 167,MEP Rough-In | L 1 | MEP_L_1_G167
1352091,MEP_L_1_G167_20291226,PO-000530,MEP Rough-In L 1 Group 167,MEP Rough-In | L 1 | MEP_L_1_G167
1351844,MEP_L_1_G168_20291226,PO-000531,MEP Rough-In L 1 Group 168,MEP Rough-In | L 1 | MEP_L_1_G168
1352343,MEP_L_1_G168_20291226,PO-000531,MEP Rough-In L 1 Group 168,MEP Rough-In | L 1 | MEP_L_1_G168
1352344,MEP_L_1_G168_20291226,PO-000531,MEP Rough-In L 1 Group 168,MEP Rough-In | L 1 | MEP_L_1_G168
1350538,MEP_L_1_G169_20291227,PO-000532,MEP Rough-In L 1 Group 169,MEP Rough-In | L 1 | MEP_L_1_G169
1352464,MEP_L_1_G169_20291227,PO-000532,MEP Rough-In L 1 Group 169,MEP Rough-In | L 1 | MEP_L_1_G169
1353661,MEP_L_1_G169_20291227,PO-000532,MEP Rough-In L 1 Group 169,MEP Rough-In | L 1 | MEP_L_1_G169
1087453,MEP_L_1_G170_20291227,PO-000533,MEP Rough-In L 1 Group 170,MEP Rough-In | L 1 | MEP_L_1_G170
1352465,MEP_L_1_G170_20291227,PO-000533,MEP Rough-In L 1 Group 170,MEP Rough-In | L 1 | MEP_L_1_G170
1353364,MEP_L_1_G170_20291227,PO-000533,MEP Rough-In L 1 Group 170,MEP Rough-In | L 1 | MEP_L_1_G170
1230314,MEP_L_1_G171_20291227,PO-000534,MEP Rough-In L 1 Group 171,MEP Rough-In | L 1 | MEP_L_1_G171
1280782,MEP_L_1_G171_20291227,PO-000534,MEP Rough-In L 1 Group 171,MEP Rough-In | L 1 | MEP_L_1_G171
1292999,MEP_L_1_G171_20291227,PO-000534,MEP Rough-In L 1 Group 171,MEP Rough-In | L 1 | MEP_L_1_G171
1230322,MEP_L_1_G172_20291227,PO-000535,MEP Rough-In L 1 Group 172,MEP Rough-In | L 1 | MEP_L_1_G172
1280813,MEP_L_1_G172_20291227,PO-000535,MEP Rough-In L 1 Group 172,MEP Rough-In | L 1 | MEP_L_1_G172
1292989,MEP_L_1_G172_20291227,PO-000535,MEP Rough-In L 1 Group 172,MEP Rough-In | L 1 | MEP_L_1_G172
1231081,MEP_L_1_G173_20291227,PO-000536,MEP Rough-In L 1 Group 173,MEP Rough-In | L 1 | MEP_L_1_G173
1231108,MEP_L_1_G173_20291227,PO-000536,MEP Rough-In L 1 Group 173,MEP Rough-In | L 1 | MEP_L_1_G173
1231147,MEP_L_1_G173_20291227,PO-000536,MEP Rough-In L 1 Group 173,MEP Rough-In | L 1 | MEP_L_1_G173
1230354,MEP_L_1_G174_20291227,PO-000537,MEP Rough-In L 1 Group 174,MEP Rough-In | L 1 | MEP_L_1_G174
1230361,MEP_L_1_G174_20291227,PO-000537,MEP Rough-In L 1 Group 174,MEP Rough-In | L 1 | MEP_L_1_G174
1231060,MEP_L_1_G174_20291227,PO-000537,MEP Rough-In L 1 Group 174,MEP Rough-In | L 1 | MEP_L_1_G174
1230329,MEP_L_1_G175_20291227,PO-000538,MEP Rough-In L 1 Group 175,MEP Rough-In | L 1 | MEP_L_1_G175
1230340,MEP_L_1_G175_20291227,PO-000538,MEP Rough-In L 1 Group 175,MEP Rough-In | L 1 | MEP_L_1_G175
1230347,MEP_L_1_G175_20291227,PO-000538,MEP Rough-In L 1 Group 175,MEP Rough-In | L 1 | MEP_L_1_G175
1231104,MEP_L_1_G176_20291227,PO-000539,MEP Rough-In L 1 Group 176,MEP Rough-In | L 1 | MEP_L_1_G176
1231143,MEP_L_1_G176_20291227,PO-000539,MEP Rough-In L 1 Group 176,MEP Rough-In | L 1 | MEP_L_1_G176
1292993,MEP_L_1_G176_20291227,PO-000539,MEP Rough-In L 1 Group 176,MEP Rough-In | L 1 | MEP_L_1_G176
1231056,MEP_L_1_G177_20291227,PO-000540,MEP Rough-In L 1 Group 177,MEP Rough-In | L 1 | MEP_L_1_G177
1231077,MEP_L_1_G177_20291227,PO-000540,MEP Rough-In L 1 Group 177,MEP Rough-In | L 1 | MEP_L_1_G177
1292065,MEP_L_1_G177_20291227,PO-000540,MEP Rough-In L 1 Group 177,MEP Rough-In | L 1 | MEP_L_1_G177
1292037,MEP_L_1_G178_20291227,PO-000541,MEP Rough-In L 1 Group 178,MEP Rough-In | L 1 | MEP_L_1_G178
1292433,MEP_L_1_G178_20291227,PO-000541,MEP Rough-In L 1 Group 178,MEP Rough-In | L 1 | MEP_L_1_G178
1292988,MEP_L_1_G178_20291227,PO-000541,MEP Rough-In L 1 Group 178,MEP Rough-In | L 1 | MEP_L_1_G178
1286179,MEP_L_1_G179_20291227,PO-000542,MEP Rough-In L 1 Group 179,MEP Rough-In | L 1 | MEP_L_1_G179
1291922,MEP_L_1_G179_20291227,PO-000542,MEP Rough-In L 1 Group 179,MEP Rough-In | L 1 | MEP_L_1_G179
1292355,MEP_L_1_G179_20291227,PO-000542,MEP Rough-In L 1 Group 179,MEP Rough-In | L 1 | MEP_L_1_G179
1231146,MEP_L_1_G180_20291227,PO-000543,MEP Rough-In L 1 Group 180,MEP Rough-In | L 1 | MEP_L_1_G180
1286194,MEP_L_1_G180_20291227,PO-000543,MEP Rough-In L 1 Group 180,MEP Rough-In | L 1 | MEP_L_1_G180
1286230,MEP_L_1_G180_20291227,PO-000543,MEP Rough-In L 1 Group 180,MEP Rough-In | L 1 | MEP_L_1_G180
1231013,MEP_L_1_G181_20291227,PO-000544,MEP Rough-In L 1 Group 181,MEP Rough-In | L 1 | MEP_L_1_G181
1231107,MEP_L_1_G181_20291227,PO-000544,MEP Rough-In L 1 Group 181,MEP Rough-In | L 1 | MEP_L_1_G181
1353013,MEP_L_1_G181_20291227,PO-000544,MEP Rough-In L 1 Group 181,MEP Rough-In | L 1 | MEP_L_1_G181
1353442,MEP_L_1_G182_20291227,PO-000545,MEP Rough-In L 1 Group 182,MEP Rough-In | L 1 | MEP_L_1_G182
1353464,MEP_L_1_G182_20291227,PO-000545,MEP Rough-In L 1 Group 182,MEP Rough-In | L 1 | MEP_L_1_G182
1353465,MEP_L_1_G182_20291227,PO-000545,MEP Rough-In L 1 Group 182,MEP Rough-In | L 1 | MEP_L_1_G182
1353321,MEP_L_1_G183_20291227,PO-000546,MEP Rough-In L 1 Group 183,MEP Rough-In | L 1 | MEP_L_1_G183
1353361,MEP_L_1_G183_20291227,PO-000546,MEP Rough-In L 1 Group 183,MEP Rough-In | L 1 | MEP_L_1_G183
1353457,MEP_L_1_G183_20291227,PO-000546,MEP Rough-In L 1 Group 183,MEP Rough-In | L 1 | MEP_L_1_G183
1231032,MEP_L_1_G184_20291227,PO-000547,MEP Rough-In L 1 Group 184,MEP Rough-In | L 1 | MEP_L_1_G184
1231059,MEP_L_1_G184_20291227,PO-000547,MEP Rough-In L 1 Group 184,MEP Rough-In | L 1 | MEP_L_1_G184
1231080,MEP_L_1_G184_20291227,PO-000547,MEP Rough-In L 1 Group 184,MEP Rough-In | L 1 | MEP_L_1_G184
1223895,MEP_L_1_G185_20291227,PO-000548,MEP Rough-In L 1 Group 185,MEP Rough-In | L 1 | MEP_L_1_G185
1231046,MEP_L_1_G185_20291227,PO-000548,MEP Rough-In L 1 Group 185,MEP Rough-In | L 1 | MEP_L_1_G185
1352416,MEP_L_1_G185_20291227,PO-000548,MEP Rough-In L 1 Group 185,MEP Rough-In | L 1 | MEP_L_1_G185
1231009,MEP_L_1_G186_20291227,PO-000549,MEP Rough-In L 1 Group 186,MEP Rough-In | L 1 | MEP_L_1_G186
1231028,MEP_L_1_G186_20291227,PO-000549,MEP Rough-In L 1 Group 186,MEP Rough-In | L 1 | MEP_L_1_G186
1293123,MEP_L_1_G186_20291227,PO-000549,MEP Rough-In L 1 Group 186,MEP Rough-In | L 1 | MEP_L_1_G186
1230950,MEP_L_1_G187_20291227,PO-000550,MEP Rough-In L 1 Group 187,MEP Rough-In | L 1 | MEP_L_1_G187
1292033,MEP_L_1_G187_20291227,PO-000550,MEP Rough-In L 1 Group 187,MEP Rough-In | L 1 | MEP_L_1_G187
1292351,MEP_L_1_G187_20291227,PO-000550,MEP Rough-In L 1 Group 187,MEP Rough-In | L 1 | MEP_L_1_G187
1212417,MEP_L_1_G188_20291227,PO-000551,MEP Rough-In L 1 Group 188,MEP Rough-In | L 1 | MEP_L_1_G188
1292990,MEP_L_1_G188_20291227,PO-000551,MEP Rough-In L 1 Group 188,MEP Rough-In | L 1 | MEP_L_1_G188
1292991,MEP_L_1_G188_20291227,PO-000551,MEP Rough-In L 1 Group 188,MEP Rough-In | L 1 | MEP_L_1_G188
1292034,MEP_L_1_G189_20291227,PO-000552,MEP Rough-In L 1 Group 189,MEP Rough-In | L 1 | MEP_L_1_G189
1292440,MEP_L_1_G189_20291227,PO-000552,MEP Rough-In L 1 Group 189,MEP Rough-In | L 1 | MEP_L_1_G189
1292441,MEP_L_1_G189_20291227,PO-000552,MEP Rough-In L 1 Group 189,MEP Rough-In | L 1 | MEP_L_1_G189
1223699,MEP_L_1_G190_20291227,PO-000553,MEP Rough-In L 1 Group 190,MEP Rough-In | L 1 | MEP_L_1_G190
1292321,MEP_L_1_G190_20291227,PO-000553,MEP Rough-In L 1 Group 190,MEP Rough-In | L 1 | MEP_L_1_G190
1292352,MEP_L_1_G190_20291227,PO-000553,MEP Rough-In L 1 Group 190,MEP Rough-In | L 1 | MEP_L_1_G190
1212711,MEP_L_1_G191_20291227,PO-000554,MEP Rough-In L 1 Group 191,MEP Rough-In | L 1 | MEP_L_1_G191
1230970,MEP_L_1_G191_20291227,PO-000554,MEP Rough-In L 1 Group 191,MEP Rough-In | L 1 | MEP_L_1_G191
1292322,MEP_L_1_G191_20291227,PO-000554,MEP Rough-In L 1 Group 191,MEP Rough-In | L 1 | MEP_L_1_G191
1292726,MEP_L_1_G192_20291227,PO-000555,MEP Rough-In L 1 Group 192,MEP Rough-In | L 1 | MEP_L_1_G192
1293124,MEP_L_1_G192_20291227,PO-000555,MEP Rough-In L 1 Group 192,MEP Rough-In | L 1 | MEP_L_1_G192
1293125,MEP_L_1_G192_20291227,PO-000555,MEP Rough-In L 1 Group 192,MEP Rough-In | L 1 | MEP_L_1_G192
1292719,MEP_L_1_G193_20291228,PO-000556,MEP Rough-In L 1 Group 193,MEP Rough-In | L 1 | MEP_L_1_G193
1293077,MEP_L_1_G193_20291228,PO-000556,MEP Rough-In L 1 Group 193,MEP Rough-In | L 1 | MEP_L_1_G193
1293127,MEP_L_1_G193_20291228,PO-000556,MEP Rough-In L 1 Group 193,MEP Rough-In | L 1 | MEP_L_1_G193
1212473,MEP_L_1_G194_20291228,PO-000557,MEP Rough-In L 1 Group 194,MEP Rough-In | L 1 | MEP_L_1_G194
1292131,MEP_L_1_G194_20291228,PO-000557,MEP Rough-In L 1 Group 194,MEP Rough-In | L 1 | MEP_L_1_G194
1292954,MEP_L_1_G194_20291228,PO-000557,MEP Rough-In L 1 Group 194,MEP Rough-In | L 1 | MEP_L_1_G194
1212495,MEP_L_1_G195_20291228,PO-000558,MEP Rough-In L 1 Group 195,MEP Rough-In | L 1 | MEP_L_1_G195
1231010,MEP_L_1_G195_20291228,PO-000558,MEP Rough-In L 1 Group 195,MEP Rough-In | L 1 | MEP_L_1_G195
1292130,MEP_L_1_G195_20291228,PO-000558,MEP Rough-In L 1 Group 195,MEP Rough-In | L 1 | MEP_L_1_G195
1223160,MEP_L_1_G196_20291228,PO-000559,MEP Rough-In L 1 Group 196,MEP Rough-In | L 1 | MEP_L_1_G196
1223820,MEP_L_1_G196_20291228,PO-000559,MEP Rough-In L 1 Group 196,MEP Rough-In | L 1 | MEP_L_1_G196
1231029,MEP_L_1_G196_20291228,PO-000559,MEP Rough-In L 1 Group 196,MEP Rough-In | L 1 | MEP_L_1_G196
1223859,MEP_L_1_G197_20291228,PO-000560,MEP Rough-In L 1 Group 197,MEP Rough-In | L 1 | MEP_L_1_G197
1230927,MEP_L_1_G197_20291228,PO-000560,MEP Rough-In L 1 Group 197,MEP Rough-In | L 1 | MEP_L_1_G197
1231047,MEP_L_1_G197_20291228,PO-000560,MEP Rough-In L 1 Group 197,MEP Rough-In | L 1 | MEP_L_1_G197
1352760,MEP_L_1_G198_20291228,PO-000561,MEP Rough-In L 1 Group 198,MEP Rough-In | L 1 | MEP_L_1_G198
1352959,MEP_L_1_G198_20291228,PO-000561,MEP Rough-In L 1 Group 198,MEP Rough-In | L 1 | MEP_L_1_G198
1353456,MEP_L_1_G198_20291228,PO-000561,MEP Rough-In L 1 Group 198,MEP Rough-In | L 1 | MEP_L_1_G198
1352955,MEP_L_1_G199_20291228,PO-000562,MEP Rough-In L 1 Group 199,MEP Rough-In | L 1 | MEP_L_1_G199
1352962,MEP_L_1_G199_20291228,PO-000562,MEP Rough-In L 1 Group 199,MEP Rough-In | L 1 | MEP_L_1_G199
1352966,MEP_L_1_G199_20291228,PO-000562,MEP Rough-In L 1 Group 199,MEP Rough-In | L 1 | MEP_L_1_G199
1352756,MEP_L_1_G200_20291228,PO-000563,MEP Rough-In L 1 Group 200,MEP Rough-In | L 1 | MEP_L_1_G200
1352958,MEP_L_1_G200_20291228,PO-000563,MEP Rough-In L 1 Group 200,MEP Rough-In | L 1 | MEP_L_1_G200
1352965,MEP_L_1_G200_20291228,PO-000563,MEP Rough-In L 1 Group 200,MEP Rough-In | L 1 | MEP_L_1_G200
1352759,MEP_L_1_G201_20291228,PO-000564,MEP Rough-In L 1 Group 201,MEP Rough-In | L 1 | MEP_L_1_G201
1352763,MEP_L_1_G201_20291228,PO-000564,MEP Rough-In L 1 Group 201,MEP Rough-In | L 1 | MEP_L_1_G201
1352803,MEP_L_1_G201_20291228,PO-000564,MEP Rough-In L 1 Group 201,MEP Rough-In | L 1 | MEP_L_1_G201
1352460,MEP_L_1_G202_20291228,PO-000565,MEP Rough-In L 1 Group 202,MEP Rough-In | L 1 | MEP_L_1_G202
1352466,MEP_L_1_G202_20291228,PO-000565,MEP Rough-In L 1 Group 202,MEP Rough-In | L 1 | MEP_L_1_G202
1352636,MEP_L_1_G202_20291228,PO-000565,MEP Rough-In L 1 Group 202,MEP Rough-In | L 1 | MEP_L_1_G202
1352770,MEP_L_1_G203_20291228,PO-000566,MEP Rough-In L 1 Group 203,MEP Rough-In | L 1 | MEP_L_1_G203
1352813,MEP_L_1_G203_20291228,PO-000566,MEP Rough-In L 1 Group 203,MEP Rough-In | L 1 | MEP_L_1_G203
1352953,MEP_L_1_G203_20291228,PO-000566,MEP Rough-In L 1 Group 203,MEP Rough-In | L 1 | MEP_L_1_G203
1352222,MEP_L_1_G204_20291228,PO-000567,MEP Rough-In L 1 Group 204,MEP Rough-In | L 1 | MEP_L_1_G204
1352229,MEP_L_1_G204_20291228,PO-000567,MEP Rough-In L 1 Group 204,MEP Rough-In | L 1 | MEP_L_1_G204
1352549,MEP_L_1_G204_20291228,PO-000567,MEP Rough-In L 1 Group 204,MEP Rough-In | L 1 | MEP_L_1_G204
1287191,MEP_L_1_G205_20291228,PO-000568,MEP Rough-In L 1 Group 205,MEP Rough-In | L 1 | MEP_L_1_G205
1352228,MEP_L_1_G205_20291228,PO-000568,MEP Rough-In L 1 Group 205,MEP Rough-In | L 1 | MEP_L_1_G205
1352550,MEP_L_1_G205_20291228,PO-000568,MEP Rough-In L 1 Group 205,MEP Rough-In | L 1 | MEP_L_1_G205
1287241,MEP_L_1_G206_20291228,PO-000569,MEP Rough-In L 1 Group 206,MEP Rough-In | L 1 | MEP_L_1_G206
1351648,MEP_L_1_G206_20291228,PO-000569,MEP Rough-In L 1 Group 206,MEP Rough-In | L 1 | MEP_L_1_G206
1352814,MEP_L_1_G206_20291228,PO-000569,MEP Rough-In L 1 Group 206,MEP Rough-In | L 1 | MEP_L_1_G206
1286571,MEP_L_1_G207_20291228,PO-000570,MEP Rough-In L 1 Group 207,MEP Rough-In | L 1 | MEP_L_1_G207
1286584,MEP_L_1_G207_20291228,PO-000570,MEP Rough-In L 1 Group 207,MEP Rough-In | L 1 | MEP_L_1_G207
1353109,MEP_L_1_G207_20291228,PO-000570,MEP Rough-In L 1 Group 207,MEP Rough-In | L 1 | MEP_L_1_G207
1286559,MEP_L_1_G208_20291228,PO-000571,MEP Rough-In L 1 Group 208,MEP Rough-In | L 1 | MEP_L_1_G208
1287067,MEP_L_1_G208_20291228,PO-000571,MEP Rough-In L 1 Group 208,MEP Rough-In | L 1 | MEP_L_1_G208
1287494,MEP_L_1_G208_20291228,PO-000571,MEP Rough-In L 1 Group 208,MEP Rough-In | L 1 | MEP_L_1_G208
1287033,MEP_L_1_G209_20291228,PO-000572,MEP Rough-In L 1 Group 209,MEP Rough-In | L 1 | MEP_L_1_G209
1287489,MEP_L_1_G209_20291228,PO-000572,MEP Rough-In L 1 Group 209,MEP Rough-In | L 1 | MEP_L_1_G209
1287492,MEP_L_1_G209_20291228,PO-000572,MEP Rough-In L 1 Group 209,MEP Rough-In | L 1 | MEP_L_1_G209
1286570,MEP_L_1_G210_20291228,PO-000573,MEP Rough-In L 1 Group 210,MEP Rough-In | L 1 | MEP_L_1_G210
1287032,MEP_L_1_G210_20291228,PO-000573,MEP Rough-In L 1 Group 210,MEP Rough-In | L 1 | MEP_L_1_G210
1287066,MEP_L_1_G210_20291228,PO-000573,MEP Rough-In L 1 Group 210,MEP Rough-In | L 1 | MEP_L_1_G210
1287079,MEP_L_1_G211_20291228,PO-000574,MEP Rough-In L 1 Group 211,MEP Rough-In | L 1 | MEP_L_1_G211
1287495,MEP_L_1_G211_20291228,PO-000574,MEP Rough-In L 1 Group 211,MEP Rough-In | L 1 | MEP_L_1_G211
1350374,MEP_L_1_G211_20291228,PO-000574,MEP Rough-In L 1 Group 211,MEP Rough-In | L 1 | MEP_L_1_G211
1287488,MEP_L_1_G212_20291228,PO-000575,MEP Rough-In L 1 Group 212,MEP Rough-In | L 1 | MEP_L_1_G212
1287493,MEP_L_1_G212_20291228,PO-000575,MEP Rough-In L 1 Group 212,MEP Rough-In | L 1 | MEP_L_1_G212
1350368,MEP_L_1_G212_20291228,PO-000575,MEP Rough-In L 1 Group 212,MEP Rough-In | L 1 | MEP_L_1_G212
1350362,MEP_L_1_G213_20291228,PO-000576,MEP Rough-In L 1 Group 213,MEP Rough-In | L 1 | MEP_L_1_G213
1350365,MEP_L_1_G213_20291228,PO-000576,MEP Rough-In L 1 Group 213,MEP Rough-In | L 1 | MEP_L_1_G213
1350371,MEP_L_1_G213_20291228,PO-000576,MEP Rough-In L 1 Group 213,MEP Rough-In | L 1 | MEP_L_1_G213
1350359,MEP_L_1_G214_20291228,PO-000577,MEP Rough-In L 1 Group 214,MEP Rough-In | L 1 | MEP_L_1_G214
1350363,MEP_L_1_G214_20291228,PO-000577,MEP Rough-In L 1 Group 214,MEP Rough-In | L 1 | MEP_L_1_G214
1350369,MEP_L_1_G214_20291228,PO-000577,MEP Rough-In L 1 Group 214,MEP Rough-In | L 1 | MEP_L_1_G214
1350375,MEP_L_1_G215_20291228,PO-000578,MEP Rough-In L 1 Group 215,MEP Rough-In | L 1 | MEP_L_1_G215
1353061,MEP_L_1_G215_20291228,PO-000578,MEP Rough-In L 1 Group 215,MEP Rough-In | L 1 | MEP_L_1_G215
1353463,MEP_L_1_G215_20291228,PO-000578,MEP Rough-In L 1 Group 215,MEP Rough-In | L 1 | MEP_L_1_G215
1353294,MEP_L_1_G216_20291228,PO-000579,MEP Rough-In L 1 Group 216,MEP Rough-In | L 1 | MEP_L_1_G216
1353436,MEP_L_1_G216_20291228,PO-000579,MEP Rough-In L 1 Group 216,MEP Rough-In | L 1 | MEP_L_1_G216
1353462,MEP_L_1_G216_20291228,PO-000579,MEP Rough-In L 1 Group 216,MEP Rough-In | L 1 | MEP_L_1_G216
1353303,MEP_L_1_G217_20291231,PO-000580,MEP Rough-In L 1 Group 217,MEP Rough-In | L 1 | MEP_L_1_G217
1353454,MEP_L_1_G217_20291231,PO-000580,MEP Rough-In L 1 Group 217,MEP Rough-In | L 1 | MEP_L_1_G217
1353455,MEP_L_1_G217_20291231,PO-000580,MEP Rough-In L 1 Group 217,MEP Rough-In | L 1 | MEP_L_1_G217
1286225,MEP_L_1_G218_20291231,PO-000581,MEP Rough-In L 1 Group 218,MEP Rough-In | L 1 | MEP_L_1_G218
1286396,MEP_L_1_G218_20291231,PO-000581,MEP Rough-In L 1 Group 218,MEP Rough-In | L 1 | MEP_L_1_G218
1286460,MEP_L_1_G218_20291231,PO-000581,MEP Rough-In L 1 Group 218,MEP Rough-In | L 1 | MEP_L_1_G218
1232400,MEP_L_1_G219_20291231,PO-000582,MEP Rough-In L 1 Group 219,MEP Rough-In | L 1 | MEP_L_1_G219
1353263,MEP_L_1_G219_20291231,PO-000582,MEP Rough-In L 1 Group 219,MEP Rough-In | L 1 | MEP_L_1_G219
1353304,MEP_L_1_G219_20291231,PO-000582,MEP Rough-In L 1 Group 219,MEP Rough-In | L 1 | MEP_L_1_G219
1353252,MEP_L_1_G220_20291231,PO-000583,MEP Rough-In L 1 Group 220,MEP Rough-In | L 1 | MEP_L_1_G220
1353453,MEP_L_1_G220_20291231,PO-000583,MEP Rough-In L 1 Group 220,MEP Rough-In | L 1 | MEP_L_1_G220
1353460,MEP_L_1_G220_20291231,PO-000583,MEP Rough-In L 1 Group 220,MEP Rough-In | L 1 | MEP_L_1_G220
1353018,MEP_L_1_G221_20291231,PO-000584,MEP Rough-In L 1 Group 221,MEP Rough-In | L 1 | MEP_L_1_G221
1353430,MEP_L_1_G221_20291231,PO-000584,MEP Rough-In L 1 Group 221,MEP Rough-In | L 1 | MEP_L_1_G221
1353461,MEP_L_1_G221_20291231,PO-000584,MEP Rough-In L 1 Group 221,MEP Rough-In | L 1 | MEP_L_1_G221
1286534,MEP_L_1_G222_20291231,PO-000585,MEP Rough-In L 1 Group 222,MEP Rough-In | L 1 | MEP_L_1_G222
1286546,MEP_L_1_G222_20291231,PO-000585,MEP Rough-In L 1 Group 222,MEP Rough-In | L 1 | MEP_L_1_G222
1353452,MEP_L_1_G222_20291231,PO-000585,MEP Rough-In L 1 Group 222,MEP Rough-In | L 1 | MEP_L_1_G222
1287105,MEP_L_1_G223_20291231,PO-000586,MEP Rough-In L 1 Group 223,MEP Rough-In | L 1 | MEP_L_1_G223
1287496,MEP_L_1_G223_20291231,PO-000586,MEP Rough-In L 1 Group 223,MEP Rough-In | L 1 | MEP_L_1_G223
1287498,MEP_L_1_G223_20291231,PO-000586,MEP Rough-In L 1 Group 223,MEP Rough-In | L 1 | MEP_L_1_G223
1287091,MEP_L_1_G224_20291231,PO-000587,MEP Rough-In L 1 Group 224,MEP Rough-In | L 1 | MEP_L_1_G224
1287092,MEP_L_1_G224_20291231,PO-000587,MEP Rough-In L 1 Group 224,MEP Rough-In | L 1 | MEP_L_1_G224
1287104,MEP_L_1_G224_20291231,PO-000587,MEP Rough-In L 1 Group 224,MEP Rough-In | L 1 | MEP_L_1_G224
1287117,MEP_L_1_G225_20291231,PO-000588,MEP Rough-In L 1 Group 225,MEP Rough-In | L 1 | MEP_L_1_G225
1287499,MEP_L_1_G225_20291231,PO-000588,MEP Rough-In L 1 Group 225,MEP Rough-In | L 1 | MEP_L_1_G225
1350411,MEP_L_1_G225_20291231,PO-000588,MEP Rough-In L 1 Group 225,MEP Rough-In | L 1 | MEP_L_1_G225
1287497,MEP_L_1_G226_20291231,PO-000589,MEP Rough-In L 1 Group 226,MEP Rough-In | L 1 | MEP_L_1_G226
1350399,MEP_L_1_G226_20291231,PO-000589,MEP Rough-In L 1 Group 226,MEP Rough-In | L 1 | MEP_L_1_G226
1350405,MEP_L_1_G226_20291231,PO-000589,MEP Rough-In L 1 Group 226,MEP Rough-In | L 1 | MEP_L_1_G226
1350402,MEP_L_1_G227_20291231,PO-000590,MEP Rough-In L 1 Group 227,MEP Rough-In | L 1 | MEP_L_1_G227
1350408,MEP_L_1_G227_20291231,PO-000590,MEP Rough-In L 1 Group 227,MEP Rough-In | L 1 | MEP_L_1_G227
1353264,MEP_L_1_G227_20291231,PO-000590,MEP Rough-In L 1 Group 227,MEP Rough-In | L 1 | MEP_L_1_G227
1350396,MEP_L_1_G228_20291231,PO-000591,MEP Rough-In L 1 Group 228,MEP Rough-In | L 1 | MEP_L_1_G228
1350400,MEP_L_1_G228_20291231,PO-000591,MEP Rough-In L 1 Group 228,MEP Rough-In | L 1 | MEP_L_1_G228
1350406,MEP_L_1_G228_20291231,PO-000591,MEP Rough-In L 1 Group 228,MEP Rough-In | L 1 | MEP_L_1_G228
1286437,MEP_L_1_G229_20291231,PO-000592,MEP Rough-In L 1 Group 229,MEP Rough-In | L 1 | MEP_L_1_G229
1286438,MEP_L_1_G229_20291231,PO-000592,MEP Rough-In L 1 Group 229,MEP Rough-In | L 1 | MEP_L_1_G229
1350412,MEP_L_1_G229_20291231,PO-000592,MEP Rough-In L 1 Group 229,MEP Rough-In | L 1 | MEP_L_1_G229
1286220,MEP_L_1_G230_20291231,PO-000593,MEP Rough-In L 1 Group 230,MEP Rough-In | L 1 | MEP_L_1_G230
1353025,MEP_L_1_G230_20291231,PO-000593,MEP Rough-In L 1 Group 230,MEP Rough-In | L 1 | MEP_L_1_G230
1353224,MEP_L_1_G230_20291231,PO-000593,MEP Rough-In L 1 Group 230,MEP Rough-In | L 1 | MEP_L_1_G230
1353421,MEP_L_1_G231_20291231,PO-000594,MEP Rough-In L 1 Group 231,MEP Rough-In | L 1 | MEP_L_1_G231
1353458,MEP_L_1_G231_20291231,PO-000594,MEP Rough-In L 1 Group 231,MEP Rough-In | L 1 | MEP_L_1_G231
1353459,MEP_L_1_G231_20291231,PO-000594,MEP Rough-In L 1 Group 231,MEP Rough-In | L 1 | MEP_L_1_G231
1353207,MEP_L_1_G232_20291231,PO-000595,MEP Rough-In L 1 Group 232,MEP Rough-In | L 1 | MEP_L_1_G232
1253870,MEP_L_NEG_1_G001_20291203,PO-000046,MEP Rough-In L -1 Group 001,MEP Rough-In | L -1 | MEP_L_NEG_1_G001
1254749,MEP_L_NEG_1_G001_20291203,PO-000046,MEP Rough-In L -1 Group 001,MEP Rough-In | L -1 | MEP_L_NEG_1_G001
1277300,MEP_L_NEG_1_G001_20291203,PO-000046,MEP Rough-In L -1 Group 001,MEP Rough-In | L -1 | MEP_L_NEG_1_G001
1253855,MEP_L_NEG_1_G002_20291203,PO-000047,MEP Rough-In L -1 Group 002,MEP Rough-In | L -1 | MEP_L_NEG_1_G002
1277296,MEP_L_NEG_1_G002_20291203,PO-000047,MEP Rough-In L -1 Group 002,MEP Rough-In | L -1 | MEP_L_NEG_1_G002
1277298,MEP_L_NEG_1_G002_20291203,PO-000047,MEP Rough-In L -1 Group 002,MEP Rough-In | L -1 | MEP_L_NEG_1_G002
1253823,MEP_L_NEG_1_G003_20291203,PO-000048,MEP Rough-In L -1 Group 003,MEP Rough-In | L -1 | MEP_L_NEG_1_G003
1253840,MEP_L_NEG_1_G003_20291203,PO-000048,MEP Rough-In L -1 Group 003,MEP Rough-In | L -1 | MEP_L_NEG_1_G003
1277294,MEP_L_NEG_1_G003_20291203,PO-000048,MEP Rough-In L -1 Group 003,MEP Rough-In | L -1 | MEP_L_NEG_1_G003
1253806,MEP_L_NEG_1_G004_20291203,PO-000049,MEP Rough-In L -1 Group 004,MEP Rough-In | L -1 | MEP_L_NEG_1_G004
1277291,MEP_L_NEG_1_G004_20291203,PO-000049,MEP Rough-In L -1 Group 004,MEP Rough-In | L -1 | MEP_L_NEG_1_G004
1277293,MEP_L_NEG_1_G004_20291203,PO-000049,MEP Rough-In L -1 Group 004,MEP Rough-In | L -1 | MEP_L_NEG_1_G004
1253759,MEP_L_NEG_1_G005_20291203,PO-000050,MEP Rough-In L -1 Group 005,MEP Rough-In | L -1 | MEP_L_NEG_1_G005
1253791,MEP_L_NEG_1_G005_20291203,PO-000050,MEP Rough-In L -1 Group 005,MEP Rough-In | L -1 | MEP_L_NEG_1_G005
1277290,MEP_L_NEG_1_G005_20291203,PO-000050,MEP Rough-In L -1 Group 005,MEP Rough-In | L -1 | MEP_L_NEG_1_G005
1253773,MEP_L_NEG_1_G006_20291203,PO-000051,MEP Rough-In L -1 Group 006,MEP Rough-In | L -1 | MEP_L_NEG_1_G006
1253790,MEP_L_NEG_1_G006_20291203,PO-000051,MEP Rough-In L -1 Group 006,MEP Rough-In | L -1 | MEP_L_NEG_1_G006
1253805,MEP_L_NEG_1_G006_20291203,PO-000051,MEP Rough-In L -1 Group 006,MEP Rough-In | L -1 | MEP_L_NEG_1_G006
1253822,MEP_L_NEG_1_G007_20291203,PO-000052,MEP Rough-In L -1 Group 007,MEP Rough-In | L -1 | MEP_L_NEG_1_G007
1253839,MEP_L_NEG_1_G007_20291203,PO-000052,MEP Rough-In L -1 Group 007,MEP Rough-In | L -1 | MEP_L_NEG_1_G007
1253854,MEP_L_NEG_1_G007_20291203,PO-000052,MEP Rough-In L -1 Group 007,MEP Rough-In | L -1 | MEP_L_NEG_1_G007
1253869,MEP_L_NEG_1_G008_20291203,PO-000053,MEP Rough-In L -1 Group 008,MEP Rough-In | L -1 | MEP_L_NEG_1_G008
1253886,MEP_L_NEG_1_G008_20291203,PO-000053,MEP Rough-In L -1 Group 008,MEP Rough-In | L -1 | MEP_L_NEG_1_G008
1297228,MEP_L_NEG_1_G008_20291203,PO-000053,MEP Rough-In L -1 Group 008,MEP Rough-In | L -1 | MEP_L_NEG_1_G008
1253766,MEP_L_NEG_1_G009_20291203,PO-000054,MEP Rough-In L -1 Group 009,MEP Rough-In | L -1 | MEP_L_NEG_1_G009
1254088,MEP_L_NEG_1_G009_20291203,PO-000054,MEP Rough-In L -1 Group 009,MEP Rough-In | L -1 | MEP_L_NEG_1_G009
1277316,MEP_L_NEG_1_G009_20291203,PO-000054,MEP Rough-In L -1 Group 009,MEP Rough-In | L -1 | MEP_L_NEG_1_G009
1254092,MEP_L_NEG_1_G010_20291203,PO-000055,MEP Rough-In L -1 Group 010,MEP Rough-In | L -1 | MEP_L_NEG_1_G010
1277292,MEP_L_NEG_1_G010_20291203,PO-000055,MEP Rough-In L -1 Group 010,MEP Rough-In | L -1 | MEP_L_NEG_1_G010
1298310,MEP_L_NEG_1_G010_20291203,PO-000055,MEP Rough-In L -1 Group 010,MEP Rough-In | L -1 | MEP_L_NEG_1_G010
1277295,MEP_L_NEG_1_G011_20291203,PO-000056,MEP Rough-In L -1 Group 011,MEP Rough-In | L -1 | MEP_L_NEG_1_G011
1277297,MEP_L_NEG_1_G011_20291203,PO-000056,MEP Rough-In L -1 Group 011,MEP Rough-In | L -1 | MEP_L_NEG_1_G011
1277299,MEP_L_NEG_1_G011_20291203,PO-000056,MEP Rough-In L -1 Group 011,MEP Rough-In | L -1 | MEP_L_NEG_1_G011
1253780,MEP_L_NEG_1_G012_20291203,PO-000057,MEP Rough-In L -1 Group 012,MEP Rough-In | L -1 | MEP_L_NEG_1_G012
1253798,MEP_L_NEG_1_G012_20291203,PO-000057,MEP Rough-In L -1 Group 012,MEP Rough-In | L -1 | MEP_L_NEG_1_G012
1277301,MEP_L_NEG_1_G012_20291203,PO-000057,MEP Rough-In L -1 Group 012,MEP Rough-In | L -1 | MEP_L_NEG_1_G012
1253815,MEP_L_NEG_1_G013_20291203,PO-000058,MEP Rough-In L -1 Group 013,MEP Rough-In | L -1 | MEP_L_NEG_1_G013
1253830,MEP_L_NEG_1_G013_20291203,PO-000058,MEP Rough-In L -1 Group 013,MEP Rough-In | L -1 | MEP_L_NEG_1_G013
1253847,MEP_L_NEG_1_G013_20291203,PO-000058,MEP Rough-In L -1 Group 013,MEP Rough-In | L -1 | MEP_L_NEG_1_G013
1253862,MEP_L_NEG_1_G014_20291203,PO-000059,MEP Rough-In L -1 Group 014,MEP Rough-In | L -1 | MEP_L_NEG_1_G014
1253879,MEP_L_NEG_1_G014_20291203,PO-000059,MEP Rough-In L -1 Group 014,MEP Rough-In | L -1 | MEP_L_NEG_1_G014
1277314,MEP_L_NEG_1_G014_20291203,PO-000059,MEP Rough-In L -1 Group 014,MEP Rough-In | L -1 | MEP_L_NEG_1_G014
1277308,MEP_L_NEG_1_G015_20291203,PO-000060,MEP Rough-In L -1 Group 015,MEP Rough-In | L -1 | MEP_L_NEG_1_G015
1277310,MEP_L_NEG_1_G015_20291203,PO-000060,MEP Rough-In L -1 Group 015,MEP Rough-In | L -1 | MEP_L_NEG_1_G015
1277312,MEP_L_NEG_1_G015_20291203,PO-000060,MEP Rough-In L -1 Group 015,MEP Rough-In | L -1 | MEP_L_NEG_1_G015
1277302,MEP_L_NEG_1_G016_20291203,PO-000061,MEP Rough-In L -1 Group 016,MEP Rough-In | L -1 | MEP_L_NEG_1_G016
1277304,MEP_L_NEG_1_G016_20291203,PO-000061,MEP Rough-In L -1 Group 016,MEP Rough-In | L -1 | MEP_L_NEG_1_G016
1277306,MEP_L_NEG_1_G016_20291203,PO-000061,MEP Rough-In L -1 Group 016,MEP Rough-In | L -1 | MEP_L_NEG_1_G016
1253943,MEP_L_NEG_1_G017_20291203,PO-000062,MEP Rough-In L -1 Group 017,MEP Rough-In | L -1 | MEP_L_NEG_1_G017
1253948,MEP_L_NEG_1_G017_20291203,PO-000062,MEP Rough-In L -1 Group 017,MEP Rough-In | L -1 | MEP_L_NEG_1_G017
1253953,MEP_L_NEG_1_G017_20291203,PO-000062,MEP Rough-In L -1 Group 017,MEP Rough-In | L -1 | MEP_L_NEG_1_G017
1253928,MEP_L_NEG_1_G018_20291203,PO-000063,MEP Rough-In L -1 Group 018,MEP Rough-In | L -1 | MEP_L_NEG_1_G018
1253933,MEP_L_NEG_1_G018_20291203,PO-000063,MEP Rough-In L -1 Group 018,MEP Rough-In | L -1 | MEP_L_NEG_1_G018
1253938,MEP_L_NEG_1_G018_20291203,PO-000063,MEP Rough-In L -1 Group 018,MEP Rough-In | L -1 | MEP_L_NEG_1_G018
1253248,MEP_L_NEG_1_G019_20291203,PO-000064,MEP Rough-In L -1 Group 019,MEP Rough-In | L -1 | MEP_L_NEG_1_G019
1253917,MEP_L_NEG_1_G019_20291203,PO-000064,MEP Rough-In L -1 Group 019,MEP Rough-In | L -1 | MEP_L_NEG_1_G019
1253923,MEP_L_NEG_1_G019_20291203,PO-000064,MEP Rough-In L -1 Group 019,MEP Rough-In | L -1 | MEP_L_NEG_1_G019
1253349,MEP_L_NEG_1_G020_20291203,PO-000065,MEP Rough-In L -1 Group 020,MEP Rough-In | L -1 | MEP_L_NEG_1_G020
1277303,MEP_L_NEG_1_G020_20291203,PO-000065,MEP Rough-In L -1 Group 020,MEP Rough-In | L -1 | MEP_L_NEG_1_G020
1277305,MEP_L_NEG_1_G020_20291203,PO-000065,MEP Rough-In L -1 Group 020,MEP Rough-In | L -1 | MEP_L_NEG_1_G020
1253410,MEP_L_NEG_1_G021_20291203,PO-000066,MEP Rough-In L -1 Group 021,MEP Rough-In | L -1 | MEP_L_NEG_1_G021
1253461,MEP_L_NEG_1_G021_20291203,PO-000066,MEP Rough-In L -1 Group 021,MEP Rough-In | L -1 | MEP_L_NEG_1_G021
1277307,MEP_L_NEG_1_G021_20291203,PO-000066,MEP Rough-In L -1 Group 021,MEP Rough-In | L -1 | MEP_L_NEG_1_G021
1253550,MEP_L_NEG_1_G022_20291203,PO-000067,MEP Rough-In L -1 Group 022,MEP Rough-In | L -1 | MEP_L_NEG_1_G022
1277309,MEP_L_NEG_1_G022_20291203,PO-000067,MEP Rough-In L -1 Group 022,MEP Rough-In | L -1 | MEP_L_NEG_1_G022
1277311,MEP_L_NEG_1_G022_20291203,PO-000067,MEP Rough-In L -1 Group 022,MEP Rough-In | L -1 | MEP_L_NEG_1_G022
1253601,MEP_L_NEG_1_G023_20291203,PO-000068,MEP Rough-In L -1 Group 023,MEP Rough-In | L -1 | MEP_L_NEG_1_G023
1253650,MEP_L_NEG_1_G023_20291203,PO-000068,MEP Rough-In L -1 Group 023,MEP Rough-In | L -1 | MEP_L_NEG_1_G023
1277313,MEP_L_NEG_1_G023_20291203,PO-000068,MEP Rough-In L -1 Group 023,MEP Rough-In | L -1 | MEP_L_NEG_1_G023
1253667,MEP_L_NEG_1_G024_20291203,PO-000069,MEP Rough-In L -1 Group 024,MEP Rough-In | L -1 | MEP_L_NEG_1_G024
1277315,MEP_L_NEG_1_G024_20291203,PO-000069,MEP Rough-In L -1 Group 024,MEP Rough-In | L -1 | MEP_L_NEG_1_G024
1277317,MEP_L_NEG_1_G024_20291203,PO-000069,MEP Rough-In L -1 Group 024,MEP Rough-In | L -1 | MEP_L_NEG_1_G024
1151315,MEP_L_NEG_1_G025_20291204,PO-000072,MEP Rough-In L -1 Group 025,MEP Rough-In | L -1 | MEP_L_NEG_1_G025
1151583,MEP_L_NEG_1_G025_20291204,PO-000072,MEP Rough-In L -1 Group 025,MEP Rough-In | L -1 | MEP_L_NEG_1_G025
1151877,MEP_L_NEG_1_G025_20291204,PO-000072,MEP Rough-In L -1 Group 025,MEP Rough-In | L -1 | MEP_L_NEG_1_G025
1152137,MEP_L_NEG_1_G026_20291204,PO-000073,MEP Rough-In L -1 Group 026,MEP Rough-In | L -1 | MEP_L_NEG_1_G026
1152842,MEP_L_NEG_1_G026_20291204,PO-000073,MEP Rough-In L -1 Group 026,MEP Rough-In | L -1 | MEP_L_NEG_1_G026
1378847,MEP_L_NEG_1_G026_20291204,PO-000073,MEP Rough-In L -1 Group 026,MEP Rough-In | L -1 | MEP_L_NEG_1_G026
1152870,MEP_L_NEG_1_G027_20291204,PO-000074,MEP Rough-In L -1 Group 027,MEP Rough-In | L -1 | MEP_L_NEG_1_G027
1152890,MEP_L_NEG_1_G027_20291204,PO-000074,MEP Rough-In L -1 Group 027,MEP Rough-In | L -1 | MEP_L_NEG_1_G027
1152907,MEP_L_NEG_1_G027_20291204,PO-000074,MEP Rough-In L -1 Group 027,MEP Rough-In | L -1 | MEP_L_NEG_1_G027
1165428,MEP_L_NEG_1_G028_20291204,PO-000075,MEP Rough-In L -1 Group 028,MEP Rough-In | L -1 | MEP_L_NEG_1_G028
1165430,MEP_L_NEG_1_G028_20291204,PO-000075,MEP Rough-In L -1 Group 028,MEP Rough-In | L -1 | MEP_L_NEG_1_G028
1340613,MEP_L_NEG_1_G028_20291204,PO-000075,MEP Rough-In L -1 Group 028,MEP Rough-In | L -1 | MEP_L_NEG_1_G028
1153281,MEP_L_NEG_1_G029_20291204,PO-000076,MEP Rough-In L -1 Group 029,MEP Rough-In | L -1 | MEP_L_NEG_1_G029
1340508,MEP_L_NEG_1_G029_20291204,PO-000076,MEP Rough-In L -1 Group 029,MEP Rough-In | L -1 | MEP_L_NEG_1_G029
1340611,MEP_L_NEG_1_G029_20291204,PO-000076,MEP Rough-In L -1 Group 029,MEP Rough-In | L -1 | MEP_L_NEG_1_G029
1152880,MEP_L_NEG_1_G030_20291204,PO-000077,MEP Rough-In L -1 Group 030,MEP Rough-In | L -1 | MEP_L_NEG_1_G030
1340587,MEP_L_NEG_1_G030_20291204,PO-000077,MEP Rough-In L -1 Group 030,MEP Rough-In | L -1 | MEP_L_NEG_1_G030
1340675,MEP_L_NEG_1_G030_20291204,PO-000077,MEP Rough-In L -1 Group 030,MEP Rough-In | L -1 | MEP_L_NEG_1_G030
1152898,MEP_L_NEG_1_G031_20291204,PO-000078,MEP Rough-In L -1 Group 031,MEP Rough-In | L -1 | MEP_L_NEG_1_G031
1152899,MEP_L_NEG_1_G031_20291204,PO-000078,MEP Rough-In L -1 Group 031,MEP Rough-In | L -1 | MEP_L_NEG_1_G031
1165431,MEP_L_NEG_1_G031_20291204,PO-000078,MEP Rough-In L -1 Group 031,MEP Rough-In | L -1 | MEP_L_NEG_1_G031
1152823,MEP_L_NEG_1_G032_20291204,PO-000079,MEP Rough-In L -1 Group 032,MEP Rough-In | L -1 | MEP_L_NEG_1_G032
1152914,MEP_L_NEG_1_G032_20291204,PO-000079,MEP Rough-In L -1 Group 032,MEP Rough-In | L -1 | MEP_L_NEG_1_G032
1340558,MEP_L_NEG_1_G032_20291204,PO-000079,MEP Rough-In L -1 Group 032,MEP Rough-In | L -1 | MEP_L_NEG_1_G032
1153280,MEP_L_NEG_1_G033_20291204,PO-000080,MEP Rough-In L -1 Group 033,MEP Rough-In | L -1 | MEP_L_NEG_1_G033
1165429,MEP_L_NEG_1_G033_20291204,PO-000080,MEP Rough-In L -1 Group 033,MEP Rough-In | L -1 | MEP_L_NEG_1_G033
1708563,MEP_L_NEG_1_G033_20291204,PO-000080,MEP Rough-In L -1 Group 033,MEP Rough-In | L -1 | MEP_L_NEG_1_G033
1152915,MEP_L_NEG_1_G034_20291204,PO-000081,MEP Rough-In L -1 Group 034,MEP Rough-In | L -1 | MEP_L_NEG_1_G034
1165427,MEP_L_NEG_1_G034_20291204,PO-000081,MEP Rough-In L -1 Group 034,MEP Rough-In | L -1 | MEP_L_NEG_1_G034
1340632,MEP_L_NEG_1_G034_20291204,PO-000081,MEP Rough-In L -1 Group 034,MEP Rough-In | L -1 | MEP_L_NEG_1_G034
1152850,MEP_L_NEG_1_G035_20291204,PO-000082,MEP Rough-In L -1 Group 035,MEP Rough-In | L -1 | MEP_L_NEG_1_G035
1152878,MEP_L_NEG_1_G035_20291204,PO-000082,MEP Rough-In L -1 Group 035,MEP Rough-In | L -1 | MEP_L_NEG_1_G035
1152897,MEP_L_NEG_1_G035_20291204,PO-000082,MEP Rough-In L -1 Group 035,MEP Rough-In | L -1 | MEP_L_NEG_1_G035
1359795,MEP_L_NEG_1_G036_20291204,PO-000083,MEP Rough-In L -1 Group 036,MEP Rough-In | L -1 | MEP_L_NEG_1_G036
1360763,MEP_L_NEG_1_G036_20291204,PO-000083,MEP Rough-In L -1 Group 036,MEP Rough-In | L -1 | MEP_L_NEG_1_G036
1378848,MEP_L_NEG_1_G036_20291204,PO-000083,MEP Rough-In L -1 Group 036,MEP Rough-In | L -1 | MEP_L_NEG_1_G036
1151162,MEP_L_NEG_1_G037_20291204,PO-000084,MEP Rough-In L -1 Group 037,MEP Rough-In | L -1 | MEP_L_NEG_1_G037
1151658,MEP_L_NEG_1_G037_20291204,PO-000084,MEP Rough-In L -1 Group 037,MEP Rough-In | L -1 | MEP_L_NEG_1_G037
1340547,MEP_L_NEG_1_G037_20291204,PO-000084,MEP Rough-In L -1 Group 037,MEP Rough-In | L -1 | MEP_L_NEG_1_G037
1151456,MEP_L_NEG_1_G038_20291204,PO-000085,MEP Rough-In L -1 Group 038,MEP Rough-In | L -1 | MEP_L_NEG_1_G038
1152022,MEP_L_NEG_1_G038_20291204,PO-000085,MEP Rough-In L -1 Group 038,MEP Rough-In | L -1 | MEP_L_NEG_1_G038
1340373,MEP_L_NEG_1_G038_20291204,PO-000085,MEP Rough-In L -1 Group 038,MEP Rough-In | L -1 | MEP_L_NEG_1_G038
1153377,MEP_L_NEG_1_G039_20291204,PO-000086,MEP Rough-In L -1 Group 039,MEP Rough-In | L -1 | MEP_L_NEG_1_G039
1153385,MEP_L_NEG_1_G039_20291204,PO-000086,MEP Rough-In L -1 Group 039,MEP Rough-In | L -1 | MEP_L_NEG_1_G039
1171056,MEP_L_NEG_1_G039_20291204,PO-000086,MEP Rough-In L -1 Group 039,MEP Rough-In | L -1 | MEP_L_NEG_1_G039
1153712,MEP_L_NEG_1_G040_20291204,PO-000087,MEP Rough-In L -1 Group 040,MEP Rough-In | L -1 | MEP_L_NEG_1_G040
1170937,MEP_L_NEG_1_G040_20291204,PO-000087,MEP Rough-In L -1 Group 040,MEP Rough-In | L -1 | MEP_L_NEG_1_G040
1298319,MEP_L_NEG_1_G040_20291204,PO-000087,MEP Rough-In L -1 Group 040,MEP Rough-In | L -1 | MEP_L_NEG_1_G040
1128221,MEP_L_NEG_1_G041_20291204,PO-000088,MEP Rough-In L -1 Group 041,MEP Rough-In | L -1 | MEP_L_NEG_1_G041
1157667,MEP_L_NEG_1_G041_20291204,PO-000088,MEP Rough-In L -1 Group 041,MEP Rough-In | L -1 | MEP_L_NEG_1_G041
1252388,MEP_L_NEG_1_G041_20291204,PO-000088,MEP Rough-In L -1 Group 041,MEP Rough-In | L -1 | MEP_L_NEG_1_G041
1280958,MEP_L_NEG_1_G042_20291204,PO-000089,MEP Rough-In L -1 Group 042,MEP Rough-In | L -1 | MEP_L_NEG_1_G042
1317728,MEP_L_NEG_1_G042_20291204,PO-000089,MEP Rough-In L -1 Group 042,MEP Rough-In | L -1 | MEP_L_NEG_1_G042
1320252,MEP_L_NEG_1_G042_20291204,PO-000089,MEP Rough-In L -1 Group 042,MEP Rough-In | L -1 | MEP_L_NEG_1_G042
1249340,MEP_L_NEG_1_G043_20291204,PO-000090,MEP Rough-In L -1 Group 043,MEP Rough-In | L -1 | MEP_L_NEG_1_G043
1249690,MEP_L_NEG_1_G043_20291204,PO-000090,MEP Rough-In L -1 Group 043,MEP Rough-In | L -1 | MEP_L_NEG_1_G043
1280517,MEP_L_NEG_1_G043_20291204,PO-000090,MEP Rough-In L -1 Group 043,MEP Rough-In | L -1 | MEP_L_NEG_1_G043
1320250,MEP_L_NEG_1_G044_20291204,PO-000091,MEP Rough-In L -1 Group 044,MEP Rough-In | L -1 | MEP_L_NEG_1_G044
1381828,MEP_L_NEG_1_G044_20291204,PO-000091,MEP Rough-In L -1 Group 044,MEP Rough-In | L -1 | MEP_L_NEG_1_G044
1381829,MEP_L_NEG_1_G044_20291204,PO-000091,MEP Rough-In L -1 Group 044,MEP Rough-In | L -1 | MEP_L_NEG_1_G044
1381695,MEP_L_NEG_1_G045_20291204,PO-000092,MEP Rough-In L -1 Group 045,MEP Rough-In | L -1 | MEP_L_NEG_1_G045
1381696,MEP_L_NEG_1_G045_20291204,PO-000092,MEP Rough-In L -1 Group 045,MEP Rough-In | L -1 | MEP_L_NEG_1_G045
1381758,MEP_L_NEG_1_G045_20291204,PO-000092,MEP Rough-In L -1 Group 045,MEP Rough-In | L -1 | MEP_L_NEG_1_G045
1169283,MEP_L_NEG_1_G046_20291204,PO-000093,MEP Rough-In L -1 Group 046,MEP Rough-In | L -1 | MEP_L_NEG_1_G046
1330250,MEP_L_NEG_1_G046_20291204,PO-000093,MEP Rough-In L -1 Group 046,MEP Rough-In | L -1 | MEP_L_NEG_1_G046
1381759,MEP_L_NEG_1_G046_20291204,PO-000093,MEP Rough-In L -1 Group 046,MEP Rough-In | L -1 | MEP_L_NEG_1_G046
1380906,MEP_L_NEG_1_G047_20291204,PO-000094,MEP Rough-In L -1 Group 047,MEP Rough-In | L -1 | MEP_L_NEG_1_G047
1380907,MEP_L_NEG_1_G047_20291204,PO-000094,MEP Rough-In L -1 Group 047,MEP Rough-In | L -1 | MEP_L_NEG_1_G047
1381046,MEP_L_NEG_1_G047_20291204,PO-000094,MEP Rough-In L -1 Group 047,MEP Rough-In | L -1 | MEP_L_NEG_1_G047
1170080,MEP_L_NEG_1_G048_20291204,PO-000095,MEP Rough-In L -1 Group 048,MEP Rough-In | L -1 | MEP_L_NEG_1_G048
1299575,MEP_L_NEG_1_G048_20291204,PO-000095,MEP Rough-In L -1 Group 048,MEP Rough-In | L -1 | MEP_L_NEG_1_G048
1330252,MEP_L_NEG_1_G048_20291204,PO-000095,MEP Rough-In L -1 Group 048,MEP Rough-In | L -1 | MEP_L_NEG_1_G048
1279955,MEP_L_NEG_1_G049_20291205,PO-000106,MEP Rough-In L -1 Group 049,MEP Rough-In | L -1 | MEP_L_NEG_1_G049
1298985,MEP_L_NEG_1_G049_20291205,PO-000106,MEP Rough-In L -1 Group 049,MEP Rough-In | L -1 | MEP_L_NEG_1_G049
1299117,MEP_L_NEG_1_G049_20291205,PO-000106,MEP Rough-In L -1 Group 049,MEP Rough-In | L -1 | MEP_L_NEG_1_G049
1168849,MEP_L_NEG_1_G050_20291205,PO-000107,MEP Rough-In L -1 Group 050,MEP Rough-In | L -1 | MEP_L_NEG_1_G050
1170437,MEP_L_NEG_1_G050_20291205,PO-000107,MEP Rough-In L -1 Group 050,MEP Rough-In | L -1 | MEP_L_NEG_1_G050
1320135,MEP_L_NEG_1_G050_20291205,PO-000107,MEP Rough-In L -1 Group 050,MEP Rough-In | L -1 | MEP_L_NEG_1_G050
1248001,MEP_L_NEG_1_G051_20291205,PO-000108,MEP Rough-In L -1 Group 051,MEP Rough-In | L -1 | MEP_L_NEG_1_G051
1317744,MEP_L_NEG_1_G051_20291205,PO-000108,MEP Rough-In L -1 Group 051,MEP Rough-In | L -1 | MEP_L_NEG_1_G051
1320133,MEP_L_NEG_1_G051_20291205,PO-000108,MEP Rough-In L -1 Group 051,MEP Rough-In | L -1 | MEP_L_NEG_1_G051
1381658,MEP_L_NEG_1_G052_20291205,PO-000109,MEP Rough-In L -1 Group 052,MEP Rough-In | L -1 | MEP_L_NEG_1_G052
1381862,MEP_L_NEG_1_G052_20291205,PO-000109,MEP Rough-In L -1 Group 052,MEP Rough-In | L -1 | MEP_L_NEG_1_G052
1381863,MEP_L_NEG_1_G052_20291205,PO-000109,MEP Rough-In L -1 Group 052,MEP Rough-In | L -1 | MEP_L_NEG_1_G052
1381659,MEP_L_NEG_1_G053_20291205,PO-000110,MEP Rough-In L -1 Group 053,MEP Rough-In | L -1 | MEP_L_NEG_1_G053
1381739,MEP_L_NEG_1_G053_20291205,PO-000110,MEP Rough-In L -1 Group 053,MEP Rough-In | L -1 | MEP_L_NEG_1_G053
1381740,MEP_L_NEG_1_G053_20291205,PO-000110,MEP Rough-In L -1 Group 053,MEP Rough-In | L -1 | MEP_L_NEG_1_G053
1168865,MEP_L_NEG_1_G054_20291205,PO-000111,MEP Rough-In L -1 Group 054,MEP Rough-In | L -1 | MEP_L_NEG_1_G054
1330796,MEP_L_NEG_1_G054_20291205,PO-000111,MEP Rough-In L -1 Group 054,MEP Rough-In | L -1 | MEP_L_NEG_1_G054
1381194,MEP_L_NEG_1_G054_20291205,PO-000111,MEP Rough-In L -1 Group 054,MEP Rough-In | L -1 | MEP_L_NEG_1_G054
1170582,MEP_L_NEG_1_G055_20291205,PO-000112,MEP Rough-In L -1 Group 055,MEP Rough-In | L -1 | MEP_L_NEG_1_G055
1381119,MEP_L_NEG_1_G055_20291205,PO-000112,MEP Rough-In L -1 Group 055,MEP Rough-In | L -1 | MEP_L_NEG_1_G055
1381195,MEP_L_NEG_1_G055_20291205,PO-000112,MEP Rough-In L -1 Group 055,MEP Rough-In | L -1 | MEP_L_NEG_1_G055
1248030,MEP_L_NEG_1_G056_20291205,PO-000113,MEP Rough-In L -1 Group 056,MEP Rough-In | L -1 | MEP_L_NEG_1_G056
1248160,MEP_L_NEG_1_G056_20291205,PO-000113,MEP Rough-In L -1 Group 056,MEP Rough-In | L -1 | MEP_L_NEG_1_G056
1330798,MEP_L_NEG_1_G056_20291205,PO-000113,MEP Rough-In L -1 Group 056,MEP Rough-In | L -1 | MEP_L_NEG_1_G056
1171059,MEP_L_NEG_1_G057_20291205,PO-000114,MEP Rough-In L -1 Group 057,MEP Rough-In | L -1 | MEP_L_NEG_1_G057
1298978,MEP_L_NEG_1_G057_20291205,PO-000114,MEP Rough-In L -1 Group 057,MEP Rough-In | L -1 | MEP_L_NEG_1_G057
1299598,MEP_L_NEG_1_G057_20291205,PO-000114,MEP Rough-In L -1 Group 057,MEP Rough-In | L -1 | MEP_L_NEG_1_G057
1298328,MEP_L_NEG_1_G058_20291205,PO-000115,MEP Rough-In L -1 Group 058,MEP Rough-In | L -1 | MEP_L_NEG_1_G058
1298337,MEP_L_NEG_1_G058_20291205,PO-000115,MEP Rough-In L -1 Group 058,MEP Rough-In | L -1 | MEP_L_NEG_1_G058
1298345,MEP_L_NEG_1_G058_20291205,PO-000115,MEP Rough-In L -1 Group 058,MEP Rough-In | L -1 | MEP_L_NEG_1_G058
1165803,MEP_L_NEG_1_G059_20291205,PO-000116,MEP Rough-In L -1 Group 059,MEP Rough-In | L -1 | MEP_L_NEG_1_G059
1165812,MEP_L_NEG_1_G059_20291205,PO-000116,MEP Rough-In L -1 Group 059,MEP Rough-In | L -1 | MEP_L_NEG_1_G059
1171043,MEP_L_NEG_1_G059_20291205,PO-000116,MEP Rough-In L -1 Group 059,MEP Rough-In | L -1 | MEP_L_NEG_1_G059
1157674,MEP_L_NEG_1_G060_20291205,PO-000117,MEP Rough-In L -1 Group 060,MEP Rough-In | L -1 | MEP_L_NEG_1_G060
1166109,MEP_L_NEG_1_G060_20291205,PO-000117,MEP Rough-In L -1 Group 060,MEP Rough-In | L -1 | MEP_L_NEG_1_G060
1281291,MEP_L_NEG_1_G060_20291205,PO-000117,MEP Rough-In L -1 Group 060,MEP Rough-In | L -1 | MEP_L_NEG_1_G060
1298247,MEP_L_NEG_1_G061_20291205,PO-000118,MEP Rough-In L -1 Group 061,MEP Rough-In | L -1 | MEP_L_NEG_1_G061
1299570,MEP_L_NEG_1_G061_20291205,PO-000118,MEP Rough-In L -1 Group 061,MEP Rough-In | L -1 | MEP_L_NEG_1_G061
1299597,MEP_L_NEG_1_G061_20291205,PO-000118,MEP Rough-In L -1 Group 061,MEP Rough-In | L -1 | MEP_L_NEG_1_G061
1171047,MEP_L_NEG_1_G062_20291205,PO-000119,MEP Rough-In L -1 Group 062,MEP Rough-In | L -1 | MEP_L_NEG_1_G062
1299557,MEP_L_NEG_1_G062_20291205,PO-000119,MEP Rough-In L -1 Group 062,MEP Rough-In | L -1 | MEP_L_NEG_1_G062
1299558,MEP_L_NEG_1_G062_20291205,PO-000119,MEP Rough-In L -1 Group 062,MEP Rough-In | L -1 | MEP_L_NEG_1_G062
1261388,MEP_L_NEG_1_G063_20291205,PO-000120,MEP Rough-In L -1 Group 063,MEP Rough-In | L -1 | MEP_L_NEG_1_G063
1261927,MEP_L_NEG_1_G063_20291205,PO-000120,MEP Rough-In L -1 Group 063,MEP Rough-In | L -1 | MEP_L_NEG_1_G063
1298249,MEP_L_NEG_1_G063_20291205,PO-000120,MEP Rough-In L -1 Group 063,MEP Rough-In | L -1 | MEP_L_NEG_1_G063
1166172,MEP_L_NEG_1_G064_20291205,PO-000121,MEP Rough-In L -1 Group 064,MEP Rough-In | L -1 | MEP_L_NEG_1_G064
1262004,MEP_L_NEG_1_G064_20291205,PO-000121,MEP Rough-In L -1 Group 064,MEP Rough-In | L -1 | MEP_L_NEG_1_G064
1298273,MEP_L_NEG_1_G064_20291205,PO-000121,MEP Rough-In L -1 Group 064,MEP Rough-In | L -1 | MEP_L_NEG_1_G064
1171042,MEP_L_NEG_1_G065_20291205,PO-000122,MEP Rough-In L -1 Group 065,MEP Rough-In | L -1 | MEP_L_NEG_1_G065
1312123,MEP_L_NEG_1_G065_20291205,PO-000122,MEP Rough-In L -1 Group 065,MEP Rough-In | L -1 | MEP_L_NEG_1_G065
1312285,MEP_L_NEG_1_G065_20291205,PO-000122,MEP Rough-In L -1 Group 065,MEP Rough-In | L -1 | MEP_L_NEG_1_G065
1311938,MEP_L_NEG_1_G066_20291205,PO-000123,MEP Rough-In L -1 Group 066,MEP Rough-In | L -1 | MEP_L_NEG_1_G066
1312301,MEP_L_NEG_1_G066_20291205,PO-000123,MEP Rough-In L -1 Group 066,MEP Rough-In | L -1 | MEP_L_NEG_1_G066
1312316,MEP_L_NEG_1_G066_20291205,PO-000123,MEP Rough-In L -1 Group 066,MEP Rough-In | L -1 | MEP_L_NEG_1_G066
1152598,MEP_L_NEG_1_G067_20291205,PO-000124,MEP Rough-In L -1 Group 067,MEP Rough-In | L -1 | MEP_L_NEG_1_G067
1312309,MEP_L_NEG_1_G067_20291205,PO-000124,MEP Rough-In L -1 Group 067,MEP Rough-In | L -1 | MEP_L_NEG_1_G067
1350011,MEP_L_NEG_1_G067_20291205,PO-000124,MEP Rough-In L -1 Group 067,MEP Rough-In | L -1 | MEP_L_NEG_1_G067
1152314,MEP_L_NEG_1_G068_20291205,PO-000125,MEP Rough-In L -1 Group 068,MEP Rough-In | L -1 | MEP_L_NEG_1_G068
1261315,MEP_L_NEG_1_G068_20291205,PO-000125,MEP Rough-In L -1 Group 068,MEP Rough-In | L -1 | MEP_L_NEG_1_G068
1261334,MEP_L_NEG_1_G068_20291205,PO-000125,MEP Rough-In L -1 Group 068,MEP Rough-In | L -1 | MEP_L_NEG_1_G068
1152713,MEP_L_NEG_1_G069_20291205,PO-000126,MEP Rough-In L -1 Group 069,MEP Rough-In | L -1 | MEP_L_NEG_1_G069
1261333,MEP_L_NEG_1_G069_20291205,PO-000126,MEP Rough-In L -1 Group 069,MEP Rough-In | L -1 | MEP_L_NEG_1_G069
1350048,MEP_L_NEG_1_G069_20291205,PO-000126,MEP Rough-In L -1 Group 069,MEP Rough-In | L -1 | MEP_L_NEG_1_G069
1152661,MEP_L_NEG_1_G070_20291205,PO-000127,MEP Rough-In L -1 Group 070,MEP Rough-In | L -1 | MEP_L_NEG_1_G070
1261324,MEP_L_NEG_1_G070_20291205,PO-000127,MEP Rough-In L -1 Group 070,MEP Rough-In | L -1 | MEP_L_NEG_1_G070
1261355,MEP_L_NEG_1_G070_20291205,PO-000127,MEP Rough-In L -1 Group 070,MEP Rough-In | L -1 | MEP_L_NEG_1_G070
1153550,MEP_L_NEG_1_G071_20291205,PO-000128,MEP Rough-In L -1 Group 071,MEP Rough-In | L -1 | MEP_L_NEG_1_G071
1298529,MEP_L_NEG_1_G071_20291205,PO-000128,MEP Rough-In L -1 Group 071,MEP Rough-In | L -1 | MEP_L_NEG_1_G071
1312273,MEP_L_NEG_1_G071_20291205,PO-000128,MEP Rough-In L -1 Group 071,MEP Rough-In | L -1 | MEP_L_NEG_1_G071
1261375,MEP_L_NEG_1_G072_20291205,PO-000129,MEP Rough-In L -1 Group 072,MEP Rough-In | L -1 | MEP_L_NEG_1_G072
1261384,MEP_L_NEG_1_G072_20291205,PO-000129,MEP Rough-In L -1 Group 072,MEP Rough-In | L -1 | MEP_L_NEG_1_G072
1312498,MEP_L_NEG_1_G072_20291205,PO-000129,MEP Rough-In L -1 Group 072,MEP Rough-In | L -1 | MEP_L_NEG_1_G072
1299247,MEP_L_NEG_1_G073_20291206,PO-000132,MEP Rough-In L -1 Group 073,MEP Rough-In | L -1 | MEP_L_NEG_1_G073
2010744,MEP_L_NEG_1_G073_20291206,PO-000132,MEP Rough-In L -1 Group 073,MEP Rough-In | L -1 | MEP_L_NEG_1_G073
2010846,MEP_L_NEG_1_G073_20291206,PO-000132,MEP Rough-In L -1 Group 073,MEP Rough-In | L -1 | MEP_L_NEG_1_G073
1171044,MEP_L_NEG_1_G074_20291206,PO-000133,MEP Rough-In L -1 Group 074,MEP Rough-In | L -1 | MEP_L_NEG_1_G074
1248153,MEP_L_NEG_1_G074_20291206,PO-000133,MEP Rough-In L -1 Group 074,MEP Rough-In | L -1 | MEP_L_NEG_1_G074
1298269,MEP_L_NEG_1_G074_20291206,PO-000133,MEP Rough-In L -1 Group 074,MEP Rough-In | L -1 | MEP_L_NEG_1_G074
1298924,MEP_L_NEG_1_G075_20291206,PO-000134,MEP Rough-In L -1 Group 075,MEP Rough-In | L -1 | MEP_L_NEG_1_G075
1299075,MEP_L_NEG_1_G075_20291206,PO-000134,MEP Rough-In L -1 Group 075,MEP Rough-In | L -1 | MEP_L_NEG_1_G075
1299077,MEP_L_NEG_1_G075_20291206,PO-000134,MEP Rough-In L -1 Group 075,MEP Rough-In | L -1 | MEP_L_NEG_1_G075
1298916,MEP_L_NEG_1_G076_20291206,PO-000135,MEP Rough-In L -1 Group 076,MEP Rough-In | L -1 | MEP_L_NEG_1_G076
1298921,MEP_L_NEG_1_G076_20291206,PO-000135,MEP Rough-In L -1 Group 076,MEP Rough-In | L -1 | MEP_L_NEG_1_G076
1299078,MEP_L_NEG_1_G076_20291206,PO-000135,MEP Rough-In L -1 Group 076,MEP Rough-In | L -1 | MEP_L_NEG_1_G076
1171045,MEP_L_NEG_1_G077_20291206,PO-000136,MEP Rough-In L -1 Group 077,MEP Rough-In | L -1 | MEP_L_NEG_1_G077
1298905,MEP_L_NEG_1_G077_20291206,PO-000136,MEP Rough-In L -1 Group 077,MEP Rough-In | L -1 | MEP_L_NEG_1_G077
1298912,MEP_L_NEG_1_G077_20291206,PO-000136,MEP Rough-In L -1 Group 077,MEP Rough-In | L -1 | MEP_L_NEG_1_G077
1298060,MEP_L_NEG_1_G078_20291206,PO-000137,MEP Rough-In L -1 Group 078,MEP Rough-In | L -1 | MEP_L_NEG_1_G078
1298264,MEP_L_NEG_1_G078_20291206,PO-000137,MEP Rough-In L -1 Group 078,MEP Rough-In | L -1 | MEP_L_NEG_1_G078
1298270,MEP_L_NEG_1_G078_20291206,PO-000137,MEP Rough-In L -1 Group 078,MEP Rough-In | L -1 | MEP_L_NEG_1_G078
1166184,MEP_L_NEG_1_G079_20291206,PO-000138,MEP Rough-In L -1 Group 079,MEP Rough-In | L -1 | MEP_L_NEG_1_G079
1166836,MEP_L_NEG_1_G079_20291206,PO-000138,MEP Rough-In L -1 Group 079,MEP Rough-In | L -1 | MEP_L_NEG_1_G079
1298058,MEP_L_NEG_1_G079_20291206,PO-000138,MEP Rough-In L -1 Group 079,MEP Rough-In | L -1 | MEP_L_NEG_1_G079
1167200,MEP_L_NEG_1_G080_20291206,PO-000139,MEP Rough-In L -1 Group 080,MEP Rough-In | L -1 | MEP_L_NEG_1_G080
1312070,MEP_L_NEG_1_G080_20291206,PO-000139,MEP Rough-In L -1 Group 080,MEP Rough-In | L -1 | MEP_L_NEG_1_G080
1312275,MEP_L_NEG_1_G080_20291206,PO-000139,MEP Rough-In L -1 Group 080,MEP Rough-In | L -1 | MEP_L_NEG_1_G080
1312272,MEP_L_NEG_1_G081_20291206,PO-000140,MEP Rough-In L -1 Group 081,MEP Rough-In | L -1 | MEP_L_NEG_1_G081
1312274,MEP_L_NEG_1_G081_20291206,PO-000140,MEP Rough-In L -1 Group 081,MEP Rough-In | L -1 | MEP_L_NEG_1_G081
1312280,MEP_L_NEG_1_G081_20291206,PO-000140,MEP Rough-In L -1 Group 081,MEP Rough-In | L -1 | MEP_L_NEG_1_G081
1261126,MEP_L_NEG_1_G082_20291206,PO-000141,MEP Rough-In L -1 Group 082,MEP Rough-In | L -1 | MEP_L_NEG_1_G082
1261131,MEP_L_NEG_1_G082_20291206,PO-000141,MEP Rough-In L -1 Group 082,MEP Rough-In | L -1 | MEP_L_NEG_1_G082
1312278,MEP_L_NEG_1_G082_20291206,PO-000141,MEP Rough-In L -1 Group 082,MEP Rough-In | L -1 | MEP_L_NEG_1_G082
1152706,MEP_L_NEG_1_G083_20291206,PO-000142,MEP Rough-In L -1 Group 083,MEP Rough-In | L -1 | MEP_L_NEG_1_G083
1261372,MEP_L_NEG_1_G083_20291206,PO-000142,MEP Rough-In L -1 Group 083,MEP Rough-In | L -1 | MEP_L_NEG_1_G083
1261381,MEP_L_NEG_1_G083_20291206,PO-000142,MEP Rough-In L -1 Group 083,MEP Rough-In | L -1 | MEP_L_NEG_1_G083
1248299,MEP_L_NEG_1_G084_20291206,PO-000143,MEP Rough-In L -1 Group 084,MEP Rough-In | L -1 | MEP_L_NEG_1_G084
1261130,MEP_L_NEG_1_G084_20291206,PO-000143,MEP Rough-In L -1 Group 084,MEP Rough-In | L -1 | MEP_L_NEG_1_G084
1261135,MEP_L_NEG_1_G084_20291206,PO-000143,MEP Rough-In L -1 Group 084,MEP Rough-In | L -1 | MEP_L_NEG_1_G084
1152310,MEP_L_NEG_1_G085_20291206,PO-000144,MEP Rough-In L -1 Group 085,MEP Rough-In | L -1 | MEP_L_NEG_1_G085
1152311,MEP_L_NEG_1_G085_20291206,PO-000144,MEP Rough-In L -1 Group 085,MEP Rough-In | L -1 | MEP_L_NEG_1_G085
1261385,MEP_L_NEG_1_G085_20291206,PO-000144,MEP Rough-In L -1 Group 085,MEP Rough-In | L -1 | MEP_L_NEG_1_G085
1152654,MEP_L_NEG_1_G086_20291206,PO-000145,MEP Rough-In L -1 Group 086,MEP Rough-In | L -1 | MEP_L_NEG_1_G086
1261376,MEP_L_NEG_1_G086_20291206,PO-000145,MEP Rough-In L -1 Group 086,MEP Rough-In | L -1 | MEP_L_NEG_1_G086
1298678,MEP_L_NEG_1_G086_20291206,PO-000145,MEP Rough-In L -1 Group 086,MEP Rough-In | L -1 | MEP_L_NEG_1_G086
1299166,MEP_L_NEG_1_G087_20291206,PO-000146,MEP Rough-In L -1 Group 087,MEP Rough-In | L -1 | MEP_L_NEG_1_G087
1299238,MEP_L_NEG_1_G087_20291206,PO-000146,MEP Rough-In L -1 Group 087,MEP Rough-In | L -1 | MEP_L_NEG_1_G087
1299252,MEP_L_NEG_1_G087_20291206,PO-000146,MEP Rough-In L -1 Group 087,MEP Rough-In | L -1 | MEP_L_NEG_1_G087
1156979,MEP_L_NEG_1_G088_20291206,PO-000147,MEP Rough-In L -1 Group 088,MEP Rough-In | L -1 | MEP_L_NEG_1_G088
1379255,MEP_L_NEG_1_G088_20291206,PO-000147,MEP Rough-In L -1 Group 088,MEP Rough-In | L -1 | MEP_L_NEG_1_G088
1379256,MEP_L_NEG_1_G088_20291206,PO-000147,MEP Rough-In L -1 Group 088,MEP Rough-In | L -1 | MEP_L_NEG_1_G088
1298555,MEP_L_NEG_1_G089_20291206,PO-000148,MEP Rough-In L -1 Group 089,MEP Rough-In | L -1 | MEP_L_NEG_1_G089
1298571,MEP_L_NEG_1_G089_20291206,PO-000148,MEP Rough-In L -1 Group 089,MEP Rough-In | L -1 | MEP_L_NEG_1_G089
1298775,MEP_L_NEG_1_G089_20291206,PO-000148,MEP Rough-In L -1 Group 089,MEP Rough-In | L -1 | MEP_L_NEG_1_G089
1298484,MEP_L_NEG_1_G090_20291206,PO-000149,MEP Rough-In L -1 Group 090,MEP Rough-In | L -1 | MEP_L_NEG_1_G090
1298567,MEP_L_NEG_1_G090_20291206,PO-000149,MEP Rough-In L -1 Group 090,MEP Rough-In | L -1 | MEP_L_NEG_1_G090
1298679,MEP_L_NEG_1_G090_20291206,PO-000149,MEP Rough-In L -1 Group 090,MEP Rough-In | L -1 | MEP_L_NEG_1_G090
1166620,MEP_L_NEG_1_G091_20291206,PO-000150,MEP Rough-In L -1 Group 091,MEP Rough-In | L -1 | MEP_L_NEG_1_G091
1239146,MEP_L_NEG_1_G091_20291206,PO-000150,MEP Rough-In L -1 Group 091,MEP Rough-In | L -1 | MEP_L_NEG_1_G091
1298426,MEP_L_NEG_1_G091_20291206,PO-000150,MEP Rough-In L -1 Group 091,MEP Rough-In | L -1 | MEP_L_NEG_1_G091
1166608,MEP_L_NEG_1_G092_20291206,PO-000151,MEP Rough-In L -1 Group 092,MEP Rough-In | L -1 | MEP_L_NEG_1_G092
1166712,MEP_L_NEG_1_G092_20291206,PO-000151,MEP Rough-In L -1 Group 092,MEP Rough-In | L -1 | MEP_L_NEG_1_G092
1239145,MEP_L_NEG_1_G092_20291206,PO-000151,MEP Rough-In L -1 Group 092,MEP Rough-In | L -1 | MEP_L_NEG_1_G092
1312457,MEP_L_NEG_1_G093_20291206,PO-000152,MEP Rough-In L -1 Group 093,MEP Rough-In | L -1 | MEP_L_NEG_1_G093
2010743,MEP_L_NEG_1_G093_20291206,PO-000152,MEP Rough-In L -1 Group 093,MEP Rough-In | L -1 | MEP_L_NEG_1_G093
2010845,MEP_L_NEG_1_G093_20291206,PO-000152,MEP Rough-In L -1 Group 093,MEP Rough-In | L -1 | MEP_L_NEG_1_G093
1119959,MEP_L_NEG_1_G094_20291206,PO-000153,MEP Rough-In L -1 Group 094,MEP Rough-In | L -1 | MEP_L_NEG_1_G094
1312448,MEP_L_NEG_1_G094_20291206,PO-000153,MEP Rough-In L -1 Group 094,MEP Rough-In | L -1 | MEP_L_NEG_1_G094
1312503,MEP_L_NEG_1_G094_20291206,PO-000153,MEP Rough-In L -1 Group 094,MEP Rough-In | L -1 | MEP_L_NEG_1_G094
1119960,MEP_L_NEG_1_G095_20291206,PO-000154,MEP Rough-In L -1 Group 095,MEP Rough-In | L -1 | MEP_L_NEG_1_G095
1248178,MEP_L_NEG_1_G095_20291206,PO-000154,MEP Rough-In L -1 Group 095,MEP Rough-In | L -1 | MEP_L_NEG_1_G095
1312502,MEP_L_NEG_1_G095_20291206,PO-000154,MEP Rough-In L -1 Group 095,MEP Rough-In | L -1 | MEP_L_NEG_1_G095
1248169,MEP_L_NEG_1_G096_20291206,PO-000155,MEP Rough-In L -1 Group 096,MEP Rough-In | L -1 | MEP_L_NEG_1_G096
1248187,MEP_L_NEG_1_G096_20291206,PO-000155,MEP Rough-In L -1 Group 096,MEP Rough-In | L -1 | MEP_L_NEG_1_G096
1296962,MEP_L_NEG_1_G096_20291206,PO-000155,MEP Rough-In L -1 Group 096,MEP Rough-In | L -1 | MEP_L_NEG_1_G096
1296950,MEP_L_NEG_1_G097_20291207,PO-000174,MEP Rough-In L -1 Group 097,MEP Rough-In | L -1 | MEP_L_NEG_1_G097
1297000,MEP_L_NEG_1_G097_20291207,PO-000174,MEP Rough-In L -1 Group 097,MEP Rough-In | L -1 | MEP_L_NEG_1_G097
1297056,MEP_L_NEG_1_G097_20291207,PO-000174,MEP Rough-In L -1 Group 097,MEP Rough-In | L -1 | MEP_L_NEG_1_G097
1248182,MEP_L_NEG_1_G098_20291207,PO-000175,MEP Rough-In L -1 Group 098,MEP Rough-In | L -1 | MEP_L_NEG_1_G098
1248313,MEP_L_NEG_1_G098_20291207,PO-000175,MEP Rough-In L -1 Group 098,MEP Rough-In | L -1 | MEP_L_NEG_1_G098
1312423,MEP_L_NEG_1_G098_20291207,PO-000175,MEP Rough-In L -1 Group 098,MEP Rough-In | L -1 | MEP_L_NEG_1_G098
1248306,MEP_L_NEG_1_G099_20291207,PO-000176,MEP Rough-In L -1 Group 099,MEP Rough-In | L -1 | MEP_L_NEG_1_G099
1248345,MEP_L_NEG_1_G099_20291207,PO-000176,MEP Rough-In L -1 Group 099,MEP Rough-In | L -1 | MEP_L_NEG_1_G099
1297047,MEP_L_NEG_1_G099_20291207,PO-000176,MEP Rough-In L -1 Group 099,MEP Rough-In | L -1 | MEP_L_NEG_1_G099
1312414,MEP_L_NEG_1_G100_20291207,PO-000177,MEP Rough-In L -1 Group 100,MEP Rough-In | L -1 | MEP_L_NEG_1_G100
1312434,MEP_L_NEG_1_G100_20291207,PO-000177,MEP Rough-In L -1 Group 100,MEP Rough-In | L -1 | MEP_L_NEG_1_G100
1317447,MEP_L_NEG_1_G100_20291207,PO-000177,MEP Rough-In L -1 Group 100,MEP Rough-In | L -1 | MEP_L_NEG_1_G100
1317437,MEP_L_NEG_1_G101_20291207,PO-000178,MEP Rough-In L -1 Group 101,MEP Rough-In | L -1 | MEP_L_NEG_1_G101
1317455,MEP_L_NEG_1_G101_20291207,PO-000178,MEP Rough-In L -1 Group 101,MEP Rough-In | L -1 | MEP_L_NEG_1_G101
1317594,MEP_L_NEG_1_G101_20291207,PO-000178,MEP Rough-In L -1 Group 101,MEP Rough-In | L -1 | MEP_L_NEG_1_G101
1248338,MEP_L_NEG_1_G102_20291207,PO-000179,MEP Rough-In L -1 Group 102,MEP Rough-In | L -1 | MEP_L_NEG_1_G102
1317448,MEP_L_NEG_1_G102_20291207,PO-000179,MEP Rough-In L -1 Group 102,MEP Rough-In | L -1 | MEP_L_NEG_1_G102
1317593,MEP_L_NEG_1_G102_20291207,PO-000179,MEP Rough-In L -1 Group 102,MEP Rough-In | L -1 | MEP_L_NEG_1_G102
1317584,MEP_L_NEG_1_G103_20291207,PO-000180,MEP Rough-In L -1 Group 103,MEP Rough-In | L -1 | MEP_L_NEG_1_G103
1317609,MEP_L_NEG_1_G103_20291207,PO-000180,MEP Rough-In L -1 Group 103,MEP Rough-In | L -1 | MEP_L_NEG_1_G103
1317623,MEP_L_NEG_1_G103_20291207,PO-000180,MEP Rough-In L -1 Group 103,MEP Rough-In | L -1 | MEP_L_NEG_1_G103
1317509,MEP_L_NEG_1_G104_20291207,PO-000181,MEP Rough-In L -1 Group 104,MEP Rough-In | L -1 | MEP_L_NEG_1_G104
1317619,MEP_L_NEG_1_G104_20291207,PO-000181,MEP Rough-In L -1 Group 104,MEP Rough-In | L -1 | MEP_L_NEG_1_G104
1317620,MEP_L_NEG_1_G104_20291207,PO-000181,MEP Rough-In L -1 Group 104,MEP Rough-In | L -1 | MEP_L_NEG_1_G104
1317281,MEP_L_NEG_1_G105_20291207,PO-000182,MEP Rough-In L -1 Group 105,MEP Rough-In | L -1 | MEP_L_NEG_1_G105
1317606,MEP_L_NEG_1_G105_20291207,PO-000182,MEP Rough-In L -1 Group 105,MEP Rough-In | L -1 | MEP_L_NEG_1_G105
1317618,MEP_L_NEG_1_G105_20291207,PO-000182,MEP Rough-In L -1 Group 105,MEP Rough-In | L -1 | MEP_L_NEG_1_G105
1297478,MEP_L_NEG_1_G106_20291207,PO-000183,MEP Rough-In L -1 Group 106,MEP Rough-In | L -1 | MEP_L_NEG_1_G106
1317604,MEP_L_NEG_1_G106_20291207,PO-000183,MEP Rough-In L -1 Group 106,MEP Rough-In | L -1 | MEP_L_NEG_1_G106
1317605,MEP_L_NEG_1_G106_20291207,PO-000183,MEP Rough-In L -1 Group 106,MEP Rough-In | L -1 | MEP_L_NEG_1_G106
1294211,MEP_L_NEG_1_G107_20291207,PO-000184,MEP Rough-In L -1 Group 107,MEP Rough-In | L -1 | MEP_L_NEG_1_G107
1294212,MEP_L_NEG_1_G107_20291207,PO-000184,MEP Rough-In L -1 Group 107,MEP Rough-In | L -1 | MEP_L_NEG_1_G107
1294266,MEP_L_NEG_1_G107_20291207,PO-000184,MEP Rough-In L -1 Group 107,MEP Rough-In | L -1 | MEP_L_NEG_1_G107
1251012,MEP_L_NEG_1_G108_20291207,PO-000185,MEP Rough-In L -1 Group 108,MEP Rough-In | L -1 | MEP_L_NEG_1_G108
1251584,MEP_L_NEG_1_G108_20291207,PO-000185,MEP Rough-In L -1 Group 108,MEP Rough-In | L -1 | MEP_L_NEG_1_G108
1284806,MEP_L_NEG_1_G108_20291207,PO-000185,MEP Rough-In L -1 Group 108,MEP Rough-In | L -1 | MEP_L_NEG_1_G108
1297057,MEP_L_NEG_1_G109_20291207,PO-000186,MEP Rough-In L -1 Group 109,MEP Rough-In | L -1 | MEP_L_NEG_1_G109
1297063,MEP_L_NEG_1_G109_20291207,PO-000186,MEP Rough-In L -1 Group 109,MEP Rough-In | L -1 | MEP_L_NEG_1_G109
1297065,MEP_L_NEG_1_G109_20291207,PO-000186,MEP Rough-In L -1 Group 109,MEP Rough-In | L -1 | MEP_L_NEG_1_G109
1294850,MEP_L_NEG_1_G110_20291207,PO-000187,MEP Rough-In L -1 Group 110,MEP Rough-In | L -1 | MEP_L_NEG_1_G110
1294978,MEP_L_NEG_1_G110_20291207,PO-000187,MEP Rough-In L -1 Group 110,MEP Rough-In | L -1 | MEP_L_NEG_1_G110
1295353,MEP_L_NEG_1_G110_20291207,PO-000187,MEP Rough-In L -1 Group 110,MEP Rough-In | L -1 | MEP_L_NEG_1_G110
1294110,MEP_L_NEG_1_G111_20291207,PO-000188,MEP Rough-In L -1 Group 111,MEP Rough-In | L -1 | MEP_L_NEG_1_G111
1294148,MEP_L_NEG_1_G111_20291207,PO-000188,MEP Rough-In L -1 Group 111,MEP Rough-In | L -1 | MEP_L_NEG_1_G111
1294213,MEP_L_NEG_1_G111_20291207,PO-000188,MEP Rough-In L -1 Group 111,MEP Rough-In | L -1 | MEP_L_NEG_1_G111
1129441,MEP_L_NEG_1_G112_20291207,PO-000189,MEP Rough-In L -1 Group 112,MEP Rough-In | L -1 | MEP_L_NEG_1_G112
1294267,MEP_L_NEG_1_G112_20291207,PO-000189,MEP Rough-In L -1 Group 112,MEP Rough-In | L -1 | MEP_L_NEG_1_G112
1295352,MEP_L_NEG_1_G112_20291207,PO-000189,MEP Rough-In L -1 Group 112,MEP Rough-In | L -1 | MEP_L_NEG_1_G112
1129435,MEP_L_NEG_1_G113_20291207,PO-000190,MEP Rough-In L -1 Group 113,MEP Rough-In | L -1 | MEP_L_NEG_1_G113
1129437,MEP_L_NEG_1_G113_20291207,PO-000190,MEP Rough-In L -1 Group 113,MEP Rough-In | L -1 | MEP_L_NEG_1_G113
1129439,MEP_L_NEG_1_G113_20291207,PO-000190,MEP Rough-In L -1 Group 113,MEP Rough-In | L -1 | MEP_L_NEG_1_G113
1129431,MEP_L_NEG_1_G114_20291207,PO-000191,MEP Rough-In L -1 Group 114,MEP Rough-In | L -1 | MEP_L_NEG_1_G114
1129433,MEP_L_NEG_1_G114_20291207,PO-000191,MEP Rough-In L -1 Group 114,MEP Rough-In | L -1 | MEP_L_NEG_1_G114
1294758,MEP_L_NEG_1_G114_20291207,PO-000191,MEP Rough-In L -1 Group 114,MEP Rough-In | L -1 | MEP_L_NEG_1_G114
1115659,MEP_L_NEG_1_G115_20291207,PO-000192,MEP Rough-In L -1 Group 115,MEP Rough-In | L -1 | MEP_L_NEG_1_G115
1115673,MEP_L_NEG_1_G115_20291207,PO-000192,MEP Rough-In L -1 Group 115,MEP Rough-In | L -1 | MEP_L_NEG_1_G115
1115687,MEP_L_NEG_1_G115_20291207,PO-000192,MEP Rough-In L -1 Group 115,MEP Rough-In | L -1 | MEP_L_NEG_1_G115
1115618,MEP_L_NEG_1_G116_20291207,PO-000193,MEP Rough-In L -1 Group 116,MEP Rough-In | L -1 | MEP_L_NEG_1_G116
1115666,MEP_L_NEG_1_G116_20291207,PO-000193,MEP Rough-In L -1 Group 116,MEP Rough-In | L -1 | MEP_L_NEG_1_G116
1115680,MEP_L_NEG_1_G116_20291207,PO-000193,MEP Rough-In L -1 Group 116,MEP Rough-In | L -1 | MEP_L_NEG_1_G116
1129400,MEP_L_NEG_1_G117_20291207,PO-000194,MEP Rough-In L -1 Group 117,MEP Rough-In | L -1 | MEP_L_NEG_1_G117
1129405,MEP_L_NEG_1_G117_20291207,PO-000194,MEP Rough-In L -1 Group 117,MEP Rough-In | L -1 | MEP_L_NEG_1_G117
1129410,MEP_L_NEG_1_G117_20291207,PO-000194,MEP Rough-In L -1 Group 117,MEP Rough-In | L -1 | MEP_L_NEG_1_G117
1129390,MEP_L_NEG_1_G118_20291207,PO-000195,MEP Rough-In L -1 Group 118,MEP Rough-In | L -1 | MEP_L_NEG_1_G118
1129395,MEP_L_NEG_1_G118_20291207,PO-000195,MEP Rough-In L -1 Group 118,MEP Rough-In | L -1 | MEP_L_NEG_1_G118
1295351,MEP_L_NEG_1_G118_20291207,PO-000195,MEP Rough-In L -1 Group 118,MEP Rough-In | L -1 | MEP_L_NEG_1_G118
1295954,MEP_L_NEG_1_G119_20291207,PO-000196,MEP Rough-In L -1 Group 119,MEP Rough-In | L -1 | MEP_L_NEG_1_G119
1295955,MEP_L_NEG_1_G119_20291207,PO-000196,MEP Rough-In L -1 Group 119,MEP Rough-In | L -1 | MEP_L_NEG_1_G119
1379599,MEP_L_NEG_1_G119_20291207,PO-000196,MEP Rough-In L -1 Group 119,MEP Rough-In | L -1 | MEP_L_NEG_1_G119
1294390,MEP_L_NEG_1_G120_20291207,PO-000197,MEP Rough-In L -1 Group 120,MEP Rough-In | L -1 | MEP_L_NEG_1_G120
1294755,MEP_L_NEG_1_G120_20291207,PO-000197,MEP Rough-In L -1 Group 120,MEP Rough-In | L -1 | MEP_L_NEG_1_G120
1379600,MEP_L_NEG_1_G120_20291207,PO-000197,MEP Rough-In L -1 Group 120,MEP Rough-In | L -1 | MEP_L_NEG_1_G120
1294746,MEP_L_NEG_1_G121_20291210,PO-000225,MEP Rough-In L -1 Group 121,MEP Rough-In | L -1 | MEP_L_NEG_1_G121
1295346,MEP_L_NEG_1_G121_20291210,PO-000225,MEP Rough-In L -1 Group 121,MEP Rough-In | L -1 | MEP_L_NEG_1_G121
1295349,MEP_L_NEG_1_G121_20291210,PO-000225,MEP Rough-In L -1 Group 121,MEP Rough-In | L -1 | MEP_L_NEG_1_G121
1129385,MEP_L_NEG_1_G122_20291210,PO-000226,MEP Rough-In L -1 Group 122,MEP Rough-In | L -1 | MEP_L_NEG_1_G122
1129438,MEP_L_NEG_1_G122_20291210,PO-000226,MEP Rough-In L -1 Group 122,MEP Rough-In | L -1 | MEP_L_NEG_1_G122
1129440,MEP_L_NEG_1_G122_20291210,PO-000226,MEP Rough-In L -1 Group 122,MEP Rough-In | L -1 | MEP_L_NEG_1_G122
1129432,MEP_L_NEG_1_G123_20291210,PO-000227,MEP Rough-In L -1 Group 123,MEP Rough-In | L -1 | MEP_L_NEG_1_G123
1129434,MEP_L_NEG_1_G123_20291210,PO-000227,MEP Rough-In L -1 Group 123,MEP Rough-In | L -1 | MEP_L_NEG_1_G123
1129436,MEP_L_NEG_1_G123_20291210,PO-000227,MEP Rough-In L -1 Group 123,MEP Rough-In | L -1 | MEP_L_NEG_1_G123
2010847,MEP_L_NEG_1_G124_20291210,PO-000228,MEP Rough-In L -1 Group 124,MEP Rough-In | L -1 | MEP_L_NEG_1_G124
2010848,MEP_L_NEG_1_G124_20291210,PO-000228,MEP Rough-In L -1 Group 124,MEP Rough-In | L -1 | MEP_L_NEG_1_G124
2010849,MEP_L_NEG_1_G124_20291210,PO-000228,MEP Rough-In L -1 Group 124,MEP Rough-In | L -1 | MEP_L_NEG_1_G124
2010745,MEP_L_NEG_1_G125_20291210,PO-000229,MEP Rough-In L -1 Group 125,MEP Rough-In | L -1 | MEP_L_NEG_1_G125
2010746,MEP_L_NEG_1_G125_20291210,PO-000229,MEP Rough-In L -1 Group 125,MEP Rough-In | L -1 | MEP_L_NEG_1_G125
2010747,MEP_L_NEG_1_G125_20291210,PO-000229,MEP Rough-In L -1 Group 125,MEP Rough-In | L -1 | MEP_L_NEG_1_G125
1129430,MEP_L_NEG_1_G126_20291210,PO-000230,MEP Rough-In L -1 Group 126,MEP Rough-In | L -1 | MEP_L_NEG_1_G126
1149753,MEP_L_NEG_1_G126_20291210,PO-000230,MEP Rough-In L -1 Group 126,MEP Rough-In | L -1 | MEP_L_NEG_1_G126
1149769,MEP_L_NEG_1_G126_20291210,PO-000230,MEP Rough-In L -1 Group 126,MEP Rough-In | L -1 | MEP_L_NEG_1_G126
1149736,MEP_L_NEG_1_G127_20291210,PO-000231,MEP Rough-In L -1 Group 127,MEP Rough-In | L -1 | MEP_L_NEG_1_G127
1149787,MEP_L_NEG_1_G127_20291210,PO-000231,MEP Rough-In L -1 Group 127,MEP Rough-In | L -1 | MEP_L_NEG_1_G127
1149803,MEP_L_NEG_1_G127_20291210,PO-000231,MEP Rough-In L -1 Group 127,MEP Rough-In | L -1 | MEP_L_NEG_1_G127
1149819,MEP_L_NEG_1_G128_20291210,PO-000232,MEP Rough-In L -1 Group 128,MEP Rough-In | L -1 | MEP_L_NEG_1_G128
1149874,MEP_L_NEG_1_G128_20291210,PO-000232,MEP Rough-In L -1 Group 128,MEP Rough-In | L -1 | MEP_L_NEG_1_G128
1149876,MEP_L_NEG_1_G128_20291210,PO-000232,MEP Rough-In L -1 Group 128,MEP Rough-In | L -1 | MEP_L_NEG_1_G128
1149878,MEP_L_NEG_1_G129_20291210,PO-000233,MEP Rough-In L -1 Group 129,MEP Rough-In | L -1 | MEP_L_NEG_1_G129
1149880,MEP_L_NEG_1_G129_20291210,PO-000233,MEP Rough-In L -1 Group 129,MEP Rough-In | L -1 | MEP_L_NEG_1_G129
1149882,MEP_L_NEG_1_G129_20291210,PO-000233,MEP Rough-In L -1 Group 129,MEP Rough-In | L -1 | MEP_L_NEG_1_G129
1149794,MEP_L_NEG_1_G130_20291210,PO-000234,MEP Rough-In L -1 Group 130,MEP Rough-In | L -1 | MEP_L_NEG_1_G130
1149810,MEP_L_NEG_1_G130_20291210,PO-000234,MEP Rough-In L -1 Group 130,MEP Rough-In | L -1 | MEP_L_NEG_1_G130
1149826,MEP_L_NEG_1_G130_20291210,PO-000234,MEP Rough-In L -1 Group 130,MEP Rough-In | L -1 | MEP_L_NEG_1_G130
1149744,MEP_L_NEG_1_G131_20291210,PO-000235,MEP Rough-In L -1 Group 131,MEP Rough-In | L -1 | MEP_L_NEG_1_G131
1149760,MEP_L_NEG_1_G131_20291210,PO-000235,MEP Rough-In L -1 Group 131,MEP Rough-In | L -1 | MEP_L_NEG_1_G131
1149778,MEP_L_NEG_1_G131_20291210,PO-000235,MEP Rough-In L -1 Group 131,MEP Rough-In | L -1 | MEP_L_NEG_1_G131
1093972,MEP_L_NEG_1_G132_20291210,PO-000236,MEP Rough-In L -1 Group 132,MEP Rough-In | L -1 | MEP_L_NEG_1_G132
1232338,MEP_L_NEG_1_G132_20291210,PO-000236,MEP Rough-In L -1 Group 132,MEP Rough-In | L -1 | MEP_L_NEG_1_G132
1311563,MEP_L_NEG_1_G132_20291210,PO-000236,MEP Rough-In L -1 Group 132,MEP Rough-In | L -1 | MEP_L_NEG_1_G132
1092863,MEP_L_NEG_1_G133_20291210,PO-000237,MEP Rough-In L -1 Group 133,MEP Rough-In | L -1 | MEP_L_NEG_1_G133
1149745,MEP_L_NEG_1_G133_20291210,PO-000237,MEP Rough-In L -1 Group 133,MEP Rough-In | L -1 | MEP_L_NEG_1_G133
1311564,MEP_L_NEG_1_G133_20291210,PO-000237,MEP Rough-In L -1 Group 133,MEP Rough-In | L -1 | MEP_L_NEG_1_G133
1149761,MEP_L_NEG_1_G134_20291210,PO-000238,MEP Rough-In L -1 Group 134,MEP Rough-In | L -1 | MEP_L_NEG_1_G134
1149873,MEP_L_NEG_1_G134_20291210,PO-000238,MEP Rough-In L -1 Group 134,MEP Rough-In | L -1 | MEP_L_NEG_1_G134
1149875,MEP_L_NEG_1_G134_20291210,PO-000238,MEP Rough-In L -1 Group 134,MEP Rough-In | L -1 | MEP_L_NEG_1_G134
1149779,MEP_L_NEG_1_G135_20291210,PO-000239,MEP Rough-In L -1 Group 135,MEP Rough-In | L -1 | MEP_L_NEG_1_G135
1149795,MEP_L_NEG_1_G135_20291210,PO-000239,MEP Rough-In L -1 Group 135,MEP Rough-In | L -1 | MEP_L_NEG_1_G135
1149877,MEP_L_NEG_1_G135_20291210,PO-000239,MEP Rough-In L -1 Group 135,MEP Rough-In | L -1 | MEP_L_NEG_1_G135
1149811,MEP_L_NEG_1_G136_20291210,PO-000240,MEP Rough-In L -1 Group 136,MEP Rough-In | L -1 | MEP_L_NEG_1_G136
1149879,MEP_L_NEG_1_G136_20291210,PO-000240,MEP Rough-In L -1 Group 136,MEP Rough-In | L -1 | MEP_L_NEG_1_G136
1149881,MEP_L_NEG_1_G136_20291210,PO-000240,MEP Rough-In L -1 Group 136,MEP Rough-In | L -1 | MEP_L_NEG_1_G136
1115859,MEP_L_NEG_1_G137_20291210,PO-000241,MEP Rough-In L -1 Group 137,MEP Rough-In | L -1 | MEP_L_NEG_1_G137
2139612,MESH_L_1_ASSEMBLY_20300109,PO-000596,Mesh Install L 1,Mesh Install | L 1 | 2139612
2139613,MESH_L_1_ASSEMBLY_20300109,PO-000596,Mesh Install L 1,Mesh Install | L 1 | 2139613
2139614,MESH_L_1_ASSEMBLY_20300109,PO-000596,Mesh Install L 1,Mesh Install | L 1 | 2139614
2139615,MESH_L_1_ASSEMBLY_20300109,PO-000596,Mesh Install L 1,Mesh Install | L 1 | 2139615
2139616,MESH_L_1_ASSEMBLY_20300109,PO-000596,Mesh Install L 1,Mesh Install | L 1 | 2139616
2139617,MESH_L_1_ASSEMBLY_20300109,PO-000596,Mesh Install L 1,Mesh Install | L 1 | 2139617
2139618,MESH_L_1_ASSEMBLY_20300109,PO-000596,Mesh Install L 1,Mesh Install | L 1 | 2139618
2139619,MESH_L_1_ASSEMBLY_20300109,PO-000596,Mesh Install L 1,Mesh Install | L 1 | 2139619
2139633,MESH_L_1_ASSEMBLY_20300109,PO-000596,Mesh Install L 1,Mesh Install | L 1 | 2139633
2139634,MESH_L_1_ASSEMBLY_20300109,PO-000596,Mesh Install L 1,Mesh Install | L 1 | 2139634
2139635,MESH_L_1_ASSEMBLY_20300109,PO-000596,Mesh Install L 1,Mesh Install | L 1 | 2139635
2139653,MESH_L_1_ASSEMBLY_20300109,PO-000596,Mesh Install L 1,Mesh Install | L 1 | 2139653
2139577,MESH_L_1_ASSEMBLY_20300110,PO-000597,Mesh Install L 1,Mesh Install | L 1 | 2139577
2139578,MESH_L_1_ASSEMBLY_20300110,PO-000597,Mesh Install L 1,Mesh Install | L 1 | 2139578
2139579,MESH_L_1_ASSEMBLY_20300110,PO-000597,Mesh Install L 1,Mesh Install | L 1 | 2139579
2139580,MESH_L_1_ASSEMBLY_20300110,PO-000597,Mesh Install L 1,Mesh Install | L 1 | 2139580
2139599,MESH_L_1_ASSEMBLY_20300110,PO-000597,Mesh Install L 1,Mesh Install | L 1 | 2139599
2139600,MESH_L_1_ASSEMBLY_20300110,PO-000597,Mesh Install L 1,Mesh Install | L 1 | 2139600
2139601,MESH_L_1_ASSEMBLY_20300110,PO-000597,Mesh Install L 1,Mesh Install | L 1 | 2139601
2139602,MESH_L_1_ASSEMBLY_20300110,PO-000597,Mesh Install L 1,Mesh Install | L 1 | 2139602
2139603,MESH_L_1_ASSEMBLY_20300110,PO-000597,Mesh Install L 1,Mesh Install | L 1 | 2139603
2139604,MESH_L_1_ASSEMBLY_20300110,PO-000597,Mesh Install L 1,Mesh Install | L 1 | 2139604
2139605,MESH_L_1_ASSEMBLY_20300110,PO-000597,Mesh Install L 1,Mesh Install | L 1 | 2139605
2139606,MESH_L_1_ASSEMBLY_20300110,PO-000597,Mesh Install L 1,Mesh Install | L 1 | 2139606
2139607,MESH_L_1_ASSEMBLY_20300110,PO-000597,Mesh Install L 1,Mesh Install | L 1 | 2139607
2139608,MESH_L_1_ASSEMBLY_20300110,PO-000597,Mesh Install L 1,Mesh Install | L 1 | 2139608
2139610,MESH_L_1_ASSEMBLY_20300110,PO-000597,Mesh Install L 1,Mesh Install | L 1 | 2139610
2139611,MESH_L_1_ASSEMBLY_20300110,PO-000597,Mesh Install L 1,Mesh Install | L 1 | 2139611
2139234,MESH_L_1_ASSEMBLY_20300111,PO-000598,Mesh Install L 1,Mesh Install | L 1 | 2139234
2139235,MESH_L_1_ASSEMBLY_20300111,PO-000598,Mesh Install L 1,Mesh Install | L 1 | 2139235
2139236,MESH_L_1_ASSEMBLY_20300111,PO-000598,Mesh Install L 1,Mesh Install | L 1 | 2139236
2139237,MESH_L_1_ASSEMBLY_20300111,PO-000598,Mesh Install L 1,Mesh Install | L 1 | 2139237
2139274,MESH_L_1_ASSEMBLY_20300111,PO-000598,Mesh Install L 1,Mesh Install | L 1 | 2139274
2139275,MESH_L_1_ASSEMBLY_20300111,PO-000598,Mesh Install L 1,Mesh Install | L 1 | 2139275
2139276,MESH_L_1_ASSEMBLY_20300111,PO-000598,Mesh Install L 1,Mesh Install | L 1 | 2139276
2139277,MESH_L_1_ASSEMBLY_20300111,PO-000598,Mesh Install L 1,Mesh Install | L 1 | 2139277
2139278,MESH_L_1_ASSEMBLY_20300111,PO-000598,Mesh Install L 1,Mesh Install | L 1 | 2139278
2139581,MESH_L_1_ASSEMBLY_20300111,PO-000598,Mesh Install L 1,Mesh Install | L 1 | 2139581
2139805,MESH_L_1_ASSEMBLY_20300111,PO-000598,Mesh Install L 1,Mesh Install | L 1 | 2139805
2139810,MESH_L_1_ASSEMBLY_20300111,PO-000598,Mesh Install L 1,Mesh Install | L 1 | 2139810
2139815,MESH_L_1_ASSEMBLY_20300111,PO-000598,Mesh Install L 1,Mesh Install | L 1 | 2139815
2139820,MESH_L_1_ASSEMBLY_20300111,PO-000598,Mesh Install L 1,Mesh Install | L 1 | 2139820
2139825,MESH_L_1_ASSEMBLY_20300111,PO-000598,Mesh Install L 1,Mesh Install | L 1 | 2139825
2140340,MESH_L_1_ASSEMBLY_20300111,PO-000598,Mesh Install L 1,Mesh Install | L 1 | 2140340
2139830,MESH_L_1_ASSEMBLY_20300114,PO-000599,Mesh Install L 1,Mesh Install | L 1 | 2139830
2139835,MESH_L_1_ASSEMBLY_20300114,PO-000599,Mesh Install L 1,Mesh Install | L 1 | 2139835
2139840,MESH_L_1_ASSEMBLY_20300114,PO-000599,Mesh Install L 1,Mesh Install | L 1 | 2139840
2139845,MESH_L_1_ASSEMBLY_20300114,PO-000599,Mesh Install L 1,Mesh Install | L 1 | 2139845
2139850,MESH_L_1_ASSEMBLY_20300114,PO-000599,Mesh Install L 1,Mesh Install | L 1 | 2139850
2139855,MESH_L_1_ASSEMBLY_20300114,PO-000599,Mesh Install L 1,Mesh Install | L 1 | 2139855
2139860,MESH_L_1_ASSEMBLY_20300114,PO-000599,Mesh Install L 1,Mesh Install | L 1 | 2139860
2139865,MESH_L_1_ASSEMBLY_20300114,PO-000599,Mesh Install L 1,Mesh Install | L 1 | 2139865
2140410,MESH_L_1_ASSEMBLY_20300114,PO-000599,Mesh Install L 1,Mesh Install | L 1 | 2140410
2140835,MESH_L_1_ASSEMBLY_20300114,PO-000599,Mesh Install L 1,Mesh Install | L 1 | 2140835
2140905,MESH_L_1_ASSEMBLY_20300114,PO-000599,Mesh Install L 1,Mesh Install | L 1 | 2140905
2141018,MESH_L_1_ASSEMBLY_20300114,PO-000599,Mesh Install L 1,Mesh Install | L 1 | 2141018
2141019,MESH_L_1_ASSEMBLY_20300114,PO-000599,Mesh Install L 1,Mesh Install | L 1 | 2141019
2141127,MESH_L_1_ASSEMBLY_20300114,PO-000599,Mesh Install L 1,Mesh Install | L 1 | 2141127
2141128,MESH_L_1_ASSEMBLY_20300114,PO-000599,Mesh Install L 1,Mesh Install | L 1 | 2141128
2141186,MESH_L_1_ASSEMBLY_20300114,PO-000599,Mesh Install L 1,Mesh Install | L 1 | 2141186
2138681,MESH_L_1_ASSEMBLY_20300115,PO-000600,Mesh Install L 1,Mesh Install | L 1 | 2138681
2138903,MESH_L_1_ASSEMBLY_20300115,PO-000600,Mesh Install L 1,Mesh Install | L 1 | 2138903
2138921,MESH_L_1_ASSEMBLY_20300115,PO-000600,Mesh Install L 1,Mesh Install | L 1 | 2138921
2138939,MESH_L_1_ASSEMBLY_20300115,PO-000600,Mesh Install L 1,Mesh Install | L 1 | 2138939
2139096,MESH_L_1_ASSEMBLY_20300115,PO-000600,Mesh Install L 1,Mesh Install | L 1 | 2139096
2139114,MESH_L_1_ASSEMBLY_20300115,PO-000600,Mesh Install L 1,Mesh Install | L 1 | 2139114
2139132,MESH_L_1_ASSEMBLY_20300115,PO-000600,Mesh Install L 1,Mesh Install | L 1 | 2139132
2139168,MESH_L_1_ASSEMBLY_20300115,PO-000600,Mesh Install L 1,Mesh Install | L 1 | 2139168
2139870,MESH_L_1_ASSEMBLY_20300115,PO-000600,Mesh Install L 1,Mesh Install | L 1 | 2139870
2139875,MESH_L_1_ASSEMBLY_20300115,PO-000600,Mesh Install L 1,Mesh Install | L 1 | 2139875
2139880,MESH_L_1_ASSEMBLY_20300115,PO-000600,Mesh Install L 1,Mesh Install | L 1 | 2139880
2139885,MESH_L_1_ASSEMBLY_20300115,PO-000600,Mesh Install L 1,Mesh Install | L 1 | 2139885
2139890,MESH_L_1_ASSEMBLY_20300115,PO-000600,Mesh Install L 1,Mesh Install | L 1 | 2139890
2139895,MESH_L_1_ASSEMBLY_20300115,PO-000600,Mesh Install L 1,Mesh Install | L 1 | 2139895
2139900,MESH_L_1_ASSEMBLY_20300115,PO-000600,Mesh Install L 1,Mesh Install | L 1 | 2139900
2139926,MESH_L_1_ASSEMBLY_20300115,PO-000600,Mesh Install L 1,Mesh Install | L 1 | 2139926
2139921,MESH_L_1_ASSEMBLY_20300116,PO-000601,Mesh Install L 1,Mesh Install | L 1 | 2139921
2139931,MESH_L_1_ASSEMBLY_20300116,PO-000601,Mesh Install L 1,Mesh Install | L 1 | 2139931
2139936,MESH_L_1_ASSEMBLY_20300116,PO-000601,Mesh Install L 1,Mesh Install | L 1 | 2139936
2139941,MESH_L_1_ASSEMBLY_20300116,PO-000601,Mesh Install L 1,Mesh Install | L 1 | 2139941
2139946,MESH_L_1_ASSEMBLY_20300116,PO-000601,Mesh Install L 1,Mesh Install | L 1 | 2139946
2139951,MESH_L_1_ASSEMBLY_20300116,PO-000601,Mesh Install L 1,Mesh Install | L 1 | 2139951
2139956,MESH_L_1_ASSEMBLY_20300116,PO-000601,Mesh Install L 1,Mesh Install | L 1 | 2139956
2139961,MESH_L_1_ASSEMBLY_20300116,PO-000601,Mesh Install L 1,Mesh Install | L 1 | 2139961
2139966,MESH_L_1_ASSEMBLY_20300116,PO-000601,Mesh Install L 1,Mesh Install | L 1 | 2139966
2139971,MESH_L_1_ASSEMBLY_20300116,PO-000601,Mesh Install L 1,Mesh Install | L 1 | 2139971
2139976,MESH_L_1_ASSEMBLY_20300116,PO-000601,Mesh Install L 1,Mesh Install | L 1 | 2139976
2139981,MESH_L_1_ASSEMBLY_20300116,PO-000601,Mesh Install L 1,Mesh Install | L 1 | 2139981
2139986,MESH_L_1_ASSEMBLY_20300116,PO-000601,Mesh Install L 1,Mesh Install | L 1 | 2139986
2139991,MESH_L_1_ASSEMBLY_20300116,PO-000601,Mesh Install L 1,Mesh Install | L 1 | 2139991
2139996,MESH_L_1_ASSEMBLY_20300116,PO-000601,Mesh Install L 1,Mesh Install | L 1 | 2139996
2140001,MESH_L_1_ASSEMBLY_20300116,PO-000601,Mesh Install L 1,Mesh Install | L 1 | 2140001
1403659,SL0W-LNEG1C-WALL_20291130,PO-000043,South-L0-Workshop wall part & South-L-1-Classrooms wall,Exterior Wall Install | L -1 | PREFAB_WALL_LNEG1_006
1781235,SL0W-LNEG1C-WALL_20291130,PO-000043,South-L0-Workshop wall part & South-L-1-Classrooms wall,Exterior Wall Install | L -1 | PREFAB_WALL_LNEG1_001
1781357,SL0W-LNEG1C-WALL_20291130,PO-000043,South-L0-Workshop wall part & South-L-1-Classrooms wall,Exterior Wall Install | L -1 | PREFAB_WALL_LNEG1_002
1944229,SL0W-LNEG1C-WALL_20291130,PO-000043,South-L0-Workshop wall part & South-L-1-Classrooms wall,Exterior Wall Install | L -1 | PREFAB_WALL_LNEG1_005
1944285,SL0W-LNEG1C-WALL_20291130,PO-000043,South-L0-Workshop wall part & South-L-1-Classrooms wall,Exterior Wall Install | L -1 | PREFAB_WALL_LNEG1_004
1944371,SL0W-LNEG1C-WALL_20291130,PO-000043,South-L0-Workshop wall part & South-L-1-Classrooms wall,Exterior Wall Install | L -1 | PREFAB_WALL_LNEG1_003
1944466,SL0W-LNEG1C-WALL_20291130,PO-000043,South-L0-Workshop wall part & South-L-1-Classrooms wall,Exterior Wall Install | L -1 | PREFAB_WALL_LNEG1_005
1944467,SL0W-LNEG1C-WALL_20291130,PO-000043,South-L0-Workshop wall part & South-L-1-Classrooms wall,Exterior Wall Install | L -1 | PREFAB_WALL_LNEG1_005
1944471,SL0W-LNEG1C-WALL_20291130,PO-000043,South-L0-Workshop wall part & South-L-1-Classrooms wall,Exterior Wall Install | L -1 | PREFAB_WALL_LNEG1_005
1944473,SL0W-LNEG1C-WALL_20291130,PO-000043,South-L0-Workshop wall part & South-L-1-Classrooms wall,Exterior Wall Install | L -1 | PREFAB_WALL_LNEG1_005
1944480,SL0W-LNEG1C-WALL_20291130,PO-000043,South-L0-Workshop wall part & South-L-1-Classrooms wall,Exterior Wall Install | L -1 | PREFAB_WALL_LNEG1_005
1944481,SL0W-LNEG1C-WALL_20291130,PO-000043,South-L0-Workshop wall part & South-L-1-Classrooms wall,Exterior Wall Install | L -1 | PREFAB_WALL_LNEG1_005
1944482,SL0W-LNEG1C-WALL_20291130,PO-000043,South-L0-Workshop wall part & South-L-1-Classrooms wall,Exterior Wall Install | L -1 | PREFAB_WALL_LNEG1_005
1944483,SL0W-LNEG1C-WALL_20291130,PO-000043,South-L0-Workshop wall part & South-L-1-Classrooms wall,Exterior Wall Install | L -1 | PREFAB_WALL_LNEG1_005
1944484,SL0W-LNEG1C-WALL_20291130,PO-000043,South-L0-Workshop wall part & South-L-1-Classrooms wall,Exterior Wall Install | L -1 | PREFAB_WALL_LNEG1_005
1944485,SL0W-LNEG1C-WALL_20291130,PO-000043,South-L0-Workshop wall part & South-L-1-Classrooms wall,Exterior Wall Install | L -1 | PREFAB_WALL_LNEG1_005
1944486,SL0W-LNEG1C-WALL_20291130,PO-000043,South-L0-Workshop wall part & South-L-1-Classrooms wall,Exterior Wall Install | L -1 | PREFAB_WALL_LNEG1_005
1944488,SL0W-LNEG1C-WALL_20291130,PO-000043,South-L0-Workshop wall part & South-L-1-Classrooms wall,Exterior Wall Install | L -1 | PREFAB_WALL_LNEG1_005
1944493,SL0W-LNEG1C-WALL_20291130,PO-000043,South-L0-Workshop wall part & South-L-1-Classrooms wall,Exterior Wall Install | L -1 | PREFAB_WALL_LNEG1_005
1944494,SL0W-LNEG1C-WALL_20291130,PO-000043,South-L0-Workshop wall part & South-L-1-Classrooms wall,Exterior Wall Install | L -1 | PREFAB_WALL_LNEG1_005
1944945,SL0W-LNEG1C-WALL_20291130,PO-000043,South-L0-Workshop wall part & South-L-1-Classrooms wall,Exterior Wall Install | L -1 | PREFAB_WALL_LNEG1_003
1944946,SL0W-LNEG1C-WALL_20291130,PO-000043,South-L0-Workshop wall part & South-L-1-Classrooms wall,Exterior Wall Install | L -1 | PREFAB_WALL_LNEG1_003
1944948,SL0W-LNEG1C-WALL_20291130,PO-000043,South-L0-Workshop wall part & South-L-1-Classrooms wall,Exterior Wall Install | L -1 | PREFAB_WALL_LNEG1_003
1944949,SL0W-LNEG1C-WALL_20291130,PO-000043,South-L0-Workshop wall part & South-L-1-Classrooms wall,Exterior Wall Install | L -1 | PREFAB_WALL_LNEG1_003
1944950,SL0W-LNEG1C-WALL_20291130,PO-000043,South-L0-Workshop wall part & South-L-1-Classrooms wall,Exterior Wall Install | L -1 | PREFAB_WALL_LNEG1_003
1944951,SL0W-LNEG1C-WALL_20291130,PO-000043,South-L0-Workshop wall part & South-L-1-Classrooms wall,Exterior Wall Install | L -1 | PREFAB_WALL_LNEG1_003
1944952,SL0W-LNEG1C-WALL_20291130,PO-000043,South-L0-Workshop wall part & South-L-1-Classrooms wall,Exterior Wall Install | L -1 | PREFAB_WALL_LNEG1_003
1944953,SL0W-LNEG1C-WALL_20291130,PO-000043,South-L0-Workshop wall part & South-L-1-Classrooms wall,Exterior Wall Install | L -1 | PREFAB_WALL_LNEG1_003
1944954,SL0W-LNEG1C-WALL_20291130,PO-000043,South-L0-Workshop wall part & South-L-1-Classrooms wall,Exterior Wall Install | L -1 | PREFAB_WALL_LNEG1_003
1944955,SL0W-LNEG1C-WALL_20291130,PO-000043,South-L0-Workshop wall part & South-L-1-Classrooms wall,Exterior Wall Install | L -1 | PREFAB_WALL_LNEG1_003
1945027,SL0W-LNEG1C-WALL_20291130,PO-000043,South-L0-Workshop wall part & South-L-1-Classrooms wall,Exterior Wall Install | L -1 | PREFAB_WALL_LNEG1_003
1945028,SL0W-LNEG1C-WALL_20291130,PO-000043,South-L0-Workshop wall part & South-L-1-Classrooms wall,Exterior Wall Install | L -1 | PREFAB_WALL_LNEG1_003
1945030,SL0W-LNEG1C-WALL_20291130,PO-000043,South-L0-Workshop wall part & South-L-1-Classrooms wall,Exterior Wall Install | L -1 | PREFAB_WALL_LNEG1_003
1945031,SL0W-LNEG1C-WALL_20291130,PO-000043,South-L0-Workshop wall part & South-L-1-Classrooms wall,Exterior Wall Install | L -1 | PREFAB_WALL_LNEG1_003
1945032,SL0W-LNEG1C-WALL_20291130,PO-000043,South-L0-Workshop wall part & South-L-1-Classrooms wall,Exterior Wall Install | L -1 | PREFAB_WALL_LNEG1_003
1945033,SL0W-LNEG1C-WALL_20291130,PO-000043,South-L0-Workshop wall part & South-L-1-Classrooms wall,Exterior Wall Install | L -1 | PREFAB_WALL_LNEG1_003
1945034,SL0W-LNEG1C-WALL_20291130,PO-000043,South-L0-Workshop wall part & South-L-1-Classrooms wall,Exterior Wall Install | L -1 | PREFAB_WALL_LNEG1_003
1945035,SL0W-LNEG1C-WALL_20291130,PO-000043,South-L0-Workshop wall part & South-L-1-Classrooms wall,Exterior Wall Install | L -1 | PREFAB_WALL_LNEG1_003
1945036,SL0W-LNEG1C-WALL_20291130,PO-000043,South-L0-Workshop wall part & South-L-1-Classrooms wall,Exterior Wall Install | L -1 | PREFAB_WALL_LNEG1_003
1945037,SL0W-LNEG1C-WALL_20291130,PO-000043,South-L0-Workshop wall part & South-L-1-Classrooms wall,Exterior Wall Install | L -1 | PREFAB_WALL_LNEG1_003
1945117,SL0W-LNEG1C-WALL_20291130,PO-000043,South-L0-Workshop wall part & South-L-1-Classrooms wall,Exterior Wall Install | L -1 | PREFAB_WALL_LNEG1_001
1945118,SL0W-LNEG1C-WALL_20291130,PO-000043,South-L0-Workshop wall part & South-L-1-Classrooms wall,Exterior Wall Install | L -1 | PREFAB_WALL_LNEG1_001
1945120,SL0W-LNEG1C-WALL_20291130,PO-000043,South-L0-Workshop wall part & South-L-1-Classrooms wall,Exterior Wall Install | L -1 | PREFAB_WALL_LNEG1_001
1945122,SL0W-LNEG1C-WALL_20291130,PO-000043,South-L0-Workshop wall part & South-L-1-Classrooms wall,Exterior Wall Install | L -1 | PREFAB_WALL_LNEG1_001
1945123,SL0W-LNEG1C-WALL_20291130,PO-000043,South-L0-Workshop wall part & South-L-1-Classrooms wall,Exterior Wall Install | L -1 | PREFAB_WALL_LNEG1_001
1945124,SL0W-LNEG1C-WALL_20291130,PO-000043,South-L0-Workshop wall part & South-L-1-Classrooms wall,Exterior Wall Install | L -1 | PREFAB_WALL_LNEG1_001
1945125,SL0W-LNEG1C-WALL_20291130,PO-000043,South-L0-Workshop wall part & South-L-1-Classrooms wall,Exterior Wall Install | L -1 | PREFAB_WALL_LNEG1_001
1945126,SL0W-LNEG1C-WALL_20291130,PO-000043,South-L0-Workshop wall part & South-L-1-Classrooms wall,Exterior Wall Install | L -1 | PREFAB_WALL_LNEG1_001
1945127,SL0W-LNEG1C-WALL_20291130,PO-000043,South-L0-Workshop wall part & South-L-1-Classrooms wall,Exterior Wall Install | L -1 | PREFAB_WALL_LNEG1_001
1945128,SL0W-LNEG1C-WALL_20291130,PO-000043,South-L0-Workshop wall part & South-L-1-Classrooms wall,Exterior Wall Install | L -1 | PREFAB_WALL_LNEG1_001
1945129,SL0W-LNEG1C-WALL_20291130,PO-000043,South-L0-Workshop wall part & South-L-1-Classrooms wall,Exterior Wall Install | L -1 | PREFAB_WALL_LNEG1_001
1945130,SL0W-LNEG1C-WALL_20291130,PO-000043,South-L0-Workshop wall part & South-L-1-Classrooms wall,Exterior Wall Install | L -1 | PREFAB_WALL_LNEG1_001
1945131,SL0W-LNEG1C-WALL_20291130,PO-000043,South-L0-Workshop wall part & South-L-1-Classrooms wall,Exterior Wall Install | L -1 | PREFAB_WALL_LNEG1_001
1945132,SL0W-LNEG1C-WALL_20291130,PO-000043,South-L0-Workshop wall part & South-L-1-Classrooms wall,Exterior Wall Install | L -1 | PREFAB_WALL_LNEG1_001
1945336,SL0W-LNEG1C-WALL_20291130,PO-000043,South-L0-Workshop wall part & South-L-1-Classrooms wall,Exterior Wall Install | L -1 | PREFAB_WALL_LNEG1_002
1945337,SL0W-LNEG1C-WALL_20291130,PO-000043,South-L0-Workshop wall part & South-L-1-Classrooms wall,Exterior Wall Install | L -1 | PREFAB_WALL_LNEG1_002
1945339,SL0W-LNEG1C-WALL_20291130,PO-000043,South-L0-Workshop wall part & South-L-1-Classrooms wall,Exterior Wall Install | L -1 | PREFAB_WALL_LNEG1_002
1945340,SL0W-LNEG1C-WALL_20291130,PO-000043,South-L0-Workshop wall part & South-L-1-Classrooms wall,Exterior Wall Install | L -1 | PREFAB_WALL_LNEG1_002
1945341,SL0W-LNEG1C-WALL_20291130,PO-000043,South-L0-Workshop wall part & South-L-1-Classrooms wall,Exterior Wall Install | L -1 | PREFAB_WALL_LNEG1_002
1945342,SL0W-LNEG1C-WALL_20291130,PO-000043,South-L0-Workshop wall part & South-L-1-Classrooms wall,Exterior Wall Install | L -1 | PREFAB_WALL_LNEG1_002
1945343,SL0W-LNEG1C-WALL_20291130,PO-000043,South-L0-Workshop wall part & South-L-1-Classrooms wall,Exterior Wall Install | L -1 | PREFAB_WALL_LNEG1_002
1945344,SL0W-LNEG1C-WALL_20291130,PO-000043,South-L0-Workshop wall part & South-L-1-Classrooms wall,Exterior Wall Install | L -1 | PREFAB_WALL_LNEG1_002
1945345,SL0W-LNEG1C-WALL_20291130,PO-000043,South-L0-Workshop wall part & South-L-1-Classrooms wall,Exterior Wall Install | L -1 | PREFAB_WALL_LNEG1_002
1945346,SL0W-LNEG1C-WALL_20291130,PO-000043,South-L0-Workshop wall part & South-L-1-Classrooms wall,Exterior Wall Install | L -1 | PREFAB_WALL_LNEG1_002
1945644,SL0W-LNEG1C-WALL_20291130,PO-000043,South-L0-Workshop wall part & South-L-1-Classrooms wall,Exterior Wall Install | L -1 | PREFAB_WALL_LNEG1_004
1945645,SL0W-LNEG1C-WALL_20291130,PO-000043,South-L0-Workshop wall part & South-L-1-Classrooms wall,Exterior Wall Install | L -1 | PREFAB_WALL_LNEG1_004
1945647,SL0W-LNEG1C-WALL_20291130,PO-000043,South-L0-Workshop wall part & South-L-1-Classrooms wall,Exterior Wall Install | L -1 | PREFAB_WALL_LNEG1_004
1945648,SL0W-LNEG1C-WALL_20291130,PO-000043,South-L0-Workshop wall part & South-L-1-Classrooms wall,Exterior Wall Install | L -1 | PREFAB_WALL_LNEG1_004
1945649,SL0W-LNEG1C-WALL_20291130,PO-000043,South-L0-Workshop wall part & South-L-1-Classrooms wall,Exterior Wall Install | L -1 | PREFAB_WALL_LNEG1_004
1945650,SL0W-LNEG1C-WALL_20291130,PO-000043,South-L0-Workshop wall part & South-L-1-Classrooms wall,Exterior Wall Install | L -1 | PREFAB_WALL_LNEG1_004
1945651,SL0W-LNEG1C-WALL_20291130,PO-000043,South-L0-Workshop wall part & South-L-1-Classrooms wall,Exterior Wall Install | L -1 | PREFAB_WALL_LNEG1_004
1945652,SL0W-LNEG1C-WALL_20291130,PO-000043,South-L0-Workshop wall part & South-L-1-Classrooms wall,Exterior Wall Install | L -1 | PREFAB_WALL_LNEG1_004
1945653,SL0W-LNEG1C-WALL_20291130,PO-000043,South-L0-Workshop wall part & South-L-1-Classrooms wall,Exterior Wall Install | L -1 | PREFAB_WALL_LNEG1_004
1945654,SL0W-LNEG1C-WALL_20291130,PO-000043,South-L0-Workshop wall part & South-L-1-Classrooms wall,Exterior Wall Install | L -1 | PREFAB_WALL_LNEG1_004
1946440,SL0W-LNEG1C-WALL_20291130,PO-000043,South-L0-Workshop wall part & South-L-1-Classrooms wall,Exterior Wall Install | L -1 | PREFAB_WALL_LNEG1_006
1946441,SL0W-LNEG1C-WALL_20291130,PO-000043,South-L0-Workshop wall part & South-L-1-Classrooms wall,Exterior Wall Install | L -1 | PREFAB_WALL_LNEG1_006
1946443,SL0W-LNEG1C-WALL_20291130,PO-000043,South-L0-Workshop wall part & South-L-1-Classrooms wall,Exterior Wall Install | L -1 | PREFAB_WALL_LNEG1_006
1946445,SL0W-LNEG1C-WALL_20291130,PO-000043,South-L0-Workshop wall part & South-L-1-Classrooms wall,Exterior Wall Install | L -1 | PREFAB_WALL_LNEG1_006
1946446,SL0W-LNEG1C-WALL_20291130,PO-000043,South-L0-Workshop wall part & South-L-1-Classrooms wall,Exterior Wall Install | L -1 | PREFAB_WALL_LNEG1_006
1946447,SL0W-LNEG1C-WALL_20291130,PO-000043,South-L0-Workshop wall part & South-L-1-Classrooms wall,Exterior Wall Install | L -1 | PREFAB_WALL_LNEG1_006
1946448,SL0W-LNEG1C-WALL_20291130,PO-000043,South-L0-Workshop wall part & South-L-1-Classrooms wall,Exterior Wall Install | L -1 | PREFAB_WALL_LNEG1_006
1946449,SL0W-LNEG1C-WALL_20291130,PO-000043,South-L0-Workshop wall part & South-L-1-Classrooms wall,Exterior Wall Install | L -1 | PREFAB_WALL_LNEG1_006
1946450,SL0W-LNEG1C-WALL_20291130,PO-000043,South-L0-Workshop wall part & South-L-1-Classrooms wall,Exterior Wall Install | L -1 | PREFAB_WALL_LNEG1_006
1946451,SL0W-LNEG1C-WALL_20291130,PO-000043,South-L0-Workshop wall part & South-L-1-Classrooms wall,Exterior Wall Install | L -1 | PREFAB_WALL_LNEG1_006
1946452,SL0W-LNEG1C-WALL_20291130,PO-000043,South-L0-Workshop wall part & South-L-1-Classrooms wall,Exterior Wall Install | L -1 | PREFAB_WALL_LNEG1_006
1946453,SL0W-LNEG1C-WALL_20291130,PO-000043,South-L0-Workshop wall part & South-L-1-Classrooms wall,Exterior Wall Install | L -1 | PREFAB_WALL_LNEG1_006
1946454,SL0W-LNEG1C-WALL_20291130,PO-000043,South-L0-Workshop wall part & South-L-1-Classrooms wall,Exterior Wall Install | L -1 | PREFAB_WALL_LNEG1_006
1946455,SL0W-LNEG1C-WALL_20291130,PO-000043,South-L0-Workshop wall part & South-L-1-Classrooms wall,Exterior Wall Install | L -1 | PREFAB_WALL_LNEG1_006
1778122,SL0W-LNEG1C-WALL_20291207,PO-000198,South-L0-Workshop wall part & South-L-1-Classrooms wall,Exterior Wall Install | L 0 | PREFAB_WALL_L0_013
1778123,SL0W-LNEG1C-WALL_20291207,PO-000198,South-L0-Workshop wall part & South-L-1-Classrooms wall,Exterior Wall Install | L 0 | PREFAB_WALL_L0_013
1778128,SL0W-LNEG1C-WALL_20291207,PO-000198,South-L0-Workshop wall part & South-L-1-Classrooms wall,Exterior Wall Install | L 0 | PREFAB_WALL_L0_013
1778130,SL0W-LNEG1C-WALL_20291207,PO-000198,South-L0-Workshop wall part & South-L-1-Classrooms wall,Exterior Wall Install | L 0 | PREFAB_WALL_L0_013
1778143,SL0W-LNEG1C-WALL_20291207,PO-000198,South-L0-Workshop wall part & South-L-1-Classrooms wall,Exterior Wall Install | L 0 | PREFAB_WALL_L0_013
1778145,SL0W-LNEG1C-WALL_20291207,PO-000198,South-L0-Workshop wall part & South-L-1-Classrooms wall,Exterior Wall Install | L 0 | PREFAB_WALL_L0_013
1778150,SL0W-LNEG1C-WALL_20291207,PO-000198,South-L0-Workshop wall part & South-L-1-Classrooms wall,Exterior Wall Install | L 0 | PREFAB_WALL_L0_013
1778151,SL0W-LNEG1C-WALL_20291207,PO-000198,South-L0-Workshop wall part & South-L-1-Classrooms wall,Exterior Wall Install | L 0 | PREFAB_WALL_L0_013
1936999,SL0W-LNEG1C-WALL_20291207,PO-000198,South-L0-Workshop wall part & South-L-1-Classrooms wall,Exterior Wall Install | L 0 | PREFAB_WALL_L0_013
1937479,SL0W-LNEG1C-WALL_20291207,PO-000198,South-L0-Workshop wall part & South-L-1-Classrooms wall,Exterior Wall Install | L 0 | PREFAB_WALL_L0_014
1937480,SL0W-LNEG1C-WALL_20291207,PO-000198,South-L0-Workshop wall part & South-L-1-Classrooms wall,Exterior Wall Install | L 0 | PREFAB_WALL_L0_014
1937482,SL0W-LNEG1C-WALL_20291207,PO-000198,South-L0-Workshop wall part & South-L-1-Classrooms wall,Exterior Wall Install | L 0 | PREFAB_WALL_L0_014
1937484,SL0W-LNEG1C-WALL_20291207,PO-000198,South-L0-Workshop wall part & South-L-1-Classrooms wall,Exterior Wall Install | L 0 | PREFAB_WALL_L0_014
1937489,SL0W-LNEG1C-WALL_20291207,PO-000198,South-L0-Workshop wall part & South-L-1-Classrooms wall,Exterior Wall Install | L 0 | PREFAB_WALL_L0_014
1937490,SL0W-LNEG1C-WALL_20291207,PO-000198,South-L0-Workshop wall part & South-L-1-Classrooms wall,Exterior Wall Install | L 0 | PREFAB_WALL_L0_014
1937491,SL0W-LNEG1C-WALL_20291207,PO-000198,South-L0-Workshop wall part & South-L-1-Classrooms wall,Exterior Wall Install | L 0 | PREFAB_WALL_L0_014
1937492,SL0W-LNEG1C-WALL_20291207,PO-000198,South-L0-Workshop wall part & South-L-1-Classrooms wall,Exterior Wall Install | L 0 | PREFAB_WALL_L0_014
1937493,SL0W-LNEG1C-WALL_20291207,PO-000198,South-L0-Workshop wall part & South-L-1-Classrooms wall,Exterior Wall Install | L 0 | PREFAB_WALL_L0_014
1937494,SL0W-LNEG1C-WALL_20291207,PO-000198,South-L0-Workshop wall part & South-L-1-Classrooms wall,Exterior Wall Install | L 0 | PREFAB_WALL_L0_014
1937495,SL0W-LNEG1C-WALL_20291207,PO-000198,South-L0-Workshop wall part & South-L-1-Classrooms wall,Exterior Wall Install | L 0 | PREFAB_WALL_L0_014
1937497,SL0W-LNEG1C-WALL_20291207,PO-000198,South-L0-Workshop wall part & South-L-1-Classrooms wall,Exterior Wall Install | L 0 | PREFAB_WALL_L0_014
1937502,SL0W-LNEG1C-WALL_20291207,PO-000198,South-L0-Workshop wall part & South-L-1-Classrooms wall,Exterior Wall Install | L 0 | PREFAB_WALL_L0_014
1937503,SL0W-LNEG1C-WALL_20291207,PO-000198,South-L0-Workshop wall part & South-L-1-Classrooms wall,Exterior Wall Install | L 0 | PREFAB_WALL_L0_014
1937506,SL0W-LNEG1C-WALL_20291207,PO-000198,South-L0-Workshop wall part & South-L-1-Classrooms wall,Exterior Wall Install | L 0 | PREFAB_WALL_L0_014
1937722,SL0W-LNEG1C-WALL_20291207,PO-000198,South-L0-Workshop wall part & South-L-1-Classrooms wall,Exterior Wall Install | L 0 | PREFAB_WALL_L0_015
1937723,SL0W-LNEG1C-WALL_20291207,PO-000198,South-L0-Workshop wall part & South-L-1-Classrooms wall,Exterior Wall Install | L 0 | PREFAB_WALL_L0_015
1937725,SL0W-LNEG1C-WALL_20291207,PO-000198,South-L0-Workshop wall part & South-L-1-Classrooms wall,Exterior Wall Install | L 0 | PREFAB_WALL_L0_015
1937727,SL0W-LNEG1C-WALL_20291207,PO-000198,South-L0-Workshop wall part & South-L-1-Classrooms wall,Exterior Wall Install | L 0 | PREFAB_WALL_L0_015
1937732,SL0W-LNEG1C-WALL_20291207,PO-000198,South-L0-Workshop wall part & South-L-1-Classrooms wall,Exterior Wall Install | L 0 | PREFAB_WALL_L0_015
1937733,SL0W-LNEG1C-WALL_20291207,PO-000198,South-L0-Workshop wall part & South-L-1-Classrooms wall,Exterior Wall Install | L 0 | PREFAB_WALL_L0_015
1937734,SL0W-LNEG1C-WALL_20291207,PO-000198,South-L0-Workshop wall part & South-L-1-Classrooms wall,Exterior Wall Install | L 0 | PREFAB_WALL_L0_015
1937735,SL0W-LNEG1C-WALL_20291207,PO-000198,South-L0-Workshop wall part & South-L-1-Classrooms wall,Exterior Wall Install | L 0 | PREFAB_WALL_L0_015
1937736,SL0W-LNEG1C-WALL_20291207,PO-000198,South-L0-Workshop wall part & South-L-1-Classrooms wall,Exterior Wall Install | L 0 | PREFAB_WALL_L0_015
1937737,SL0W-LNEG1C-WALL_20291207,PO-000198,South-L0-Workshop wall part & South-L-1-Classrooms wall,Exterior Wall Install | L 0 | PREFAB_WALL_L0_015
1937738,SL0W-LNEG1C-WALL_20291207,PO-000198,South-L0-Workshop wall part & South-L-1-Classrooms wall,Exterior Wall Install | L 0 | PREFAB_WALL_L0_015
1937740,SL0W-LNEG1C-WALL_20291207,PO-000198,South-L0-Workshop wall part & South-L-1-Classrooms wall,Exterior Wall Install | L 0 | PREFAB_WALL_L0_015
1937745,SL0W-LNEG1C-WALL_20291207,PO-000198,South-L0-Workshop wall part & South-L-1-Classrooms wall,Exterior Wall Install | L 0 | PREFAB_WALL_L0_015
1937746,SL0W-LNEG1C-WALL_20291207,PO-000198,South-L0-Workshop wall part & South-L-1-Classrooms wall,Exterior Wall Install | L 0 | PREFAB_WALL_L0_015
1937749,SL0W-LNEG1C-WALL_20291207,PO-000198,South-L0-Workshop wall part & South-L-1-Classrooms wall,Exterior Wall Install | L 0 | PREFAB_WALL_L0_015
1937891,SL0W-LNEG1C-WALL_20291207,PO-000198,South-L0-Workshop wall part & South-L-1-Classrooms wall,Exterior Wall Install | L 0 | PREFAB_WALL_L0_016
1937892,SL0W-LNEG1C-WALL_20291207,PO-000198,South-L0-Workshop wall part & South-L-1-Classrooms wall,Exterior Wall Install | L 0 | PREFAB_WALL_L0_016
1937894,SL0W-LNEG1C-WALL_20291207,PO-000198,South-L0-Workshop wall part & South-L-1-Classrooms wall,Exterior Wall Install | L 0 | PREFAB_WALL_L0_016
1937896,SL0W-LNEG1C-WALL_20291207,PO-000198,South-L0-Workshop wall part & South-L-1-Classrooms wall,Exterior Wall Install | L 0 | PREFAB_WALL_L0_016
1937901,SL0W-LNEG1C-WALL_20291207,PO-000198,South-L0-Workshop wall part & South-L-1-Classrooms wall,Exterior Wall Install | L 0 | PREFAB_WALL_L0_016
1937902,SL0W-LNEG1C-WALL_20291207,PO-000198,South-L0-Workshop wall part & South-L-1-Classrooms wall,Exterior Wall Install | L 0 | PREFAB_WALL_L0_016
1937903,SL0W-LNEG1C-WALL_20291207,PO-000198,South-L0-Workshop wall part & South-L-1-Classrooms wall,Exterior Wall Install | L 0 | PREFAB_WALL_L0_016
1937904,SL0W-LNEG1C-WALL_20291207,PO-000198,South-L0-Workshop wall part & South-L-1-Classrooms wall,Exterior Wall Install | L 0 | PREFAB_WALL_L0_016
1937905,SL0W-LNEG1C-WALL_20291207,PO-000198,South-L0-Workshop wall part & South-L-1-Classrooms wall,Exterior Wall Install | L 0 | PREFAB_WALL_L0_016
1937906,SL0W-LNEG1C-WALL_20291207,PO-000198,South-L0-Workshop wall part & South-L-1-Classrooms wall,Exterior Wall Install | L 0 | PREFAB_WALL_L0_016
1937907,SL0W-LNEG1C-WALL_20291207,PO-000198,South-L0-Workshop wall part & South-L-1-Classrooms wall,Exterior Wall Install | L 0 | PREFAB_WALL_L0_016
1937909,SL0W-LNEG1C-WALL_20291207,PO-000198,South-L0-Workshop wall part & South-L-1-Classrooms wall,Exterior Wall Install | L 0 | PREFAB_WALL_L0_016
1937914,SL0W-LNEG1C-WALL_20291207,PO-000198,South-L0-Workshop wall part & South-L-1-Classrooms wall,Exterior Wall Install | L 0 | PREFAB_WALL_L0_016
1937915,SL0W-LNEG1C-WALL_20291207,PO-000198,South-L0-Workshop wall part & South-L-1-Classrooms wall,Exterior Wall Install | L 0 | PREFAB_WALL_L0_016
1937918,SL0W-LNEG1C-WALL_20291207,PO-000198,South-L0-Workshop wall part & South-L-1-Classrooms wall,Exterior Wall Install | L 0 | PREFAB_WALL_L0_016
1938062,SL0W-LNEG1C-WALL_20291207,PO-000198,South-L0-Workshop wall part & South-L-1-Classrooms wall,Exterior Wall Install | L 0 | PREFAB_WALL_L0_017
1938063,SL0W-LNEG1C-WALL_20291207,PO-000198,South-L0-Workshop wall part & South-L-1-Classrooms wall,Exterior Wall Install | L 0 | PREFAB_WALL_L0_017
1938065,SL0W-LNEG1C-WALL_20291207,PO-000198,South-L0-Workshop wall part & South-L-1-Classrooms wall,Exterior Wall Install | L 0 | PREFAB_WALL_L0_017
1938067,SL0W-LNEG1C-WALL_20291207,PO-000198,South-L0-Workshop wall part & South-L-1-Classrooms wall,Exterior Wall Install | L 0 | PREFAB_WALL_L0_017
1938072,SL0W-LNEG1C-WALL_20291207,PO-000198,South-L0-Workshop wall part & South-L-1-Classrooms wall,Exterior Wall Install | L 0 | PREFAB_WALL_L0_017
1938073,SL0W-LNEG1C-WALL_20291207,PO-000198,South-L0-Workshop wall part & South-L-1-Classrooms wall,Exterior Wall Install | L 0 | PREFAB_WALL_L0_017
1938074,SL0W-LNEG1C-WALL_20291207,PO-000198,South-L0-Workshop wall part & South-L-1-Classrooms wall,Exterior Wall Install | L 0 | PREFAB_WALL_L0_017
1938075,SL0W-LNEG1C-WALL_20291207,PO-000198,South-L0-Workshop wall part & South-L-1-Classrooms wall,Exterior Wall Install | L 0 | PREFAB_WALL_L0_017
1938076,SL0W-LNEG1C-WALL_20291207,PO-000198,South-L0-Workshop wall part & South-L-1-Classrooms wall,Exterior Wall Install | L 0 | PREFAB_WALL_L0_017
1938077,SL0W-LNEG1C-WALL_20291207,PO-000198,South-L0-Workshop wall part & South-L-1-Classrooms wall,Exterior Wall Install | L 0 | PREFAB_WALL_L0_017
1938078,SL0W-LNEG1C-WALL_20291207,PO-000198,South-L0-Workshop wall part & South-L-1-Classrooms wall,Exterior Wall Install | L 0 | PREFAB_WALL_L0_017
1938080,SL0W-LNEG1C-WALL_20291207,PO-000198,South-L0-Workshop wall part & South-L-1-Classrooms wall,Exterior Wall Install | L 0 | PREFAB_WALL_L0_017
1938085,SL0W-LNEG1C-WALL_20291207,PO-000198,South-L0-Workshop wall part & South-L-1-Classrooms wall,Exterior Wall Install | L 0 | PREFAB_WALL_L0_017
1938086,SL0W-LNEG1C-WALL_20291207,PO-000198,South-L0-Workshop wall part & South-L-1-Classrooms wall,Exterior Wall Install | L 0 | PREFAB_WALL_L0_017
1938089,SL0W-LNEG1C-WALL_20291207,PO-000198,South-L0-Workshop wall part & South-L-1-Classrooms wall,Exterior Wall Install | L 0 | PREFAB_WALL_L0_017
1938168,SL0W-LNEG1C-WALL_20291207,PO-000198,South-L0-Workshop wall part & South-L-1-Classrooms wall,Exterior Wall Install | L 0 | PREFAB_WALL_L0_018
1938169,SL0W-LNEG1C-WALL_20291207,PO-000198,South-L0-Workshop wall part & South-L-1-Classrooms wall,Exterior Wall Install | L 0 | PREFAB_WALL_L0_018
1938171,SL0W-LNEG1C-WALL_20291207,PO-000198,South-L0-Workshop wall part & South-L-1-Classrooms wall,Exterior Wall Install | L 0 | PREFAB_WALL_L0_018
1938173,SL0W-LNEG1C-WALL_20291207,PO-000198,South-L0-Workshop wall part & South-L-1-Classrooms wall,Exterior Wall Install | L 0 | PREFAB_WALL_L0_018
1938178,SL0W-LNEG1C-WALL_20291207,PO-000198,South-L0-Workshop wall part & South-L-1-Classrooms wall,Exterior Wall Install | L 0 | PREFAB_WALL_L0_018
1938179,SL0W-LNEG1C-WALL_20291207,PO-000198,South-L0-Workshop wall part & South-L-1-Classrooms wall,Exterior Wall Install | L 0 | PREFAB_WALL_L0_018
1938180,SL0W-LNEG1C-WALL_20291207,PO-000198,South-L0-Workshop wall part & South-L-1-Classrooms wall,Exterior Wall Install | L 0 | PREFAB_WALL_L0_018
1938181,SL0W-LNEG1C-WALL_20291207,PO-000198,South-L0-Workshop wall part & South-L-1-Classrooms wall,Exterior Wall Install | L 0 | PREFAB_WALL_L0_018
1938182,SL0W-LNEG1C-WALL_20291207,PO-000198,South-L0-Workshop wall part & South-L-1-Classrooms wall,Exterior Wall Install | L 0 | PREFAB_WALL_L0_018
1938183,SL0W-LNEG1C-WALL_20291207,PO-000198,South-L0-Workshop wall part & South-L-1-Classrooms wall,Exterior Wall Install | L 0 | PREFAB_WALL_L0_018
1938184,SL0W-LNEG1C-WALL_20291207,PO-000198,South-L0-Workshop wall part & South-L-1-Classrooms wall,Exterior Wall Install | L 0 | PREFAB_WALL_L0_018
1938186,SL0W-LNEG1C-WALL_20291207,PO-000198,South-L0-Workshop wall part & South-L-1-Classrooms wall,Exterior Wall Install | L 0 | PREFAB_WALL_L0_018
1938191,SL0W-LNEG1C-WALL_20291207,PO-000198,South-L0-Workshop wall part & South-L-1-Classrooms wall,Exterior Wall Install | L 0 | PREFAB_WALL_L0_018
1938192,SL0W-LNEG1C-WALL_20291207,PO-000198,South-L0-Workshop wall part & South-L-1-Classrooms wall,Exterior Wall Install | L 0 | PREFAB_WALL_L0_018
1938195,SL0W-LNEG1C-WALL_20291207,PO-000198,South-L0-Workshop wall part & South-L-1-Classrooms wall,Exterior Wall Install | L 0 | PREFAB_WALL_L0_018
1935217,SL1-2R-WALL_20291217,PO-000355,South-L1-2 rooms wall,Exterior Wall Install | L 1 | PREFAB_WALL_L1_038
1935218,SL1-2R-WALL_20291217,PO-000355,South-L1-2 rooms wall,Exterior Wall Install | L 1 | PREFAB_WALL_L1_038
1935220,SL1-2R-WALL_20291217,PO-000355,South-L1-2 rooms wall,Exterior Wall Install | L 1 | PREFAB_WALL_L1_038
1935221,SL1-2R-WALL_20291217,PO-000355,South-L1-2 rooms wall,Exterior Wall Install | L 1 | PREFAB_WALL_L1_038
1935222,SL1-2R-WALL_20291217,PO-000355,South-L1-2 rooms wall,Exterior Wall Install | L 1 | PREFAB_WALL_L1_038
1935223,SL1-2R-WALL_20291217,PO-000355,South-L1-2 rooms wall,Exterior Wall Install | L 1 | PREFAB_WALL_L1_038
1935224,SL1-2R-WALL_20291217,PO-000355,South-L1-2 rooms wall,Exterior Wall Install | L 1 | PREFAB_WALL_L1_038
1935225,SL1-2R-WALL_20291217,PO-000355,South-L1-2 rooms wall,Exterior Wall Install | L 1 | PREFAB_WALL_L1_038
1935226,SL1-2R-WALL_20291217,PO-000355,South-L1-2 rooms wall,Exterior Wall Install | L 1 | PREFAB_WALL_L1_038
1935227,SL1-2R-WALL_20291217,PO-000355,South-L1-2 rooms wall,Exterior Wall Install | L 1 | PREFAB_WALL_L1_038
1935285,SL1-2R-WALL_20291217,PO-000355,South-L1-2 rooms wall,Exterior Wall Install | L 1 | PREFAB_WALL_L1_038
1935286,SL1-2R-WALL_20291217,PO-000355,South-L1-2 rooms wall,Exterior Wall Install | L 1 | PREFAB_WALL_L1_038
1935288,SL1-2R-WALL_20291217,PO-000355,South-L1-2 rooms wall,Exterior Wall Install | L 1 | PREFAB_WALL_L1_038
1935289,SL1-2R-WALL_20291217,PO-000355,South-L1-2 rooms wall,Exterior Wall Install | L 1 | PREFAB_WALL_L1_038
1935290,SL1-2R-WALL_20291217,PO-000355,South-L1-2 rooms wall,Exterior Wall Install | L 1 | PREFAB_WALL_L1_038
1935291,SL1-2R-WALL_20291217,PO-000355,South-L1-2 rooms wall,Exterior Wall Install | L 1 | PREFAB_WALL_L1_038
1935292,SL1-2R-WALL_20291217,PO-000355,South-L1-2 rooms wall,Exterior Wall Install | L 1 | PREFAB_WALL_L1_038
1935293,SL1-2R-WALL_20291217,PO-000355,South-L1-2 rooms wall,Exterior Wall Install | L 1 | PREFAB_WALL_L1_038
1935294,SL1-2R-WALL_20291217,PO-000355,South-L1-2 rooms wall,Exterior Wall Install | L 1 | PREFAB_WALL_L1_038
1935295,SL1-2R-WALL_20291217,PO-000355,South-L1-2 rooms wall,Exterior Wall Install | L 1 | PREFAB_WALL_L1_038
1935353,SL1-2R-WALL_20291217,PO-000355,South-L1-2 rooms wall,Exterior Wall Install | L 1 | PREFAB_WALL_L1_038
1935354,SL1-2R-WALL_20291217,PO-000355,South-L1-2 rooms wall,Exterior Wall Install | L 1 | PREFAB_WALL_L1_038
1935356,SL1-2R-WALL_20291217,PO-000355,South-L1-2 rooms wall,Exterior Wall Install | L 1 | PREFAB_WALL_L1_038
1935357,SL1-2R-WALL_20291217,PO-000355,South-L1-2 rooms wall,Exterior Wall Install | L 1 | PREFAB_WALL_L1_038
1935358,SL1-2R-WALL_20291217,PO-000355,South-L1-2 rooms wall,Exterior Wall Install | L 1 | PREFAB_WALL_L1_038
1935359,SL1-2R-WALL_20291217,PO-000355,South-L1-2 rooms wall,Exterior Wall Install | L 1 | PREFAB_WALL_L1_038
1935360,SL1-2R-WALL_20291217,PO-000355,South-L1-2 rooms wall,Exterior Wall Install | L 1 | PREFAB_WALL_L1_038
1935361,SL1-2R-WALL_20291217,PO-000355,South-L1-2 rooms wall,Exterior Wall Install | L 1 | PREFAB_WALL_L1_038
1935362,SL1-2R-WALL_20291217,PO-000355,South-L1-2 rooms wall,Exterior Wall Install | L 1 | PREFAB_WALL_L1_038
1935363,SL1-2R-WALL_20291217,PO-000355,South-L1-2 rooms wall,Exterior Wall Install | L 1 | PREFAB_WALL_L1_038
1935421,SL1-2R-WALL_20291217,PO-000355,South-L1-2 rooms wall,Exterior Wall Install | L 1 | PREFAB_WALL_L1_039
1935422,SL1-2R-WALL_20291217,PO-000355,South-L1-2 rooms wall,Exterior Wall Install | L 1 | PREFAB_WALL_L1_039
1935424,SL1-2R-WALL_20291217,PO-000355,South-L1-2 rooms wall,Exterior Wall Install | L 1 | PREFAB_WALL_L1_039
1935425,SL1-2R-WALL_20291217,PO-000355,South-L1-2 rooms wall,Exterior Wall Install | L 1 | PREFAB_WALL_L1_039
1935426,SL1-2R-WALL_20291217,PO-000355,South-L1-2 rooms wall,Exterior Wall Install | L 1 | PREFAB_WALL_L1_039
1935427,SL1-2R-WALL_20291217,PO-000355,South-L1-2 rooms wall,Exterior Wall Install | L 1 | PREFAB_WALL_L1_039
1935428,SL1-2R-WALL_20291217,PO-000355,South-L1-2 rooms wall,Exterior Wall Install | L 1 | PREFAB_WALL_L1_039
1935429,SL1-2R-WALL_20291217,PO-000355,South-L1-2 rooms wall,Exterior Wall Install | L 1 | PREFAB_WALL_L1_039
1935430,SL1-2R-WALL_20291217,PO-000355,South-L1-2 rooms wall,Exterior Wall Install | L 1 | PREFAB_WALL_L1_039
1935431,SL1-2R-WALL_20291217,PO-000355,South-L1-2 rooms wall,Exterior Wall Install | L 1 | PREFAB_WALL_L1_039
1935489,SL1-2R-WALL_20291217,PO-000355,South-L1-2 rooms wall,Exterior Wall Install | L 1 | PREFAB_WALL_L1_039
1935490,SL1-2R-WALL_20291217,PO-000355,South-L1-2 rooms wall,Exterior Wall Install | L 1 | PREFAB_WALL_L1_039
1935492,SL1-2R-WALL_20291217,PO-000355,South-L1-2 rooms wall,Exterior Wall Install | L 1 | PREFAB_WALL_L1_039
1935493,SL1-2R-WALL_20291217,PO-000355,South-L1-2 rooms wall,Exterior Wall Install | L 1 | PREFAB_WALL_L1_039
1935494,SL1-2R-WALL_20291217,PO-000355,South-L1-2 rooms wall,Exterior Wall Install | L 1 | PREFAB_WALL_L1_039
1935495,SL1-2R-WALL_20291217,PO-000355,South-L1-2 rooms wall,Exterior Wall Install | L 1 | PREFAB_WALL_L1_039
1935496,SL1-2R-WALL_20291217,PO-000355,South-L1-2 rooms wall,Exterior Wall Install | L 1 | PREFAB_WALL_L1_039
1935497,SL1-2R-WALL_20291217,PO-000355,South-L1-2 rooms wall,Exterior Wall Install | L 1 | PREFAB_WALL_L1_039
1935498,SL1-2R-WALL_20291217,PO-000355,South-L1-2 rooms wall,Exterior Wall Install | L 1 | PREFAB_WALL_L1_039
1935499,SL1-2R-WALL_20291217,PO-000355,South-L1-2 rooms wall,Exterior Wall Install | L 1 | PREFAB_WALL_L1_039
1935598,SL1-2R-WALL_20291217,PO-000355,South-L1-2 rooms wall,Exterior Wall Install | L 1 | PREFAB_WALL_L1_039
1935599,SL1-2R-WALL_20291217,PO-000355,South-L1-2 rooms wall,Exterior Wall Install | L 1 | PREFAB_WALL_L1_039
1935601,SL1-2R-WALL_20291217,PO-000355,South-L1-2 rooms wall,Exterior Wall Install | L 1 | PREFAB_WALL_L1_039
1935602,SL1-2R-WALL_20291217,PO-000355,South-L1-2 rooms wall,Exterior Wall Install | L 1 | PREFAB_WALL_L1_039
1935603,SL1-2R-WALL_20291217,PO-000355,South-L1-2 rooms wall,Exterior Wall Install | L 1 | PREFAB_WALL_L1_039
1935604,SL1-2R-WALL_20291217,PO-000355,South-L1-2 rooms wall,Exterior Wall Install | L 1 | PREFAB_WALL_L1_039
1935605,SL1-2R-WALL_20291217,PO-000355,South-L1-2 rooms wall,Exterior Wall Install | L 1 | PREFAB_WALL_L1_039
1935607,SL1-2R-WALL_20291217,PO-000355,South-L1-2 rooms wall,Exterior Wall Install | L 1 | PREFAB_WALL_L1_039
1935608,SL1-2R-WALL_20291217,PO-000355,South-L1-2 rooms wall,Exterior Wall Install | L 1 | PREFAB_WALL_L1_039
2194057,SL1-2R-WALL_20291217,PO-000355,South-L1-2 rooms wall,Exterior Wall Install | L 1 | PREFAB_WALL_L1_038
2194387,SL1-2R-WALL_20291217,PO-000355,South-L1-2 rooms wall,Exterior Wall Install | L 1 | PREFAB_WALL_L1_039
1930738,SL1-3R-WALL_20291217,PO-000356,South-L1-3 rooms wall,Exterior Wall Install | L 1 | PREFAB_WALL_L1_035
1931297,SL1-3R-WALL_20291217,PO-000356,South-L1-3 rooms wall,Exterior Wall Install | L 1 | PREFAB_WALL_L1_035
1931298,SL1-3R-WALL_20291217,PO-000356,South-L1-3 rooms wall,Exterior Wall Install | L 1 | PREFAB_WALL_L1_035
1931353,SL1-3R-WALL_20291217,PO-000356,South-L1-3 rooms wall,Exterior Wall Install | L 1 | PREFAB_WALL_L1_035
1931355,SL1-3R-WALL_20291217,PO-000356,South-L1-3 rooms wall,Exterior Wall Install | L 1 | PREFAB_WALL_L1_035
1931381,SL1-3R-WALL_20291217,PO-000356,South-L1-3 rooms wall,Exterior Wall Install | L 1 | PREFAB_WALL_L1_035
1931382,SL1-3R-WALL_20291217,PO-000356,South-L1-3 rooms wall,Exterior Wall Install | L 1 | PREFAB_WALL_L1_035
1931408,SL1-3R-WALL_20291217,PO-000356,South-L1-3 rooms wall,Exterior Wall Install | L 1 | PREFAB_WALL_L1_035
1931409,SL1-3R-WALL_20291217,PO-000356,South-L1-3 rooms wall,Exterior Wall Install | L 1 | PREFAB_WALL_L1_035
1931436,SL1-3R-WALL_20291217,PO-000356,South-L1-3 rooms wall,Exterior Wall Install | L 1 | PREFAB_WALL_L1_035
1934568,SL1-3R-WALL_20291217,PO-000356,South-L1-3 rooms wall,Exterior Wall Install | L 1 | PREFAB_WALL_L1_035
1934569,SL1-3R-WALL_20291217,PO-000356,South-L1-3 rooms wall,Exterior Wall Install | L 1 | PREFAB_WALL_L1_035
1934571,SL1-3R-WALL_20291217,PO-000356,South-L1-3 rooms wall,Exterior Wall Install | L 1 | PREFAB_WALL_L1_035
1934572,SL1-3R-WALL_20291217,PO-000356,South-L1-3 rooms wall,Exterior Wall Install | L 1 | PREFAB_WALL_L1_035
1934573,SL1-3R-WALL_20291217,PO-000356,South-L1-3 rooms wall,Exterior Wall Install | L 1 | PREFAB_WALL_L1_035
1934574,SL1-3R-WALL_20291217,PO-000356,South-L1-3 rooms wall,Exterior Wall Install | L 1 | PREFAB_WALL_L1_035
1934575,SL1-3R-WALL_20291217,PO-000356,South-L1-3 rooms wall,Exterior Wall Install | L 1 | PREFAB_WALL_L1_035
1934576,SL1-3R-WALL_20291217,PO-000356,South-L1-3 rooms wall,Exterior Wall Install | L 1 | PREFAB_WALL_L1_035
1934577,SL1-3R-WALL_20291217,PO-000356,South-L1-3 rooms wall,Exterior Wall Install | L 1 | PREFAB_WALL_L1_035
1934578,SL1-3R-WALL_20291217,PO-000356,South-L1-3 rooms wall,Exterior Wall Install | L 1 | PREFAB_WALL_L1_035
1934742,SL1-3R-WALL_20291217,PO-000356,South-L1-3 rooms wall,Exterior Wall Install | L 1 | PREFAB_WALL_L1_036
1934743,SL1-3R-WALL_20291217,PO-000356,South-L1-3 rooms wall,Exterior Wall Install | L 1 | PREFAB_WALL_L1_036
1934745,SL1-3R-WALL_20291217,PO-000356,South-L1-3 rooms wall,Exterior Wall Install | L 1 | PREFAB_WALL_L1_036
1934746,SL1-3R-WALL_20291217,PO-000356,South-L1-3 rooms wall,Exterior Wall Install | L 1 | PREFAB_WALL_L1_036
1934747,SL1-3R-WALL_20291217,PO-000356,South-L1-3 rooms wall,Exterior Wall Install | L 1 | PREFAB_WALL_L1_036
1934748,SL1-3R-WALL_20291217,PO-000356,South-L1-3 rooms wall,Exterior Wall Install | L 1 | PREFAB_WALL_L1_036
1934749,SL1-3R-WALL_20291217,PO-000356,South-L1-3 rooms wall,Exterior Wall Install | L 1 | PREFAB_WALL_L1_036
1934750,SL1-3R-WALL_20291217,PO-000356,South-L1-3 rooms wall,Exterior Wall Install | L 1 | PREFAB_WALL_L1_036
1934751,SL1-3R-WALL_20291217,PO-000356,South-L1-3 rooms wall,Exterior Wall Install | L 1 | PREFAB_WALL_L1_035
1934752,SL1-3R-WALL_20291217,PO-000356,South-L1-3 rooms wall,Exterior Wall Install | L 1 | PREFAB_WALL_L1_036
1934812,SL1-3R-WALL_20291217,PO-000356,South-L1-3 rooms wall,Exterior Wall Install | L 1 | PREFAB_WALL_L1_036
1934813,SL1-3R-WALL_20291217,PO-000356,South-L1-3 rooms wall,Exterior Wall Install | L 1 | PREFAB_WALL_L1_036
1934815,SL1-3R-WALL_20291217,PO-000356,South-L1-3 rooms wall,Exterior Wall Install | L 1 | PREFAB_WALL_L1_036
1934816,SL1-3R-WALL_20291217,PO-000356,South-L1-3 rooms wall,Exterior Wall Install | L 1 | PREFAB_WALL_L1_036
1934817,SL1-3R-WALL_20291217,PO-000356,South-L1-3 rooms wall,Exterior Wall Install | L 1 | PREFAB_WALL_L1_036
1934818,SL1-3R-WALL_20291217,PO-000356,South-L1-3 rooms wall,Exterior Wall Install | L 1 | PREFAB_WALL_L1_036
1934819,SL1-3R-WALL_20291217,PO-000356,South-L1-3 rooms wall,Exterior Wall Install | L 1 | PREFAB_WALL_L1_036
1934820,SL1-3R-WALL_20291217,PO-000356,South-L1-3 rooms wall,Exterior Wall Install | L 1 | PREFAB_WALL_L1_036
1934821,SL1-3R-WALL_20291217,PO-000356,South-L1-3 rooms wall,Exterior Wall Install | L 1 | PREFAB_WALL_L1_036
1934822,SL1-3R-WALL_20291217,PO-000356,South-L1-3 rooms wall,Exterior Wall Install | L 1 | PREFAB_WALL_L1_036
1934939,SL1-3R-WALL_20291217,PO-000356,South-L1-3 rooms wall,Exterior Wall Install | L 1 | PREFAB_WALL_L1_036
1934940,SL1-3R-WALL_20291217,PO-000356,South-L1-3 rooms wall,Exterior Wall Install | L 1 | PREFAB_WALL_L1_036
1934942,SL1-3R-WALL_20291217,PO-000356,South-L1-3 rooms wall,Exterior Wall Install | L 1 | PREFAB_WALL_L1_036
1934943,SL1-3R-WALL_20291217,PO-000356,South-L1-3 rooms wall,Exterior Wall Install | L 1 | PREFAB_WALL_L1_036
1934944,SL1-3R-WALL_20291217,PO-000356,South-L1-3 rooms wall,Exterior Wall Install | L 1 | PREFAB_WALL_L1_036
1934945,SL1-3R-WALL_20291217,PO-000356,South-L1-3 rooms wall,Exterior Wall Install | L 1 | PREFAB_WALL_L1_036
1934946,SL1-3R-WALL_20291217,PO-000356,South-L1-3 rooms wall,Exterior Wall Install | L 1 | PREFAB_WALL_L1_036
1934947,SL1-3R-WALL_20291217,PO-000356,South-L1-3 rooms wall,Exterior Wall Install | L 1 | PREFAB_WALL_L1_036
1934948,SL1-3R-WALL_20291217,PO-000356,South-L1-3 rooms wall,Exterior Wall Install | L 1 | PREFAB_WALL_L1_036
1934949,SL1-3R-WALL_20291217,PO-000356,South-L1-3 rooms wall,Exterior Wall Install | L 1 | PREFAB_WALL_L1_036
1935007,SL1-3R-WALL_20291217,PO-000356,South-L1-3 rooms wall,Exterior Wall Install | L 1 | PREFAB_WALL_L1_037
1935008,SL1-3R-WALL_20291217,PO-000356,South-L1-3 rooms wall,Exterior Wall Install | L 1 | PREFAB_WALL_L1_037
1935010,SL1-3R-WALL_20291217,PO-000356,South-L1-3 rooms wall,Exterior Wall Install | L 1 | PREFAB_WALL_L1_037
1935011,SL1-3R-WALL_20291217,PO-000356,South-L1-3 rooms wall,Exterior Wall Install | L 1 | PREFAB_WALL_L1_037
1935012,SL1-3R-WALL_20291217,PO-000356,South-L1-3 rooms wall,Exterior Wall Install | L 1 | PREFAB_WALL_L1_037
1935013,SL1-3R-WALL_20291217,PO-000356,South-L1-3 rooms wall,Exterior Wall Install | L 1 | PREFAB_WALL_L1_037
1935014,SL1-3R-WALL_20291217,PO-000356,South-L1-3 rooms wall,Exterior Wall Install | L 1 | PREFAB_WALL_L1_037
1935015,SL1-3R-WALL_20291217,PO-000356,South-L1-3 rooms wall,Exterior Wall Install | L 1 | PREFAB_WALL_L1_037
1935016,SL1-3R-WALL_20291217,PO-000356,South-L1-3 rooms wall,Exterior Wall Install | L 1 | PREFAB_WALL_L1_037
1935017,SL1-3R-WALL_20291217,PO-000356,South-L1-3 rooms wall,Exterior Wall Install | L 1 | PREFAB_WALL_L1_037
1935081,SL1-3R-WALL_20291217,PO-000356,South-L1-3 rooms wall,Exterior Wall Install | L 1 | PREFAB_WALL_L1_037
1935082,SL1-3R-WALL_20291217,PO-000356,South-L1-3 rooms wall,Exterior Wall Install | L 1 | PREFAB_WALL_L1_037
1935084,SL1-3R-WALL_20291217,PO-000356,South-L1-3 rooms wall,Exterior Wall Install | L 1 | PREFAB_WALL_L1_037
1935085,SL1-3R-WALL_20291217,PO-000356,South-L1-3 rooms wall,Exterior Wall Install | L 1 | PREFAB_WALL_L1_037
1935086,SL1-3R-WALL_20291217,PO-000356,South-L1-3 rooms wall,Exterior Wall Install | L 1 | PREFAB_WALL_L1_037
1935087,SL1-3R-WALL_20291217,PO-000356,South-L1-3 rooms wall,Exterior Wall Install | L 1 | PREFAB_WALL_L1_037
1935088,SL1-3R-WALL_20291217,PO-000356,South-L1-3 rooms wall,Exterior Wall Install | L 1 | PREFAB_WALL_L1_037
1935089,SL1-3R-WALL_20291217,PO-000356,South-L1-3 rooms wall,Exterior Wall Install | L 1 | PREFAB_WALL_L1_037
1935090,SL1-3R-WALL_20291217,PO-000356,South-L1-3 rooms wall,Exterior Wall Install | L 1 | PREFAB_WALL_L1_037
1935091,SL1-3R-WALL_20291217,PO-000356,South-L1-3 rooms wall,Exterior Wall Install | L 1 | PREFAB_WALL_L1_037
1935149,SL1-3R-WALL_20291217,PO-000356,South-L1-3 rooms wall,Exterior Wall Install | L 1 | PREFAB_WALL_L1_037
1935150,SL1-3R-WALL_20291217,PO-000356,South-L1-3 rooms wall,Exterior Wall Install | L 1 | PREFAB_WALL_L1_037
1935152,SL1-3R-WALL_20291217,PO-000356,South-L1-3 rooms wall,Exterior Wall Install | L 1 | PREFAB_WALL_L1_037
1935153,SL1-3R-WALL_20291217,PO-000356,South-L1-3 rooms wall,Exterior Wall Install | L 1 | PREFAB_WALL_L1_037
1935154,SL1-3R-WALL_20291217,PO-000356,South-L1-3 rooms wall,Exterior Wall Install | L 1 | PREFAB_WALL_L1_037
1935155,SL1-3R-WALL_20291217,PO-000356,South-L1-3 rooms wall,Exterior Wall Install | L 1 | PREFAB_WALL_L1_037
1935156,SL1-3R-WALL_20291217,PO-000356,South-L1-3 rooms wall,Exterior Wall Install | L 1 | PREFAB_WALL_L1_037
1935157,SL1-3R-WALL_20291217,PO-000356,South-L1-3 rooms wall,Exterior Wall Install | L 1 | PREFAB_WALL_L1_037
1935158,SL1-3R-WALL_20291217,PO-000356,South-L1-3 rooms wall,Exterior Wall Install | L 1 | PREFAB_WALL_L1_037
1935159,SL1-3R-WALL_20291217,PO-000356,South-L1-3 rooms wall,Exterior Wall Install | L 1 | PREFAB_WALL_L1_037
2193600,SL1-3R-WALL_20291217,PO-000356,South-L1-3 rooms wall,Exterior Wall Install | L 1 | PREFAB_WALL_L1_036
2193801,SL1-3R-WALL_20291217,PO-000356,South-L1-3 rooms wall,Exterior Wall Install | L 1 | PREFAB_WALL_L1_037
612178,STRUCT_COL_10_0_CONCRETE_CAST_IN_PLACE_GRAY_20291119,PO-000004,"Structural Column 10' - 0"" | Concrete, Cast-in-Place gray assembly",Foundational Columns | L -1 | 612178
612945,STRUCT_COL_10_0_CONCRETE_CAST_IN_PLACE_GRAY_20291119,PO-000004,"Structural Column 10' - 0"" | Concrete, Cast-in-Place gray assembly",Foundational Columns | L -1 | 612945
604371,STRUCT_COL_12_0_STRUCTURAL_BAMBOO_CLB_20291210,PO-000242,"Structural Column 12' - 0"" | Structural Bamboo (CLB) assembly",Frame: Columns | L 1 | 604371
604373,STRUCT_COL_12_0_STRUCTURAL_BAMBOO_CLB_20291210,PO-000242,"Structural Column 12' - 0"" | Structural Bamboo (CLB) assembly",Frame: Columns | L 1 | 604373
604375,STRUCT_COL_12_0_STRUCTURAL_BAMBOO_CLB_20291210,PO-000242,"Structural Column 12' - 0"" | Structural Bamboo (CLB) assembly",Frame: Columns | L 1 | 604375
604376,STRUCT_COL_12_0_STRUCTURAL_BAMBOO_CLB_20291210,PO-000242,"Structural Column 12' - 0"" | Structural Bamboo (CLB) assembly",Frame: Columns | L 1 | 604376
604378,STRUCT_COL_12_0_STRUCTURAL_BAMBOO_CLB_20291210,PO-000242,"Structural Column 12' - 0"" | Structural Bamboo (CLB) assembly",Frame: Columns | L 1 | 604378
604380,STRUCT_COL_12_0_STRUCTURAL_BAMBOO_CLB_20291210,PO-000242,"Structural Column 12' - 0"" | Structural Bamboo (CLB) assembly",Frame: Columns | L 1 | 604380
604382,STRUCT_COL_12_0_STRUCTURAL_BAMBOO_CLB_20291210,PO-000242,"Structural Column 12' - 0"" | Structural Bamboo (CLB) assembly",Frame: Columns | L 1 | 604382
604383,STRUCT_COL_12_0_STRUCTURAL_BAMBOO_CLB_20291210,PO-000242,"Structural Column 12' - 0"" | Structural Bamboo (CLB) assembly",Frame: Columns | L 1 | 604383
604385,STRUCT_COL_12_0_STRUCTURAL_BAMBOO_CLB_20291210,PO-000242,"Structural Column 12' - 0"" | Structural Bamboo (CLB) assembly",Frame: Columns | L 1 | 604385
604387,STRUCT_COL_12_0_STRUCTURAL_BAMBOO_CLB_20291210,PO-000242,"Structural Column 12' - 0"" | Structural Bamboo (CLB) assembly",Frame: Columns | L 1 | 604387
604389,STRUCT_COL_12_0_STRUCTURAL_BAMBOO_CLB_20291210,PO-000242,"Structural Column 12' - 0"" | Structural Bamboo (CLB) assembly",Frame: Columns | L 1 | 604389
604390,STRUCT_COL_12_0_STRUCTURAL_BAMBOO_CLB_20291210,PO-000242,"Structural Column 12' - 0"" | Structural Bamboo (CLB) assembly",Frame: Columns | L 1 | 604390
604391,STRUCT_COL_12_0_STRUCTURAL_BAMBOO_CLB_20291210,PO-000242,"Structural Column 12' - 0"" | Structural Bamboo (CLB) assembly",Frame: Columns | L 1 | 604391
604414,STRUCT_COL_12_0_STRUCTURAL_BAMBOO_CLB_20291210,PO-000242,"Structural Column 12' - 0"" | Structural Bamboo (CLB) assembly",Frame: Columns | L 1 | 604414
604415,STRUCT_COL_12_0_STRUCTURAL_BAMBOO_CLB_20291210,PO-000242,"Structural Column 12' - 0"" | Structural Bamboo (CLB) assembly",Frame: Columns | L 1 | 604415
604416,STRUCT_COL_12_0_STRUCTURAL_BAMBOO_CLB_20291210,PO-000242,"Structural Column 12' - 0"" | Structural Bamboo (CLB) assembly",Frame: Columns | L 1 | 604416
604417,STRUCT_COL_12_0_STRUCTURAL_BAMBOO_CLB_20291210,PO-000242,"Structural Column 12' - 0"" | Structural Bamboo (CLB) assembly",Frame: Columns | L 1 | 604417
604418,STRUCT_COL_12_0_STRUCTURAL_BAMBOO_CLB_20291210,PO-000242,"Structural Column 12' - 0"" | Structural Bamboo (CLB) assembly",Frame: Columns | L 1 | 604418
604419,STRUCT_COL_12_0_STRUCTURAL_BAMBOO_CLB_20291210,PO-000242,"Structural Column 12' - 0"" | Structural Bamboo (CLB) assembly",Frame: Columns | L 1 | 604419
644665,STRUCT_COL_12_0_STRUCTURAL_BAMBOO_CLB_20291210,PO-000242,"Structural Column 12' - 0"" | Structural Bamboo (CLB) assembly",Frame: Columns | L 1 | 644665
656466,STRUCT_COL_12_0_STRUCTURAL_BAMBOO_CLB_20291210,PO-000242,"Structural Column 12' - 0"" | Structural Bamboo (CLB) assembly",Frame: Columns | L 1 | 656466
657238,STRUCT_COL_12_0_STRUCTURAL_BAMBOO_CLB_20291210,PO-000242,"Structural Column 12' - 0"" | Structural Bamboo (CLB) assembly",Frame: Columns | L 1 | 657238
657750,STRUCT_COL_12_0_STRUCTURAL_BAMBOO_CLB_20291210,PO-000242,"Structural Column 12' - 0"" | Structural Bamboo (CLB) assembly",Frame: Columns | L 1 | 657750
604379,STRUCT_COL_12_0_STRUCTURAL_BAMBOO_CLB_20291211,PO-000269,"Structural Column 12' - 0"" | Structural Bamboo (CLB) assembly",Frame: Columns | L 1 | 604379
604381,STRUCT_COL_12_0_STRUCTURAL_BAMBOO_CLB_20291211,PO-000269,"Structural Column 12' - 0"" | Structural Bamboo (CLB) assembly",Frame: Columns | L 1 | 604381
604384,STRUCT_COL_12_0_STRUCTURAL_BAMBOO_CLB_20291211,PO-000269,"Structural Column 12' - 0"" | Structural Bamboo (CLB) assembly",Frame: Columns | L 1 | 604384
604386,STRUCT_COL_12_0_STRUCTURAL_BAMBOO_CLB_20291211,PO-000269,"Structural Column 12' - 0"" | Structural Bamboo (CLB) assembly",Frame: Columns | L 1 | 604386
604388,STRUCT_COL_12_0_STRUCTURAL_BAMBOO_CLB_20291211,PO-000269,"Structural Column 12' - 0"" | Structural Bamboo (CLB) assembly",Frame: Columns | L 1 | 604388
614870,STRUCT_COL_12_0_STRUCTURAL_BAMBOO_CLB_20291211,PO-000269,"Structural Column 12' - 0"" | Structural Bamboo (CLB) assembly",Frame: Columns | L 1 | 614870
615012,STRUCT_COL_12_0_STRUCTURAL_BAMBOO_CLB_20291211,PO-000269,"Structural Column 12' - 0"" | Structural Bamboo (CLB) assembly",Frame: Columns | L 1 | 615012
615093,STRUCT_COL_12_0_STRUCTURAL_BAMBOO_CLB_20291211,PO-000269,"Structural Column 12' - 0"" | Structural Bamboo (CLB) assembly",Frame: Columns | L 1 | 615093
615162,STRUCT_COL_12_0_STRUCTURAL_BAMBOO_CLB_20291211,PO-000269,"Structural Column 12' - 0"" | Structural Bamboo (CLB) assembly",Frame: Columns | L 1 | 615162
615289,STRUCT_COL_12_0_STRUCTURAL_BAMBOO_CLB_20291211,PO-000269,"Structural Column 12' - 0"" | Structural Bamboo (CLB) assembly",Frame: Columns | L 1 | 615289
656467,STRUCT_COL_12_0_STRUCTURAL_BAMBOO_CLB_20291211,PO-000269,"Structural Column 12' - 0"" | Structural Bamboo (CLB) assembly",Frame: Columns | L 1 | 656467
602802,STRUCT_COL_15_0_STRUCTURAL_BAMBOO_CLB_20291126,PO-000020,"Structural Column 15' - 0"" | Structural Bamboo (CLB) assembly",Frame: Columns | L -1 | 602802
602805,STRUCT_COL_15_0_STRUCTURAL_BAMBOO_CLB_20291126,PO-000020,"Structural Column 15' - 0"" | Structural Bamboo (CLB) assembly",Frame: Columns | L -1 | 602805
602808,STRUCT_COL_15_0_STRUCTURAL_BAMBOO_CLB_20291126,PO-000020,"Structural Column 15' - 0"" | Structural Bamboo (CLB) assembly",Frame: Columns | L -1 | 602808
602783,STRUCT_COL_15_0_STRUCTURAL_BAMBOO_CLB_20291127,PO-000021,"Structural Column 15' - 0"" | Structural Bamboo (CLB) assembly",Frame: Columns | L -1 | 602783
602784,STRUCT_COL_15_0_STRUCTURAL_BAMBOO_CLB_20291127,PO-000021,"Structural Column 15' - 0"" | Structural Bamboo (CLB) assembly",Frame: Columns | L -1 | 602784
602786,STRUCT_COL_15_0_STRUCTURAL_BAMBOO_CLB_20291127,PO-000021,"Structural Column 15' - 0"" | Structural Bamboo (CLB) assembly",Frame: Columns | L -1 | 602786
602787,STRUCT_COL_15_0_STRUCTURAL_BAMBOO_CLB_20291127,PO-000021,"Structural Column 15' - 0"" | Structural Bamboo (CLB) assembly",Frame: Columns | L -1 | 602787
602789,STRUCT_COL_15_0_STRUCTURAL_BAMBOO_CLB_20291127,PO-000021,"Structural Column 15' - 0"" | Structural Bamboo (CLB) assembly",Frame: Columns | L -1 | 602789
602790,STRUCT_COL_15_0_STRUCTURAL_BAMBOO_CLB_20291127,PO-000021,"Structural Column 15' - 0"" | Structural Bamboo (CLB) assembly",Frame: Columns | L -1 | 602790
602792,STRUCT_COL_15_0_STRUCTURAL_BAMBOO_CLB_20291127,PO-000021,"Structural Column 15' - 0"" | Structural Bamboo (CLB) assembly",Frame: Columns | L -1 | 602792
602793,STRUCT_COL_15_0_STRUCTURAL_BAMBOO_CLB_20291127,PO-000021,"Structural Column 15' - 0"" | Structural Bamboo (CLB) assembly",Frame: Columns | L -1 | 602793
602794,STRUCT_COL_15_0_STRUCTURAL_BAMBOO_CLB_20291127,PO-000021,"Structural Column 15' - 0"" | Structural Bamboo (CLB) assembly",Frame: Columns | L -1 | 602794
602795,STRUCT_COL_15_0_STRUCTURAL_BAMBOO_CLB_20291127,PO-000021,"Structural Column 15' - 0"" | Structural Bamboo (CLB) assembly",Frame: Columns | L -1 | 602795
602796,STRUCT_COL_15_0_STRUCTURAL_BAMBOO_CLB_20291127,PO-000021,"Structural Column 15' - 0"" | Structural Bamboo (CLB) assembly",Frame: Columns | L -1 | 602796
602797,STRUCT_COL_15_0_STRUCTURAL_BAMBOO_CLB_20291127,PO-000021,"Structural Column 15' - 0"" | Structural Bamboo (CLB) assembly",Frame: Columns | L -1 | 602797
602798,STRUCT_COL_15_0_STRUCTURAL_BAMBOO_CLB_20291127,PO-000021,"Structural Column 15' - 0"" | Structural Bamboo (CLB) assembly",Frame: Columns | L -1 | 602798
602799,STRUCT_COL_15_0_STRUCTURAL_BAMBOO_CLB_20291127,PO-000021,"Structural Column 15' - 0"" | Structural Bamboo (CLB) assembly",Frame: Columns | L -1 | 602799
602800,STRUCT_COL_15_0_STRUCTURAL_BAMBOO_CLB_20291127,PO-000021,"Structural Column 15' - 0"" | Structural Bamboo (CLB) assembly",Frame: Columns | L -1 | 602800
602803,STRUCT_COL_15_0_STRUCTURAL_BAMBOO_CLB_20291127,PO-000021,"Structural Column 15' - 0"" | Structural Bamboo (CLB) assembly",Frame: Columns | L -1 | 602803
602804,STRUCT_COL_15_0_STRUCTURAL_BAMBOO_CLB_20291127,PO-000021,"Structural Column 15' - 0"" | Structural Bamboo (CLB) assembly",Frame: Columns | L -1 | 602804
602807,STRUCT_COL_15_0_STRUCTURAL_BAMBOO_CLB_20291127,PO-000021,"Structural Column 15' - 0"" | Structural Bamboo (CLB) assembly",Frame: Columns | L -1 | 602807
603849,STRUCT_COL_15_0_STRUCTURAL_BAMBOO_CLB_20291127,PO-000021,"Structural Column 15' - 0"" | Structural Bamboo (CLB) assembly",Frame: Columns | L -1 | 603849
644661,STRUCT_COL_15_0_STRUCTURAL_BAMBOO_CLB_20291127,PO-000021,"Structural Column 15' - 0"" | Structural Bamboo (CLB) assembly",Frame: Columns | L -1 | 644661
656461,STRUCT_COL_15_0_STRUCTURAL_BAMBOO_CLB_20291127,PO-000021,"Structural Column 15' - 0"" | Structural Bamboo (CLB) assembly",Frame: Columns | L -1 | 656461
656462,STRUCT_COL_15_0_STRUCTURAL_BAMBOO_CLB_20291127,PO-000021,"Structural Column 15' - 0"" | Structural Bamboo (CLB) assembly",Frame: Columns | L -1 | 656462
657251,STRUCT_COL_15_0_STRUCTURAL_BAMBOO_CLB_20291127,PO-000021,"Structural Column 15' - 0"" | Structural Bamboo (CLB) assembly",Frame: Columns | L -1 | 657251
657746,STRUCT_COL_15_0_STRUCTURAL_BAMBOO_CLB_20291127,PO-000021,"Structural Column 15' - 0"" | Structural Bamboo (CLB) assembly",Frame: Columns | L -1 | 657746
602806,STRUCT_COL_15_0_STRUCTURAL_BAMBOO_CLB_20291128,PO-000022,"Structural Column 15' - 0"" | Structural Bamboo (CLB) assembly",Frame: Columns | L -1 | 602806
604345,STRUCT_COL_15_0_STRUCTURAL_BAMBOO_CLB_20291203,PO-000070,"Structural Column 15' - 0"" | Structural Bamboo (CLB) assembly",Frame: Columns | L 0 | 604345
604347,STRUCT_COL_15_0_STRUCTURAL_BAMBOO_CLB_20291203,PO-000070,"Structural Column 15' - 0"" | Structural Bamboo (CLB) assembly",Frame: Columns | L 0 | 604347
604349,STRUCT_COL_15_0_STRUCTURAL_BAMBOO_CLB_20291203,PO-000070,"Structural Column 15' - 0"" | Structural Bamboo (CLB) assembly",Frame: Columns | L 0 | 604349
604350,STRUCT_COL_15_0_STRUCTURAL_BAMBOO_CLB_20291203,PO-000070,"Structural Column 15' - 0"" | Structural Bamboo (CLB) assembly",Frame: Columns | L 0 | 604350
604352,STRUCT_COL_15_0_STRUCTURAL_BAMBOO_CLB_20291203,PO-000070,"Structural Column 15' - 0"" | Structural Bamboo (CLB) assembly",Frame: Columns | L 0 | 604352
604354,STRUCT_COL_15_0_STRUCTURAL_BAMBOO_CLB_20291203,PO-000070,"Structural Column 15' - 0"" | Structural Bamboo (CLB) assembly",Frame: Columns | L 0 | 604354
604356,STRUCT_COL_15_0_STRUCTURAL_BAMBOO_CLB_20291203,PO-000070,"Structural Column 15' - 0"" | Structural Bamboo (CLB) assembly",Frame: Columns | L 0 | 604356
604357,STRUCT_COL_15_0_STRUCTURAL_BAMBOO_CLB_20291203,PO-000070,"Structural Column 15' - 0"" | Structural Bamboo (CLB) assembly",Frame: Columns | L 0 | 604357
604359,STRUCT_COL_15_0_STRUCTURAL_BAMBOO_CLB_20291203,PO-000070,"Structural Column 15' - 0"" | Structural Bamboo (CLB) assembly",Frame: Columns | L 0 | 604359
604361,STRUCT_COL_15_0_STRUCTURAL_BAMBOO_CLB_20291203,PO-000070,"Structural Column 15' - 0"" | Structural Bamboo (CLB) assembly",Frame: Columns | L 0 | 604361
604363,STRUCT_COL_15_0_STRUCTURAL_BAMBOO_CLB_20291203,PO-000070,"Structural Column 15' - 0"" | Structural Bamboo (CLB) assembly",Frame: Columns | L 0 | 604363
604404,STRUCT_COL_15_0_STRUCTURAL_BAMBOO_CLB_20291203,PO-000070,"Structural Column 15' - 0"" | Structural Bamboo (CLB) assembly",Frame: Columns | L 0 | 604404
604405,STRUCT_COL_15_0_STRUCTURAL_BAMBOO_CLB_20291203,PO-000070,"Structural Column 15' - 0"" | Structural Bamboo (CLB) assembly",Frame: Columns | L 0 | 604405
604406,STRUCT_COL_15_0_STRUCTURAL_BAMBOO_CLB_20291203,PO-000070,"Structural Column 15' - 0"" | Structural Bamboo (CLB) assembly",Frame: Columns | L 0 | 604406
604407,STRUCT_COL_15_0_STRUCTURAL_BAMBOO_CLB_20291203,PO-000070,"Structural Column 15' - 0"" | Structural Bamboo (CLB) assembly",Frame: Columns | L 0 | 604407
604408,STRUCT_COL_15_0_STRUCTURAL_BAMBOO_CLB_20291203,PO-000070,"Structural Column 15' - 0"" | Structural Bamboo (CLB) assembly",Frame: Columns | L 0 | 604408
604409,STRUCT_COL_15_0_STRUCTURAL_BAMBOO_CLB_20291203,PO-000070,"Structural Column 15' - 0"" | Structural Bamboo (CLB) assembly",Frame: Columns | L 0 | 604409
629229,STRUCT_COL_15_0_STRUCTURAL_BAMBOO_CLB_20291203,PO-000070,"Structural Column 15' - 0"" | Structural Bamboo (CLB) assembly",Frame: Columns | L 0 | 629229
632386,STRUCT_COL_15_0_STRUCTURAL_BAMBOO_CLB_20291203,PO-000070,"Structural Column 15' - 0"" | Structural Bamboo (CLB) assembly",Frame: Columns | L 0 | 632386
643885,STRUCT_COL_15_0_STRUCTURAL_BAMBOO_CLB_20291203,PO-000070,"Structural Column 15' - 0"" | Structural Bamboo (CLB) assembly",Frame: Columns | L 0 | 643885
655943,STRUCT_COL_15_0_STRUCTURAL_BAMBOO_CLB_20291203,PO-000070,"Structural Column 15' - 0"" | Structural Bamboo (CLB) assembly",Frame: Columns | L 0 | 655943
656645,STRUCT_COL_15_0_STRUCTURAL_BAMBOO_CLB_20291203,PO-000070,"Structural Column 15' - 0"" | Structural Bamboo (CLB) assembly",Frame: Columns | L 0 | 656645
657294,STRUCT_COL_15_0_STRUCTURAL_BAMBOO_CLB_20291203,PO-000070,"Structural Column 15' - 0"" | Structural Bamboo (CLB) assembly",Frame: Columns | L 0 | 657294
668818,STRUCT_COL_15_0_STRUCTURAL_BAMBOO_CLB_20291203,PO-000070,"Structural Column 15' - 0"" | Structural Bamboo (CLB) assembly",Frame: Columns | L 0 | 668818
604353,STRUCT_COL_15_0_STRUCTURAL_BAMBOO_CLB_20291204,PO-000096,"Structural Column 15' - 0"" | Structural Bamboo (CLB) assembly",Frame: Columns | L 0 | 604353
604355,STRUCT_COL_15_0_STRUCTURAL_BAMBOO_CLB_20291204,PO-000096,"Structural Column 15' - 0"" | Structural Bamboo (CLB) assembly",Frame: Columns | L 0 | 604355
604358,STRUCT_COL_15_0_STRUCTURAL_BAMBOO_CLB_20291204,PO-000096,"Structural Column 15' - 0"" | Structural Bamboo (CLB) assembly",Frame: Columns | L 0 | 604358
604360,STRUCT_COL_15_0_STRUCTURAL_BAMBOO_CLB_20291204,PO-000096,"Structural Column 15' - 0"" | Structural Bamboo (CLB) assembly",Frame: Columns | L 0 | 604360
604362,STRUCT_COL_15_0_STRUCTURAL_BAMBOO_CLB_20291204,PO-000096,"Structural Column 15' - 0"" | Structural Bamboo (CLB) assembly",Frame: Columns | L 0 | 604362
613589,STRUCT_COL_15_0_STRUCTURAL_BAMBOO_CLB_20291204,PO-000096,"Structural Column 15' - 0"" | Structural Bamboo (CLB) assembly",Frame: Columns | L 0 | 613589
614073,STRUCT_COL_15_0_STRUCTURAL_BAMBOO_CLB_20291204,PO-000096,"Structural Column 15' - 0"" | Structural Bamboo (CLB) assembly",Frame: Columns | L 0 | 614073
614174,STRUCT_COL_15_0_STRUCTURAL_BAMBOO_CLB_20291204,PO-000096,"Structural Column 15' - 0"" | Structural Bamboo (CLB) assembly",Frame: Columns | L 0 | 614174
614285,STRUCT_COL_15_0_STRUCTURAL_BAMBOO_CLB_20291204,PO-000096,"Structural Column 15' - 0"" | Structural Bamboo (CLB) assembly",Frame: Columns | L 0 | 614285
614376,STRUCT_COL_15_0_STRUCTURAL_BAMBOO_CLB_20291204,PO-000096,"Structural Column 15' - 0"" | Structural Bamboo (CLB) assembly",Frame: Columns | L 0 | 614376
656062,STRUCT_COL_15_0_STRUCTURAL_BAMBOO_CLB_20291204,PO-000096,"Structural Column 15' - 0"" | Structural Bamboo (CLB) assembly",Frame: Columns | L 0 | 656062
628948,STRUCT_COL_15_0_STRUCTURAL_BAMBOO_CLB_20291210,PO-000243,"Structural Column 15' - 0"" | Structural Bamboo (CLB) assembly",Frame: Columns | L 1 | 628948
621063,STRUCT_COL_4_0_CONCRETE_NORMAL_WEIGHT_4_KSI_20291119,PO-000005,"Structural Column 4' - 0"" | Concrete, Normal Weight - 4 ksi assembly",Foundational Columns | L -1 | 621063
621150,STRUCT_COL_4_0_CONCRETE_NORMAL_WEIGHT_4_KSI_20291119,PO-000005,"Structural Column 4' - 0"" | Concrete, Normal Weight - 4 ksi assembly",Foundational Columns | L -1 | 621150
622192,STRUCT_COL_4_0_CONCRETE_NORMAL_WEIGHT_4_KSI_20291119,PO-000005,"Structural Column 4' - 0"" | Concrete, Normal Weight - 4 ksi assembly",Foundational Columns | L -1 | 622192
622193,STRUCT_COL_4_0_CONCRETE_NORMAL_WEIGHT_4_KSI_20291119,PO-000005,"Structural Column 4' - 0"" | Concrete, Normal Weight - 4 ksi assembly",Foundational Columns | L -1 | 622193
622194,STRUCT_COL_4_0_CONCRETE_NORMAL_WEIGHT_4_KSI_20291119,PO-000005,"Structural Column 4' - 0"" | Concrete, Normal Weight - 4 ksi assembly",Foundational Columns | L -1 | 622194
622195,STRUCT_COL_4_0_CONCRETE_NORMAL_WEIGHT_4_KSI_20291119,PO-000005,"Structural Column 4' - 0"" | Concrete, Normal Weight - 4 ksi assembly",Foundational Columns | L -1 | 622195
622196,STRUCT_COL_4_0_CONCRETE_NORMAL_WEIGHT_4_KSI_20291119,PO-000005,"Structural Column 4' - 0"" | Concrete, Normal Weight - 4 ksi assembly",Foundational Columns | L -1 | 622196
622197,STRUCT_COL_4_0_CONCRETE_NORMAL_WEIGHT_4_KSI_20291119,PO-000005,"Structural Column 4' - 0"" | Concrete, Normal Weight - 4 ksi assembly",Foundational Columns | L -1 | 622197
622198,STRUCT_COL_4_0_CONCRETE_NORMAL_WEIGHT_4_KSI_20291119,PO-000005,"Structural Column 4' - 0"" | Concrete, Normal Weight - 4 ksi assembly",Foundational Columns | L -1 | 622198
622199,STRUCT_COL_4_0_CONCRETE_NORMAL_WEIGHT_4_KSI_20291119,PO-000005,"Structural Column 4' - 0"" | Concrete, Normal Weight - 4 ksi assembly",Foundational Columns | L -1 | 622199
622200,STRUCT_COL_4_0_CONCRETE_NORMAL_WEIGHT_4_KSI_20291119,PO-000005,"Structural Column 4' - 0"" | Concrete, Normal Weight - 4 ksi assembly",Foundational Columns | L -1 | 622200
622201,STRUCT_COL_4_0_CONCRETE_NORMAL_WEIGHT_4_KSI_20291119,PO-000005,"Structural Column 4' - 0"" | Concrete, Normal Weight - 4 ksi assembly",Foundational Columns | L -1 | 622201
622202,STRUCT_COL_4_0_CONCRETE_NORMAL_WEIGHT_4_KSI_20291119,PO-000005,"Structural Column 4' - 0"" | Concrete, Normal Weight - 4 ksi assembly",Foundational Columns | L -1 | 622202
622203,STRUCT_COL_4_0_CONCRETE_NORMAL_WEIGHT_4_KSI_20291119,PO-000005,"Structural Column 4' - 0"" | Concrete, Normal Weight - 4 ksi assembly",Foundational Columns | L -1 | 622203
622204,STRUCT_COL_4_0_CONCRETE_NORMAL_WEIGHT_4_KSI_20291119,PO-000005,"Structural Column 4' - 0"" | Concrete, Normal Weight - 4 ksi assembly",Foundational Columns | L -1 | 622204
622205,STRUCT_COL_4_0_CONCRETE_NORMAL_WEIGHT_4_KSI_20291119,PO-000005,"Structural Column 4' - 0"" | Concrete, Normal Weight - 4 ksi assembly",Foundational Columns | L -1 | 622205
622206,STRUCT_COL_4_0_CONCRETE_NORMAL_WEIGHT_4_KSI_20291119,PO-000005,"Structural Column 4' - 0"" | Concrete, Normal Weight - 4 ksi assembly",Foundational Columns | L -1 | 622206
622207,STRUCT_COL_4_0_CONCRETE_NORMAL_WEIGHT_4_KSI_20291119,PO-000005,"Structural Column 4' - 0"" | Concrete, Normal Weight - 4 ksi assembly",Foundational Columns | L -1 | 622207
622208,STRUCT_COL_4_0_CONCRETE_NORMAL_WEIGHT_4_KSI_20291119,PO-000005,"Structural Column 4' - 0"" | Concrete, Normal Weight - 4 ksi assembly",Foundational Columns | L -1 | 622208
622209,STRUCT_COL_4_0_CONCRETE_NORMAL_WEIGHT_4_KSI_20291119,PO-000005,"Structural Column 4' - 0"" | Concrete, Normal Weight - 4 ksi assembly",Foundational Columns | L -1 | 622209
622210,STRUCT_COL_4_0_CONCRETE_NORMAL_WEIGHT_4_KSI_20291119,PO-000005,"Structural Column 4' - 0"" | Concrete, Normal Weight - 4 ksi assembly",Foundational Columns | L -1 | 622210
622212,STRUCT_COL_4_0_CONCRETE_NORMAL_WEIGHT_4_KSI_20291119,PO-000005,"Structural Column 4' - 0"" | Concrete, Normal Weight - 4 ksi assembly",Foundational Columns | L -1 | 622212
622213,STRUCT_COL_4_0_CONCRETE_NORMAL_WEIGHT_4_KSI_20291119,PO-000005,"Structural Column 4' - 0"" | Concrete, Normal Weight - 4 ksi assembly",Foundational Columns | L -1 | 622213
622214,STRUCT_COL_4_0_CONCRETE_NORMAL_WEIGHT_4_KSI_20291119,PO-000005,"Structural Column 4' - 0"" | Concrete, Normal Weight - 4 ksi assembly",Foundational Columns | L -1 | 622214
622918,STRUCT_COL_4_0_CONCRETE_NORMAL_WEIGHT_4_KSI_20291119,PO-000005,"Structural Column 4' - 0"" | Concrete, Normal Weight - 4 ksi assembly",Foundational Columns | L -1 | 622918
634191,STRUCT_COL_4_0_CONCRETE_NORMAL_WEIGHT_4_KSI_20291119,PO-000005,"Structural Column 4' - 0"" | Concrete, Normal Weight - 4 ksi assembly",Foundational Columns | L -1 | 634191
634277,STRUCT_COL_4_0_CONCRETE_NORMAL_WEIGHT_4_KSI_20291119,PO-000005,"Structural Column 4' - 0"" | Concrete, Normal Weight - 4 ksi assembly",Foundational Columns | L -1 | 634277
634794,STRUCT_COL_4_0_CONCRETE_NORMAL_WEIGHT_4_KSI_20291119,PO-000005,"Structural Column 4' - 0"" | Concrete, Normal Weight - 4 ksi assembly",Foundational Columns | L -1 | 634794
638122,STRUCT_COL_4_0_CONCRETE_NORMAL_WEIGHT_4_KSI_20291119,PO-000005,"Structural Column 4' - 0"" | Concrete, Normal Weight - 4 ksi assembly",Foundational Columns | L -1 | 638122
611709,STRUCT_COL_5_0_CONCRETE_CAST_IN_PLACE_GRAY_20291119,PO-000006,"Structural Column 5' - 0"" | Concrete, Cast-in-Place gray assembly",Foundational Columns | L -1 | 611709
611833,STRUCT_COL_5_0_CONCRETE_CAST_IN_PLACE_GRAY_20291119,PO-000006,"Structural Column 5' - 0"" | Concrete, Cast-in-Place gray assembly",Foundational Columns | L -1 | 611833
611868,STRUCT_COL_5_0_CONCRETE_CAST_IN_PLACE_GRAY_20291119,PO-000006,"Structural Column 5' - 0"" | Concrete, Cast-in-Place gray assembly",Foundational Columns | L -1 | 611868
751820,STRUCT_FLOOR_L_0_BAMBOO_6_0_6_STRUCTURAL_BAMBOO_CLB_20291128,PO-000023,"Structural Floor L 0 | Bamboo - 6"" | 0' - 6"" | Structural Bamboo (CLB) assembly",Floor | L 0 | 751820
752431,STRUCT_FLOOR_L_0_BAMBOO_6_0_6_STRUCTURAL_BAMBOO_CLB_20291128,PO-000023,"Structural Floor L 0 | Bamboo - 6"" | 0' - 6"" | Structural Bamboo (CLB) assembly",Floor | L 0 | 752431
752432,STRUCT_FLOOR_L_0_BAMBOO_6_0_6_STRUCTURAL_BAMBOO_CLB_20291128,PO-000023,"Structural Floor L 0 | Bamboo - 6"" | 0' - 6"" | Structural Bamboo (CLB) assembly",Floor | L 0 | 752432
747260,STRUCT_FLOOR_L_0_BAMBOO_6_0_6_STRUCTURAL_BAMBOO_CLB_20291129,PO-000032,"Structural Floor L 0 | Bamboo - 6"" | 0' - 6"" | Structural Bamboo (CLB) assembly",Floor | L 0 | 747260
751697,STRUCT_FLOOR_L_0_BAMBOO_6_0_6_STRUCTURAL_BAMBOO_CLB_20291129,PO-000032,"Structural Floor L 0 | Bamboo - 6"" | 0' - 6"" | Structural Bamboo (CLB) assembly",Floor | L 0 | 751697
751698,STRUCT_FLOOR_L_0_BAMBOO_6_0_6_STRUCTURAL_BAMBOO_CLB_20291129,PO-000032,"Structural Floor L 0 | Bamboo - 6"" | 0' - 6"" | Structural Bamboo (CLB) assembly",Floor | L 0 | 751698
751699,STRUCT_FLOOR_L_0_BAMBOO_6_0_6_STRUCTURAL_BAMBOO_CLB_20291129,PO-000032,"Structural Floor L 0 | Bamboo - 6"" | 0' - 6"" | Structural Bamboo (CLB) assembly",Floor | L 0 | 751699
751700,STRUCT_FLOOR_L_0_BAMBOO_6_0_6_STRUCTURAL_BAMBOO_CLB_20291129,PO-000032,"Structural Floor L 0 | Bamboo - 6"" | 0' - 6"" | Structural Bamboo (CLB) assembly",Floor | L 0 | 751700
751701,STRUCT_FLOOR_L_0_BAMBOO_6_0_6_STRUCTURAL_BAMBOO_CLB_20291129,PO-000032,"Structural Floor L 0 | Bamboo - 6"" | 0' - 6"" | Structural Bamboo (CLB) assembly",Floor | L 0 | 751701
751702,STRUCT_FLOOR_L_0_BAMBOO_6_0_6_STRUCTURAL_BAMBOO_CLB_20291129,PO-000032,"Structural Floor L 0 | Bamboo - 6"" | 0' - 6"" | Structural Bamboo (CLB) assembly",Floor | L 0 | 751702
751703,STRUCT_FLOOR_L_0_BAMBOO_6_0_6_STRUCTURAL_BAMBOO_CLB_20291129,PO-000032,"Structural Floor L 0 | Bamboo - 6"" | 0' - 6"" | Structural Bamboo (CLB) assembly",Floor | L 0 | 751703
751704,STRUCT_FLOOR_L_0_BAMBOO_6_0_6_STRUCTURAL_BAMBOO_CLB_20291129,PO-000032,"Structural Floor L 0 | Bamboo - 6"" | 0' - 6"" | Structural Bamboo (CLB) assembly",Floor | L 0 | 751704
751705,STRUCT_FLOOR_L_0_BAMBOO_6_0_6_STRUCTURAL_BAMBOO_CLB_20291129,PO-000032,"Structural Floor L 0 | Bamboo - 6"" | 0' - 6"" | Structural Bamboo (CLB) assembly",Floor | L 0 | 751705
751707,STRUCT_FLOOR_L_0_BAMBOO_6_0_6_STRUCTURAL_BAMBOO_CLB_20291129,PO-000032,"Structural Floor L 0 | Bamboo - 6"" | 0' - 6"" | Structural Bamboo (CLB) assembly",Floor | L 0 | 751707
751708,STRUCT_FLOOR_L_0_BAMBOO_6_0_6_STRUCTURAL_BAMBOO_CLB_20291129,PO-000032,"Structural Floor L 0 | Bamboo - 6"" | 0' - 6"" | Structural Bamboo (CLB) assembly",Floor | L 0 | 751708
751711,STRUCT_FLOOR_L_0_BAMBOO_6_0_6_STRUCTURAL_BAMBOO_CLB_20291129,PO-000032,"Structural Floor L 0 | Bamboo - 6"" | 0' - 6"" | Structural Bamboo (CLB) assembly",Floor | L 0 | 751711
751712,STRUCT_FLOOR_L_0_BAMBOO_6_0_6_STRUCTURAL_BAMBOO_CLB_20291129,PO-000032,"Structural Floor L 0 | Bamboo - 6"" | 0' - 6"" | Structural Bamboo (CLB) assembly",Floor | L 0 | 751712
751713,STRUCT_FLOOR_L_0_BAMBOO_6_0_6_STRUCTURAL_BAMBOO_CLB_20291129,PO-000032,"Structural Floor L 0 | Bamboo - 6"" | 0' - 6"" | Structural Bamboo (CLB) assembly",Floor | L 0 | 751713
751714,STRUCT_FLOOR_L_0_BAMBOO_6_0_6_STRUCTURAL_BAMBOO_CLB_20291129,PO-000032,"Structural Floor L 0 | Bamboo - 6"" | 0' - 6"" | Structural Bamboo (CLB) assembly",Floor | L 0 | 751714
751717,STRUCT_FLOOR_L_0_BAMBOO_6_0_6_STRUCTURAL_BAMBOO_CLB_20291129,PO-000032,"Structural Floor L 0 | Bamboo - 6"" | 0' - 6"" | Structural Bamboo (CLB) assembly",Floor | L 0 | 751717
751718,STRUCT_FLOOR_L_0_BAMBOO_6_0_6_STRUCTURAL_BAMBOO_CLB_20291129,PO-000032,"Structural Floor L 0 | Bamboo - 6"" | 0' - 6"" | Structural Bamboo (CLB) assembly",Floor | L 0 | 751718
751719,STRUCT_FLOOR_L_0_BAMBOO_6_0_6_STRUCTURAL_BAMBOO_CLB_20291129,PO-000032,"Structural Floor L 0 | Bamboo - 6"" | 0' - 6"" | Structural Bamboo (CLB) assembly",Floor | L 0 | 751719
751720,STRUCT_FLOOR_L_0_BAMBOO_6_0_6_STRUCTURAL_BAMBOO_CLB_20291129,PO-000032,"Structural Floor L 0 | Bamboo - 6"" | 0' - 6"" | Structural Bamboo (CLB) assembly",Floor | L 0 | 751720
751721,STRUCT_FLOOR_L_0_BAMBOO_6_0_6_STRUCTURAL_BAMBOO_CLB_20291129,PO-000032,"Structural Floor L 0 | Bamboo - 6"" | 0' - 6"" | Structural Bamboo (CLB) assembly",Floor | L 0 | 751721
751821,STRUCT_FLOOR_L_0_BAMBOO_6_0_6_STRUCTURAL_BAMBOO_CLB_20291129,PO-000032,"Structural Floor L 0 | Bamboo - 6"" | 0' - 6"" | Structural Bamboo (CLB) assembly",Floor | L 0 | 751821
752194,STRUCT_FLOOR_L_0_BAMBOO_6_0_6_STRUCTURAL_BAMBOO_CLB_20291129,PO-000032,"Structural Floor L 0 | Bamboo - 6"" | 0' - 6"" | Structural Bamboo (CLB) assembly",Floor | L 0 | 752194
752197,STRUCT_FLOOR_L_0_BAMBOO_6_0_6_STRUCTURAL_BAMBOO_CLB_20291129,PO-000032,"Structural Floor L 0 | Bamboo - 6"" | 0' - 6"" | Structural Bamboo (CLB) assembly",Floor | L 0 | 752197
751695,STRUCT_FLOOR_L_0_BAMBOO_6_0_6_STRUCTURAL_BAMBOO_CLB_20291130,PO-000044,"Structural Floor L 0 | Bamboo - 6"" | 0' - 6"" | Structural Bamboo (CLB) assembly",Floor | L 0 | 751695
751706,STRUCT_FLOOR_L_0_BAMBOO_6_0_6_STRUCTURAL_BAMBOO_CLB_20291130,PO-000044,"Structural Floor L 0 | Bamboo - 6"" | 0' - 6"" | Structural Bamboo (CLB) assembly",Floor | L 0 | 751706
751722,STRUCT_FLOOR_L_0_BAMBOO_6_0_6_STRUCTURAL_BAMBOO_CLB_20291130,PO-000044,"Structural Floor L 0 | Bamboo - 6"" | 0' - 6"" | Structural Bamboo (CLB) assembly",Floor | L 0 | 751722
751723,STRUCT_FLOOR_L_0_BAMBOO_6_0_6_STRUCTURAL_BAMBOO_CLB_20291130,PO-000044,"Structural Floor L 0 | Bamboo - 6"" | 0' - 6"" | Structural Bamboo (CLB) assembly",Floor | L 0 | 751723
751725,STRUCT_FLOOR_L_0_BAMBOO_6_0_6_STRUCTURAL_BAMBOO_CLB_20291130,PO-000044,"Structural Floor L 0 | Bamboo - 6"" | 0' - 6"" | Structural Bamboo (CLB) assembly",Floor | L 0 | 751725
751726,STRUCT_FLOOR_L_0_BAMBOO_6_0_6_STRUCTURAL_BAMBOO_CLB_20291130,PO-000044,"Structural Floor L 0 | Bamboo - 6"" | 0' - 6"" | Structural Bamboo (CLB) assembly",Floor | L 0 | 751726
752193,STRUCT_FLOOR_L_0_BAMBOO_6_0_6_STRUCTURAL_BAMBOO_CLB_20291130,PO-000044,"Structural Floor L 0 | Bamboo - 6"" | 0' - 6"" | Structural Bamboo (CLB) assembly",Floor | L 0 | 752193
752195,STRUCT_FLOOR_L_0_BAMBOO_6_0_6_STRUCTURAL_BAMBOO_CLB_20291130,PO-000044,"Structural Floor L 0 | Bamboo - 6"" | 0' - 6"" | Structural Bamboo (CLB) assembly",Floor | L 0 | 752195
752196,STRUCT_FLOOR_L_0_BAMBOO_6_0_6_STRUCTURAL_BAMBOO_CLB_20291130,PO-000044,"Structural Floor L 0 | Bamboo - 6"" | 0' - 6"" | Structural Bamboo (CLB) assembly",Floor | L 0 | 752196
752198,STRUCT_FLOOR_L_0_BAMBOO_6_0_6_STRUCTURAL_BAMBOO_CLB_20291130,PO-000044,"Structural Floor L 0 | Bamboo - 6"" | 0' - 6"" | Structural Bamboo (CLB) assembly",Floor | L 0 | 752198
752199,STRUCT_FLOOR_L_0_BAMBOO_6_0_6_STRUCTURAL_BAMBOO_CLB_20291130,PO-000044,"Structural Floor L 0 | Bamboo - 6"" | 0' - 6"" | Structural Bamboo (CLB) assembly",Floor | L 0 | 752199
752200,STRUCT_FLOOR_L_0_BAMBOO_6_0_6_STRUCTURAL_BAMBOO_CLB_20291130,PO-000044,"Structural Floor L 0 | Bamboo - 6"" | 0' - 6"" | Structural Bamboo (CLB) assembly",Floor | L 0 | 752200
752201,STRUCT_FLOOR_L_0_BAMBOO_6_0_6_STRUCTURAL_BAMBOO_CLB_20291130,PO-000044,"Structural Floor L 0 | Bamboo - 6"" | 0' - 6"" | Structural Bamboo (CLB) assembly",Floor | L 0 | 752201
746245,STRUCT_FLOOR_L_1_BAMBOO_6_0_6_STRUCTURAL_BAMBOO_CLB_20291205,PO-000130,"Structural Floor L 1 | Bamboo - 6"" | 0' - 6"" | Structural Bamboo (CLB) assembly",Floor | L 1 | 746245
746246,STRUCT_FLOOR_L_1_BAMBOO_6_0_6_STRUCTURAL_BAMBOO_CLB_20291205,PO-000130,"Structural Floor L 1 | Bamboo - 6"" | 0' - 6"" | Structural Bamboo (CLB) assembly",Floor | L 1 | 746246
746247,STRUCT_FLOOR_L_1_BAMBOO_6_0_6_STRUCTURAL_BAMBOO_CLB_20291205,PO-000130,"Structural Floor L 1 | Bamboo - 6"" | 0' - 6"" | Structural Bamboo (CLB) assembly",Floor | L 1 | 746247
746248,STRUCT_FLOOR_L_1_BAMBOO_6_0_6_STRUCTURAL_BAMBOO_CLB_20291205,PO-000130,"Structural Floor L 1 | Bamboo - 6"" | 0' - 6"" | Structural Bamboo (CLB) assembly",Floor | L 1 | 746248
746250,STRUCT_FLOOR_L_1_BAMBOO_6_0_6_STRUCTURAL_BAMBOO_CLB_20291205,PO-000130,"Structural Floor L 1 | Bamboo - 6"" | 0' - 6"" | Structural Bamboo (CLB) assembly",Floor | L 1 | 746250
746251,STRUCT_FLOOR_L_1_BAMBOO_6_0_6_STRUCTURAL_BAMBOO_CLB_20291205,PO-000130,"Structural Floor L 1 | Bamboo - 6"" | 0' - 6"" | Structural Bamboo (CLB) assembly",Floor | L 1 | 746251
746252,STRUCT_FLOOR_L_1_BAMBOO_6_0_6_STRUCTURAL_BAMBOO_CLB_20291205,PO-000130,"Structural Floor L 1 | Bamboo - 6"" | 0' - 6"" | Structural Bamboo (CLB) assembly",Floor | L 1 | 746252
746258,STRUCT_FLOOR_L_1_BAMBOO_6_0_6_STRUCTURAL_BAMBOO_CLB_20291205,PO-000130,"Structural Floor L 1 | Bamboo - 6"" | 0' - 6"" | Structural Bamboo (CLB) assembly",Floor | L 1 | 746258
746272,STRUCT_FLOOR_L_1_BAMBOO_6_0_6_STRUCTURAL_BAMBOO_CLB_20291205,PO-000130,"Structural Floor L 1 | Bamboo - 6"" | 0' - 6"" | Structural Bamboo (CLB) assembly",Floor | L 1 | 746272
746273,STRUCT_FLOOR_L_1_BAMBOO_6_0_6_STRUCTURAL_BAMBOO_CLB_20291205,PO-000130,"Structural Floor L 1 | Bamboo - 6"" | 0' - 6"" | Structural Bamboo (CLB) assembly",Floor | L 1 | 746273
746274,STRUCT_FLOOR_L_1_BAMBOO_6_0_6_STRUCTURAL_BAMBOO_CLB_20291205,PO-000130,"Structural Floor L 1 | Bamboo - 6"" | 0' - 6"" | Structural Bamboo (CLB) assembly",Floor | L 1 | 746274
746280,STRUCT_FLOOR_L_1_BAMBOO_6_0_6_STRUCTURAL_BAMBOO_CLB_20291205,PO-000130,"Structural Floor L 1 | Bamboo - 6"" | 0' - 6"" | Structural Bamboo (CLB) assembly",Floor | L 1 | 746280
746282,STRUCT_FLOOR_L_1_BAMBOO_6_0_6_STRUCTURAL_BAMBOO_CLB_20291205,PO-000130,"Structural Floor L 1 | Bamboo - 6"" | 0' - 6"" | Structural Bamboo (CLB) assembly",Floor | L 1 | 746282
746283,STRUCT_FLOOR_L_1_BAMBOO_6_0_6_STRUCTURAL_BAMBOO_CLB_20291205,PO-000130,"Structural Floor L 1 | Bamboo - 6"" | 0' - 6"" | Structural Bamboo (CLB) assembly",Floor | L 1 | 746283
747239,STRUCT_FLOOR_L_1_BAMBOO_6_0_6_STRUCTURAL_BAMBOO_CLB_20291205,PO-000130,"Structural Floor L 1 | Bamboo - 6"" | 0' - 6"" | Structural Bamboo (CLB) assembly",Floor | L 1 | 747239
747240,STRUCT_FLOOR_L_1_BAMBOO_6_0_6_STRUCTURAL_BAMBOO_CLB_20291205,PO-000130,"Structural Floor L 1 | Bamboo - 6"" | 0' - 6"" | Structural Bamboo (CLB) assembly",Floor | L 1 | 747240
747243,STRUCT_FLOOR_L_1_BAMBOO_6_0_6_STRUCTURAL_BAMBOO_CLB_20291205,PO-000130,"Structural Floor L 1 | Bamboo - 6"" | 0' - 6"" | Structural Bamboo (CLB) assembly",Floor | L 1 | 747243
747244,STRUCT_FLOOR_L_1_BAMBOO_6_0_6_STRUCTURAL_BAMBOO_CLB_20291205,PO-000130,"Structural Floor L 1 | Bamboo - 6"" | 0' - 6"" | Structural Bamboo (CLB) assembly",Floor | L 1 | 747244
747248,STRUCT_FLOOR_L_1_BAMBOO_6_0_6_STRUCTURAL_BAMBOO_CLB_20291205,PO-000130,"Structural Floor L 1 | Bamboo - 6"" | 0' - 6"" | Structural Bamboo (CLB) assembly",Floor | L 1 | 747248
747249,STRUCT_FLOOR_L_1_BAMBOO_6_0_6_STRUCTURAL_BAMBOO_CLB_20291205,PO-000130,"Structural Floor L 1 | Bamboo - 6"" | 0' - 6"" | Structural Bamboo (CLB) assembly",Floor | L 1 | 747249
747250,STRUCT_FLOOR_L_1_BAMBOO_6_0_6_STRUCTURAL_BAMBOO_CLB_20291205,PO-000130,"Structural Floor L 1 | Bamboo - 6"" | 0' - 6"" | Structural Bamboo (CLB) assembly",Floor | L 1 | 747250
747251,STRUCT_FLOOR_L_1_BAMBOO_6_0_6_STRUCTURAL_BAMBOO_CLB_20291205,PO-000130,"Structural Floor L 1 | Bamboo - 6"" | 0' - 6"" | Structural Bamboo (CLB) assembly",Floor | L 1 | 747251
747252,STRUCT_FLOOR_L_1_BAMBOO_6_0_6_STRUCTURAL_BAMBOO_CLB_20291205,PO-000130,"Structural Floor L 1 | Bamboo - 6"" | 0' - 6"" | Structural Bamboo (CLB) assembly",Floor | L 1 | 747252
747254,STRUCT_FLOOR_L_1_BAMBOO_6_0_6_STRUCTURAL_BAMBOO_CLB_20291205,PO-000130,"Structural Floor L 1 | Bamboo - 6"" | 0' - 6"" | Structural Bamboo (CLB) assembly",Floor | L 1 | 747254
739909,STRUCT_FLOOR_L_1_BAMBOO_6_0_6_STRUCTURAL_BAMBOO_CLB_20291206,PO-000156,"Structural Floor L 1 | Bamboo - 6"" | 0' - 6"" | Structural Bamboo (CLB) assembly",Floor | L 1 | 739909
746259,STRUCT_FLOOR_L_1_BAMBOO_6_0_6_STRUCTURAL_BAMBOO_CLB_20291206,PO-000156,"Structural Floor L 1 | Bamboo - 6"" | 0' - 6"" | Structural Bamboo (CLB) assembly",Floor | L 1 | 746259
746260,STRUCT_FLOOR_L_1_BAMBOO_6_0_6_STRUCTURAL_BAMBOO_CLB_20291206,PO-000156,"Structural Floor L 1 | Bamboo - 6"" | 0' - 6"" | Structural Bamboo (CLB) assembly",Floor | L 1 | 746260
746262,STRUCT_FLOOR_L_1_BAMBOO_6_0_6_STRUCTURAL_BAMBOO_CLB_20291206,PO-000156,"Structural Floor L 1 | Bamboo - 6"" | 0' - 6"" | Structural Bamboo (CLB) assembly",Floor | L 1 | 746262
746265,STRUCT_FLOOR_L_1_BAMBOO_6_0_6_STRUCTURAL_BAMBOO_CLB_20291206,PO-000156,"Structural Floor L 1 | Bamboo - 6"" | 0' - 6"" | Structural Bamboo (CLB) assembly",Floor | L 1 | 746265
746266,STRUCT_FLOOR_L_1_BAMBOO_6_0_6_STRUCTURAL_BAMBOO_CLB_20291206,PO-000156,"Structural Floor L 1 | Bamboo - 6"" | 0' - 6"" | Structural Bamboo (CLB) assembly",Floor | L 1 | 746266
746267,STRUCT_FLOOR_L_1_BAMBOO_6_0_6_STRUCTURAL_BAMBOO_CLB_20291206,PO-000156,"Structural Floor L 1 | Bamboo - 6"" | 0' - 6"" | Structural Bamboo (CLB) assembly",Floor | L 1 | 746267
746268,STRUCT_FLOOR_L_1_BAMBOO_6_0_6_STRUCTURAL_BAMBOO_CLB_20291206,PO-000156,"Structural Floor L 1 | Bamboo - 6"" | 0' - 6"" | Structural Bamboo (CLB) assembly",Floor | L 1 | 746268
746269,STRUCT_FLOOR_L_1_BAMBOO_6_0_6_STRUCTURAL_BAMBOO_CLB_20291206,PO-000156,"Structural Floor L 1 | Bamboo - 6"" | 0' - 6"" | Structural Bamboo (CLB) assembly",Floor | L 1 | 746269
746270,STRUCT_FLOOR_L_1_BAMBOO_6_0_6_STRUCTURAL_BAMBOO_CLB_20291206,PO-000156,"Structural Floor L 1 | Bamboo - 6"" | 0' - 6"" | Structural Bamboo (CLB) assembly",Floor | L 1 | 746270
746286,STRUCT_FLOOR_L_1_BAMBOO_6_0_6_STRUCTURAL_BAMBOO_CLB_20291206,PO-000156,"Structural Floor L 1 | Bamboo - 6"" | 0' - 6"" | Structural Bamboo (CLB) assembly",Floor | L 1 | 746286
746288,STRUCT_FLOOR_L_1_BAMBOO_6_0_6_STRUCTURAL_BAMBOO_CLB_20291206,PO-000156,"Structural Floor L 1 | Bamboo - 6"" | 0' - 6"" | Structural Bamboo (CLB) assembly",Floor | L 1 | 746288
746289,STRUCT_FLOOR_L_1_BAMBOO_6_0_6_STRUCTURAL_BAMBOO_CLB_20291206,PO-000156,"Structural Floor L 1 | Bamboo - 6"" | 0' - 6"" | Structural Bamboo (CLB) assembly",Floor | L 1 | 746289
747241,STRUCT_FLOOR_L_1_BAMBOO_6_0_6_STRUCTURAL_BAMBOO_CLB_20291206,PO-000156,"Structural Floor L 1 | Bamboo - 6"" | 0' - 6"" | Structural Bamboo (CLB) assembly",Floor | L 1 | 747241
747242,STRUCT_FLOOR_L_1_BAMBOO_6_0_6_STRUCTURAL_BAMBOO_CLB_20291206,PO-000156,"Structural Floor L 1 | Bamboo - 6"" | 0' - 6"" | Structural Bamboo (CLB) assembly",Floor | L 1 | 747242
747245,STRUCT_FLOOR_L_1_BAMBOO_6_0_6_STRUCTURAL_BAMBOO_CLB_20291206,PO-000156,"Structural Floor L 1 | Bamboo - 6"" | 0' - 6"" | Structural Bamboo (CLB) assembly",Floor | L 1 | 747245
747246,STRUCT_FLOOR_L_1_BAMBOO_6_0_6_STRUCTURAL_BAMBOO_CLB_20291206,PO-000156,"Structural Floor L 1 | Bamboo - 6"" | 0' - 6"" | Structural Bamboo (CLB) assembly",Floor | L 1 | 747246
747247,STRUCT_FLOOR_L_1_BAMBOO_6_0_6_STRUCTURAL_BAMBOO_CLB_20291206,PO-000156,"Structural Floor L 1 | Bamboo - 6"" | 0' - 6"" | Structural Bamboo (CLB) assembly",Floor | L 1 | 747247
747253,STRUCT_FLOOR_L_1_BAMBOO_6_0_6_STRUCTURAL_BAMBOO_CLB_20291206,PO-000156,"Structural Floor L 1 | Bamboo - 6"" | 0' - 6"" | Structural Bamboo (CLB) assembly",Floor | L 1 | 747253
753159,STRUCT_FLOOR_L_1_BAMBOO_6_0_6_STRUCTURAL_BAMBOO_CLB_20291206,PO-000156,"Structural Floor L 1 | Bamboo - 6"" | 0' - 6"" | Structural Bamboo (CLB) assembly",Floor | L 1 | 753159
753161,STRUCT_FLOOR_L_1_BAMBOO_6_0_6_STRUCTURAL_BAMBOO_CLB_20291206,PO-000156,"Structural Floor L 1 | Bamboo - 6"" | 0' - 6"" | Structural Bamboo (CLB) assembly",Floor | L 1 | 753161
753164,STRUCT_FLOOR_L_1_BAMBOO_6_0_6_STRUCTURAL_BAMBOO_CLB_20291206,PO-000156,"Structural Floor L 1 | Bamboo - 6"" | 0' - 6"" | Structural Bamboo (CLB) assembly",Floor | L 1 | 753164
753165,STRUCT_FLOOR_L_1_BAMBOO_6_0_6_STRUCTURAL_BAMBOO_CLB_20291206,PO-000156,"Structural Floor L 1 | Bamboo - 6"" | 0' - 6"" | Structural Bamboo (CLB) assembly",Floor | L 1 | 753165
753377,STRUCT_FLOOR_L_1_BAMBOO_6_0_6_STRUCTURAL_BAMBOO_CLB_20291206,PO-000156,"Structural Floor L 1 | Bamboo - 6"" | 0' - 6"" | Structural Bamboo (CLB) assembly",Floor | L 1 | 753377
746261,STRUCT_FLOOR_L_1_BAMBOO_6_0_6_STRUCTURAL_BAMBOO_CLB_20291207,PO-000199,"Structural Floor L 1 | Bamboo - 6"" | 0' - 6"" | Structural Bamboo (CLB) assembly",Floor | L 1 | 746261
746263,STRUCT_FLOOR_L_1_BAMBOO_6_0_6_STRUCTURAL_BAMBOO_CLB_20291207,PO-000199,"Structural Floor L 1 | Bamboo - 6"" | 0' - 6"" | Structural Bamboo (CLB) assembly",Floor | L 1 | 746263
753160,STRUCT_FLOOR_L_1_BAMBOO_6_0_6_STRUCTURAL_BAMBOO_CLB_20291207,PO-000199,"Structural Floor L 1 | Bamboo - 6"" | 0' - 6"" | Structural Bamboo (CLB) assembly",Floor | L 1 | 753160
753162,STRUCT_FLOOR_L_1_BAMBOO_6_0_6_STRUCTURAL_BAMBOO_CLB_20291207,PO-000199,"Structural Floor L 1 | Bamboo - 6"" | 0' - 6"" | Structural Bamboo (CLB) assembly",Floor | L 1 | 753162
753376,STRUCT_FLOOR_L_1_BAMBOO_6_0_6_STRUCTURAL_BAMBOO_CLB_20291207,PO-000199,"Structural Floor L 1 | Bamboo - 6"" | 0' - 6"" | Structural Bamboo (CLB) assembly",Floor | L 1 | 753376
726867,STRUCT_FLOOR_ROOF_BAMBOO_6_0_6_STRUCTURAL_BAMBOO_CLB_20291212,PO-000303,"Structural Floor Roof | Bamboo - 6"" | 0' - 6"" | Structural Bamboo (CLB) assembly",Roof | Roof | 726867
726868,STRUCT_FLOOR_ROOF_BAMBOO_6_0_6_STRUCTURAL_BAMBOO_CLB_20291212,PO-000303,"Structural Floor Roof | Bamboo - 6"" | 0' - 6"" | Structural Bamboo (CLB) assembly",Roof | Roof | 726868
726869,STRUCT_FLOOR_ROOF_BAMBOO_6_0_6_STRUCTURAL_BAMBOO_CLB_20291212,PO-000303,"Structural Floor Roof | Bamboo - 6"" | 0' - 6"" | Structural Bamboo (CLB) assembly",Roof | Roof | 726869
726870,STRUCT_FLOOR_ROOF_BAMBOO_6_0_6_STRUCTURAL_BAMBOO_CLB_20291212,PO-000303,"Structural Floor Roof | Bamboo - 6"" | 0' - 6"" | Structural Bamboo (CLB) assembly",Roof | Roof | 726870
726876,STRUCT_FLOOR_ROOF_BAMBOO_6_0_6_STRUCTURAL_BAMBOO_CLB_20291212,PO-000303,"Structural Floor Roof | Bamboo - 6"" | 0' - 6"" | Structural Bamboo (CLB) assembly",Roof | Roof | 726876
726899,STRUCT_FLOOR_ROOF_BAMBOO_6_0_6_STRUCTURAL_BAMBOO_CLB_20291212,PO-000303,"Structural Floor Roof | Bamboo - 6"" | 0' - 6"" | Structural Bamboo (CLB) assembly",Roof | Roof | 726899
732262,STRUCT_FLOOR_ROOF_BAMBOO_6_0_6_STRUCTURAL_BAMBOO_CLB_20291212,PO-000303,"Structural Floor Roof | Bamboo - 6"" | 0' - 6"" | Structural Bamboo (CLB) assembly",Roof | Roof | 732262
732263,STRUCT_FLOOR_ROOF_BAMBOO_6_0_6_STRUCTURAL_BAMBOO_CLB_20291212,PO-000303,"Structural Floor Roof | Bamboo - 6"" | 0' - 6"" | Structural Bamboo (CLB) assembly",Roof | Roof | 732263
732265,STRUCT_FLOOR_ROOF_BAMBOO_6_0_6_STRUCTURAL_BAMBOO_CLB_20291212,PO-000303,"Structural Floor Roof | Bamboo - 6"" | 0' - 6"" | Structural Bamboo (CLB) assembly",Roof | Roof | 732265
736281,STRUCT_FLOOR_ROOF_BAMBOO_6_0_6_STRUCTURAL_BAMBOO_CLB_20291212,PO-000303,"Structural Floor Roof | Bamboo - 6"" | 0' - 6"" | Structural Bamboo (CLB) assembly",Roof | Roof | 736281
736282,STRUCT_FLOOR_ROOF_BAMBOO_6_0_6_STRUCTURAL_BAMBOO_CLB_20291212,PO-000303,"Structural Floor Roof | Bamboo - 6"" | 0' - 6"" | Structural Bamboo (CLB) assembly",Roof | Roof | 736282
737137,STRUCT_FLOOR_ROOF_BAMBOO_6_0_6_STRUCTURAL_BAMBOO_CLB_20291212,PO-000303,"Structural Floor Roof | Bamboo - 6"" | 0' - 6"" | Structural Bamboo (CLB) assembly",Roof | Roof | 737137
737138,STRUCT_FLOOR_ROOF_BAMBOO_6_0_6_STRUCTURAL_BAMBOO_CLB_20291212,PO-000303,"Structural Floor Roof | Bamboo - 6"" | 0' - 6"" | Structural Bamboo (CLB) assembly",Roof | Roof | 737138
737139,STRUCT_FLOOR_ROOF_BAMBOO_6_0_6_STRUCTURAL_BAMBOO_CLB_20291212,PO-000303,"Structural Floor Roof | Bamboo - 6"" | 0' - 6"" | Structural Bamboo (CLB) assembly",Roof | Roof | 737139
737140,STRUCT_FLOOR_ROOF_BAMBOO_6_0_6_STRUCTURAL_BAMBOO_CLB_20291212,PO-000303,"Structural Floor Roof | Bamboo - 6"" | 0' - 6"" | Structural Bamboo (CLB) assembly",Roof | Roof | 737140
737147,STRUCT_FLOOR_ROOF_BAMBOO_6_0_6_STRUCTURAL_BAMBOO_CLB_20291212,PO-000303,"Structural Floor Roof | Bamboo - 6"" | 0' - 6"" | Structural Bamboo (CLB) assembly",Roof | Roof | 737147
737149,STRUCT_FLOOR_ROOF_BAMBOO_6_0_6_STRUCTURAL_BAMBOO_CLB_20291212,PO-000303,"Structural Floor Roof | Bamboo - 6"" | 0' - 6"" | Structural Bamboo (CLB) assembly",Roof | Roof | 737149
737484,STRUCT_FLOOR_ROOF_BAMBOO_6_0_6_STRUCTURAL_BAMBOO_CLB_20291212,PO-000303,"Structural Floor Roof | Bamboo - 6"" | 0' - 6"" | Structural Bamboo (CLB) assembly",Roof | Roof | 737484
737485,STRUCT_FLOOR_ROOF_BAMBOO_6_0_6_STRUCTURAL_BAMBOO_CLB_20291212,PO-000303,"Structural Floor Roof | Bamboo - 6"" | 0' - 6"" | Structural Bamboo (CLB) assembly",Roof | Roof | 737485
737486,STRUCT_FLOOR_ROOF_BAMBOO_6_0_6_STRUCTURAL_BAMBOO_CLB_20291212,PO-000303,"Structural Floor Roof | Bamboo - 6"" | 0' - 6"" | Structural Bamboo (CLB) assembly",Roof | Roof | 737486
739384,STRUCT_FLOOR_ROOF_BAMBOO_6_0_6_STRUCTURAL_BAMBOO_CLB_20291212,PO-000303,"Structural Floor Roof | Bamboo - 6"" | 0' - 6"" | Structural Bamboo (CLB) assembly",Roof | Roof | 739384
739385,STRUCT_FLOOR_ROOF_BAMBOO_6_0_6_STRUCTURAL_BAMBOO_CLB_20291212,PO-000303,"Structural Floor Roof | Bamboo - 6"" | 0' - 6"" | Structural Bamboo (CLB) assembly",Roof | Roof | 739385
739387,STRUCT_FLOOR_ROOF_BAMBOO_6_0_6_STRUCTURAL_BAMBOO_CLB_20291212,PO-000303,"Structural Floor Roof | Bamboo - 6"" | 0' - 6"" | Structural Bamboo (CLB) assembly",Roof | Roof | 739387
739879,STRUCT_FLOOR_ROOF_BAMBOO_6_0_6_STRUCTURAL_BAMBOO_CLB_20291212,PO-000303,"Structural Floor Roof | Bamboo - 6"" | 0' - 6"" | Structural Bamboo (CLB) assembly",Roof | Roof | 739879
713630,STRUCT_FLOOR_ROOF_BAMBOO_6_0_6_STRUCTURAL_BAMBOO_CLB_20291213,PO-000332,"Structural Floor Roof | Bamboo - 6"" | 0' - 6"" | Structural Bamboo (CLB) assembly",Roof | Roof | 713630
726879,STRUCT_FLOOR_ROOF_BAMBOO_6_0_6_STRUCTURAL_BAMBOO_CLB_20291213,PO-000332,"Structural Floor Roof | Bamboo - 6"" | 0' - 6"" | Structural Bamboo (CLB) assembly",Roof | Roof | 726879
726880,STRUCT_FLOOR_ROOF_BAMBOO_6_0_6_STRUCTURAL_BAMBOO_CLB_20291213,PO-000332,"Structural Floor Roof | Bamboo - 6"" | 0' - 6"" | Structural Bamboo (CLB) assembly",Roof | Roof | 726880
726889,STRUCT_FLOOR_ROOF_BAMBOO_6_0_6_STRUCTURAL_BAMBOO_CLB_20291213,PO-000332,"Structural Floor Roof | Bamboo - 6"" | 0' - 6"" | Structural Bamboo (CLB) assembly",Roof | Roof | 726889
726890,STRUCT_FLOOR_ROOF_BAMBOO_6_0_6_STRUCTURAL_BAMBOO_CLB_20291213,PO-000332,"Structural Floor Roof | Bamboo - 6"" | 0' - 6"" | Structural Bamboo (CLB) assembly",Roof | Roof | 726890
726891,STRUCT_FLOOR_ROOF_BAMBOO_6_0_6_STRUCTURAL_BAMBOO_CLB_20291213,PO-000332,"Structural Floor Roof | Bamboo - 6"" | 0' - 6"" | Structural Bamboo (CLB) assembly",Roof | Roof | 726891
726892,STRUCT_FLOOR_ROOF_BAMBOO_6_0_6_STRUCTURAL_BAMBOO_CLB_20291213,PO-000332,"Structural Floor Roof | Bamboo - 6"" | 0' - 6"" | Structural Bamboo (CLB) assembly",Roof | Roof | 726892
726906,STRUCT_FLOOR_ROOF_BAMBOO_6_0_6_STRUCTURAL_BAMBOO_CLB_20291213,PO-000332,"Structural Floor Roof | Bamboo - 6"" | 0' - 6"" | Structural Bamboo (CLB) assembly",Roof | Roof | 726906
726909,STRUCT_FLOOR_ROOF_BAMBOO_6_0_6_STRUCTURAL_BAMBOO_CLB_20291213,PO-000332,"Structural Floor Roof | Bamboo - 6"" | 0' - 6"" | Structural Bamboo (CLB) assembly",Roof | Roof | 726909
732264,STRUCT_FLOOR_ROOF_BAMBOO_6_0_6_STRUCTURAL_BAMBOO_CLB_20291213,PO-000332,"Structural Floor Roof | Bamboo - 6"" | 0' - 6"" | Structural Bamboo (CLB) assembly",Roof | Roof | 732264
732266,STRUCT_FLOOR_ROOF_BAMBOO_6_0_6_STRUCTURAL_BAMBOO_CLB_20291213,PO-000332,"Structural Floor Roof | Bamboo - 6"" | 0' - 6"" | Structural Bamboo (CLB) assembly",Roof | Roof | 732266
732267,STRUCT_FLOOR_ROOF_BAMBOO_6_0_6_STRUCTURAL_BAMBOO_CLB_20291213,PO-000332,"Structural Floor Roof | Bamboo - 6"" | 0' - 6"" | Structural Bamboo (CLB) assembly",Roof | Roof | 732267
732268,STRUCT_FLOOR_ROOF_BAMBOO_6_0_6_STRUCTURAL_BAMBOO_CLB_20291213,PO-000332,"Structural Floor Roof | Bamboo - 6"" | 0' - 6"" | Structural Bamboo (CLB) assembly",Roof | Roof | 732268
732678,STRUCT_FLOOR_ROOF_BAMBOO_6_0_6_STRUCTURAL_BAMBOO_CLB_20291213,PO-000332,"Structural Floor Roof | Bamboo - 6"" | 0' - 6"" | Structural Bamboo (CLB) assembly",Roof | Roof | 732678
732681,STRUCT_FLOOR_ROOF_BAMBOO_6_0_6_STRUCTURAL_BAMBOO_CLB_20291213,PO-000332,"Structural Floor Roof | Bamboo - 6"" | 0' - 6"" | Structural Bamboo (CLB) assembly",Roof | Roof | 732681
732683,STRUCT_FLOOR_ROOF_BAMBOO_6_0_6_STRUCTURAL_BAMBOO_CLB_20291213,PO-000332,"Structural Floor Roof | Bamboo - 6"" | 0' - 6"" | Structural Bamboo (CLB) assembly",Roof | Roof | 732683
732684,STRUCT_FLOOR_ROOF_BAMBOO_6_0_6_STRUCTURAL_BAMBOO_CLB_20291213,PO-000332,"Structural Floor Roof | Bamboo - 6"" | 0' - 6"" | Structural Bamboo (CLB) assembly",Roof | Roof | 732684
732685,STRUCT_FLOOR_ROOF_BAMBOO_6_0_6_STRUCTURAL_BAMBOO_CLB_20291213,PO-000332,"Structural Floor Roof | Bamboo - 6"" | 0' - 6"" | Structural Bamboo (CLB) assembly",Roof | Roof | 732685
732686,STRUCT_FLOOR_ROOF_BAMBOO_6_0_6_STRUCTURAL_BAMBOO_CLB_20291213,PO-000332,"Structural Floor Roof | Bamboo - 6"" | 0' - 6"" | Structural Bamboo (CLB) assembly",Roof | Roof | 732686
733006,STRUCT_FLOOR_ROOF_BAMBOO_6_0_6_STRUCTURAL_BAMBOO_CLB_20291213,PO-000332,"Structural Floor Roof | Bamboo - 6"" | 0' - 6"" | Structural Bamboo (CLB) assembly",Roof | Roof | 733006
737141,STRUCT_FLOOR_ROOF_BAMBOO_6_0_6_STRUCTURAL_BAMBOO_CLB_20291213,PO-000332,"Structural Floor Roof | Bamboo - 6"" | 0' - 6"" | Structural Bamboo (CLB) assembly",Roof | Roof | 737141
739386,STRUCT_FLOOR_ROOF_BAMBOO_6_0_6_STRUCTURAL_BAMBOO_CLB_20291213,PO-000332,"Structural Floor Roof | Bamboo - 6"" | 0' - 6"" | Structural Bamboo (CLB) assembly",Roof | Roof | 739386
739880,STRUCT_FLOOR_ROOF_BAMBOO_6_0_6_STRUCTURAL_BAMBOO_CLB_20291213,PO-000332,"Structural Floor Roof | Bamboo - 6"" | 0' - 6"" | Structural Bamboo (CLB) assembly",Roof | Roof | 739880
739881,STRUCT_FLOOR_ROOF_BAMBOO_6_0_6_STRUCTURAL_BAMBOO_CLB_20291213,PO-000332,"Structural Floor Roof | Bamboo - 6"" | 0' - 6"" | Structural Bamboo (CLB) assembly",Roof | Roof | 739881
726883,STRUCT_FLOOR_ROOF_BAMBOO_6_0_6_STRUCTURAL_BAMBOO_CLB_20291214,PO-000333,"Structural Floor Roof | Bamboo - 6"" | 0' - 6"" | Structural Bamboo (CLB) assembly",Roof | Roof | 726883
726894,STRUCT_FLOOR_ROOF_BAMBOO_6_0_6_STRUCTURAL_BAMBOO_CLB_20291214,PO-000333,"Structural Floor Roof | Bamboo - 6"" | 0' - 6"" | Structural Bamboo (CLB) assembly",Roof | Roof | 726894
726895,STRUCT_FLOOR_ROOF_BAMBOO_6_0_6_STRUCTURAL_BAMBOO_CLB_20291214,PO-000333,"Structural Floor Roof | Bamboo - 6"" | 0' - 6"" | Structural Bamboo (CLB) assembly",Roof | Roof | 726895
726912,STRUCT_FLOOR_ROOF_BAMBOO_6_0_6_STRUCTURAL_BAMBOO_CLB_20291214,PO-000333,"Structural Floor Roof | Bamboo - 6"" | 0' - 6"" | Structural Bamboo (CLB) assembly",Roof | Roof | 726912
726913,STRUCT_FLOOR_ROOF_BAMBOO_6_0_6_STRUCTURAL_BAMBOO_CLB_20291214,PO-000333,"Structural Floor Roof | Bamboo - 6"" | 0' - 6"" | Structural Bamboo (CLB) assembly",Roof | Roof | 726913
726914,STRUCT_FLOOR_ROOF_BAMBOO_6_0_6_STRUCTURAL_BAMBOO_CLB_20291214,PO-000333,"Structural Floor Roof | Bamboo - 6"" | 0' - 6"" | Structural Bamboo (CLB) assembly",Roof | Roof | 726914
726915,STRUCT_FLOOR_ROOF_BAMBOO_6_0_6_STRUCTURAL_BAMBOO_CLB_20291214,PO-000333,"Structural Floor Roof | Bamboo - 6"" | 0' - 6"" | Structural Bamboo (CLB) assembly",Roof | Roof | 726915
726916,STRUCT_FLOOR_ROOF_BAMBOO_6_0_6_STRUCTURAL_BAMBOO_CLB_20291214,PO-000333,"Structural Floor Roof | Bamboo - 6"" | 0' - 6"" | Structural Bamboo (CLB) assembly",Roof | Roof | 726916
726918,STRUCT_FLOOR_ROOF_BAMBOO_6_0_6_STRUCTURAL_BAMBOO_CLB_20291214,PO-000333,"Structural Floor Roof | Bamboo - 6"" | 0' - 6"" | Structural Bamboo (CLB) assembly",Roof | Roof | 726918
726922,STRUCT_FLOOR_ROOF_BAMBOO_6_0_6_STRUCTURAL_BAMBOO_CLB_20291214,PO-000333,"Structural Floor Roof | Bamboo - 6"" | 0' - 6"" | Structural Bamboo (CLB) assembly",Roof | Roof | 726922
733004,STRUCT_FLOOR_ROOF_BAMBOO_6_0_6_STRUCTURAL_BAMBOO_CLB_20291214,PO-000333,"Structural Floor Roof | Bamboo - 6"" | 0' - 6"" | Structural Bamboo (CLB) assembly",Roof | Roof | 733004
733452,STRUCT_FLOOR_ROOF_BAMBOO_6_0_6_STRUCTURAL_BAMBOO_CLB_20291214,PO-000333,"Structural Floor Roof | Bamboo - 6"" | 0' - 6"" | Structural Bamboo (CLB) assembly",Roof | Roof | 733452
734384,STRUCT_FLOOR_ROOF_BAMBOO_6_0_6_STRUCTURAL_BAMBOO_CLB_20291214,PO-000333,"Structural Floor Roof | Bamboo - 6"" | 0' - 6"" | Structural Bamboo (CLB) assembly",Roof | Roof | 734384
734385,STRUCT_FLOOR_ROOF_BAMBOO_6_0_6_STRUCTURAL_BAMBOO_CLB_20291214,PO-000333,"Structural Floor Roof | Bamboo - 6"" | 0' - 6"" | Structural Bamboo (CLB) assembly",Roof | Roof | 734385
735849,STRUCT_FLOOR_ROOF_BAMBOO_6_0_6_STRUCTURAL_BAMBOO_CLB_20291214,PO-000333,"Structural Floor Roof | Bamboo - 6"" | 0' - 6"" | Structural Bamboo (CLB) assembly",Roof | Roof | 735849
735850,STRUCT_FLOOR_ROOF_BAMBOO_6_0_6_STRUCTURAL_BAMBOO_CLB_20291214,PO-000333,"Structural Floor Roof | Bamboo - 6"" | 0' - 6"" | Structural Bamboo (CLB) assembly",Roof | Roof | 735850
735852,STRUCT_FLOOR_ROOF_BAMBOO_6_0_6_STRUCTURAL_BAMBOO_CLB_20291214,PO-000333,"Structural Floor Roof | Bamboo - 6"" | 0' - 6"" | Structural Bamboo (CLB) assembly",Roof | Roof | 735852
735853,STRUCT_FLOOR_ROOF_BAMBOO_6_0_6_STRUCTURAL_BAMBOO_CLB_20291214,PO-000333,"Structural Floor Roof | Bamboo - 6"" | 0' - 6"" | Structural Bamboo (CLB) assembly",Roof | Roof | 735853
737142,STRUCT_FLOOR_ROOF_BAMBOO_6_0_6_STRUCTURAL_BAMBOO_CLB_20291214,PO-000333,"Structural Floor Roof | Bamboo - 6"" | 0' - 6"" | Structural Bamboo (CLB) assembly",Roof | Roof | 737142
737143,STRUCT_FLOOR_ROOF_BAMBOO_6_0_6_STRUCTURAL_BAMBOO_CLB_20291214,PO-000333,"Structural Floor Roof | Bamboo - 6"" | 0' - 6"" | Structural Bamboo (CLB) assembly",Roof | Roof | 737143
737144,STRUCT_FLOOR_ROOF_BAMBOO_6_0_6_STRUCTURAL_BAMBOO_CLB_20291214,PO-000333,"Structural Floor Roof | Bamboo - 6"" | 0' - 6"" | Structural Bamboo (CLB) assembly",Roof | Roof | 737144
737145,STRUCT_FLOOR_ROOF_BAMBOO_6_0_6_STRUCTURAL_BAMBOO_CLB_20291214,PO-000333,"Structural Floor Roof | Bamboo - 6"" | 0' - 6"" | Structural Bamboo (CLB) assembly",Roof | Roof | 737145
737146,STRUCT_FLOOR_ROOF_BAMBOO_6_0_6_STRUCTURAL_BAMBOO_CLB_20291214,PO-000333,"Structural Floor Roof | Bamboo - 6"" | 0' - 6"" | Structural Bamboo (CLB) assembly",Roof | Roof | 737146
737700,STRUCT_FLOOR_ROOF_BAMBOO_6_0_6_STRUCTURAL_BAMBOO_CLB_20291214,PO-000333,"Structural Floor Roof | Bamboo - 6"" | 0' - 6"" | Structural Bamboo (CLB) assembly",Roof | Roof | 737700
735851,STRUCT_FLOOR_ROOF_BAMBOO_6_0_6_STRUCTURAL_BAMBOO_CLB_20291217,PO-000357,"Structural Floor Roof | Bamboo - 6"" | 0' - 6"" | Structural Bamboo (CLB) assembly",Roof | Roof | 735851
594720,STRUCT_FRAME_0_0_CONCRETE_CAST_IN_PLACE_GRAY_20291120,PO-000009,"Structural Framing 0' - 0"" | Concrete, Cast-in-Place gray assembly",Grade Beams | L -1 | 594720
661758,STRUCT_FRAME_10_0_STRUCTURAL_BAMBOO_CLB_20291204,PO-000097,"Structural Framing 10' - 0"" | Structural Bamboo (CLB) assembly",Frame: Beams | L 1 | 661758
661759,STRUCT_FRAME_10_0_STRUCTURAL_BAMBOO_CLB_20291204,PO-000097,"Structural Framing 10' - 0"" | Structural Bamboo (CLB) assembly",Frame: Beams | L 1 | 661759
661760,STRUCT_FRAME_10_0_STRUCTURAL_BAMBOO_CLB_20291204,PO-000097,"Structural Framing 10' - 0"" | Structural Bamboo (CLB) assembly",Frame: Beams | L 1 | 661760
661761,STRUCT_FRAME_10_0_STRUCTURAL_BAMBOO_CLB_20291204,PO-000097,"Structural Framing 10' - 0"" | Structural Bamboo (CLB) assembly",Frame: Beams | L 1 | 661761
661762,STRUCT_FRAME_10_0_STRUCTURAL_BAMBOO_CLB_20291204,PO-000097,"Structural Framing 10' - 0"" | Structural Bamboo (CLB) assembly",Frame: Beams | L 1 | 661762
661763,STRUCT_FRAME_10_0_STRUCTURAL_BAMBOO_CLB_20291204,PO-000097,"Structural Framing 10' - 0"" | Structural Bamboo (CLB) assembly",Frame: Beams | L 1 | 661763
661764,STRUCT_FRAME_10_0_STRUCTURAL_BAMBOO_CLB_20291204,PO-000097,"Structural Framing 10' - 0"" | Structural Bamboo (CLB) assembly",Frame: Beams | L 1 | 661764
661765,STRUCT_FRAME_10_0_STRUCTURAL_BAMBOO_CLB_20291204,PO-000097,"Structural Framing 10' - 0"" | Structural Bamboo (CLB) assembly",Frame: Beams | L 1 | 661765
661766,STRUCT_FRAME_10_0_STRUCTURAL_BAMBOO_CLB_20291204,PO-000097,"Structural Framing 10' - 0"" | Structural Bamboo (CLB) assembly",Frame: Beams | L 1 | 661766
661767,STRUCT_FRAME_10_0_STRUCTURAL_BAMBOO_CLB_20291204,PO-000097,"Structural Framing 10' - 0"" | Structural Bamboo (CLB) assembly",Frame: Beams | L 1 | 661767
661768,STRUCT_FRAME_10_0_STRUCTURAL_BAMBOO_CLB_20291204,PO-000097,"Structural Framing 10' - 0"" | Structural Bamboo (CLB) assembly",Frame: Beams | L 1 | 661768
662335,STRUCT_FRAME_10_0_STRUCTURAL_BAMBOO_CLB_20291204,PO-000097,"Structural Framing 10' - 0"" | Structural Bamboo (CLB) assembly",Frame: Beams | L 1 | 662335
662336,STRUCT_FRAME_10_0_STRUCTURAL_BAMBOO_CLB_20291204,PO-000097,"Structural Framing 10' - 0"" | Structural Bamboo (CLB) assembly",Frame: Beams | L 1 | 662336
662337,STRUCT_FRAME_10_0_STRUCTURAL_BAMBOO_CLB_20291204,PO-000097,"Structural Framing 10' - 0"" | Structural Bamboo (CLB) assembly",Frame: Beams | L 1 | 662337
661960,STRUCT_FRAME_10_0_STRUCTURAL_BAMBOO_CLB_20291205,PO-000131,"Structural Framing 10' - 0"" | Structural Bamboo (CLB) assembly",Frame: Beams | L 1 | 661960
662669,STRUCT_FRAME_10_0_STRUCTURAL_BAMBOO_CLB_20291205,PO-000131,"Structural Framing 10' - 0"" | Structural Bamboo (CLB) assembly",Frame: Beams | L 1 | 662669
662670,STRUCT_FRAME_10_0_STRUCTURAL_BAMBOO_CLB_20291205,PO-000131,"Structural Framing 10' - 0"" | Structural Bamboo (CLB) assembly",Frame: Beams | L 1 | 662670
662671,STRUCT_FRAME_10_0_STRUCTURAL_BAMBOO_CLB_20291205,PO-000131,"Structural Framing 10' - 0"" | Structural Bamboo (CLB) assembly",Frame: Beams | L 1 | 662671
662672,STRUCT_FRAME_10_0_STRUCTURAL_BAMBOO_CLB_20291205,PO-000131,"Structural Framing 10' - 0"" | Structural Bamboo (CLB) assembly",Frame: Beams | L 1 | 662672
650141,STRUCT_FRAME_10_0_STRUCTURAL_BAMBOO_CLB_20291211,PO-000270,"Structural Framing 10' - 0"" | Structural Bamboo (CLB) assembly",Frame: Beams | Roof | 650141
659039,STRUCT_FRAME_10_0_STRUCTURAL_BAMBOO_CLB_20291211,PO-000270,"Structural Framing 10' - 0"" | Structural Bamboo (CLB) assembly",Frame: Beams | Roof | 659039
659040,STRUCT_FRAME_10_0_STRUCTURAL_BAMBOO_CLB_20291211,PO-000270,"Structural Framing 10' - 0"" | Structural Bamboo (CLB) assembly",Frame: Beams | Roof | 659040
659596,STRUCT_FRAME_10_0_STRUCTURAL_BAMBOO_CLB_20291211,PO-000270,"Structural Framing 10' - 0"" | Structural Bamboo (CLB) assembly",Frame: Beams | Roof | 659596
660641,STRUCT_FRAME_10_0_STRUCTURAL_BAMBOO_CLB_20291211,PO-000270,"Structural Framing 10' - 0"" | Structural Bamboo (CLB) assembly",Frame: Beams | Roof | 660641
660669,STRUCT_FRAME_10_0_STRUCTURAL_BAMBOO_CLB_20291211,PO-000270,"Structural Framing 10' - 0"" | Structural Bamboo (CLB) assembly",Frame: Beams | Roof | 660669
660706,STRUCT_FRAME_10_0_STRUCTURAL_BAMBOO_CLB_20291211,PO-000270,"Structural Framing 10' - 0"" | Structural Bamboo (CLB) assembly",Frame: Beams | Roof | 660706
660739,STRUCT_FRAME_10_0_STRUCTURAL_BAMBOO_CLB_20291211,PO-000270,"Structural Framing 10' - 0"" | Structural Bamboo (CLB) assembly",Frame: Beams | Roof | 660739
660771,STRUCT_FRAME_10_0_STRUCTURAL_BAMBOO_CLB_20291211,PO-000270,"Structural Framing 10' - 0"" | Structural Bamboo (CLB) assembly",Frame: Beams | Roof | 660771
660803,STRUCT_FRAME_10_0_STRUCTURAL_BAMBOO_CLB_20291211,PO-000270,"Structural Framing 10' - 0"" | Structural Bamboo (CLB) assembly",Frame: Beams | Roof | 660803
660835,STRUCT_FRAME_10_0_STRUCTURAL_BAMBOO_CLB_20291211,PO-000270,"Structural Framing 10' - 0"" | Structural Bamboo (CLB) assembly",Frame: Beams | Roof | 660835
660863,STRUCT_FRAME_10_0_STRUCTURAL_BAMBOO_CLB_20291211,PO-000270,"Structural Framing 10' - 0"" | Structural Bamboo (CLB) assembly",Frame: Beams | Roof | 660863
660895,STRUCT_FRAME_10_0_STRUCTURAL_BAMBOO_CLB_20291211,PO-000270,"Structural Framing 10' - 0"" | Structural Bamboo (CLB) assembly",Frame: Beams | Roof | 660895
661390,STRUCT_FRAME_10_0_STRUCTURAL_BAMBOO_CLB_20291211,PO-000270,"Structural Framing 10' - 0"" | Structural Bamboo (CLB) assembly",Frame: Beams | Roof | 661390
650432,STRUCT_FRAME_10_0_STRUCTURAL_BAMBOO_CLB_20291212,PO-000304,"Structural Framing 10' - 0"" | Structural Bamboo (CLB) assembly",Frame: Beams | Roof | 650432
662462,STRUCT_FRAME_10_0_STRUCTURAL_BAMBOO_CLB_20291212,PO-000304,"Structural Framing 10' - 0"" | Structural Bamboo (CLB) assembly",Frame: Beams | Roof | 662462
662491,STRUCT_FRAME_10_0_STRUCTURAL_BAMBOO_CLB_20291212,PO-000304,"Structural Framing 10' - 0"" | Structural Bamboo (CLB) assembly",Frame: Beams | Roof | 662491
662530,STRUCT_FRAME_10_0_STRUCTURAL_BAMBOO_CLB_20291212,PO-000304,"Structural Framing 10' - 0"" | Structural Bamboo (CLB) assembly",Frame: Beams | Roof | 662530
662560,STRUCT_FRAME_10_0_STRUCTURAL_BAMBOO_CLB_20291212,PO-000304,"Structural Framing 10' - 0"" | Structural Bamboo (CLB) assembly",Frame: Beams | Roof | 662560
607692,STRUCT_FRAME_10_6_STRUCTURAL_BAMBOO_CLB_20291211,PO-000271,"Structural Framing 10' - 6"" | Structural Bamboo (CLB) assembly",Frame: Beams | Roof | 607692
672414,STRUCT_FRAME_14_0_STRUCTURAL_BAMBOO_CLB_20291128,PO-000024,"Structural Framing 14' - 0"" | Structural Bamboo (CLB) assembly",Frame: Beams | L 0 | 672414
591739,STRUCT_FRAME_14_6_CONCRETE_NORMAL_WEIGHT_4_KSI_20291120,PO-000010,"Structural Framing 14' - 6"" | Concrete, Normal Weight - 4 ksi assembly",Grade Beams | L -1 | 591739
591740,STRUCT_FRAME_14_6_CONCRETE_NORMAL_WEIGHT_4_KSI_20291120,PO-000010,"Structural Framing 14' - 6"" | Concrete, Normal Weight - 4 ksi assembly",Grade Beams | L -1 | 591740
591741,STRUCT_FRAME_14_6_CONCRETE_NORMAL_WEIGHT_4_KSI_20291120,PO-000010,"Structural Framing 14' - 6"" | Concrete, Normal Weight - 4 ksi assembly",Grade Beams | L -1 | 591741
591748,STRUCT_FRAME_14_6_CONCRETE_NORMAL_WEIGHT_4_KSI_20291120,PO-000010,"Structural Framing 14' - 6"" | Concrete, Normal Weight - 4 ksi assembly",Grade Beams | L -1 | 591748
591760,STRUCT_FRAME_14_6_CONCRETE_NORMAL_WEIGHT_4_KSI_20291120,PO-000010,"Structural Framing 14' - 6"" | Concrete, Normal Weight - 4 ksi assembly",Grade Beams | L -1 | 591760
618215,STRUCT_FRAME_14_6_CONCRETE_NORMAL_WEIGHT_4_KSI_20291120,PO-000010,"Structural Framing 14' - 6"" | Concrete, Normal Weight - 4 ksi assembly",Grade Beams | L -1 | 618215
635633,STRUCT_FRAME_14_6_CONCRETE_NORMAL_WEIGHT_4_KSI_20291120,PO-000010,"Structural Framing 14' - 6"" | Concrete, Normal Weight - 4 ksi assembly",Grade Beams | L -1 | 635633
670564,STRUCT_FRAME_14_6_CONCRETE_NORMAL_WEIGHT_4_KSI_20291120,PO-000010,"Structural Framing 14' - 6"" | Concrete, Normal Weight - 4 ksi assembly",Grade Beams | L -1 | 670564
688597,STRUCT_FRAME_14_6_CONCRETE_NORMAL_WEIGHT_4_KSI_20291120,PO-000010,"Structural Framing 14' - 6"" | Concrete, Normal Weight - 4 ksi assembly",Grade Beams | L -1 | 688597
688927,STRUCT_FRAME_14_6_CONCRETE_NORMAL_WEIGHT_4_KSI_20291120,PO-000010,"Structural Framing 14' - 6"" | Concrete, Normal Weight - 4 ksi assembly",Grade Beams | L -1 | 688927
690052,STRUCT_FRAME_14_6_CONCRETE_NORMAL_WEIGHT_4_KSI_20291120,PO-000010,"Structural Framing 14' - 6"" | Concrete, Normal Weight - 4 ksi assembly",Grade Beams | L -1 | 690052
691023,STRUCT_FRAME_14_6_CONCRETE_NORMAL_WEIGHT_4_KSI_20291120,PO-000010,"Structural Framing 14' - 6"" | Concrete, Normal Weight - 4 ksi assembly",Grade Beams | L -1 | 691023
691156,STRUCT_FRAME_14_6_CONCRETE_NORMAL_WEIGHT_4_KSI_20291120,PO-000010,"Structural Framing 14' - 6"" | Concrete, Normal Weight - 4 ksi assembly",Grade Beams | L -1 | 691156
694397,STRUCT_FRAME_14_6_CONCRETE_NORMAL_WEIGHT_4_KSI_20291120,PO-000010,"Structural Framing 14' - 6"" | Concrete, Normal Weight - 4 ksi assembly",Grade Beams | L -1 | 694397
695171,STRUCT_FRAME_14_6_CONCRETE_NORMAL_WEIGHT_4_KSI_20291120,PO-000010,"Structural Framing 14' - 6"" | Concrete, Normal Weight - 4 ksi assembly",Grade Beams | L -1 | 695171
607325,STRUCT_FRAME_14_6_STRUCTURAL_BAMBOO_CLB_20291128,PO-000025,"Structural Framing 14' - 6"" | Structural Bamboo (CLB) assembly",Frame: Beams | L 0 | 607325
665010,STRUCT_FRAME_14_6_STRUCTURAL_BAMBOO_CLB_20291128,PO-000025,"Structural Framing 14' - 6"" | Structural Bamboo (CLB) assembly",Frame: Beams | L 0 | 665010
607672,STRUCT_FRAME_14_6_STRUCTURAL_BAMBOO_CLB_20291204,PO-000098,"Structural Framing 14' - 6"" | Structural Bamboo (CLB) assembly",Frame: Beams | L 1 | 607672
674148,STRUCT_FRAME_14_6_STRUCTURAL_BAMBOO_CLB_20291204,PO-000098,"Structural Framing 14' - 6"" | Structural Bamboo (CLB) assembly",Frame: Beams | L 1 | 674148
676672,STRUCT_FRAME_14_6_STRUCTURAL_BAMBOO_CLB_20291204,PO-000098,"Structural Framing 14' - 6"" | Structural Bamboo (CLB) assembly",Frame: Beams | L 1 | 676672
682671,STRUCT_FRAME_14_6_STRUCTURAL_BAMBOO_CLB_20291204,PO-000098,"Structural Framing 14' - 6"" | Structural Bamboo (CLB) assembly",Frame: Beams | L 1 | 682671
607685,STRUCT_FRAME_14_6_STRUCTURAL_BAMBOO_CLB_20291211,PO-000272,"Structural Framing 14' - 6"" | Structural Bamboo (CLB) assembly",Frame: Beams | Roof | 607685
607686,STRUCT_FRAME_14_6_STRUCTURAL_BAMBOO_CLB_20291211,PO-000272,"Structural Framing 14' - 6"" | Structural Bamboo (CLB) assembly",Frame: Beams | Roof | 607686
633194,STRUCT_FRAME_14_6_STRUCTURAL_BAMBOO_CLB_20291211,PO-000272,"Structural Framing 14' - 6"" | Structural Bamboo (CLB) assembly",Frame: Beams | Roof | 633194
678315,STRUCT_FRAME_14_6_STRUCTURAL_BAMBOO_CLB_20291211,PO-000272,"Structural Framing 14' - 6"" | Structural Bamboo (CLB) assembly",Frame: Beams | Roof | 678315
607586,STRUCT_FRAME_17_7_STRUCTURAL_BAMBOO_CLB_20291128,PO-000026,"Structural Framing 17' - 7"" | Structural Bamboo (CLB) assembly",Frame: Beams | L 0 | 607586
607679,STRUCT_FRAME_17_7_STRUCTURAL_BAMBOO_CLB_20291204,PO-000099,"Structural Framing 17' - 7"" | Structural Bamboo (CLB) assembly",Frame: Beams | L 1 | 607679
607693,STRUCT_FRAME_17_7_STRUCTURAL_BAMBOO_CLB_20291211,PO-000273,"Structural Framing 17' - 7"" | Structural Bamboo (CLB) assembly",Frame: Beams | Roof | 607693
607550,STRUCT_FRAME_18_3_7_8_STRUCTURAL_BAMBOO_CLB_20291128,PO-000027,"Structural Framing 18' - 3 7/8"" | Structural Bamboo (CLB) assembly",Frame: Beams | L 0 | 607550
607678,STRUCT_FRAME_18_3_7_8_STRUCTURAL_BAMBOO_CLB_20291204,PO-000100,"Structural Framing 18' - 3 7/8"" | Structural Bamboo (CLB) assembly",Frame: Beams | L 1 | 607678
678744,STRUCT_FRAME_18_3_7_8_STRUCTURAL_BAMBOO_CLB_20291211,PO-000274,"Structural Framing 18' - 3 7/8"" | Structural Bamboo (CLB) assembly",Frame: Beams | Roof | 678744
665471,STRUCT_FRAME_20_1_STRUCTURAL_BAMBOO_CLB_20291128,PO-000028,"Structural Framing 20' - 1"" | Structural Bamboo (CLB) assembly",Frame: Beams | L 0 | 665471
674851,STRUCT_FRAME_20_1_STRUCTURAL_BAMBOO_CLB_20291204,PO-000101,"Structural Framing 20' - 1"" | Structural Bamboo (CLB) assembly",Frame: Beams | L 1 | 674851
677777,STRUCT_FRAME_20_1_STRUCTURAL_BAMBOO_CLB_20291211,PO-000275,"Structural Framing 20' - 1"" | Structural Bamboo (CLB) assembly",Frame: Beams | Roof | 677777
664493,STRUCT_FRAME_21_10_3_4_STRUCTURAL_BAMBOO_CLB_20291128,PO-000029,"Structural Framing 21' - 10 3/4"" | Structural Bamboo (CLB) assembly",Frame: Beams | L 0 | 664493
607671,STRUCT_FRAME_21_10_3_4_STRUCTURAL_BAMBOO_CLB_20291204,PO-000102,"Structural Framing 21' - 10 3/4"" | Structural Bamboo (CLB) assembly",Frame: Beams | L 1 | 607671
629989,STRUCT_FRAME_21_10_3_4_STRUCTURAL_BAMBOO_CLB_20291211,PO-000276,"Structural Framing 21' - 10 3/4"" | Structural Bamboo (CLB) assembly",Frame: Beams | Roof | 629989
635522,STRUCT_FRAME_22_0_CONCRETE_NORMAL_WEIGHT_4_KSI_20291119,PO-000007,"Structural Framing 22' - 0"" | Concrete, Normal Weight - 4 ksi assembly",Grade Beams | L -1 | 635522
591742,STRUCT_FRAME_29_0_CONCRETE_NORMAL_WEIGHT_4_KSI_20291119,PO-000008,"Structural Framing 29' - 0"" | Concrete, Normal Weight - 4 ksi assembly",Grade Beams | L -1 | 591742
591743,STRUCT_FRAME_29_0_CONCRETE_NORMAL_WEIGHT_4_KSI_20291119,PO-000008,"Structural Framing 29' - 0"" | Concrete, Normal Weight - 4 ksi assembly",Grade Beams | L -1 | 591743
591744,STRUCT_FRAME_29_0_CONCRETE_NORMAL_WEIGHT_4_KSI_20291119,PO-000008,"Structural Framing 29' - 0"" | Concrete, Normal Weight - 4 ksi assembly",Grade Beams | L -1 | 591744
591745,STRUCT_FRAME_29_0_CONCRETE_NORMAL_WEIGHT_4_KSI_20291119,PO-000008,"Structural Framing 29' - 0"" | Concrete, Normal Weight - 4 ksi assembly",Grade Beams | L -1 | 591745
591751,STRUCT_FRAME_29_0_CONCRETE_NORMAL_WEIGHT_4_KSI_20291119,PO-000008,"Structural Framing 29' - 0"" | Concrete, Normal Weight - 4 ksi assembly",Grade Beams | L -1 | 591751
591759,STRUCT_FRAME_29_0_CONCRETE_NORMAL_WEIGHT_4_KSI_20291119,PO-000008,"Structural Framing 29' - 0"" | Concrete, Normal Weight - 4 ksi assembly",Grade Beams | L -1 | 591759
591766,STRUCT_FRAME_29_0_CONCRETE_NORMAL_WEIGHT_4_KSI_20291119,PO-000008,"Structural Framing 29' - 0"" | Concrete, Normal Weight - 4 ksi assembly",Grade Beams | L -1 | 591766
669594,STRUCT_FRAME_29_0_CONCRETE_NORMAL_WEIGHT_4_KSI_20291119,PO-000008,"Structural Framing 29' - 0"" | Concrete, Normal Weight - 4 ksi assembly",Grade Beams | L -1 | 669594
669708,STRUCT_FRAME_29_0_CONCRETE_NORMAL_WEIGHT_4_KSI_20291119,PO-000008,"Structural Framing 29' - 0"" | Concrete, Normal Weight - 4 ksi assembly",Grade Beams | L -1 | 669708
591738,STRUCT_FRAME_29_0_CONCRETE_NORMAL_WEIGHT_4_KSI_20291120,PO-000011,"Structural Framing 29' - 0"" | Concrete, Normal Weight - 4 ksi assembly",Grade Beams | L -1 | 591738
591746,STRUCT_FRAME_29_0_CONCRETE_NORMAL_WEIGHT_4_KSI_20291120,PO-000011,"Structural Framing 29' - 0"" | Concrete, Normal Weight - 4 ksi assembly",Grade Beams | L -1 | 591746
591747,STRUCT_FRAME_29_0_CONCRETE_NORMAL_WEIGHT_4_KSI_20291120,PO-000011,"Structural Framing 29' - 0"" | Concrete, Normal Weight - 4 ksi assembly",Grade Beams | L -1 | 591747
591750,STRUCT_FRAME_29_0_CONCRETE_NORMAL_WEIGHT_4_KSI_20291120,PO-000011,"Structural Framing 29' - 0"" | Concrete, Normal Weight - 4 ksi assembly",Grade Beams | L -1 | 591750
591754,STRUCT_FRAME_29_0_CONCRETE_NORMAL_WEIGHT_4_KSI_20291120,PO-000011,"Structural Framing 29' - 0"" | Concrete, Normal Weight - 4 ksi assembly",Grade Beams | L -1 | 591754
591755,STRUCT_FRAME_29_0_CONCRETE_NORMAL_WEIGHT_4_KSI_20291120,PO-000011,"Structural Framing 29' - 0"" | Concrete, Normal Weight - 4 ksi assembly",Grade Beams | L -1 | 591755
591758,STRUCT_FRAME_29_0_CONCRETE_NORMAL_WEIGHT_4_KSI_20291120,PO-000011,"Structural Framing 29' - 0"" | Concrete, Normal Weight - 4 ksi assembly",Grade Beams | L -1 | 591758
591761,STRUCT_FRAME_29_0_CONCRETE_NORMAL_WEIGHT_4_KSI_20291120,PO-000011,"Structural Framing 29' - 0"" | Concrete, Normal Weight - 4 ksi assembly",Grade Beams | L -1 | 591761
591765,STRUCT_FRAME_29_0_CONCRETE_NORMAL_WEIGHT_4_KSI_20291120,PO-000011,"Structural Framing 29' - 0"" | Concrete, Normal Weight - 4 ksi assembly",Grade Beams | L -1 | 591765
635545,STRUCT_FRAME_29_0_CONCRETE_NORMAL_WEIGHT_4_KSI_20291120,PO-000011,"Structural Framing 29' - 0"" | Concrete, Normal Weight - 4 ksi assembly",Grade Beams | L -1 | 635545
635572,STRUCT_FRAME_29_0_CONCRETE_NORMAL_WEIGHT_4_KSI_20291120,PO-000011,"Structural Framing 29' - 0"" | Concrete, Normal Weight - 4 ksi assembly",Grade Beams | L -1 | 635572
635605,STRUCT_FRAME_29_0_CONCRETE_NORMAL_WEIGHT_4_KSI_20291120,PO-000011,"Structural Framing 29' - 0"" | Concrete, Normal Weight - 4 ksi assembly",Grade Beams | L -1 | 635605
670047,STRUCT_FRAME_29_0_CONCRETE_NORMAL_WEIGHT_4_KSI_20291120,PO-000011,"Structural Framing 29' - 0"" | Concrete, Normal Weight - 4 ksi assembly",Grade Beams | L -1 | 670047
620265,STRUCT_FRAME_29_0_CONCRETE_NORMAL_WEIGHT_4_KSI_20291121,PO-000015,"Structural Framing 29' - 0"" | Concrete, Normal Weight - 4 ksi assembly",Grade Beams | L 0 | 620265
671455,STRUCT_FRAME_29_0_CONCRETE_NORMAL_WEIGHT_4_KSI_20291121,PO-000015,"Structural Framing 29' - 0"" | Concrete, Normal Weight - 4 ksi assembly",Grade Beams | L 0 | 671455
607246,STRUCT_FRAME_29_0_STRUCTURAL_BAMBOO_CLB_20291128,PO-000030,"Structural Framing 29' - 0"" | Structural Bamboo (CLB) assembly",Frame: Beams | L 0 | 607246
607366,STRUCT_FRAME_29_0_STRUCTURAL_BAMBOO_CLB_20291128,PO-000030,"Structural Framing 29' - 0"" | Structural Bamboo (CLB) assembly",Frame: Beams | L 0 | 607366
607409,STRUCT_FRAME_29_0_STRUCTURAL_BAMBOO_CLB_20291128,PO-000030,"Structural Framing 29' - 0"" | Structural Bamboo (CLB) assembly",Frame: Beams | L 0 | 607409
607445,STRUCT_FRAME_29_0_STRUCTURAL_BAMBOO_CLB_20291128,PO-000030,"Structural Framing 29' - 0"" | Structural Bamboo (CLB) assembly",Frame: Beams | L 0 | 607445
607483,STRUCT_FRAME_29_0_STRUCTURAL_BAMBOO_CLB_20291128,PO-000030,"Structural Framing 29' - 0"" | Structural Bamboo (CLB) assembly",Frame: Beams | L 0 | 607483
607516,STRUCT_FRAME_29_0_STRUCTURAL_BAMBOO_CLB_20291128,PO-000030,"Structural Framing 29' - 0"" | Structural Bamboo (CLB) assembly",Frame: Beams | L 0 | 607516
671646,STRUCT_FRAME_29_0_STRUCTURAL_BAMBOO_CLB_20291128,PO-000030,"Structural Framing 29' - 0"" | Structural Bamboo (CLB) assembly",Frame: Beams | L 0 | 671646
671736,STRUCT_FRAME_29_0_STRUCTURAL_BAMBOO_CLB_20291128,PO-000030,"Structural Framing 29' - 0"" | Structural Bamboo (CLB) assembly",Frame: Beams | L 0 | 671736
671775,STRUCT_FRAME_29_0_STRUCTURAL_BAMBOO_CLB_20291128,PO-000030,"Structural Framing 29' - 0"" | Structural Bamboo (CLB) assembly",Frame: Beams | L 0 | 671775
672526,STRUCT_FRAME_29_0_STRUCTURAL_BAMBOO_CLB_20291128,PO-000030,"Structural Framing 29' - 0"" | Structural Bamboo (CLB) assembly",Frame: Beams | L 0 | 672526
672824,STRUCT_FRAME_29_0_STRUCTURAL_BAMBOO_CLB_20291128,PO-000030,"Structural Framing 29' - 0"" | Structural Bamboo (CLB) assembly",Frame: Beams | L 0 | 672824
607670,STRUCT_FRAME_29_0_STRUCTURAL_BAMBOO_CLB_20291204,PO-000103,"Structural Framing 29' - 0"" | Structural Bamboo (CLB) assembly",Frame: Beams | L 1 | 607670
607673,STRUCT_FRAME_29_0_STRUCTURAL_BAMBOO_CLB_20291204,PO-000103,"Structural Framing 29' - 0"" | Structural Bamboo (CLB) assembly",Frame: Beams | L 1 | 607673
607674,STRUCT_FRAME_29_0_STRUCTURAL_BAMBOO_CLB_20291204,PO-000103,"Structural Framing 29' - 0"" | Structural Bamboo (CLB) assembly",Frame: Beams | L 1 | 607674
607675,STRUCT_FRAME_29_0_STRUCTURAL_BAMBOO_CLB_20291204,PO-000103,"Structural Framing 29' - 0"" | Structural Bamboo (CLB) assembly",Frame: Beams | L 1 | 607675
607676,STRUCT_FRAME_29_0_STRUCTURAL_BAMBOO_CLB_20291204,PO-000103,"Structural Framing 29' - 0"" | Structural Bamboo (CLB) assembly",Frame: Beams | L 1 | 607676
607677,STRUCT_FRAME_29_0_STRUCTURAL_BAMBOO_CLB_20291204,PO-000103,"Structural Framing 29' - 0"" | Structural Bamboo (CLB) assembly",Frame: Beams | L 1 | 607677
673977,STRUCT_FRAME_29_0_STRUCTURAL_BAMBOO_CLB_20291204,PO-000103,"Structural Framing 29' - 0"" | Structural Bamboo (CLB) assembly",Frame: Beams | L 1 | 673977
674893,STRUCT_FRAME_29_0_STRUCTURAL_BAMBOO_CLB_20291204,PO-000103,"Structural Framing 29' - 0"" | Structural Bamboo (CLB) assembly",Frame: Beams | L 1 | 674893
675283,STRUCT_FRAME_29_0_STRUCTURAL_BAMBOO_CLB_20291204,PO-000103,"Structural Framing 29' - 0"" | Structural Bamboo (CLB) assembly",Frame: Beams | L 1 | 675283
676820,STRUCT_FRAME_29_0_STRUCTURAL_BAMBOO_CLB_20291204,PO-000103,"Structural Framing 29' - 0"" | Structural Bamboo (CLB) assembly",Frame: Beams | L 1 | 676820
677144,STRUCT_FRAME_29_0_STRUCTURAL_BAMBOO_CLB_20291204,PO-000103,"Structural Framing 29' - 0"" | Structural Bamboo (CLB) assembly",Frame: Beams | L 1 | 677144
607684,STRUCT_FRAME_29_0_STRUCTURAL_BAMBOO_CLB_20291211,PO-000277,"Structural Framing 29' - 0"" | Structural Bamboo (CLB) assembly",Frame: Beams | Roof | 607684
607687,STRUCT_FRAME_29_0_STRUCTURAL_BAMBOO_CLB_20291211,PO-000277,"Structural Framing 29' - 0"" | Structural Bamboo (CLB) assembly",Frame: Beams | Roof | 607687
607688,STRUCT_FRAME_29_0_STRUCTURAL_BAMBOO_CLB_20291211,PO-000277,"Structural Framing 29' - 0"" | Structural Bamboo (CLB) assembly",Frame: Beams | Roof | 607688
607689,STRUCT_FRAME_29_0_STRUCTURAL_BAMBOO_CLB_20291211,PO-000277,"Structural Framing 29' - 0"" | Structural Bamboo (CLB) assembly",Frame: Beams | Roof | 607689
607690,STRUCT_FRAME_29_0_STRUCTURAL_BAMBOO_CLB_20291211,PO-000277,"Structural Framing 29' - 0"" | Structural Bamboo (CLB) assembly",Frame: Beams | Roof | 607690
607691,STRUCT_FRAME_29_0_STRUCTURAL_BAMBOO_CLB_20291211,PO-000277,"Structural Framing 29' - 0"" | Structural Bamboo (CLB) assembly",Frame: Beams | Roof | 607691
677462,STRUCT_FRAME_29_0_STRUCTURAL_BAMBOO_CLB_20291211,PO-000277,"Structural Framing 29' - 0"" | Structural Bamboo (CLB) assembly",Frame: Beams | Roof | 677462
677531,STRUCT_FRAME_29_0_STRUCTURAL_BAMBOO_CLB_20291211,PO-000277,"Structural Framing 29' - 0"" | Structural Bamboo (CLB) assembly",Frame: Beams | Roof | 677531
677618,STRUCT_FRAME_29_0_STRUCTURAL_BAMBOO_CLB_20291211,PO-000277,"Structural Framing 29' - 0"" | Structural Bamboo (CLB) assembly",Frame: Beams | Roof | 677618
678180,STRUCT_FRAME_29_0_STRUCTURAL_BAMBOO_CLB_20291211,PO-000277,"Structural Framing 29' - 0"" | Structural Bamboo (CLB) assembly",Frame: Beams | Roof | 678180
681743,STRUCT_FRAME_29_0_STRUCTURAL_BAMBOO_CLB_20291211,PO-000277,"Structural Framing 29' - 0"" | Structural Bamboo (CLB) assembly",Frame: Beams | Roof | 681743
647454,STRUCT_FRAME_29_0_STRUCTURAL_BAMBOO_CLB_20291212,PO-000305,"Structural Framing 29' - 0"" | Structural Bamboo (CLB) assembly",Frame: Beams | Roof | 647454
648230,STRUCT_FRAME_29_0_STRUCTURAL_BAMBOO_CLB_20291212,PO-000305,"Structural Framing 29' - 0"" | Structural Bamboo (CLB) assembly",Frame: Beams | Roof | 648230
648366,STRUCT_FRAME_29_0_STRUCTURAL_BAMBOO_CLB_20291212,PO-000305,"Structural Framing 29' - 0"" | Structural Bamboo (CLB) assembly",Frame: Beams | Roof | 648366
677855,STRUCT_FRAME_29_0_STRUCTURAL_BAMBOO_CLB_20291212,PO-000305,"Structural Framing 29' - 0"" | Structural Bamboo (CLB) assembly",Frame: Beams | Roof | 677855
678054,STRUCT_FRAME_29_0_STRUCTURAL_BAMBOO_CLB_20291212,PO-000305,"Structural Framing 29' - 0"" | Structural Bamboo (CLB) assembly",Frame: Beams | Roof | 678054
679347,STRUCT_FRAME_29_0_STRUCTURAL_BAMBOO_CLB_20291212,PO-000305,"Structural Framing 29' - 0"" | Structural Bamboo (CLB) assembly",Frame: Beams | Roof | 679347
637859,STRUCT_FRAME_29_10_CONCRETE_NORMAL_WEIGHT_4_KSI_20291120,PO-000012,"Structural Framing 29' - 10"" | Concrete, Normal Weight - 4 ksi assembly",Grade Beams | L -1 | 637859
638002,STRUCT_FRAME_29_10_CONCRETE_NORMAL_WEIGHT_4_KSI_20291120,PO-000012,"Structural Framing 29' - 10"" | Concrete, Normal Weight - 4 ksi assembly",Grade Beams | L -1 | 638002
638012,STRUCT_FRAME_29_10_CONCRETE_NORMAL_WEIGHT_4_KSI_20291120,PO-000012,"Structural Framing 29' - 10"" | Concrete, Normal Weight - 4 ksi assembly",Grade Beams | L -1 | 638012
637357,STRUCT_FRAME_29_7_3_8_CONCRETE_NORMAL_WEIGHT_4_KSI_20291121,PO-000016,"Structural Framing 29' - 7 3/8"" | Concrete, Normal Weight - 4 ksi assembly",Grade Beams | L 0 | 637357
637562,STRUCT_FRAME_29_7_3_8_CONCRETE_NORMAL_WEIGHT_4_KSI_20291121,PO-000016,"Structural Framing 29' - 7 3/8"" | Concrete, Normal Weight - 4 ksi assembly",Grade Beams | L 0 | 637562
637572,STRUCT_FRAME_29_7_3_8_CONCRETE_NORMAL_WEIGHT_4_KSI_20291121,PO-000016,"Structural Framing 29' - 7 3/8"" | Concrete, Normal Weight - 4 ksi assembly",Grade Beams | L 0 | 637572
680397,STRUCT_FRAME_3_3_1_2_STRUCTURAL_BAMBOO_CLB_20291212,PO-000306,"Structural Framing 3' - 3 1/2"" | Structural Bamboo (CLB) assembly",Frame: Beams | Roof | 680397
680682,STRUCT_FRAME_3_3_1_2_STRUCTURAL_BAMBOO_CLB_20291212,PO-000306,"Structural Framing 3' - 3 1/2"" | Structural Bamboo (CLB) assembly",Frame: Beams | Roof | 680682
680912,STRUCT_FRAME_3_3_1_2_STRUCTURAL_BAMBOO_CLB_20291212,PO-000306,"Structural Framing 3' - 3 1/2"" | Structural Bamboo (CLB) assembly",Frame: Beams | Roof | 680912
681310,STRUCT_FRAME_3_3_1_2_STRUCTURAL_BAMBOO_CLB_20291212,PO-000306,"Structural Framing 3' - 3 1/2"" | Structural Bamboo (CLB) assembly",Frame: Beams | Roof | 681310
620300,STRUCT_FRAME_58_0_CONCRETE_NORMAL_WEIGHT_4_KSI_20291121,PO-000017,"Structural Framing 58' - 0"" | Concrete, Normal Weight - 4 ksi assembly",Grade Beams | L 0 | 620300
647342,STRUCT_FRAME_58_0_STRUCTURAL_BAMBOO_CLB_20291212,PO-000307,"Structural Framing 58' - 0"" | Structural Bamboo (CLB) assembly",Frame: Beams | Roof | 647342
647379,STRUCT_FRAME_58_0_STRUCTURAL_BAMBOO_CLB_20291212,PO-000307,"Structural Framing 58' - 0"" | Structural Bamboo (CLB) assembly",Frame: Beams | Roof | 647379
647424,STRUCT_FRAME_58_0_STRUCTURAL_BAMBOO_CLB_20291212,PO-000307,"Structural Framing 58' - 0"" | Structural Bamboo (CLB) assembly",Frame: Beams | Roof | 647424
678868,STRUCT_FRAME_6_0_STRUCTURAL_BAMBOO_CLB_20291212,PO-000308,"Structural Framing 6' - 0"" | Structural Bamboo (CLB) assembly",Frame: Beams | Roof | 678868
679076,STRUCT_FRAME_6_0_STRUCTURAL_BAMBOO_CLB_20291212,PO-000308,"Structural Framing 6' - 0"" | Structural Bamboo (CLB) assembly",Frame: Beams | Roof | 679076
691789,STRUCT_FRAME_7_0_CONCRETE_NORMAL_WEIGHT_4_KSI_20291120,PO-000013,"Structural Framing 7' - 0"" | Concrete, Normal Weight - 4 ksi assembly",Grade Beams | L -1 | 691789
672959,STRUCT_FRAME_9_6_STRUCTURAL_BAMBOO_CLB_20291128,PO-000031,"Structural Framing 9' - 6"" | Structural Bamboo (CLB) assembly",Frame: Beams | L 0 | 672959
682112,STRUCT_FRAME_9_6_STRUCTURAL_BAMBOO_CLB_20291128,PO-000031,"Structural Framing 9' - 6"" | Structural Bamboo (CLB) assembly",Frame: Beams | L 0 | 682112
630128,STRUCT_FRAME_9_6_STRUCTURAL_BAMBOO_CLB_20291204,PO-000104,"Structural Framing 9' - 6"" | Structural Bamboo (CLB) assembly",Frame: Beams | L 1 | 630128
