element_id,build_code,task_id,task_name,level,element_key,element_start,element_end
A1070,Install Construction Fencing | Basement / Site | A1070,A1070,Install Construction Fencing,Basement / Site,Non-BIM:A1070,2029-10-01T09:00:00,2029-10-04T11:00:00
A1080,Install Site Office & Welfare Units | Basement / Site | A1080,A1080,Install Site Office & Welfare Units,Basement / Site,Non-BIM:A1080,2029-10-04T11:00:00,2029-10-10T14:00:00
A1090,Temporary Water Installation | Basement / Site | A1090,A1090,Temporary Water Installation,Basement / Site,Non-BIM:A1090,2029-10-04T11:00:00,2029-10-09T13:00:00
A1100,Temporary Power Installation | Basement / Site | A1100,A1100,Temporary Power Installation,Basement / Site,Non-BIM:A1100,2029-10-04T11:00:00,2029-10-10T14:00:00
A1110,Tree Removal & Clearing | Basement / Site | A1110,A1110,Tree Removal & Clearing,Basement / Site,Non-BIM:A1110,2029-10-04T11:00:00,2029-10-11T15:00:00
A1120,Bleacher Demolition | Basement / Site | A1120,A1120,Bleacher Demolition,Basement / Site,Non-BIM:A1120,2029-10-04T11:00:00,2029-10-15T17:00:00
A1140,Crane Pad Construction | Basement / Site | A1140,A1140,Crane Pad Construction,Basement / Site,Non-BIM:A1140,2029-10-04T11:00:00,2029-10-11T15:00:00
A1150,Laydown Area Preparation | Basement / Site | A1150,A1150,Laydown Area Preparation,Basement / Site,Non-BIM:A1150,2029-10-16T09:00:00,2029-10-16T17:00:00
A1170,Full Basement Excavation | Basement / Site | A1170,A1170,Full Basement Excavation,Basement / Site,Non-BIM:A1170,2029-10-17T09:00:00,2029-10-26T15:00:00
A1180,Shoring / Stabilization | Basement / Site | A1180,A1180,Shoring / Stabilization,Basement / Site,Non-BIM:A1180,2029-10-26T15:00:00,2029-11-05T11:00:00
A1190,Subgrade Preparation | Basement / Site | A1190,A1190,Subgrade Preparation,Basement / Site,Non-BIM:A1190,2029-11-05T11:00:00,2029-11-09T14:00:00
591553,Footings - Form/Rebar/Pour | L -1 | 591553,A1200,Footings - Form/Rebar/Pour,L -1,Structural_Schedule.csv:591553,2029-11-09T14:00:00,2029-11-09T14:06:24
624539,Footings - Form/Rebar/Pour | L -1 | 624539,A1200,Footings - Form/Rebar/Pour,L -1,Structural_Schedule.csv:624539,2029-11-09T14:06:24,2029-11-09T14:12:48
638123,Footings - Form/Rebar/Pour | L -1 | 638123,A1200,Footings - Form/Rebar/Pour,L -1,Structural_Schedule.csv:638123,2029-11-09T14:12:48,2029-11-09T14:19:12
624760,Footings - Form/Rebar/Pour | L -1 | 624760,A1200,Footings - Form/Rebar/Pour,L -1,Structural_Schedule.csv:624760,2029-11-09T14:19:12,2029-11-09T14:25:36
591551,Footings - Form/Rebar/Pour | L -1 | 591551,A1200,Footings - Form/Rebar/Pour,L -1,Structural_Schedule.csv:591551,2029-11-09T14:25:36,2029-11-09T14:32:00
624849,Footings - Form/Rebar/Pour | L -1 | 624849,A1200,Footings - Form/Rebar/Pour,L -1,Structural_Schedule.csv:624849,2029-11-09T14:32:00,2029-11-09T14:38:24
591550,Footings - Form/Rebar/Pour | L -1 | 591550,A1200,Footings - Form/Rebar/Pour,L -1,Structural_Schedule.csv:591550,2029-11-09T14:38:24,2029-11-09T14:44:48
624938,Footings - Form/Rebar/Pour | L -1 | 624938,A1200,Footings - Form/Rebar/Pour,L -1,Structural_Schedule.csv:624938,2029-11-09T14:44:48,2029-11-09T14:51:12
591549,Footings - Form/Rebar/Pour | L -1 | 591549,A1200,Footings - Form/Rebar/Pour,L -1,Structural_Schedule.csv:591549,2029-11-09T14:51:12,2029-11-09T14:57:36
633768,Footings - Form/Rebar/Pour | L -1 | 633768,A1200,Footings - Form/Rebar/Pour,L -1,Structural_Schedule.csv:633768,2029-11-09T14:57:36,2029-11-09T15:04:00
591548,Footings - Form/Rebar/Pour | L -1 | 591548,A1200,Footings - Form/Rebar/Pour,L -1,Structural_Schedule.csv:591548,2029-11-09T15:04:00,2029-11-09T15:10:24
635246,Footings - Form/Rebar/Pour | L -1 | 635246,A1200,Footings - Form/Rebar/Pour,L -1,Structural_Schedule.csv:635246,2029-11-09T15:10:24,2029-11-09T15:16:48
625595,Footings - Form/Rebar/Pour | L -1 | 625595,A1200,Footings - Form/Rebar/Pour,L -1,Structural_Schedule.csv:625595,2029-11-09T15:16:48,2029-11-09T15:23:12
591546,Footings - Form/Rebar/Pour | L -1 | 591546,A1200,Footings - Form/Rebar/Pour,L -1,Structural_Schedule.csv:591546,2029-11-09T15:23:12,2029-11-09T15:29:36
623957,Footings - Form/Rebar/Pour | L -1 | 623957,A1200,Footings - Form/Rebar/Pour,L -1,Structural_Schedule.csv:623957,2029-11-09T15:29:36,2029-11-09T15:36:00
591545,Footings - Form/Rebar/Pour | L -1 | 591545,A1200,Footings - Form/Rebar/Pour,L -1,Structural_Schedule.csv:591545,2029-11-09T15:36:00,2029-11-09T15:42:24
624038,Footings - Form/Rebar/Pour | L -1 | 624038,A1200,Footings - Form/Rebar/Pour,L -1,Structural_Schedule.csv:624038,2029-11-09T15:42:24,2029-11-09T15:48:48
591544,Footings - Form/Rebar/Pour | L -1 | 591544,A1200,Footings - Form/Rebar/Pour,L -1,Structural_Schedule.csv:591544,2029-11-09T15:48:48,2029-11-09T15:55:12
625307,Footings - Form/Rebar/Pour | L -1 | 625307,A1200,Footings - Form/Rebar/Pour,L -1,Structural_Schedule.csv:625307,2029-11-09T15:55:12,2029-11-09T16:01:36
633719,Footings - Form/Rebar/Pour | L -1 | 633719,A1200,Footings - Form/Rebar/Pour,L -1,Structural_Schedule.csv:633719,2029-11-09T16:01:36,2029-11-09T16:08:00
591543,Footings - Form/Rebar/Pour | L -1 | 591543,A1200,Footings - Form/Rebar/Pour,L -1,Structural_Schedule.csv:591543,2029-11-09T16:08:00,2029-11-09T16:14:24
624304,Footings - Form/Rebar/Pour | L -1 | 624304,A1200,Footings - Form/Rebar/Pour,L -1,Structural_Schedule.csv:624304,2029-11-09T16:14:24,2029-11-09T16:20:48
591542,Footings - Form/Rebar/Pour | L -1 | 591542,A1200,Footings - Form/Rebar/Pour,L -1,Structural_Schedule.csv:591542,2029-11-09T16:20:48,2029-11-09T16:27:12
624107,Footings - Form/Rebar/Pour | L -1 | 624107,A1200,Footings - Form/Rebar/Pour,L -1,Structural_Schedule.csv:624107,2029-11-09T16:27:12,2029-11-09T16:33:36
625298,Footings - Form/Rebar/Pour | L -1 | 625298,A1200,Footings - Form/Rebar/Pour,L -1,Structural_Schedule.csv:625298,2029-11-09T16:33:36,2029-11-09T16:40:00
624371,Footings - Form/Rebar/Pour | L -1 | 624371,A1200,Footings - Form/Rebar/Pour,L -1,Structural_Schedule.csv:624371,2029-11-09T16:40:00,2029-11-09T16:46:24
625295,Footings - Form/Rebar/Pour | L -1 | 625295,A1200,Footings - Form/Rebar/Pour,L -1,Structural_Schedule.csv:625295,2029-11-09T16:46:24,2029-11-09T16:52:48
624492,Footings - Form/Rebar/Pour | L -1 | 624492,A1200,Footings - Form/Rebar/Pour,L -1,Structural_Schedule.csv:624492,2029-11-09T16:52:48,2029-11-09T16:59:12
625308,Footings - Form/Rebar/Pour | L -1 | 625308,A1200,Footings - Form/Rebar/Pour,L -1,Structural_Schedule.csv:625308,2029-11-12T09:00:00,2029-11-12T09:06:24
591538,Footings - Form/Rebar/Pour | L 0 | 591538,A1200,Footings - Form/Rebar/Pour,L 0,Structural_Schedule.csv:591538,2029-11-12T09:06:24,2029-11-12T09:12:48
591537,Footings - Form/Rebar/Pour | L 0 | 591537,A1200,Footings - Form/Rebar/Pour,L 0,Structural_Schedule.csv:591537,2029-11-12T09:12:48,2029-11-12T09:19:12
591535,Footings - Form/Rebar/Pour | L 0 | 591535,A1200,Footings - Form/Rebar/Pour,L 0,Structural_Schedule.csv:591535,2029-11-12T09:19:12,2029-11-12T09:25:36
594845,Footings - Form/Rebar/Pour | L 0 | 594845,A1200,Footings - Form/Rebar/Pour,L 0,Structural_Schedule.csv:594845,2029-11-12T09:25:36,2029-11-12T09:32:00
591536,Footings - Form/Rebar/Pour | L 0 | 591536,A1200,Footings - Form/Rebar/Pour,L 0,Structural_Schedule.csv:591536,2029-11-12T09:32:00,2029-11-12T09:38:24
618153,Footings - Form/Rebar/Pour | Unassigned | 618153,A1200,Footings - Form/Rebar/Pour,Unassigned,Structural_Schedule.csv:618153,2029-11-12T09:38:24,2029-11-12T10:38:24
591742,Grade Beams | L -1 | 591742,A1210,Grade Beams,L -1,Structural_Schedule.csv:591742,2029-11-19T13:45:51.600000,2029-11-19T14:05:49.920000
591743,Grade Beams | L -1 | 591743,A1210,Grade Beams,L -1,Structural_Schedule.csv:591743,2029-11-19T14:05:49.920000,2029-11-19T14:25:23.280000
591744,Grade Beams | L -1 | 591744,A1210,Grade Beams,L -1,Structural_Schedule.csv:591744,2029-11-19T14:25:23.280000,2029-11-19T14:44:56.640000
591745,Grade Beams | L -1 | 591745,A1210,Grade Beams,L -1,Structural_Schedule.csv:591745,2029-11-19T14:44:56.640000,2029-11-19T15:04:30
635522,Grade Beams | L -1 | 635522,A1210,Grade Beams,L -1,Structural_Schedule.csv:635522,2029-11-19T15:04:30,2029-11-19T15:19:40.320000
591751,Grade Beams | L -1 | 591751,A1210,Grade Beams,L -1,Structural_Schedule.csv:591751,2029-11-19T15:19:40.320000,2029-11-19T15:39:20.880000
669594,Grade Beams | L -1 | 669594,A1210,Grade Beams,L -1,Structural_Schedule.csv:669594,2029-11-19T15:39:20.880000,2029-11-19T15:59:01.440000
591759,Grade Beams | L -1 | 591759,A1210,Grade Beams,L -1,Structural_Schedule.csv:591759,2029-11-19T15:59:01.440000,2029-11-19T16:18:42
669708,Grade Beams | L -1 | 669708,A1210,Grade Beams,L -1,Structural_Schedule.csv:669708,2029-11-19T16:18:42,2029-11-19T16:38:22.560000
591766,Grade Beams | L -1 | 591766,A1210,Grade Beams,L -1,Structural_Schedule.csv:591766,2029-11-19T16:38:22.560000,2029-11-19T16:58:03.120000
670047,Grade Beams | L -1 | 670047,A1210,Grade Beams,L -1,Structural_Schedule.csv:670047,2029-11-20T09:00:00,2029-11-20T09:19:40.560000
591755,Grade Beams | L -1 | 591755,A1210,Grade Beams,L -1,Structural_Schedule.csv:591755,2029-11-20T09:19:40.560000,2029-11-20T09:39:21.120000
591761,Grade Beams | L -1 | 591761,A1210,Grade Beams,L -1,Structural_Schedule.csv:591761,2029-11-20T09:39:21.120000,2029-11-20T09:59:53.040000
691789,Grade Beams | L -1 | 691789,A1210,Grade Beams,L -1,Structural_Schedule.csv:691789,2029-11-20T09:59:53.040000,2029-11-20T10:03:51.360000
688927,Grade Beams | L -1 | 688927,A1210,Grade Beams,L -1,Structural_Schedule.csv:688927,2029-11-20T10:03:51.360000,2029-11-20T10:13:32.640000
591741,Grade Beams | L -1 | 591741,A1210,Grade Beams,L -1,Structural_Schedule.csv:591741,2029-11-20T10:13:32.640000,2029-11-20T10:23:44.160000
688597,Grade Beams | L -1 | 688597,A1210,Grade Beams,L -1,Structural_Schedule.csv:688597,2029-11-20T10:23:44.160000,2029-11-20T10:33:05.999999999
591740,Grade Beams | L -1 | 591740,A1210,Grade Beams,L -1,Structural_Schedule.csv:591740,2029-11-20T10:33:05.999999999,2029-11-20T10:43:05.039999999
690052,Grade Beams | L -1 | 690052,A1210,Grade Beams,L -1,Structural_Schedule.csv:690052,2029-11-20T10:43:05.039999999,2029-11-20T10:52:26.879999998
591739,Grade Beams | L -1 | 591739,A1210,Grade Beams,L -1,Structural_Schedule.csv:591739,2029-11-20T10:52:26.879999998,2029-11-20T11:02:13.439999998
591738,Grade Beams | L -1 | 591738,A1210,Grade Beams,L -1,Structural_Schedule.csv:591738,2029-11-20T11:02:13.439999998,2029-11-20T11:22:23.999999998
670564,Grade Beams | L -1 | 670564,A1210,Grade Beams,L -1,Structural_Schedule.csv:670564,2029-11-20T11:22:23.999999998,2029-11-20T11:31:45.839999997
691156,Grade Beams | L -1 | 691156,A1210,Grade Beams,L -1,Structural_Schedule.csv:691156,2029-11-20T11:31:45.839999997,2029-11-20T11:41:07.679999996
591758,Grade Beams | L -1 | 591758,A1210,Grade Beams,L -1,Structural_Schedule.csv:591758,2029-11-20T11:41:07.679999996,2029-11-20T12:01:00.479999996
591750,Grade Beams | L -1 | 591750,A1210,Grade Beams,L -1,Structural_Schedule.csv:591750,2029-11-20T12:01:00.479999996,2029-11-20T12:20:41.039999996
635633,Grade Beams | L -1 | 635633,A1210,Grade Beams,L -1,Structural_Schedule.csv:635633,2029-11-20T12:20:41.039999996,2029-11-20T12:30:27.599999996
635545,Grade Beams | L -1 | 635545,A1210,Grade Beams,L -1,Structural_Schedule.csv:635545,2029-11-20T12:30:27.599999996,2029-11-20T12:50:08.159999996
635572,Grade Beams | L -1 | 635572,A1210,Grade Beams,L -1,Structural_Schedule.csv:635572,2029-11-20T12:50:08.159999996,2029-11-20T13:09:48.719999996
591765,Grade Beams | L -1 | 591765,A1210,Grade Beams,L -1,Structural_Schedule.csv:591765,2029-11-20T13:09:48.719999996,2029-11-20T13:29:32.159999996
635605,Grade Beams | L -1 | 635605,A1210,Grade Beams,L -1,Structural_Schedule.csv:635605,2029-11-20T13:29:32.159999996,2029-11-20T13:49:12.719999996
591754,Grade Beams | L -1 | 591754,A1210,Grade Beams,L -1,Structural_Schedule.csv:591754,2029-11-20T13:49:12.719999996,2029-11-20T14:09:11.039999996
591760,Grade Beams | L -1 | 591760,A1210,Grade Beams,L -1,Structural_Schedule.csv:591760,2029-11-20T14:09:11.039999996,2029-11-20T14:18:57.599999996
691023,Grade Beams | L -1 | 691023,A1210,Grade Beams,L -1,Structural_Schedule.csv:691023,2029-11-20T14:18:57.599999996,2029-11-20T14:28:19.439999995
591746,Grade Beams | L -1 | 591746,A1210,Grade Beams,L -1,Structural_Schedule.csv:591746,2029-11-20T14:28:19.439999995,2029-11-20T14:48:17.759999995
591747,Grade Beams | L -1 | 591747,A1210,Grade Beams,L -1,Structural_Schedule.csv:591747,2029-11-20T14:48:17.759999995,2029-11-20T15:07:51.119999995
591748,Grade Beams | L -1 | 591748,A1210,Grade Beams,L -1,Structural_Schedule.csv:591748,2029-11-20T15:07:51.119999995,2029-11-20T15:17:37.679999995
694397,Grade Beams | L -1 | 694397,A1210,Grade Beams,L -1,Structural_Schedule.csv:694397,2029-11-20T15:17:37.679999995,2029-11-20T15:27:11.999999995
594720,Grade Beams | L -1 | 594720,A1210,Grade Beams,L -1,Structural_Schedule.csv:594720,2029-11-20T15:27:11.999999995,2029-11-20T15:28:11.999999995
618215,Grade Beams | L -1 | 618215,A1210,Grade Beams,L -1,Structural_Schedule.csv:618215,2029-11-20T15:28:11.999999995,2029-11-20T15:38:07.919999995
695171,Grade Beams | L -1 | 695171,A1210,Grade Beams,L -1,Structural_Schedule.csv:695171,2029-11-20T15:38:07.919999995,2029-11-20T15:47:42.239999995
637859,Grade Beams | L -1 | 637859,A1210,Grade Beams,L -1,Structural_Schedule.csv:637859,2029-11-20T15:47:42.239999995,2029-11-20T16:07:51.119999995
638002,Grade Beams | L -1 | 638002,A1210,Grade Beams,L -1,Structural_Schedule.csv:638002,2029-11-20T16:07:51.119999995,2029-11-20T16:27:47.759999994
638012,Grade Beams | L -1 | 638012,A1210,Grade Beams,L -1,Structural_Schedule.csv:638012,2029-11-20T16:27:47.759999994,2029-11-20T16:47:50.879999994
620300,Grade Beams | L 0 | 620300,A1210,Grade Beams,L 0,Structural_Schedule.csv:620300,2029-11-21T09:00:00,2029-11-21T09:40:31.200000
637562,Grade Beams | L 0 | 637562,A1210,Grade Beams,L 0,Structural_Schedule.csv:637562,2029-11-21T09:40:31.200000,2029-11-21T10:00:43.920000
637357,Grade Beams | L 0 | 637357,A1210,Grade Beams,L 0,Structural_Schedule.csv:637357,2029-11-21T10:00:43.920000,2029-11-21T10:20:51.600000
637572,Grade Beams | L 0 | 637572,A1210,Grade Beams,L 0,Structural_Schedule.csv:637572,2029-11-21T10:20:51.600000,2029-11-21T10:41:04.320000
620265,Grade Beams | L 0 | 620265,A1210,Grade Beams,L 0,Structural_Schedule.csv:620265,2029-11-21T10:41:04.320000,2029-11-21T11:00:58.080000
671455,Grade Beams | L 0 | 671455,A1210,Grade Beams,L 0,Structural_Schedule.csv:671455,2029-11-21T11:00:58.080000,2029-11-21T11:20:51.840000
617799,Basement Retaining Walls | L -1 | 617799,A1220,Basement Retaining Walls,L -1,Architecture_TakeOff.csv:617799,2029-11-12T09:00:00,2029-11-12T12:40:24
A1230,Waterproofing & Drainage | Basement / Site | A1230,A1230,Waterproofing & Drainage,Basement / Site,Non-BIM:A1230,2029-11-19T12:40:24,2029-11-26T16:40:23.999999999
611089,Basement Slab on Grade | L 0 | 611089,A1240,Basement Slab on Grade,L 0,Structural_Schedule.csv:611089,2029-11-21T11:20:51.840000,2029-11-22T14:39:56.880000
A1250,Underground Utilities | Basement / Site | A1250,A1250,Underground Utilities,Basement / Site,Non-BIM:A1250,2029-11-26T16:40:23.999999999,2029-12-06T14:40:23.999999999
A1260,Backfill & Compaction | Basement / Site | A1260,A1260,Backfill & Compaction,Basement / Site,Non-BIM:A1260,2029-12-06T14:40:23.999999999,2029-12-14T10:40:23.999999999
622214,Foundational Columns | L -1 | 622214,A1270,Foundational Columns,L -1,Structural_Schedule.csv:622214,2029-11-19T12:40:24,2029-11-19T12:42:00
622212,Foundational Columns | L -1 | 622212,A1270,Foundational Columns,L -1,Structural_Schedule.csv:622212,2029-11-19T12:42:00,2029-11-19T12:43:36
638122,Foundational Columns | L -1 | 638122,A1270,Foundational Columns,L -1,Structural_Schedule.csv:638122,2029-11-19T12:43:36,2029-11-19T12:45:12
622209,Foundational Columns | L -1 | 622209,A1270,Foundational Columns,L -1,Structural_Schedule.csv:622209,2029-11-19T12:45:12,2029-11-19T12:46:48
622206,Foundational Columns | L -1 | 622206,A1270,Foundational Columns,L -1,Structural_Schedule.csv:622206,2029-11-19T12:46:48,2029-11-19T12:48:24
622203,Foundational Columns | L -1 | 622203,A1270,Foundational Columns,L -1,Structural_Schedule.csv:622203,2029-11-19T12:48:24,2029-11-19T12:50:00
622200,Foundational Columns | L -1 | 622200,A1270,Foundational Columns,L -1,Structural_Schedule.csv:622200,2029-11-19T12:50:00,2029-11-19T12:51:36
622197,Foundational Columns | L -1 | 622197,A1270,Foundational Columns,L -1,Structural_Schedule.csv:622197,2029-11-19T12:51:36,2029-11-19T12:53:12
622194,Foundational Columns | L -1 | 622194,A1270,Foundational Columns,L -1,Structural_Schedule.csv:622194,2029-11-19T12:53:12,2029-11-19T12:54:48
634191,Foundational Columns | L -1 | 634191,A1270,Foundational Columns,L -1,Structural_Schedule.csv:634191,2029-11-19T12:54:48,2029-11-19T12:56:24
622213,Foundational Columns | L -1 | 622213,A1270,Foundational Columns,L -1,Structural_Schedule.csv:622213,2029-11-19T12:56:24,2029-11-19T12:58:00
634794,Foundational Columns | L -1 | 634794,A1270,Foundational Columns,L -1,Structural_Schedule.csv:634794,2029-11-19T12:58:00,2029-11-19T12:59:36
622208,Foundational Columns | L -1 | 622208,A1270,Foundational Columns,L -1,Structural_Schedule.csv:622208,2029-11-19T12:59:36,2029-11-19T13:01:12
622205,Foundational Columns | L -1 | 622205,A1270,Foundational Columns,L -1,Structural_Schedule.csv:622205,2029-11-19T13:01:12,2029-11-19T13:02:48
622202,Foundational Columns | L -1 | 622202,A1270,Foundational Columns,L -1,Structural_Schedule.csv:622202,2029-11-19T13:02:48,2029-11-19T13:04:24
622199,Foundational Columns | L -1 | 622199,A1270,Foundational Columns,L -1,Structural_Schedule.csv:622199,2029-11-19T13:04:24,2029-11-19T13:06:00
622196,Foundational Columns | L -1 | 622196,A1270,Foundational Columns,L -1,Structural_Schedule.csv:622196,2029-11-19T13:06:00,2029-11-19T13:07:36
622193,Foundational Columns | L -1 | 622193,A1270,Foundational Columns,L -1,Structural_Schedule.csv:622193,2029-11-19T13:07:36,2029-11-19T13:09:12
622918,Foundational Columns | L -1 | 622918,A1270,Foundational Columns,L -1,Structural_Schedule.csv:622918,2029-11-19T13:09:12,2029-11-19T13:10:48
634277,Foundational Columns | L -1 | 634277,A1270,Foundational Columns,L -1,Structural_Schedule.csv:634277,2029-11-19T13:10:48,2029-11-19T13:12:24
621063,Foundational Columns | L -1 | 621063,A1270,Foundational Columns,L -1,Structural_Schedule.csv:621063,2029-11-19T13:12:24,2029-11-19T13:14:00
622210,Foundational Columns | L -1 | 622210,A1270,Foundational Columns,L -1,Structural_Schedule.csv:622210,2029-11-19T13:14:00,2029-11-19T13:15:36
621150,Foundational Columns | L -1 | 621150,A1270,Foundational Columns,L -1,Structural_Schedule.csv:621150,2029-11-19T13:15:36,2029-11-19T13:17:12
622207,Foundational Columns | L -1 | 622207,A1270,Foundational Columns,L -1,Structural_Schedule.csv:622207,2029-11-19T13:17:12,2029-11-19T13:18:48
622204,Foundational Columns | L -1 | 622204,A1270,Foundational Columns,L -1,Structural_Schedule.csv:622204,2029-11-19T13:18:48,2029-11-19T13:20:24
622201,Foundational Columns | L -1 | 622201,A1270,Foundational Columns,L -1,Structural_Schedule.csv:622201,2029-11-19T13:20:24,2029-11-19T13:22:00
622198,Foundational Columns | L -1 | 622198,A1270,Foundational Columns,L -1,Structural_Schedule.csv:622198,2029-11-19T13:22:00,2029-11-19T13:23:36
622195,Foundational Columns | L -1 | 622195,A1270,Foundational Columns,L -1,Structural_Schedule.csv:622195,2029-11-19T13:23:36,2029-11-19T13:25:12
622192,Foundational Columns | L -1 | 622192,A1270,Foundational Columns,L -1,Structural_Schedule.csv:622192,2029-11-19T13:25:12,2029-11-19T13:26:48
612945,Foundational Columns | L -1 | 612945,A1270,Foundational Columns,L -1,Structural_Schedule.csv:612945,2029-11-19T13:26:48,2029-11-19T13:32:14.640000
612178,Foundational Columns | L -1 | 612178,A1270,Foundational Columns,L -1,Structural_Schedule.csv:612178,2029-11-19T13:32:14.640000,2029-11-19T13:37:41.280000
611709,Foundational Columns | L -1 | 611709,A1270,Foundational Columns,L -1,Structural_Schedule.csv:611709,2029-11-19T13:37:41.280000,2029-11-19T13:40:24.720000
611833,Foundational Columns | L -1 | 611833,A1270,Foundational Columns,L -1,Structural_Schedule.csv:611833,2029-11-19T13:40:24.720000,2029-11-19T13:43:08.160000
611868,Foundational Columns | L -1 | 611868,A1270,Foundational Columns,L -1,Structural_Schedule.csv:611868,2029-11-19T13:43:08.160000,2029-11-19T13:45:51.600000
655593,Rocking Walls | L -1 | 655593,A1280,Rocking Walls,L -1,Architecture_TakeOff.csv:655593,2029-11-22T14:39:56.880000,2029-11-22T15:39:56.880000
643659,Rocking Walls | L -1 | 643659,A1280,Rocking Walls,L -1,Architecture_TakeOff.csv:643659,2029-11-22T15:39:56.880000,2029-11-22T16:39:56.880000
655203,Rocking Walls | L -1 | 655203,A1280,Rocking Walls,L -1,Architecture_TakeOff.csv:655203,2029-11-23T09:00:00,2029-11-23T10:00:00
628402,Rocking Walls | L -1 | 628402,A1280,Rocking Walls,L -1,Architecture_TakeOff.csv:628402,2029-11-23T10:00:00,2029-11-23T11:00:00
653505,Rocking Walls | L -1 | 653505,A1280,Rocking Walls,L -1,Architecture_TakeOff.csv:653505,2029-11-23T11:00:00,2029-11-23T12:00:00
653366,Rocking Walls | L -1 | 653366,A1280,Rocking Walls,L -1,Architecture_TakeOff.csv:653366,2029-11-23T12:00:00,2029-11-23T13:00:00
652180,Rocking Walls | L -1 | 652180,A1280,Rocking Walls,L -1,Architecture_TakeOff.csv:652180,2029-11-23T13:00:00,2029-11-23T14:00:00
654074,Rocking Walls | L -1 | 654074,A1280,Rocking Walls,L -1,Architecture_TakeOff.csv:654074,2029-11-23T14:00:00,2029-11-23T15:00:00
628147,Rocking Walls | L -1 | 628147,A1280,Rocking Walls,L -1,Architecture_TakeOff.csv:628147,2029-11-23T15:00:00,2029-11-23T16:00:00
627659,Rocking Walls | L -1 | 627659,A1280,Rocking Walls,L -1,Architecture_TakeOff.csv:627659,2029-11-23T16:00:00,2029-11-23T17:00:00
642502,Rocking Walls | L -1 | 642502,A1280,Rocking Walls,L -1,Architecture_TakeOff.csv:642502,2029-11-26T09:00:00,2029-11-26T10:00:00
628399,Rocking Walls | L -1 | 628399,A1280,Rocking Walls,L -1,Architecture_TakeOff.csv:628399,2029-11-26T10:00:00,2029-11-26T11:00:00
628386,Rocking Walls | L -1 | 628386,A1280,Rocking Walls,L -1,Architecture_TakeOff.csv:628386,2029-11-26T11:00:00,2029-11-26T12:00:00
627014,Rocking Walls | L 0 | 627014,A1280,Rocking Walls,L 0,Architecture_TakeOff.csv:627014,2029-11-26T12:00:00,2029-11-26T13:00:00
626730,Rocking Walls | L 0 | 626730,A1280,Rocking Walls,L 0,Architecture_TakeOff.csv:626730,2029-11-26T13:00:00,2029-11-26T14:00:00
626606,Rocking Walls | L 0 | 626606,A1280,Rocking Walls,L 0,Architecture_TakeOff.csv:626606,2029-11-26T14:00:00,2029-11-26T15:00:00
626864,Rocking Walls | L 0 | 626864,A1280,Rocking Walls,L 0,Architecture_TakeOff.csv:626864,2029-11-26T15:00:00,2029-11-26T16:00:00
602808,Frame: Columns | L -1 | 602808,A1330,Frame: Columns,L -1,Structural_Schedule.csv:602808,2029-11-26T16:00:00,2029-11-26T16:20:00
602805,Frame: Columns | L -1 | 602805,A1330,Frame: Columns,L -1,Structural_Schedule.csv:602805,2029-11-26T16:20:00,2029-11-26T16:40:00
602802,Frame: Columns | L -1 | 602802,A1330,Frame: Columns,L -1,Structural_Schedule.csv:602802,2029-11-26T16:40:00,2029-11-26T17:00:00
602799,Frame: Columns | L -1 | 602799,A1330,Frame: Columns,L -1,Structural_Schedule.csv:602799,2029-11-27T09:00:00,2029-11-27T09:20:00
602796,Frame: Columns | L -1 | 602796,A1330,Frame: Columns,L -1,Structural_Schedule.csv:602796,2029-11-27T09:20:00,2029-11-27T09:40:00
602793,Frame: Columns | L -1 | 602793,A1330,Frame: Columns,L -1,Structural_Schedule.csv:602793,2029-11-27T09:40:00,2029-11-27T10:00:00
602790,Frame: Columns | L -1 | 602790,A1330,Frame: Columns,L -1,Structural_Schedule.csv:602790,2029-11-27T10:00:00,2029-11-27T10:20:00
602787,Frame: Columns | L -1 | 602787,A1330,Frame: Columns,L -1,Structural_Schedule.csv:602787,2029-11-27T10:20:00,2029-11-27T10:40:00
602784,Frame: Columns | L -1 | 602784,A1330,Frame: Columns,L -1,Structural_Schedule.csv:602784,2029-11-27T10:40:00,2029-11-27T11:00:00
602804,Frame: Columns | L -1 | 602804,A1330,Frame: Columns,L -1,Structural_Schedule.csv:602804,2029-11-27T11:00:00,2029-11-27T11:20:00
602807,Frame: Columns | L -1 | 602807,A1330,Frame: Columns,L -1,Structural_Schedule.csv:602807,2029-11-27T11:20:00,2029-11-27T11:40:00
602798,Frame: Columns | L -1 | 602798,A1330,Frame: Columns,L -1,Structural_Schedule.csv:602798,2029-11-27T11:40:00,2029-11-27T12:00:00
602795,Frame: Columns | L -1 | 602795,A1330,Frame: Columns,L -1,Structural_Schedule.csv:602795,2029-11-27T12:00:00,2029-11-27T12:20:00
602792,Frame: Columns | L -1 | 602792,A1330,Frame: Columns,L -1,Structural_Schedule.csv:602792,2029-11-27T12:20:00,2029-11-27T12:40:00
602789,Frame: Columns | L -1 | 602789,A1330,Frame: Columns,L -1,Structural_Schedule.csv:602789,2029-11-27T12:40:00,2029-11-27T13:00:00
602786,Frame: Columns | L -1 | 602786,A1330,Frame: Columns,L -1,Structural_Schedule.csv:602786,2029-11-27T13:00:00,2029-11-27T13:20:00
602783,Frame: Columns | L -1 | 602783,A1330,Frame: Columns,L -1,Structural_Schedule.csv:602783,2029-11-27T13:20:00,2029-11-27T13:40:00
603849,Frame: Columns | L -1 | 603849,A1330,Frame: Columns,L -1,Structural_Schedule.csv:603849,2029-11-27T13:40:00,2029-11-27T14:00:00
644661,Frame: Columns | L -1 | 644661,A1330,Frame: Columns,L -1,Structural_Schedule.csv:644661,2029-11-27T14:00:00,2029-11-27T14:20:00
657746,Frame: Columns | L -1 | 657746,A1330,Frame: Columns,L -1,Structural_Schedule.csv:657746,2029-11-27T14:20:00,2029-11-27T14:40:00
657251,Frame: Columns | L -1 | 657251,A1330,Frame: Columns,L -1,Structural_Schedule.csv:657251,2029-11-27T14:40:00,2029-11-27T15:00:00
656461,Frame: Columns | L -1 | 656461,A1330,Frame: Columns,L -1,Structural_Schedule.csv:656461,2029-11-27T15:00:00,2029-11-27T15:20:00
656462,Frame: Columns | L -1 | 656462,A1330,Frame: Columns,L -1,Structural_Schedule.csv:656462,2029-11-27T15:20:00,2029-11-27T15:40:00
602794,Frame: Columns | L -1 | 602794,A1330,Frame: Columns,L -1,Structural_Schedule.csv:602794,2029-11-27T15:40:00,2029-11-27T16:00:00
602797,Frame: Columns | L -1 | 602797,A1330,Frame: Columns,L -1,Structural_Schedule.csv:602797,2029-11-27T16:00:00,2029-11-27T16:20:00
602800,Frame: Columns | L -1 | 602800,A1330,Frame: Columns,L -1,Structural_Schedule.csv:602800,2029-11-27T16:20:00,2029-11-27T16:40:00
602803,Frame: Columns | L -1 | 602803,A1330,Frame: Columns,L -1,Structural_Schedule.csv:602803,2029-11-27T16:40:00,2029-11-27T17:00:00
602806,Frame: Columns | L -1 | 602806,A1330,Frame: Columns,L -1,Structural_Schedule.csv:602806,2029-11-28T09:00:00,2029-11-28T09:20:00
604409,Frame: Columns | L 0 | 604409,A1330,Frame: Columns,L 0,Structural_Schedule.csv:604409,2029-12-03T09:00:00,2029-12-03T09:20:00
604408,Frame: Columns | L 0 | 604408,A1330,Frame: Columns,L 0,Structural_Schedule.csv:604408,2029-12-03T09:20:00,2029-12-03T09:40:00
604359,Frame: Columns | L 0 | 604359,A1330,Frame: Columns,L 0,Structural_Schedule.csv:604359,2029-12-03T09:40:00,2029-12-03T10:00:00
604357,Frame: Columns | L 0 | 604357,A1330,Frame: Columns,L 0,Structural_Schedule.csv:604357,2029-12-03T10:00:00,2029-12-03T10:20:00
604407,Frame: Columns | L 0 | 604407,A1330,Frame: Columns,L 0,Structural_Schedule.csv:604407,2029-12-03T10:20:00,2029-12-03T10:40:00
604406,Frame: Columns | L 0 | 604406,A1330,Frame: Columns,L 0,Structural_Schedule.csv:604406,2029-12-03T10:40:00,2029-12-03T11:00:00
604350,Frame: Columns | L 0 | 604350,A1330,Frame: Columns,L 0,Structural_Schedule.csv:604350,2029-12-03T11:00:00,2029-12-03T11:20:00
604405,Frame: Columns | L 0 | 604405,A1330,Frame: Columns,L 0,Structural_Schedule.csv:604405,2029-12-03T11:20:00,2029-12-03T11:40:00
604404,Frame: Columns | L 0 | 604404,A1330,Frame: Columns,L 0,Structural_Schedule.csv:604404,2029-12-03T11:40:00,2029-12-03T12:00:00
604361,Frame: Columns | L 0 | 604361,A1330,Frame: Columns,L 0,Structural_Schedule.csv:604361,2029-12-03T12:00:00,2029-12-03T12:20:00
604363,Frame: Columns | L 0 | 604363,A1330,Frame: Columns,L 0,Structural_Schedule.csv:604363,2029-12-03T12:20:00,2029-12-03T12:40:00
632386,Frame: Columns | L 0 | 632386,A1330,Frame: Columns,L 0,Structural_Schedule.csv:632386,2029-12-03T12:40:00,2029-12-03T13:00:00
668818,Frame: Columns | L 0 | 668818,A1330,Frame: Columns,L 0,Structural_Schedule.csv:668818,2029-12-03T13:00:00,2029-12-03T13:20:00
604356,Frame: Columns | L 0 | 604356,A1330,Frame: Columns,L 0,Structural_Schedule.csv:604356,2029-12-03T13:20:00,2029-12-03T13:40:00
604354,Frame: Columns | L 0 | 604354,A1330,Frame: Columns,L 0,Structural_Schedule.csv:604354,2029-12-03T13:40:00,2029-12-03T14:00:00
604352,Frame: Columns | L 0 | 604352,A1330,Frame: Columns,L 0,Structural_Schedule.csv:604352,2029-12-03T14:00:00,2029-12-03T14:20:00
604349,Frame: Columns | L 0 | 604349,A1330,Frame: Columns,L 0,Structural_Schedule.csv:604349,2029-12-03T14:20:00,2029-12-03T14:40:00
604347,Frame: Columns | L 0 | 604347,A1330,Frame: Columns,L 0,Structural_Schedule.csv:604347,2029-12-03T14:40:00,2029-12-03T15:00:00
604345,Frame: Columns | L 0 | 604345,A1330,Frame: Columns,L 0,Structural_Schedule.csv:604345,2029-12-03T15:00:00,2029-12-03T15:20:00
629229,Frame: Columns | L 0 | 629229,A1330,Frame: Columns,L 0,Structural_Schedule.csv:629229,2029-12-03T15:20:00,2029-12-03T15:40:00
643885,Frame: Columns | L 0 | 643885,A1330,Frame: Columns,L 0,Structural_Schedule.csv:643885,2029-12-03T15:40:00,2029-12-03T16:00:00
657294,Frame: Columns | L 0 | 657294,A1330,Frame: Columns,L 0,Structural_Schedule.csv:657294,2029-12-03T16:00:00,2029-12-03T16:20:00
656645,Frame: Columns | L 0 | 656645,A1330,Frame: Columns,L 0,Structural_Schedule.csv:656645,2029-12-03T16:20:00,2029-12-03T16:40:00
655943,Frame: Columns | L 0 | 655943,A1330,Frame: Columns,L 0,Structural_Schedule.csv:655943,2029-12-03T16:40:00,2029-12-03T17:00:00
656062,Frame: Columns | L 0 | 656062,A1330,Frame: Columns,L 0,Structural_Schedule.csv:656062,2029-12-04T09:00:00,2029-12-04T09:20:00
604353,Frame: Columns | L 0 | 604353,A1330,Frame: Columns,L 0,Structural_Schedule.csv:604353,2029-12-04T09:20:00,2029-12-04T09:40:00
604355,Frame: Columns | L 0 | 604355,A1330,Frame: Columns,L 0,Structural_Schedule.csv:604355,2029-12-04T09:40:00,2029-12-04T10:00:00
604358,Frame: Columns | L 0 | 604358,A1330,Frame: Columns,L 0,Structural_Schedule.csv:604358,2029-12-04T10:00:00,2029-12-04T10:20:00
604360,Frame: Columns | L 0 | 604360,A1330,Frame: Columns,L 0,Structural_Schedule.csv:604360,2029-12-04T10:20:00,2029-12-04T10:40:00
604362,Frame: Columns | L 0 | 604362,A1330,Frame: Columns,L 0,Structural_Schedule.csv:604362,2029-12-04T10:40:00,2029-12-04T11:00:00
614285,Frame: Columns | L 0 | 614285,A1330,Frame: Columns,L 0,Structural_Schedule.csv:614285,2029-12-04T11:00:00,2029-12-04T11:20:00
614376,Frame: Columns | L 0 | 614376,A1330,Frame: Columns,L 0,Structural_Schedule.csv:614376,2029-12-04T11:20:00,2029-12-04T11:40:00
613589,Frame: Columns | L 0 | 613589,A1330,Frame: Columns,L 0,Structural_Schedule.csv:613589,2029-12-04T11:40:00,2029-12-04T12:00:00
614073,Frame: Columns | L 0 | 614073,A1330,Frame: Columns,L 0,Structural_Schedule.csv:614073,2029-12-04T12:00:00,2029-12-04T12:20:00
614174,Frame: Columns | L 0 | 614174,A1330,Frame: Columns,L 0,Structural_Schedule.csv:614174,2029-12-04T12:20:00,2029-12-04T12:40:00
604419,Frame: Columns | L 1 | 604419,A1330,Frame: Columns,L 1,Structural_Schedule.csv:604419,2029-12-10T09:00:00,2029-12-10T09:20:00
604418,Frame: Columns | L 1 | 604418,A1330,Frame: Columns,L 1,Structural_Schedule.csv:604418,2029-12-10T09:20:00,2029-12-10T09:40:00
604385,Frame: Columns | L 1 | 604385,A1330,Frame: Columns,L 1,Structural_Schedule.csv:604385,2029-12-10T09:40:00,2029-12-10T10:00:00
604383,Frame: Columns | L 1 | 604383,A1330,Frame: Columns,L 1,Structural_Schedule.csv:604383,2029-12-10T10:00:00,2029-12-10T10:20:00
604417,Frame: Columns | L 1 | 604417,A1330,Frame: Columns,L 1,Structural_Schedule.csv:604417,2029-12-10T10:20:00,2029-12-10T10:40:00
604416,Frame: Columns | L 1 | 604416,A1330,Frame: Columns,L 1,Structural_Schedule.csv:604416,2029-12-10T10:40:00,2029-12-10T11:00:00
604376,Frame: Columns | L 1 | 604376,A1330,Frame: Columns,L 1,Structural_Schedule.csv:604376,2029-12-10T11:00:00,2029-12-10T11:20:00
604415,Frame: Columns | L 1 | 604415,A1330,Frame: Columns,L 1,Structural_Schedule.csv:604415,2029-12-10T11:20:00,2029-12-10T11:40:00
604414,Frame: Columns | L 1 | 604414,A1330,Frame: Columns,L 1,Structural_Schedule.csv:604414,2029-12-10T11:40:00,2029-12-10T12:00:00
604387,Frame: Columns | L 1 | 604387,A1330,Frame: Columns,L 1,Structural_Schedule.csv:604387,2029-12-10T12:00:00,2029-12-10T12:20:00
604389,Frame: Columns | L 1 | 604389,A1330,Frame: Columns,L 1,Structural_Schedule.csv:604389,2029-12-10T12:20:00,2029-12-10T12:40:00
604390,Frame: Columns | L 1 | 604390,A1330,Frame: Columns,L 1,Structural_Schedule.csv:604390,2029-12-10T12:40:00,2029-12-10T13:00:00
604382,Frame: Columns | L 1 | 604382,A1330,Frame: Columns,L 1,Structural_Schedule.csv:604382,2029-12-10T13:00:00,2029-12-10T13:20:00
604380,Frame: Columns | L 1 | 604380,A1330,Frame: Columns,L 1,Structural_Schedule.csv:604380,2029-12-10T13:20:00,2029-12-10T13:40:00
604378,Frame: Columns | L 1 | 604378,A1330,Frame: Columns,L 1,Structural_Schedule.csv:604378,2029-12-10T13:40:00,2029-12-10T14:00:00
604375,Frame: Columns | L 1 | 604375,A1330,Frame: Columns,L 1,Structural_Schedule.csv:604375,2029-12-10T14:00:00,2029-12-10T14:20:00
604373,Frame: Columns | L 1 | 604373,A1330,Frame: Columns,L 1,Structural_Schedule.csv:604373,2029-12-10T14:20:00,2029-12-10T14:40:00
604371,Frame: Columns | L 1 | 604371,A1330,Frame: Columns,L 1,Structural_Schedule.csv:604371,2029-12-10T14:40:00,2029-12-10T15:00:00
604391,Frame: Columns | L 1 | 604391,A1330,Frame: Columns,L 1,Structural_Schedule.csv:604391,2029-12-10T15:00:00,2029-12-10T15:20:00
628948,Frame: Columns | L 1 | 628948,A1330,Frame: Columns,L 1,Structural_Schedule.csv:628948,2029-12-10T15:20:00,2029-12-10T15:40:00
644665,Frame: Columns | L 1 | 644665,A1330,Frame: Columns,L 1,Structural_Schedule.csv:644665,2029-12-10T15:40:00,2029-12-10T16:00:00
657750,Frame: Columns | L 1 | 657750,A1330,Frame: Columns,L 1,Structural_Schedule.csv:657750,2029-12-10T16:00:00,2029-12-10T16:20:00
657238,Frame: Columns | L 1 | 657238,A1330,Frame: Columns,L 1,Structural_Schedule.csv:657238,2029-12-10T16:20:00,2029-12-10T16:40:00
656466,Frame: Columns | L 1 | 656466,A1330,Frame: Columns,L 1,Structural_Schedule.csv:656466,2029-12-10T16:40:00,2029-12-10T17:00:00
656467,Frame: Columns | L 1 | 656467,A1330,Frame: Columns,L 1,Structural_Schedule.csv:656467,2029-12-11T09:00:00,2029-12-11T09:20:00
604379,Frame: Columns | L 1 | 604379,A1330,Frame: Columns,L 1,Structural_Schedule.csv:604379,2029-12-11T09:20:00,2029-12-11T09:40:00
604381,Frame: Columns | L 1 | 604381,A1330,Frame: Columns,L 1,Structural_Schedule.csv:604381,2029-12-11T09:40:00,2029-12-11T10:00:00
604384,Frame: Columns | L 1 | 604384,A1330,Frame: Columns,L 1,Structural_Schedule.csv:604384,2029-12-11T10:00:00,2029-12-11T10:20:00
604386,Frame: Columns | L 1 | 604386,A1330,Frame: Columns,L 1,Structural_Schedule.csv:604386,2029-12-11T10:20:00,2029-12-11T10:40:00
604388,Frame: Columns | L 1 | 604388,A1330,Frame: Columns,L 1,Structural_Schedule.csv:604388,2029-12-11T10:40:00,2029-12-11T11:00:00
615162,Frame: Columns | L 1 | 615162,A1330,Frame: Columns,L 1,Structural_Schedule.csv:615162,2029-12-11T11:00:00,2029-12-11T11:20:00
615289,Frame: Columns | L 1 | 615289,A1330,Frame: Columns,L 1,Structural_Schedule.csv:615289,2029-12-11T11:20:00,2029-12-11T11:40:00
615093,Frame: Columns | L 1 | 615093,A1330,Frame: Columns,L 1,Structural_Schedule.csv:615093,2029-12-11T11:40:00,2029-12-11T12:00:00
615012,Frame: Columns | L 1 | 615012,A1330,Frame: Columns,L 1,Structural_Schedule.csv:615012,2029-12-11T12:00:00,2029-12-11T12:20:00
614870,Frame: Columns | L 1 | 614870,A1330,Frame: Columns,L 1,Structural_Schedule.csv:614870,2029-12-11T12:20:00,2029-12-11T12:40:00
751820,Floor | L 0 | 751820,A1340,Floor,L 0,Structural_Schedule.csv:751820,2029-11-28T16:00:00,2029-11-28T16:20:00
752431,Floor | L 0 | 752431,A1340,Floor,L 0,Structural_Schedule.csv:752431,2029-11-28T16:20:00,2029-11-28T16:40:00
752432,Floor | L 0 | 752432,A1340,Floor,L 0,Structural_Schedule.csv:752432,2029-11-28T16:40:00,2029-11-28T17:00:00
751720,Floor | L 0 | 751720,A1340,Floor,L 0,Structural_Schedule.csv:751720,2029-11-29T09:00:00,2029-11-29T09:20:00
751721,Floor | L 0 | 751721,A1340,Floor,L 0,Structural_Schedule.csv:751721,2029-11-29T09:20:00,2029-11-29T09:40:00
751714,Floor | L 0 | 751714,A1340,Floor,L 0,Structural_Schedule.csv:751714,2029-11-29T09:40:00,2029-11-29T10:00:00
751700,Floor | L 0 | 751700,A1340,Floor,L 0,Structural_Schedule.csv:751700,2029-11-29T10:00:00,2029-11-29T10:20:00
751821,Floor | L 0 | 751821,A1340,Floor,L 0,Structural_Schedule.csv:751821,2029-11-29T10:20:00,2029-11-29T10:40:00
751699,Floor | L 0 | 751699,A1340,Floor,L 0,Structural_Schedule.csv:751699,2029-11-29T10:40:00,2029-11-29T11:00:00
751701,Floor | L 0 | 751701,A1340,Floor,L 0,Structural_Schedule.csv:751701,2029-11-29T11:00:00,2029-11-29T11:20:00
751713,Floor | L 0 | 751713,A1340,Floor,L 0,Structural_Schedule.csv:751713,2029-11-29T11:20:00,2029-11-29T11:40:00
751719,Floor | L 0 | 751719,A1340,Floor,L 0,Structural_Schedule.csv:751719,2029-11-29T11:40:00,2029-11-29T12:00:00
751698,Floor | L 0 | 751698,A1340,Floor,L 0,Structural_Schedule.csv:751698,2029-11-29T12:00:00,2029-11-29T12:20:00
751697,Floor | L 0 | 751697,A1340,Floor,L 0,Structural_Schedule.csv:751697,2029-11-29T12:20:00,2029-11-29T12:40:00
751718,Floor | L 0 | 751718,A1340,Floor,L 0,Structural_Schedule.csv:751718,2029-11-29T12:40:00,2029-11-29T13:00:00
751704,Floor | L 0 | 751704,A1340,Floor,L 0,Structural_Schedule.csv:751704,2029-11-29T13:00:00,2029-11-29T13:20:00
751703,Floor | L 0 | 751703,A1340,Floor,L 0,Structural_Schedule.csv:751703,2029-11-29T13:20:00,2029-11-29T13:40:00
751702,Floor | L 0 | 751702,A1340,Floor,L 0,Structural_Schedule.csv:751702,2029-11-29T13:40:00,2029-11-29T14:00:00
751712,Floor | L 0 | 751712,A1340,Floor,L 0,Structural_Schedule.csv:751712,2029-11-29T14:00:00,2029-11-29T14:20:00
747260,Floor | L 0 | 747260,A1340,Floor,L 0,Structural_Schedule.csv:747260,2029-11-29T14:20:00,2029-11-29T14:40:00
751708,Floor | L 0 | 751708,A1340,Floor,L 0,Structural_Schedule.csv:751708,2029-11-29T14:40:00,2029-11-29T15:00:00
751711,Floor | L 0 | 751711,A1340,Floor,L 0,Structural_Schedule.csv:751711,2029-11-29T15:00:00,2029-11-29T15:20:00
751717,Floor | L 0 | 751717,A1340,Floor,L 0,Structural_Schedule.csv:751717,2029-11-29T15:20:00,2029-11-29T15:40:00
751707,Floor | L 0 | 751707,A1340,Floor,L 0,Structural_Schedule.csv:751707,2029-11-29T15:40:00,2029-11-29T16:00:00
751705,Floor | L 0 | 751705,A1340,Floor,L 0,Structural_Schedule.csv:751705,2029-11-29T16:00:00,2029-11-29T16:20:00
752194,Floor | L 0 | 752194,A1340,Floor,L 0,Structural_Schedule.csv:752194,2029-11-29T16:20:00,2029-11-29T16:40:00
752197,Floor | L 0 | 752197,A1340,Floor,L 0,Structural_Schedule.csv:752197,2029-11-29T16:40:00,2029-11-29T17:00:00
751722,Floor | L 0 | 751722,A1340,Floor,L 0,Structural_Schedule.csv:751722,2029-11-30T09:00:00,2029-11-30T09:20:00
752198,Floor | L 0 | 752198,A1340,Floor,L 0,Structural_Schedule.csv:752198,2029-11-30T09:20:00,2029-11-30T09:40:00
751726,Floor | L 0 | 751726,A1340,Floor,L 0,Structural_Schedule.csv:751726,2029-11-30T09:40:00,2029-11-30T10:00:00
751723,Floor | L 0 | 751723,A1340,Floor,L 0,Structural_Schedule.csv:751723,2029-11-30T10:00:00,2029-11-30T10:20:00
752195,Floor | L 0 | 752195,A1340,Floor,L 0,Structural_Schedule.csv:752195,2029-11-30T10:20:00,2029-11-30T10:40:00
751706,Floor | L 0 | 751706,A1340,Floor,L 0,Structural_Schedule.csv:751706,2029-11-30T10:40:00,2029-11-30T11:00:00
752200,Floor | L 0 | 752200,A1340,Floor,L 0,Structural_Schedule.csv:752200,2029-11-30T11:00:00,2029-11-30T11:20:00
752201,Floor | L 0 | 752201,A1340,Floor,L 0,Structural_Schedule.csv:752201,2029-11-30T11:20:00,2029-11-30T11:40:00
751725,Floor | L 0 | 751725,A1340,Floor,L 0,Structural_Schedule.csv:751725,2029-11-30T11:40:00,2029-11-30T12:00:00
751695,Floor | L 0 | 751695,A1340,Floor,L 0,Structural_Schedule.csv:751695,2029-11-30T12:00:00,2029-11-30T12:20:00
752193,Floor | L 0 | 752193,A1340,Floor,L 0,Structural_Schedule.csv:752193,2029-11-30T12:20:00,2029-11-30T12:40:00
752196,Floor | L 0 | 752196,A1340,Floor,L 0,Structural_Schedule.csv:752196,2029-11-30T12:40:00,2029-11-30T13:00:00
752199,Floor | L 0 | 752199,A1340,Floor,L 0,Structural_Schedule.csv:752199,2029-11-30T13:00:00,2029-11-30T13:20:00
746283,Floor | L 1 | 746283,A1340,Floor,L 1,Structural_Schedule.csv:746283,2029-12-05T09:00:00,2029-12-05T09:20:00
746280,Floor | L 1 | 746280,A1340,Floor,L 1,Structural_Schedule.csv:746280,2029-12-05T09:20:00,2029-12-05T09:40:00
746273,Floor | L 1 | 746273,A1340,Floor,L 1,Structural_Schedule.csv:746273,2029-12-05T09:40:00,2029-12-05T10:00:00
746252,Floor | L 1 | 746252,A1340,Floor,L 1,Structural_Schedule.csv:746252,2029-12-05T10:00:00,2029-12-05T10:20:00
746246,Floor | L 1 | 746246,A1340,Floor,L 1,Structural_Schedule.csv:746246,2029-12-05T10:20:00,2029-12-05T10:40:00
746245,Floor | L 1 | 746245,A1340,Floor,L 1,Structural_Schedule.csv:746245,2029-12-05T10:40:00,2029-12-05T11:00:00
746247,Floor | L 1 | 746247,A1340,Floor,L 1,Structural_Schedule.csv:746247,2029-12-05T11:00:00,2029-12-05T11:20:00
746251,Floor | L 1 | 746251,A1340,Floor,L 1,Structural_Schedule.csv:746251,2029-12-05T11:20:00,2029-12-05T11:40:00
746272,Floor | L 1 | 746272,A1340,Floor,L 1,Structural_Schedule.csv:746272,2029-12-05T11:40:00,2029-12-05T12:00:00
746274,Floor | L 1 | 746274,A1340,Floor,L 1,Structural_Schedule.csv:746274,2029-12-05T12:00:00,2029-12-05T12:20:00
747249,Floor | L 1 | 747249,A1340,Floor,L 1,Structural_Schedule.csv:747249,2029-12-05T12:20:00,2029-12-05T12:40:00
747250,Floor | L 1 | 747250,A1340,Floor,L 1,Structural_Schedule.csv:747250,2029-12-05T12:40:00,2029-12-05T13:00:00
747240,Floor | L 1 | 747240,A1340,Floor,L 1,Structural_Schedule.csv:747240,2029-12-05T13:00:00,2029-12-05T13:20:00
746250,Floor | L 1 | 746250,A1340,Floor,L 1,Structural_Schedule.csv:746250,2029-12-05T13:20:00,2029-12-05T13:40:00
746282,Floor | L 1 | 746282,A1340,Floor,L 1,Structural_Schedule.csv:746282,2029-12-05T13:40:00,2029-12-05T14:00:00
746248,Floor | L 1 | 746248,A1340,Floor,L 1,Structural_Schedule.csv:746248,2029-12-05T14:00:00,2029-12-05T14:20:00
747244,Floor | L 1 | 747244,A1340,Floor,L 1,Structural_Schedule.csv:747244,2029-12-05T14:20:00,2029-12-05T14:40:00
747243,Floor | L 1 | 747243,A1340,Floor,L 1,Structural_Schedule.csv:747243,2029-12-05T14:40:00,2029-12-05T15:00:00
747251,Floor | L 1 | 747251,A1340,Floor,L 1,Structural_Schedule.csv:747251,2029-12-05T15:00:00,2029-12-05T15:20:00
747254,Floor | L 1 | 747254,A1340,Floor,L 1,Structural_Schedule.csv:747254,2029-12-05T15:20:00,2029-12-05T15:40:00
747239,Floor | L 1 | 747239,A1340,Floor,L 1,Structural_Schedule.csv:747239,2029-12-05T15:40:00,2029-12-05T16:00:00
746258,Floor | L 1 | 746258,A1340,Floor,L 1,Structural_Schedule.csv:746258,2029-12-05T16:00:00,2029-12-05T16:20:00
747252,Floor | L 1 | 747252,A1340,Floor,L 1,Structural_Schedule.csv:747252,2029-12-05T16:20:00,2029-12-05T16:40:00
747248,Floor | L 1 | 747248,A1340,Floor,L 1,Structural_Schedule.csv:747248,2029-12-05T16:40:00,2029-12-05T17:00:00
747245,Floor | L 1 | 747245,A1340,Floor,L 1,Structural_Schedule.csv:747245,2029-12-06T09:00:00,2029-12-06T09:20:00
747242,Floor | L 1 | 747242,A1340,Floor,L 1,Structural_Schedule.csv:747242,2029-12-06T09:20:00,2029-12-06T09:40:00
747241,Floor | L 1 | 747241,A1340,Floor,L 1,Structural_Schedule.csv:747241,2029-12-06T09:40:00,2029-12-06T10:00:00
739909,Floor | L 1 | 739909,A1340,Floor,L 1,Structural_Schedule.csv:739909,2029-12-06T10:00:00,2029-12-06T10:20:00
747246,Floor | L 1 | 747246,A1340,Floor,L 1,Structural_Schedule.csv:747246,2029-12-06T10:20:00,2029-12-06T10:40:00
747247,Floor | L 1 | 747247,A1340,Floor,L 1,Structural_Schedule.csv:747247,2029-12-06T10:40:00,2029-12-06T11:00:00
747253,Floor | L 1 | 747253,A1340,Floor,L 1,Structural_Schedule.csv:747253,2029-12-06T11:00:00,2029-12-06T11:20:00
746259,Floor | L 1 | 746259,A1340,Floor,L 1,Structural_Schedule.csv:746259,2029-12-06T11:20:00,2029-12-06T11:40:00
746265,Floor | L 1 | 746265,A1340,Floor,L 1,Structural_Schedule.csv:746265,2029-12-06T11:40:00,2029-12-06T12:00:00
746288,Floor | L 1 | 746288,A1340,Floor,L 1,Structural_Schedule.csv:746288,2029-12-06T12:00:00,2029-12-06T12:20:00
746270,Floor | L 1 | 746270,A1340,Floor,L 1,Structural_Schedule.csv:746270,2029-12-06T12:20:00,2029-12-06T12:40:00
746266,Floor | L 1 | 746266,A1340,Floor,L 1,Structural_Schedule.csv:746266,2029-12-06T12:40:00,2029-12-06T13:00:00
746262,Floor | L 1 | 746262,A1340,Floor,L 1,Structural_Schedule.csv:746262,2029-12-06T13:00:00,2029-12-06T13:20:00
753161,Floor | L 1 | 753161,A1340,Floor,L 1,Structural_Schedule.csv:753161,2029-12-06T13:20:00,2029-12-06T13:40:00
753165,Floor | L 1 | 753165,A1340,Floor,L 1,Structural_Schedule.csv:753165,2029-12-06T13:40:00,2029-12-06T14:00:00
746289,Floor | L 1 | 746289,A1340,Floor,L 1,Structural_Schedule.csv:746289,2029-12-06T14:00:00,2029-12-06T14:20:00
746260,Floor | L 1 | 746260,A1340,Floor,L 1,Structural_Schedule.csv:746260,2029-12-06T14:20:00,2029-12-06T14:40:00
746268,Floor | L 1 | 746268,A1340,Floor,L 1,Structural_Schedule.csv:746268,2029-12-06T14:40:00,2029-12-06T15:00:00
746286,Floor | L 1 | 746286,A1340,Floor,L 1,Structural_Schedule.csv:746286,2029-12-06T15:00:00,2029-12-06T15:20:00
753164,Floor | L 1 | 753164,A1340,Floor,L 1,Structural_Schedule.csv:753164,2029-12-06T15:20:00,2029-12-06T15:40:00
753377,Floor | L 1 | 753377,A1340,Floor,L 1,Structural_Schedule.csv:753377,2029-12-06T15:40:00,2029-12-06T16:00:00
753159,Floor | L 1 | 753159,A1340,Floor,L 1,Structural_Schedule.csv:753159,2029-12-06T16:00:00,2029-12-06T16:20:00
746269,Floor | L 1 | 746269,A1340,Floor,L 1,Structural_Schedule.csv:746269,2029-12-06T16:20:00,2029-12-06T16:40:00
746267,Floor | L 1 | 746267,A1340,Floor,L 1,Structural_Schedule.csv:746267,2029-12-06T16:40:00,2029-12-06T17:00:00
753162,Floor | L 1 | 753162,A1340,Floor,L 1,Structural_Schedule.csv:753162,2029-12-07T09:00:00,2029-12-07T09:20:00
753160,Floor | L 1 | 753160,A1340,Floor,L 1,Structural_Schedule.csv:753160,2029-12-07T09:20:00,2029-12-07T09:40:00
746261,Floor | L 1 | 746261,A1340,Floor,L 1,Structural_Schedule.csv:746261,2029-12-07T09:40:00,2029-12-07T10:00:00
746263,Floor | L 1 | 746263,A1340,Floor,L 1,Structural_Schedule.csv:746263,2029-12-07T10:00:00,2029-12-07T10:20:00
753376,Floor | L 1 | 753376,A1340,Floor,L 1,Structural_Schedule.csv:753376,2029-12-07T10:20:00,2029-12-07T10:40:00
607586,Frame: Beams | L 0 | 607586,A1350,Frame: Beams,L 0,Structural_Schedule.csv:607586,2029-11-28T09:20:00,2029-11-28T09:40:00
665471,Frame: Beams | L 0 | 665471,A1350,Frame: Beams,L 0,Structural_Schedule.csv:665471,2029-11-28T09:40:00,2029-11-28T10:00:00
664493,Frame: Beams | L 0 | 664493,A1350,Frame: Beams,L 0,Structural_Schedule.csv:664493,2029-11-28T10:00:00,2029-11-28T10:20:00
672526,Frame: Beams | L 0 | 672526,A1350,Frame: Beams,L 0,Structural_Schedule.csv:672526,2029-11-28T10:20:00,2029-11-28T10:40:00
671775,Frame: Beams | L 0 | 671775,A1350,Frame: Beams,L 0,Structural_Schedule.csv:671775,2029-11-28T10:40:00,2029-11-28T11:00:00
671736,Frame: Beams | L 0 | 671736,A1350,Frame: Beams,L 0,Structural_Schedule.csv:671736,2029-11-28T11:00:00,2029-11-28T11:20:00
671646,Frame: Beams | L 0 | 671646,A1350,Frame: Beams,L 0,Structural_Schedule.csv:671646,2029-11-28T11:20:00,2029-11-28T11:40:00
607366,Frame: Beams | L 0 | 607366,A1350,Frame: Beams,L 0,Structural_Schedule.csv:607366,2029-11-28T11:40:00,2029-11-28T12:00:00
672824,Frame: Beams | L 0 | 672824,A1350,Frame: Beams,L 0,Structural_Schedule.csv:672824,2029-11-28T12:00:00,2029-11-28T12:20:00
672414,Frame: Beams | L 0 | 672414,A1350,Frame: Beams,L 0,Structural_Schedule.csv:672414,2029-11-28T12:20:00,2029-11-28T12:40:00
607550,Frame: Beams | L 0 | 607550,A1350,Frame: Beams,L 0,Structural_Schedule.csv:607550,2029-11-28T12:40:00,2029-11-28T13:00:00
682112,Frame: Beams | L 0 | 682112,A1350,Frame: Beams,L 0,Structural_Schedule.csv:682112,2029-11-28T13:00:00,2029-11-28T13:20:00
672959,Frame: Beams | L 0 | 672959,A1350,Frame: Beams,L 0,Structural_Schedule.csv:672959,2029-11-28T13:20:00,2029-11-28T13:40:00
607246,Frame: Beams | L 0 | 607246,A1350,Frame: Beams,L 0,Structural_Schedule.csv:607246,2029-11-28T13:40:00,2029-11-28T14:00:00
607409,Frame: Beams | L 0 | 607409,A1350,Frame: Beams,L 0,Structural_Schedule.csv:607409,2029-11-28T14:00:00,2029-11-28T14:20:00
607445,Frame: Beams | L 0 | 607445,A1350,Frame: Beams,L 0,Structural_Schedule.csv:607445,2029-11-28T14:20:00,2029-11-28T14:40:00
607483,Frame: Beams | L 0 | 607483,A1350,Frame: Beams,L 0,Structural_Schedule.csv:607483,2029-11-28T14:40:00,2029-11-28T15:00:00
607516,Frame: Beams | L 0 | 607516,A1350,Frame: Beams,L 0,Structural_Schedule.csv:607516,2029-11-28T15:00:00,2029-11-28T15:20:00
607325,Frame: Beams | L 0 | 607325,A1350,Frame: Beams,L 0,Structural_Schedule.csv:607325,2029-11-28T15:20:00,2029-11-28T15:40:00
665010,Frame: Beams | L 0 | 665010,A1350,Frame: Beams,L 0,Structural_Schedule.csv:665010,2029-11-28T15:40:00,2029-11-28T16:00:00
661766,Frame: Beams | L 1 | 661766,A1350,Frame: Beams,L 1,Structural_Schedule.csv:661766,2029-12-04T12:40:00,2029-12-04T13:00:00
661765,Frame: Beams | L 1 | 661765,A1350,Frame: Beams,L 1,Structural_Schedule.csv:661765,2029-12-04T13:00:00,2029-12-04T13:20:00
661760,Frame: Beams | L 1 | 661760,A1350,Frame: Beams,L 1,Structural_Schedule.csv:661760,2029-12-04T13:20:00,2029-12-04T13:40:00
661759,Frame: Beams | L 1 | 661759,A1350,Frame: Beams,L 1,Structural_Schedule.csv:661759,2029-12-04T13:40:00,2029-12-04T14:00:00
661761,Frame: Beams | L 1 | 661761,A1350,Frame: Beams,L 1,Structural_Schedule.csv:661761,2029-12-04T14:00:00,2029-12-04T14:20:00
661762,Frame: Beams | L 1 | 661762,A1350,Frame: Beams,L 1,Structural_Schedule.csv:661762,2029-12-04T14:20:00,2029-12-04T14:40:00
661763,Frame: Beams | L 1 | 661763,A1350,Frame: Beams,L 1,Structural_Schedule.csv:661763,2029-12-04T14:40:00,2029-12-04T15:00:00
661764,Frame: Beams | L 1 | 661764,A1350,Frame: Beams,L 1,Structural_Schedule.csv:661764,2029-12-04T15:00:00,2029-12-04T15:20:00
661767,Frame: Beams | L 1 | 661767,A1350,Frame: Beams,L 1,Structural_Schedule.csv:661767,2029-12-04T15:20:00,2029-12-04T15:40:00
662335,Frame: Beams | L 1 | 662335,A1350,Frame: Beams,L 1,Structural_Schedule.csv:662335,2029-12-04T15:40:00,2029-12-04T16:00:00
661768,Frame: Beams | L 1 | 661768,A1350,Frame: Beams,L 1,Structural_Schedule.csv:661768,2029-12-04T16:00:00,2029-12-04T16:20:00
607679,Frame: Beams | L 1 | 607679,A1350,Frame: Beams,L 1,Structural_Schedule.csv:607679,2029-12-04T16:20:00,2029-12-04T16:40:00
674851,Frame: Beams | L 1 | 674851,A1350,Frame: Beams,L 1,Structural_Schedule.csv:674851,2029-12-04T16:40:00,2029-12-04T17:00:00
607671,Frame: Beams | L 1 | 607671,A1350,Frame: Beams,L 1,Structural_Schedule.csv:607671,2029-12-04T17:00:00,2029-12-04T17:20:00
673977,Frame: Beams | L 1 | 673977,A1350,Frame: Beams,L 1,Structural_Schedule.csv:673977,2029-12-04T17:20:00,2029-12-04T17:40:00
607673,Frame: Beams | L 1 | 607673,A1350,Frame: Beams,L 1,Structural_Schedule.csv:607673,2029-12-04T17:40:00,2029-12-04T18:00:00
674893,Frame: Beams | L 1 | 674893,A1350,Frame: Beams,L 1,Structural_Schedule.csv:674893,2029-12-04T18:00:00,2029-12-04T18:20:00
675283,Frame: Beams | L 1 | 675283,A1350,Frame: Beams,L 1,Structural_Schedule.csv:675283,2029-12-04T18:20:00,2029-12-04T18:40:00
676820,Frame: Beams | L 1 | 676820,A1350,Frame: Beams,L 1,Structural_Schedule.csv:676820,2029-12-04T18:40:00,2029-12-04T19:00:00
677144,Frame: Beams | L 1 | 677144,A1350,Frame: Beams,L 1,Structural_Schedule.csv:677144,2029-12-04T19:00:00,2029-12-04T19:20:00
661758,Frame: Beams | L 1 | 661758,A1350,Frame: Beams,L 1,Structural_Schedule.csv:661758,2029-12-04T19:20:00,2029-12-04T19:40:00
662336,Frame: Beams | L 1 | 662336,A1350,Frame: Beams,L 1,Structural_Schedule.csv:662336,2029-12-04T19:40:00,2029-12-04T20:00:00
674148,Frame: Beams | L 1 | 674148,A1350,Frame: Beams,L 1,Structural_Schedule.csv:674148,2029-12-04T20:00:00,2029-12-04T20:20:00
682671,Frame: Beams | L 1 | 682671,A1350,Frame: Beams,L 1,Structural_Schedule.csv:682671,2029-12-04T20:20:00,2029-12-04T20:40:00
607678,Frame: Beams | L 1 | 607678,A1350,Frame: Beams,L 1,Structural_Schedule.csv:607678,2029-12-04T20:40:00,2029-12-04T21:00:00
630128,Frame: Beams | L 1 | 630128,A1350,Frame: Beams,L 1,Structural_Schedule.csv:630128,2029-12-04T21:00:00,2029-12-04T21:20:00
607670,Frame: Beams | L 1 | 607670,A1350,Frame: Beams,L 1,Structural_Schedule.csv:607670,2029-12-04T21:20:00,2029-12-04T21:40:00
607674,Frame: Beams | L 1 | 607674,A1350,Frame: Beams,L 1,Structural_Schedule.csv:607674,2029-12-04T21:40:00,2029-12-04T22:00:00
607675,Frame: Beams | L 1 | 607675,A1350,Frame: Beams,L 1,Structural_Schedule.csv:607675,2029-12-04T22:00:00,2029-12-04T22:20:00
607676,Frame: Beams | L 1 | 607676,A1350,Frame: Beams,L 1,Structural_Schedule.csv:607676,2029-12-04T22:20:00,2029-12-04T22:40:00
607677,Frame: Beams | L 1 | 607677,A1350,Frame: Beams,L 1,Structural_Schedule.csv:607677,2029-12-04T22:40:00,2029-12-04T23:00:00
607672,Frame: Beams | L 1 | 607672,A1350,Frame: Beams,L 1,Structural_Schedule.csv:607672,2029-12-04T23:00:00,2029-12-04T23:20:00
676672,Frame: Beams | L 1 | 676672,A1350,Frame: Beams,L 1,Structural_Schedule.csv:676672,2029-12-04T23:20:00,2029-12-04T23:40:00
662337,Frame: Beams | L 1 | 662337,A1350,Frame: Beams,L 1,Structural_Schedule.csv:662337,2029-12-04T23:40:00,2029-12-05T00:00:00
661960,Frame: Beams | L 1 | 661960,A1350,Frame: Beams,L 1,Structural_Schedule.csv:661960,2029-12-05T00:00:00,2029-12-05T00:20:00
662672,Frame: Beams | L 1 | 662672,A1350,Frame: Beams,L 1,Structural_Schedule.csv:662672,2029-12-05T00:20:00,2029-12-05T00:40:00
662671,Frame: Beams | L 1 | 662671,A1350,Frame: Beams,L 1,Structural_Schedule.csv:662671,2029-12-05T00:40:00,2029-12-05T01:00:00
662670,Frame: Beams | L 1 | 662670,A1350,Frame: Beams,L 1,Structural_Schedule.csv:662670,2029-12-05T01:00:00,2029-12-05T01:20:00
662669,Frame: Beams | L 1 | 662669,A1350,Frame: Beams,L 1,Structural_Schedule.csv:662669,2029-12-05T01:20:00,2029-12-05T01:40:00
660895,Frame: Beams | Roof | 660895,A1350,Frame: Beams,Roof,Structural_Schedule.csv:660895,2029-12-11T12:40:00,2029-12-11T13:00:00
660863,Frame: Beams | Roof | 660863,A1350,Frame: Beams,Roof,Structural_Schedule.csv:660863,2029-12-11T13:00:00,2029-12-11T13:20:00
660835,Frame: Beams | Roof | 660835,A1350,Frame: Beams,Roof,Structural_Schedule.csv:660835,2029-12-11T13:20:00,2029-12-11T13:40:00
660803,Frame: Beams | Roof | 660803,A1350,Frame: Beams,Roof,Structural_Schedule.csv:660803,2029-12-11T13:40:00,2029-12-11T14:00:00
660771,Frame: Beams | Roof | 660771,A1350,Frame: Beams,Roof,Structural_Schedule.csv:660771,2029-12-11T14:00:00,2029-12-11T14:20:00
660739,Frame: Beams | Roof | 660739,A1350,Frame: Beams,Roof,Structural_Schedule.csv:660739,2029-12-11T14:20:00,2029-12-11T14:40:00
660706,Frame: Beams | Roof | 660706,A1350,Frame: Beams,Roof,Structural_Schedule.csv:660706,2029-12-11T14:40:00,2029-12-11T15:00:00
660641,Frame: Beams | Roof | 660641,A1350,Frame: Beams,Roof,Structural_Schedule.csv:660641,2029-12-11T15:00:00,2029-12-11T15:20:00
660669,Frame: Beams | Roof | 660669,A1350,Frame: Beams,Roof,Structural_Schedule.csv:660669,2029-12-11T15:20:00,2029-12-11T15:40:00
661390,Frame: Beams | Roof | 661390,A1350,Frame: Beams,Roof,Structural_Schedule.csv:661390,2029-12-11T15:40:00,2029-12-11T16:00:00
650141,Frame: Beams | Roof | 650141,A1350,Frame: Beams,Roof,Structural_Schedule.csv:650141,2029-12-11T16:00:00,2029-12-11T16:20:00
607693,Frame: Beams | Roof | 607693,A1350,Frame: Beams,Roof,Structural_Schedule.csv:607693,2029-12-11T16:20:00,2029-12-11T16:40:00
677777,Frame: Beams | Roof | 677777,A1350,Frame: Beams,Roof,Structural_Schedule.csv:677777,2029-12-11T16:40:00,2029-12-11T17:00:00
629989,Frame: Beams | Roof | 629989,A1350,Frame: Beams,Roof,Structural_Schedule.csv:629989,2029-12-11T17:00:00,2029-12-11T17:20:00
678180,Frame: Beams | Roof | 678180,A1350,Frame: Beams,Roof,Structural_Schedule.csv:678180,2029-12-11T17:20:00,2029-12-11T17:40:00
677462,Frame: Beams | Roof | 677462,A1350,Frame: Beams,Roof,Structural_Schedule.csv:677462,2029-12-11T17:40:00,2029-12-11T18:00:00
677531,Frame: Beams | Roof | 677531,A1350,Frame: Beams,Roof,Structural_Schedule.csv:677531,2029-12-11T18:00:00,2029-12-11T18:20:00
677618,Frame: Beams | Roof | 677618,A1350,Frame: Beams,Roof,Structural_Schedule.csv:677618,2029-12-11T18:20:00,2029-12-11T18:40:00
607687,Frame: Beams | Roof | 607687,A1350,Frame: Beams,Roof,Structural_Schedule.csv:607687,2029-12-11T18:40:00,2029-12-11T19:00:00
681743,Frame: Beams | Roof | 681743,A1350,Frame: Beams,Roof,Structural_Schedule.csv:681743,2029-12-11T19:00:00,2029-12-11T19:20:00
659039,Frame: Beams | Roof | 659039,A1350,Frame: Beams,Roof,Structural_Schedule.csv:659039,2029-12-11T19:20:00,2029-12-11T19:40:00
659596,Frame: Beams | Roof | 659596,A1350,Frame: Beams,Roof,Structural_Schedule.csv:659596,2029-12-11T19:40:00,2029-12-11T20:00:00
678315,Frame: Beams | Roof | 678315,A1350,Frame: Beams,Roof,Structural_Schedule.csv:678315,2029-12-11T20:00:00,2029-12-11T20:20:00
633194,Frame: Beams | Roof | 633194,A1350,Frame: Beams,Roof,Structural_Schedule.csv:633194,2029-12-11T20:20:00,2029-12-11T20:40:00
678744,Frame: Beams | Roof | 678744,A1350,Frame: Beams,Roof,Structural_Schedule.csv:678744,2029-12-11T20:40:00,2029-12-11T21:00:00
607691,Frame: Beams | Roof | 607691,A1350,Frame: Beams,Roof,Structural_Schedule.csv:607691,2029-12-11T21:00:00,2029-12-11T21:20:00
607690,Frame: Beams | Roof | 607690,A1350,Frame: Beams,Roof,Structural_Schedule.csv:607690,2029-12-11T21:20:00,2029-12-11T21:40:00
607689,Frame: Beams | Roof | 607689,A1350,Frame: Beams,Roof,Structural_Schedule.csv:607689,2029-12-11T21:40:00,2029-12-11T22:00:00
607688,Frame: Beams | Roof | 607688,A1350,Frame: Beams,Roof,Structural_Schedule.csv:607688,2029-12-11T22:00:00,2029-12-11T22:20:00
607684,Frame: Beams | Roof | 607684,A1350,Frame: Beams,Roof,Structural_Schedule.csv:607684,2029-12-11T22:20:00,2029-12-11T22:40:00
607685,Frame: Beams | Roof | 607685,A1350,Frame: Beams,Roof,Structural_Schedule.csv:607685,2029-12-11T22:40:00,2029-12-11T23:00:00
607686,Frame: Beams | Roof | 607686,A1350,Frame: Beams,Roof,Structural_Schedule.csv:607686,2029-12-11T23:00:00,2029-12-11T23:20:00
607692,Frame: Beams | Roof | 607692,A1350,Frame: Beams,Roof,Structural_Schedule.csv:607692,2029-12-11T23:20:00,2029-12-11T23:40:00
659040,Frame: Beams | Roof | 659040,A1350,Frame: Beams,Roof,Structural_Schedule.csv:659040,2029-12-11T23:40:00,2029-12-12T00:00:00
650432,Frame: Beams | Roof | 650432,A1350,Frame: Beams,Roof,Structural_Schedule.csv:650432,2029-12-12T00:00:00,2029-12-12T00:20:00
662560,Frame: Beams | Roof | 662560,A1350,Frame: Beams,Roof,Structural_Schedule.csv:662560,2029-12-12T00:20:00,2029-12-12T00:40:00
662530,Frame: Beams | Roof | 662530,A1350,Frame: Beams,Roof,Structural_Schedule.csv:662530,2029-12-12T00:40:00,2029-12-12T01:00:00
662491,Frame: Beams | Roof | 662491,A1350,Frame: Beams,Roof,Structural_Schedule.csv:662491,2029-12-12T01:00:00,2029-12-12T01:20:00
662462,Frame: Beams | Roof | 662462,A1350,Frame: Beams,Roof,Structural_Schedule.csv:662462,2029-12-12T01:20:00,2029-12-12T01:40:00
648230,Frame: Beams | Roof | 648230,A1350,Frame: Beams,Roof,Structural_Schedule.csv:648230,2029-12-12T01:40:00,2029-12-12T02:00:00
647342,Frame: Beams | Roof | 647342,A1350,Frame: Beams,Roof,Structural_Schedule.csv:647342,2029-12-12T02:00:00,2029-12-12T02:20:00
648366,Frame: Beams | Roof | 648366,A1350,Frame: Beams,Roof,Structural_Schedule.csv:648366,2029-12-12T02:20:00,2029-12-12T02:40:00
681310,Frame: Beams | Roof | 681310,A1350,Frame: Beams,Roof,Structural_Schedule.csv:681310,2029-12-12T02:40:00,2029-12-12T03:00:00
680912,Frame: Beams | Roof | 680912,A1350,Frame: Beams,Roof,Structural_Schedule.csv:680912,2029-12-12T03:00:00,2029-12-12T03:20:00
647379,Frame: Beams | Roof | 647379,A1350,Frame: Beams,Roof,Structural_Schedule.csv:647379,2029-12-12T03:20:00,2029-12-12T03:40:00
678054,Frame: Beams | Roof | 678054,A1350,Frame: Beams,Roof,Structural_Schedule.csv:678054,2029-12-12T03:40:00,2029-12-12T04:00:00
647424,Frame: Beams | Roof | 647424,A1350,Frame: Beams,Roof,Structural_Schedule.csv:647424,2029-12-12T04:00:00,2029-12-12T04:20:00
677855,Frame: Beams | Roof | 677855,A1350,Frame: Beams,Roof,Structural_Schedule.csv:677855,2029-12-12T04:20:00,2029-12-12T04:40:00
680397,Frame: Beams | Roof | 680397,A1350,Frame: Beams,Roof,Structural_Schedule.csv:680397,2029-12-12T04:40:00,2029-12-12T05:00:00
680682,Frame: Beams | Roof | 680682,A1350,Frame: Beams,Roof,Structural_Schedule.csv:680682,2029-12-12T05:00:00,2029-12-12T05:20:00
679347,Frame: Beams | Roof | 679347,A1350,Frame: Beams,Roof,Structural_Schedule.csv:679347,2029-12-12T05:20:00,2029-12-12T05:40:00
647454,Frame: Beams | Roof | 647454,A1350,Frame: Beams,Roof,Structural_Schedule.csv:647454,2029-12-12T05:40:00,2029-12-12T06:00:00
679076,Frame: Beams | Roof | 679076,A1350,Frame: Beams,Roof,Structural_Schedule.csv:679076,2029-12-12T06:00:00,2029-12-12T06:20:00
678868,Frame: Beams | Roof | 678868,A1350,Frame: Beams,Roof,Structural_Schedule.csv:678868,2029-12-12T06:20:00,2029-12-12T06:40:00
737137,Roof | Roof | 737137,A1420,Roof,Roof,Structural_Schedule.csv:737137,2029-12-12T09:00:00,2029-12-12T09:20:00
737139,Roof | Roof | 737139,A1420,Roof,Roof,Structural_Schedule.csv:737139,2029-12-12T09:20:00,2029-12-12T09:40:00
737140,Roof | Roof | 737140,A1420,Roof,Roof,Structural_Schedule.csv:737140,2029-12-12T09:40:00,2029-12-12T10:00:00
737147,Roof | Roof | 737147,A1420,Roof,Roof,Structural_Schedule.csv:737147,2029-12-12T10:00:00,2029-12-12T10:20:00
739387,Roof | Roof | 739387,A1420,Roof,Roof,Structural_Schedule.csv:739387,2029-12-12T10:20:00,2029-12-12T10:40:00
737149,Roof | Roof | 737149,A1420,Roof,Roof,Structural_Schedule.csv:737149,2029-12-12T10:40:00,2029-12-12T11:00:00
739384,Roof | Roof | 739384,A1420,Roof,Roof,Structural_Schedule.csv:739384,2029-12-12T11:00:00,2029-12-12T11:20:00
737485,Roof | Roof | 737485,A1420,Roof,Roof,Structural_Schedule.csv:737485,2029-12-12T11:20:00,2029-12-12T11:40:00
737484,Roof | Roof | 737484,A1420,Roof,Roof,Structural_Schedule.csv:737484,2029-12-12T11:40:00,2029-12-12T12:00:00
726867,Roof | Roof | 726867,A1420,Roof,Roof,Structural_Schedule.csv:726867,2029-12-12T12:00:00,2029-12-12T12:20:00
737138,Roof | Roof | 737138,A1420,Roof,Roof,Structural_Schedule.csv:737138,2029-12-12T12:20:00,2029-12-12T12:40:00
739879,Roof | Roof | 739879,A1420,Roof,Roof,Structural_Schedule.csv:739879,2029-12-12T12:40:00,2029-12-12T13:00:00
726868,Roof | Roof | 726868,A1420,Roof,Roof,Structural_Schedule.csv:726868,2029-12-12T13:00:00,2029-12-12T13:20:00
726876,Roof | Roof | 726876,A1420,Roof,Roof,Structural_Schedule.csv:726876,2029-12-12T13:20:00,2029-12-12T13:40:00
737486,Roof | Roof | 737486,A1420,Roof,Roof,Structural_Schedule.csv:737486,2029-12-12T13:40:00,2029-12-12T14:00:00
736281,Roof | Roof | 736281,A1420,Roof,Roof,Structural_Schedule.csv:736281,2029-12-12T14:00:00,2029-12-12T14:20:00
726869,Roof | Roof | 726869,A1420,Roof,Roof,Structural_Schedule.csv:726869,2029-12-12T14:20:00,2029-12-12T14:40:00
732263,Roof | Roof | 732263,A1420,Roof,Roof,Structural_Schedule.csv:732263,2029-12-12T14:40:00,2029-12-12T15:00:00
726870,Roof | Roof | 726870,A1420,Roof,Roof,Structural_Schedule.csv:726870,2029-12-12T15:00:00,2029-12-12T15:20:00
736282,Roof | Roof | 736282,A1420,Roof,Roof,Structural_Schedule.csv:736282,2029-12-12T15:20:00,2029-12-12T15:40:00
726899,Roof | Roof | 726899,A1420,Roof,Roof,Structural_Schedule.csv:726899,2029-12-12T15:40:00,2029-12-12T16:00:00
739385,Roof | Roof | 739385,A1420,Roof,Roof,Structural_Schedule.csv:739385,2029-12-12T16:00:00,2029-12-12T16:20:00
732262,Roof | Roof | 732262,A1420,Roof,Roof,Structural_Schedule.csv:732262,2029-12-12T16:20:00,2029-12-12T16:40:00
732265,Roof | Roof | 732265,A1420,Roof,Roof,Structural_Schedule.csv:732265,2029-12-12T16:40:00,2029-12-12T17:00:00
739386,Roof | Roof | 739386,A1420,Roof,Roof,Structural_Schedule.csv:739386,2029-12-13T09:00:00,2029-12-13T09:20:00
726889,Roof | Roof | 726889,A1420,Roof,Roof,Structural_Schedule.csv:726889,2029-12-13T09:20:00,2029-12-13T09:40:00
732264,Roof | Roof | 732264,A1420,Roof,Roof,Structural_Schedule.csv:732264,2029-12-13T09:40:00,2029-12-13T10:00:00
732266,Roof | Roof | 732266,A1420,Roof,Roof,Structural_Schedule.csv:732266,2029-12-13T10:00:00,2029-12-13T10:20:00
732268,Roof | Roof | 732268,A1420,Roof,Roof,Structural_Schedule.csv:732268,2029-12-13T10:20:00,2029-12-13T10:40:00
726892,Roof | Roof | 726892,A1420,Roof,Roof,Structural_Schedule.csv:726892,2029-12-13T10:40:00,2029-12-13T11:00:00
726891,Roof | Roof | 726891,A1420,Roof,Roof,Structural_Schedule.csv:726891,2029-12-13T11:00:00,2029-12-13T11:20:00
726909,Roof | Roof | 726909,A1420,Roof,Roof,Structural_Schedule.csv:726909,2029-12-13T11:20:00,2029-12-13T11:40:00
737141,Roof | Roof | 737141,A1420,Roof,Roof,Structural_Schedule.csv:737141,2029-12-13T11:40:00,2029-12-13T12:00:00
739881,Roof | Roof | 739881,A1420,Roof,Roof,Structural_Schedule.csv:739881,2029-12-13T12:00:00,2029-12-13T12:20:00
726906,Roof | Roof | 726906,A1420,Roof,Roof,Structural_Schedule.csv:726906,2029-12-13T12:20:00,2029-12-13T12:40:00
732267,Roof | Roof | 732267,A1420,Roof,Roof,Structural_Schedule.csv:732267,2029-12-13T12:40:00,2029-12-13T13:00:00
726879,Roof | Roof | 726879,A1420,Roof,Roof,Structural_Schedule.csv:726879,2029-12-13T13:00:00,2029-12-13T13:20:00
726890,Roof | Roof | 726890,A1420,Roof,Roof,Structural_Schedule.csv:726890,2029-12-13T13:20:00,2029-12-13T13:40:00
732686,Roof | Roof | 732686,A1420,Roof,Roof,Structural_Schedule.csv:732686,2029-12-13T13:40:00,2029-12-13T14:00:00
732683,Roof | Roof | 732683,A1420,Roof,Roof,Structural_Schedule.csv:732683,2029-12-13T14:00:00,2029-12-13T14:20:00
732684,Roof | Roof | 732684,A1420,Roof,Roof,Structural_Schedule.csv:732684,2029-12-13T14:20:00,2029-12-13T14:40:00
732685,Roof | Roof | 732685,A1420,Roof,Roof,Structural_Schedule.csv:732685,2029-12-13T14:40:00,2029-12-13T15:00:00
732681,Roof | Roof | 732681,A1420,Roof,Roof,Structural_Schedule.csv:732681,2029-12-13T15:00:00,2029-12-13T15:20:00
732678,Roof | Roof | 732678,A1420,Roof,Roof,Structural_Schedule.csv:732678,2029-12-13T15:20:00,2029-12-13T15:40:00
726880,Roof | Roof | 726880,A1420,Roof,Roof,Structural_Schedule.csv:726880,2029-12-13T15:40:00,2029-12-13T16:00:00
713630,Roof | Roof | 713630,A1420,Roof,Roof,Structural_Schedule.csv:713630,2029-12-13T16:00:00,2029-12-13T16:20:00
739880,Roof | Roof | 739880,A1420,Roof,Roof,Structural_Schedule.csv:739880,2029-12-13T16:20:00,2029-12-13T16:40:00
733006,Roof | Roof | 733006,A1420,Roof,Roof,Structural_Schedule.csv:733006,2029-12-13T16:40:00,2029-12-13T17:00:00
733004,Roof | Roof | 733004,A1420,Roof,Roof,Structural_Schedule.csv:733004,2029-12-14T09:00:00,2029-12-14T09:20:00
726883,Roof | Roof | 726883,A1420,Roof,Roof,Structural_Schedule.csv:726883,2029-12-14T09:20:00,2029-12-14T09:40:00
737143,Roof | Roof | 737143,A1420,Roof,Roof,Structural_Schedule.csv:737143,2029-12-14T09:40:00,2029-12-14T10:00:00
737142,Roof | Roof | 737142,A1420,Roof,Roof,Structural_Schedule.csv:737142,2029-12-14T10:00:00,2029-12-14T10:20:00
737144,Roof | Roof | 737144,A1420,Roof,Roof,Structural_Schedule.csv:737144,2029-12-14T10:20:00,2029-12-14T10:40:00
737146,Roof | Roof | 737146,A1420,Roof,Roof,Structural_Schedule.csv:737146,2029-12-14T10:40:00,2029-12-14T11:00:00
726912,Roof | Roof | 726912,A1420,Roof,Roof,Structural_Schedule.csv:726912,2029-12-14T11:00:00,2029-12-14T11:20:00
733452,Roof | Roof | 733452,A1420,Roof,Roof,Structural_Schedule.csv:733452,2029-12-14T11:20:00,2029-12-14T11:40:00
737700,Roof | Roof | 737700,A1420,Roof,Roof,Structural_Schedule.csv:737700,2029-12-14T11:40:00,2029-12-14T12:00:00
726913,Roof | Roof | 726913,A1420,Roof,Roof,Structural_Schedule.csv:726913,2029-12-14T12:00:00,2029-12-14T12:20:00
737145,Roof | Roof | 737145,A1420,Roof,Roof,Structural_Schedule.csv:737145,2029-12-14T12:20:00,2029-12-14T12:40:00
734385,Roof | Roof | 734385,A1420,Roof,Roof,Structural_Schedule.csv:734385,2029-12-14T12:40:00,2029-12-14T13:00:00
726915,Roof | Roof | 726915,A1420,Roof,Roof,Structural_Schedule.csv:726915,2029-12-14T13:00:00,2029-12-14T13:20:00
726914,Roof | Roof | 726914,A1420,Roof,Roof,Structural_Schedule.csv:726914,2029-12-14T13:20:00,2029-12-14T13:40:00
734384,Roof | Roof | 734384,A1420,Roof,Roof,Structural_Schedule.csv:734384,2029-12-14T13:40:00,2029-12-14T14:00:00
726922,Roof | Roof | 726922,A1420,Roof,Roof,Structural_Schedule.csv:726922,2029-12-14T14:00:00,2029-12-14T14:20:00
726918,Roof | Roof | 726918,A1420,Roof,Roof,Structural_Schedule.csv:726918,2029-12-14T14:20:00,2029-12-14T14:40:00
726895,Roof | Roof | 726895,A1420,Roof,Roof,Structural_Schedule.csv:726895,2029-12-14T14:40:00,2029-12-14T15:00:00
726894,Roof | Roof | 726894,A1420,Roof,Roof,Structural_Schedule.csv:726894,2029-12-14T15:00:00,2029-12-14T15:20:00
726916,Roof | Roof | 726916,A1420,Roof,Roof,Structural_Schedule.csv:726916,2029-12-14T15:20:00,2029-12-14T15:40:00
735849,Roof | Roof | 735849,A1420,Roof,Roof,Structural_Schedule.csv:735849,2029-12-14T15:40:00,2029-12-14T16:00:00
735850,Roof | Roof | 735850,A1420,Roof,Roof,Structural_Schedule.csv:735850,2029-12-14T16:00:00,2029-12-14T16:20:00
735852,Roof | Roof | 735852,A1420,Roof,Roof,Structural_Schedule.csv:735852,2029-12-14T16:20:00,2029-12-14T16:40:00
735853,Roof | Roof | 735853,A1420,Roof,Roof,Structural_Schedule.csv:735853,2029-12-14T16:40:00,2029-12-14T17:00:00
735851,Roof | Roof | 735851,A1420,Roof,Roof,Structural_Schedule.csv:735851,2029-12-17T09:00:00,2029-12-17T09:20:00
1722053,Glass Install + Glazing | L 1 | 1722053,A1590,Glass Install + Glazing,L 1,Architecture_TakeOff.csv:1722053,2029-12-31T14:20:00,2029-12-31T14:35:00
1722331,Glass Install + Glazing | L 1 | 1722331,A1590,Glass Install + Glazing,L 1,Architecture_TakeOff.csv:1722331,2029-12-31T14:35:00,2029-12-31T14:50:00
1722307,Glass Install + Glazing | L 1 | 1722307,A1590,Glass Install + Glazing,L 1,Architecture_TakeOff.csv:1722307,2029-12-31T14:50:00,2029-12-31T15:05:00
1722302,Glass Install + Glazing | L 1 | 1722302,A1590,Glass Install + Glazing,L 1,Architecture_TakeOff.csv:1722302,2029-12-31T15:05:00,2029-12-31T15:20:00
1722313,Glass Install + Glazing | L 1 | 1722313,A1590,Glass Install + Glazing,L 1,Architecture_TakeOff.csv:1722313,2029-12-31T15:20:00,2029-12-31T15:35:00
1722305,Glass Install + Glazing | L 1 | 1722305,A1590,Glass Install + Glazing,L 1,Architecture_TakeOff.csv:1722305,2029-12-31T15:35:00,2029-12-31T15:50:00
1722332,Glass Install + Glazing | L 1 | 1722332,A1590,Glass Install + Glazing,L 1,Architecture_TakeOff.csv:1722332,2029-12-31T15:50:00,2029-12-31T16:05:00
1722326,Glass Install + Glazing | L 1 | 1722326,A1590,Glass Install + Glazing,L 1,Architecture_TakeOff.csv:1722326,2029-12-31T16:05:00,2029-12-31T16:20:00
1722335,Glass Install + Glazing | L 1 | 1722335,A1590,Glass Install + Glazing,L 1,Architecture_TakeOff.csv:1722335,2029-12-31T16:20:00,2029-12-31T16:35:00
1722337,Glass Install + Glazing | L 1 | 1722337,A1590,Glass Install + Glazing,L 1,Architecture_TakeOff.csv:1722337,2029-12-31T16:35:00,2029-12-31T16:50:00
1722328,Glass Install + Glazing | L 1 | 1722328,A1590,Glass Install + Glazing,L 1,Architecture_TakeOff.csv:1722328,2030-01-01T09:00:00,2030-01-01T09:15:00
1722333,Glass Install + Glazing | L 1 | 1722333,A1590,Glass Install + Glazing,L 1,Architecture_TakeOff.csv:1722333,2030-01-01T09:15:00,2030-01-01T09:30:00
1722327,Glass Install + Glazing | L 1 | 1722327,A1590,Glass Install + Glazing,L 1,Architecture_TakeOff.csv:1722327,2030-01-01T09:30:00,2030-01-01T09:45:00
1722309,Glass Install + Glazing | L 1 | 1722309,A1590,Glass Install + Glazing,L 1,Architecture_TakeOff.csv:1722309,2030-01-01T09:45:00,2030-01-01T10:00:00
1722314,Glass Install + Glazing | L 1 | 1722314,A1590,Glass Install + Glazing,L 1,Architecture_TakeOff.csv:1722314,2030-01-01T10:00:00,2030-01-01T10:15:00
1722336,Glass Install + Glazing | L 1 | 1722336,A1590,Glass Install + Glazing,L 1,Architecture_TakeOff.csv:1722336,2030-01-01T10:15:00,2030-01-01T10:30:00
1722338,Glass Install + Glazing | L 1 | 1722338,A1590,Glass Install + Glazing,L 1,Architecture_TakeOff.csv:1722338,2030-01-01T10:30:00,2030-01-01T10:45:00
1383912,Glass Install + Glazing | L 1 | 1383912,A1590,Glass Install + Glazing,L 1,Architecture_TakeOff.csv:1383912,2030-01-01T10:45:00,2030-01-01T11:00:00
1383940,Glass Install + Glazing | L 1 | 1383940,A1590,Glass Install + Glazing,L 1,Architecture_TakeOff.csv:1383940,2030-01-01T11:00:00,2030-01-01T11:15:00
1383910,Glass Install + Glazing | L 1 | 1383910,A1590,Glass Install + Glazing,L 1,Architecture_TakeOff.csv:1383910,2030-01-01T11:15:00,2030-01-01T11:30:00
1383939,Glass Install + Glazing | L 1 | 1383939,A1590,Glass Install + Glazing,L 1,Architecture_TakeOff.csv:1383939,2030-01-01T11:30:00,2030-01-01T11:45:00
1383903,Glass Install + Glazing | L 1 | 1383903,A1590,Glass Install + Glazing,L 1,Architecture_TakeOff.csv:1383903,2030-01-01T11:45:00,2030-01-01T12:00:00
1383938,Glass Install + Glazing | L 1 | 1383938,A1590,Glass Install + Glazing,L 1,Architecture_TakeOff.csv:1383938,2030-01-01T12:00:00,2030-01-01T12:15:00
1928777,Glass Install + Glazing | L 1 | 1928777,A1590,Glass Install + Glazing,L 1,Architecture_TakeOff.csv:1928777,2030-01-01T12:15:00,2030-01-01T12:30:00
1928781,Glass Install + Glazing | L 1 | 1928781,A1590,Glass Install + Glazing,L 1,Architecture_TakeOff.csv:1928781,2030-01-01T12:30:00,2030-01-01T12:45:00
1928775,Glass Install + Glazing | L 1 | 1928775,A1590,Glass Install + Glazing,L 1,Architecture_TakeOff.csv:1928775,2030-01-01T12:45:00,2030-01-01T13:00:00
1928780,Glass Install + Glazing | L 1 | 1928780,A1590,Glass Install + Glazing,L 1,Architecture_TakeOff.csv:1928780,2030-01-01T13:00:00,2030-01-01T13:15:00
1928769,Glass Install + Glazing | L 1 | 1928769,A1590,Glass Install + Glazing,L 1,Architecture_TakeOff.csv:1928769,2030-01-01T13:15:00,2030-01-01T13:30:00
1928779,Glass Install + Glazing | L 1 | 1928779,A1590,Glass Install + Glazing,L 1,Architecture_TakeOff.csv:1928779,2030-01-01T13:30:00,2030-01-01T13:45:00
1928891,Glass Install + Glazing | L 1 | 1928891,A1590,Glass Install + Glazing,L 1,Architecture_TakeOff.csv:1928891,2030-01-01T13:45:00,2030-01-01T14:00:00
1928895,Glass Install + Glazing | L 1 | 1928895,A1590,Glass Install + Glazing,L 1,Architecture_TakeOff.csv:1928895,2030-01-01T14:00:00,2030-01-01T14:15:00
1928889,Glass Install + Glazing | L 1 | 1928889,A1590,Glass Install + Glazing,L 1,Architecture_TakeOff.csv:1928889,2030-01-01T14:15:00,2030-01-01T14:30:00
1928894,Glass Install + Glazing | L 1 | 1928894,A1590,Glass Install + Glazing,L 1,Architecture_TakeOff.csv:1928894,2030-01-01T14:30:00,2030-01-01T14:45:00
1928883,Glass Install + Glazing | L 1 | 1928883,A1590,Glass Install + Glazing,L 1,Architecture_TakeOff.csv:1928883,2030-01-01T14:45:00,2030-01-01T15:00:00
1928893,Glass Install + Glazing | L 1 | 1928893,A1590,Glass Install + Glazing,L 1,Architecture_TakeOff.csv:1928893,2030-01-01T15:00:00,2030-01-01T15:15:00
1928984,Glass Install + Glazing | L 1 | 1928984,A1590,Glass Install + Glazing,L 1,Architecture_TakeOff.csv:1928984,2030-01-01T15:15:00,2030-01-01T15:30:00
1928988,Glass Install + Glazing | L 1 | 1928988,A1590,Glass Install + Glazing,L 1,Architecture_TakeOff.csv:1928988,2030-01-01T15:30:00,2030-01-01T15:45:00
1928982,Glass Install + Glazing | L 1 | 1928982,A1590,Glass Install + Glazing,L 1,Architecture_TakeOff.csv:1928982,2030-01-01T15:45:00,2030-01-01T16:00:00
1928987,Glass Install + Glazing | L 1 | 1928987,A1590,Glass Install + Glazing,L 1,Architecture_TakeOff.csv:1928987,2030-01-01T16:00:00,2030-01-01T16:15:00
1928976,Glass Install + Glazing | L 1 | 1928976,A1590,Glass Install + Glazing,L 1,Architecture_TakeOff.csv:1928976,2030-01-01T16:15:00,2030-01-01T16:30:00
1928986,Glass Install + Glazing | L 1 | 1928986,A1590,Glass Install + Glazing,L 1,Architecture_TakeOff.csv:1928986,2030-01-01T16:30:00,2030-01-01T16:45:00
1929075,Glass Install + Glazing | L 1 | 1929075,A1590,Glass Install + Glazing,L 1,Architecture_TakeOff.csv:1929075,2030-01-01T16:45:00,2030-01-01T17:00:00
1929079,Glass Install + Glazing | L 1 | 1929079,A1590,Glass Install + Glazing,L 1,Architecture_TakeOff.csv:1929079,2030-01-02T09:00:00,2030-01-02T09:15:00
1929073,Glass Install + Glazing | L 1 | 1929073,A1590,Glass Install + Glazing,L 1,Architecture_TakeOff.csv:1929073,2030-01-02T09:15:00,2030-01-02T09:30:00
1929078,Glass Install + Glazing | L 1 | 1929078,A1590,Glass Install + Glazing,L 1,Architecture_TakeOff.csv:1929078,2030-01-02T09:30:00,2030-01-02T09:45:00
1929067,Glass Install + Glazing | L 1 | 1929067,A1590,Glass Install + Glazing,L 1,Architecture_TakeOff.csv:1929067,2030-01-02T09:45:00,2030-01-02T10:00:00
1929077,Glass Install + Glazing | L 1 | 1929077,A1590,Glass Install + Glazing,L 1,Architecture_TakeOff.csv:1929077,2030-01-02T10:00:00,2030-01-02T10:15:00
1929085,Glass Install + Glazing | L 1 | 1929085,A1590,Glass Install + Glazing,L 1,Architecture_TakeOff.csv:1929085,2030-01-02T10:15:00,2030-01-02T10:30:00
1929071,Glass Install + Glazing | L 1 | 1929071,A1590,Glass Install + Glazing,L 1,Architecture_TakeOff.csv:1929071,2030-01-02T10:30:00,2030-01-02T10:45:00
1929069,Glass Install + Glazing | L 1 | 1929069,A1590,Glass Install + Glazing,L 1,Architecture_TakeOff.csv:1929069,2030-01-02T10:45:00,2030-01-02T11:00:00
1929086,Glass Install + Glazing | L 1 | 1929086,A1590,Glass Install + Glazing,L 1,Architecture_TakeOff.csv:1929086,2030-01-02T11:00:00,2030-01-02T11:15:00
1929080,Glass Install + Glazing | L 1 | 1929080,A1590,Glass Install + Glazing,L 1,Architecture_TakeOff.csv:1929080,2030-01-02T11:15:00,2030-01-02T11:30:00
1929089,Glass Install + Glazing | L 1 | 1929089,A1590,Glass Install + Glazing,L 1,Architecture_TakeOff.csv:1929089,2030-01-02T11:30:00,2030-01-02T11:45:00
1929091,Glass Install + Glazing | L 1 | 1929091,A1590,Glass Install + Glazing,L 1,Architecture_TakeOff.csv:1929091,2030-01-02T11:45:00,2030-01-02T12:00:00
1929082,Glass Install + Glazing | L 1 | 1929082,A1590,Glass Install + Glazing,L 1,Architecture_TakeOff.csv:1929082,2030-01-02T12:00:00,2030-01-02T12:15:00
1929087,Glass Install + Glazing | L 1 | 1929087,A1590,Glass Install + Glazing,L 1,Architecture_TakeOff.csv:1929087,2030-01-02T12:15:00,2030-01-02T12:30:00
1929081,Glass Install + Glazing | L 1 | 1929081,A1590,Glass Install + Glazing,L 1,Architecture_TakeOff.csv:1929081,2030-01-02T12:30:00,2030-01-02T12:45:00
1929090,Glass Install + Glazing | L 1 | 1929090,A1590,Glass Install + Glazing,L 1,Architecture_TakeOff.csv:1929090,2030-01-02T12:45:00,2030-01-02T13:00:00
1929092,Glass Install + Glazing | L 1 | 1929092,A1590,Glass Install + Glazing,L 1,Architecture_TakeOff.csv:1929092,2030-01-02T13:00:00,2030-01-02T13:15:00
1929083,Glass Install + Glazing | L 1 | 1929083,A1590,Glass Install + Glazing,L 1,Architecture_TakeOff.csv:1929083,2030-01-02T13:15:00,2030-01-02T13:30:00
1929088,Glass Install + Glazing | L 1 | 1929088,A1590,Glass Install + Glazing,L 1,Architecture_TakeOff.csv:1929088,2030-01-02T13:30:00,2030-01-02T13:45:00
1929068,Glass Install + Glazing | L 1 | 1929068,A1590,Glass Install + Glazing,L 1,Architecture_TakeOff.csv:1929068,2030-01-02T13:45:00,2030-01-02T14:00:00
1929070,Glass Install + Glazing | L 1 | 1929070,A1590,Glass Install + Glazing,L 1,Architecture_TakeOff.csv:1929070,2030-01-02T14:00:00,2030-01-02T14:15:00
1929084,Glass Install + Glazing | L 1 | 1929084,A1590,Glass Install + Glazing,L 1,Architecture_TakeOff.csv:1929084,2030-01-02T14:15:00,2030-01-02T14:30:00
1928994,Glass Install + Glazing | L 1 | 1928994,A1590,Glass Install + Glazing,L 1,Architecture_TakeOff.csv:1928994,2030-01-02T14:30:00,2030-01-02T14:45:00
1928980,Glass Install + Glazing | L 1 | 1928980,A1590,Glass Install + Glazing,L 1,Architecture_TakeOff.csv:1928980,2030-01-02T14:45:00,2030-01-02T15:00:00
1928978,Glass Install + Glazing | L 1 | 1928978,A1590,Glass Install + Glazing,L 1,Architecture_TakeOff.csv:1928978,2030-01-02T15:00:00,2030-01-02T15:15:00
1928995,Glass Install + Glazing | L 1 | 1928995,A1590,Glass Install + Glazing,L 1,Architecture_TakeOff.csv:1928995,2030-01-02T15:15:00,2030-01-02T15:30:00
1928989,Glass Install + Glazing | L 1 | 1928989,A1590,Glass Install + Glazing,L 1,Architecture_TakeOff.csv:1928989,2030-01-02T15:30:00,2030-01-02T15:45:00
1928998,Glass Install + Glazing | L 1 | 1928998,A1590,Glass Install + Glazing,L 1,Architecture_TakeOff.csv:1928998,2030-01-02T15:45:00,2030-01-02T16:00:00
1929000,Glass Install + Glazing | L 1 | 1929000,A1590,Glass Install + Glazing,L 1,Architecture_TakeOff.csv:1929000,2030-01-02T16:00:00,2030-01-02T16:15:00
1928991,Glass Install + Glazing | L 1 | 1928991,A1590,Glass Install + Glazing,L 1,Architecture_TakeOff.csv:1928991,2030-01-02T16:15:00,2030-01-02T16:30:00
1928996,Glass Install + Glazing | L 1 | 1928996,A1590,Glass Install + Glazing,L 1,Architecture_TakeOff.csv:1928996,2030-01-02T16:30:00,2030-01-02T16:45:00
1928990,Glass Install + Glazing | L 1 | 1928990,A1590,Glass Install + Glazing,L 1,Architecture_TakeOff.csv:1928990,2030-01-02T16:45:00,2030-01-02T17:00:00
1928999,Glass Install + Glazing | L 1 | 1928999,A1590,Glass Install + Glazing,L 1,Architecture_TakeOff.csv:1928999,2030-01-03T09:00:00,2030-01-03T09:15:00
1929001,Glass Install + Glazing | L 1 | 1929001,A1590,Glass Install + Glazing,L 1,Architecture_TakeOff.csv:1929001,2030-01-03T09:15:00,2030-01-03T09:30:00
1928992,Glass Install + Glazing | L 1 | 1928992,A1590,Glass Install + Glazing,L 1,Architecture_TakeOff.csv:1928992,2030-01-03T09:30:00,2030-01-03T09:45:00
1928997,Glass Install + Glazing | L 1 | 1928997,A1590,Glass Install + Glazing,L 1,Architecture_TakeOff.csv:1928997,2030-01-03T09:45:00,2030-01-03T10:00:00
1928977,Glass Install + Glazing | L 1 | 1928977,A1590,Glass Install + Glazing,L 1,Architecture_TakeOff.csv:1928977,2030-01-03T10:00:00,2030-01-03T10:15:00
1928979,Glass Install + Glazing | L 1 | 1928979,A1590,Glass Install + Glazing,L 1,Architecture_TakeOff.csv:1928979,2030-01-03T10:15:00,2030-01-03T10:30:00
1928993,Glass Install + Glazing | L 1 | 1928993,A1590,Glass Install + Glazing,L 1,Architecture_TakeOff.csv:1928993,2030-01-03T10:30:00,2030-01-03T10:45:00
1928901,Glass Install + Glazing | L 1 | 1928901,A1590,Glass Install + Glazing,L 1,Architecture_TakeOff.csv:1928901,2030-01-03T10:45:00,2030-01-03T11:00:00
1928887,Glass Install + Glazing | L 1 | 1928887,A1590,Glass Install + Glazing,L 1,Architecture_TakeOff.csv:1928887,2030-01-03T11:00:00,2030-01-03T11:15:00
1928885,Glass Install + Glazing | L 1 | 1928885,A1590,Glass Install + Glazing,L 1,Architecture_TakeOff.csv:1928885,2030-01-03T11:15:00,2030-01-03T11:30:00
1928902,Glass Install + Glazing | L 1 | 1928902,A1590,Glass Install + Glazing,L 1,Architecture_TakeOff.csv:1928902,2030-01-03T11:30:00,2030-01-03T11:45:00
1928896,Glass Install + Glazing | L 1 | 1928896,A1590,Glass Install + Glazing,L 1,Architecture_TakeOff.csv:1928896,2030-01-03T11:45:00,2030-01-03T12:00:00
1928905,Glass Install + Glazing | L 1 | 1928905,A1590,Glass Install + Glazing,L 1,Architecture_TakeOff.csv:1928905,2030-01-03T12:00:00,2030-01-03T12:15:00
1928907,Glass Install + Glazing | L 1 | 1928907,A1590,Glass Install + Glazing,L 1,Architecture_TakeOff.csv:1928907,2030-01-03T12:15:00,2030-01-03T12:30:00
1928898,Glass Install + Glazing | L 1 | 1928898,A1590,Glass Install + Glazing,L 1,Architecture_TakeOff.csv:1928898,2030-01-03T12:30:00,2030-01-03T12:45:00
1928903,Glass Install + Glazing | L 1 | 1928903,A1590,Glass Install + Glazing,L 1,Architecture_TakeOff.csv:1928903,2030-01-03T12:45:00,2030-01-03T13:00:00
1928897,Glass Install + Glazing | L 1 | 1928897,A1590,Glass Install + Glazing,L 1,Architecture_TakeOff.csv:1928897,2030-01-03T13:00:00,2030-01-03T13:15:00
1928906,Glass Install + Glazing | L 1 | 1928906,A1590,Glass Install + Glazing,L 1,Architecture_TakeOff.csv:1928906,2030-01-03T13:15:00,2030-01-03T13:30:00
1928908,Glass Install + Glazing | L 1 | 1928908,A1590,Glass Install + Glazing,L 1,Architecture_TakeOff.csv:1928908,2030-01-03T13:30:00,2030-01-03T13:45:00
1928899,Glass Install + Glazing | L 1 | 1928899,A1590,Glass Install + Glazing,L 1,Architecture_TakeOff.csv:1928899,2030-01-03T13:45:00,2030-01-03T14:00:00
1928904,Glass Install + Glazing | L 1 | 1928904,A1590,Glass Install + Glazing,L 1,Architecture_TakeOff.csv:1928904,2030-01-03T14:00:00,2030-01-03T14:15:00
1928884,Glass Install + Glazing | L 1 | 1928884,A1590,Glass Install + Glazing,L 1,Architecture_TakeOff.csv:1928884,2030-01-03T14:15:00,2030-01-03T14:30:00
1928886,Glass Install + Glazing | L 1 | 1928886,A1590,Glass Install + Glazing,L 1,Architecture_TakeOff.csv:1928886,2030-01-03T14:30:00,2030-01-03T14:45:00
1928900,Glass Install + Glazing | L 1 | 1928900,A1590,Glass Install + Glazing,L 1,Architecture_TakeOff.csv:1928900,2030-01-03T14:45:00,2030-01-03T15:00:00
1928787,Glass Install + Glazing | L 1 | 1928787,A1590,Glass Install + Glazing,L 1,Architecture_TakeOff.csv:1928787,2030-01-03T15:00:00,2030-01-03T15:15:00
1928773,Glass Install + Glazing | L 1 | 1928773,A1590,Glass Install + Glazing,L 1,Architecture_TakeOff.csv:1928773,2030-01-03T15:15:00,2030-01-03T15:30:00
1928771,Glass Install + Glazing | L 1 | 1928771,A1590,Glass Install + Glazing,L 1,Architecture_TakeOff.csv:1928771,2030-01-03T15:30:00,2030-01-03T15:45:00
1928788,Glass Install + Glazing | L 1 | 1928788,A1590,Glass Install + Glazing,L 1,Architecture_TakeOff.csv:1928788,2030-01-03T15:45:00,2030-01-03T16:00:00
1928782,Glass Install + Glazing | L 1 | 1928782,A1590,Glass Install + Glazing,L 1,Architecture_TakeOff.csv:1928782,2030-01-03T16:00:00,2030-01-03T16:15:00
1928791,Glass Install + Glazing | L 1 | 1928791,A1590,Glass Install + Glazing,L 1,Architecture_TakeOff.csv:1928791,2030-01-03T16:15:00,2030-01-03T16:30:00
1928793,Glass Install + Glazing | L 1 | 1928793,A1590,Glass Install + Glazing,L 1,Architecture_TakeOff.csv:1928793,2030-01-03T16:30:00,2030-01-03T16:45:00
1928784,Glass Install + Glazing | L 1 | 1928784,A1590,Glass Install + Glazing,L 1,Architecture_TakeOff.csv:1928784,2030-01-03T16:45:00,2030-01-03T17:00:00
1928789,Glass Install + Glazing | L 1 | 1928789,A1590,Glass Install + Glazing,L 1,Architecture_TakeOff.csv:1928789,2030-01-04T09:00:00,2030-01-04T09:15:00
1928783,Glass Install + Glazing | L 1 | 1928783,A1590,Glass Install + Glazing,L 1,Architecture_TakeOff.csv:1928783,2030-01-04T09:15:00,2030-01-04T09:30:00
1928792,Glass Install + Glazing | L 1 | 1928792,A1590,Glass Install + Glazing,L 1,Architecture_TakeOff.csv:1928792,2030-01-04T09:30:00,2030-01-04T09:45:00
1928794,Glass Install + Glazing | L 1 | 1928794,A1590,Glass Install + Glazing,L 1,Architecture_TakeOff.csv:1928794,2030-01-04T09:45:00,2030-01-04T10:00:00
1928785,Glass Install + Glazing | L 1 | 1928785,A1590,Glass Install + Glazing,L 1,Architecture_TakeOff.csv:1928785,2030-01-04T10:00:00,2030-01-04T10:15:00
1928790,Glass Install + Glazing | L 1 | 1928790,A1590,Glass Install + Glazing,L 1,Architecture_TakeOff.csv:1928790,2030-01-04T10:15:00,2030-01-04T10:30:00
1928770,Glass Install + Glazing | L 1 | 1928770,A1590,Glass Install + Glazing,L 1,Architecture_TakeOff.csv:1928770,2030-01-04T10:30:00,2030-01-04T10:45:00
1928772,Glass Install + Glazing | L 1 | 1928772,A1590,Glass Install + Glazing,L 1,Architecture_TakeOff.csv:1928772,2030-01-04T10:45:00,2030-01-04T11:00:00
1928786,Glass Install + Glazing | L 1 | 1928786,A1590,Glass Install + Glazing,L 1,Architecture_TakeOff.csv:1928786,2030-01-04T11:00:00,2030-01-04T11:15:00
1384009,Glass Install + Glazing | L 1 | 1384009,A1590,Glass Install + Glazing,L 1,Architecture_TakeOff.csv:1384009,2030-01-04T11:15:00,2030-01-04T11:30:00
1383908,Glass Install + Glazing | L 1 | 1383908,A1590,Glass Install + Glazing,L 1,Architecture_TakeOff.csv:1383908,2030-01-04T11:30:00,2030-01-04T11:45:00
1383906,Glass Install + Glazing | L 1 | 1383906,A1590,Glass Install + Glazing,L 1,Architecture_TakeOff.csv:1383906,2030-01-04T11:45:00,2030-01-04T12:00:00
1384011,Glass Install + Glazing | L 1 | 1384011,A1590,Glass Install + Glazing,L 1,Architecture_TakeOff.csv:1384011,2030-01-04T12:00:00,2030-01-04T12:15:00
1383979,Glass Install + Glazing | L 1 | 1383979,A1590,Glass Install + Glazing,L 1,Architecture_TakeOff.csv:1383979,2030-01-04T12:15:00,2030-01-04T12:30:00
1384041,Glass Install + Glazing | L 1 | 1384041,A1590,Glass Install + Glazing,L 1,Architecture_TakeOff.csv:1384041,2030-01-04T12:30:00,2030-01-04T12:45:00
1384055,Glass Install + Glazing | L 1 | 1384055,A1590,Glass Install + Glazing,L 1,Architecture_TakeOff.csv:1384055,2030-01-04T12:45:00,2030-01-04T13:00:00
1383993,Glass Install + Glazing | L 1 | 1383993,A1590,Glass Install + Glazing,L 1,Architecture_TakeOff.csv:1383993,2030-01-04T13:00:00,2030-01-04T13:15:00
1384012,Glass Install + Glazing | L 1 | 1384012,A1590,Glass Install + Glazing,L 1,Architecture_TakeOff.csv:1384012,2030-01-04T13:15:00,2030-01-04T13:30:00
1383980,Glass Install + Glazing | L 1 | 1383980,A1590,Glass Install + Glazing,L 1,Architecture_TakeOff.csv:1383980,2030-01-04T13:30:00,2030-01-04T13:45:00
1384042,Glass Install + Glazing | L 1 | 1384042,A1590,Glass Install + Glazing,L 1,Architecture_TakeOff.csv:1384042,2030-01-04T13:45:00,2030-01-04T14:00:00
1384056,Glass Install + Glazing | L 1 | 1384056,A1590,Glass Install + Glazing,L 1,Architecture_TakeOff.csv:1384056,2030-01-04T14:00:00,2030-01-04T14:15:00
1383994,Glass Install + Glazing | L 1 | 1383994,A1590,Glass Install + Glazing,L 1,Architecture_TakeOff.csv:1383994,2030-01-04T14:15:00,2030-01-04T14:30:00
1384013,Glass Install + Glazing | L 1 | 1384013,A1590,Glass Install + Glazing,L 1,Architecture_TakeOff.csv:1384013,2030-01-04T14:30:00,2030-01-04T14:45:00
1383905,Glass Install + Glazing | L 1 | 1383905,A1590,Glass Install + Glazing,L 1,Architecture_TakeOff.csv:1383905,2030-01-04T14:45:00,2030-01-04T15:00:00
1383907,Glass Install + Glazing | L 1 | 1383907,A1590,Glass Install + Glazing,L 1,Architecture_TakeOff.csv:1383907,2030-01-04T15:00:00,2030-01-04T15:15:00
1384007,Glass Install + Glazing | L 1 | 1384007,A1590,Glass Install + Glazing,L 1,Architecture_TakeOff.csv:1384007,2030-01-04T15:15:00,2030-01-04T15:30:00
1722315,Glass Install + Glazing | L 1 | 1722315,A1590,Glass Install + Glazing,L 1,Architecture_TakeOff.csv:1722315,2030-01-04T15:30:00,2030-01-04T15:45:00
1722329,Glass Install + Glazing | L 1 | 1722329,A1590,Glass Install + Glazing,L 1,Architecture_TakeOff.csv:1722329,2030-01-04T15:45:00,2030-01-04T16:00:00
1722334,Glass Install + Glazing | L 1 | 1722334,A1590,Glass Install + Glazing,L 1,Architecture_TakeOff.csv:1722334,2030-01-04T16:00:00,2030-01-04T16:15:00
1722304,Glass Install + Glazing | L 1 | 1722304,A1590,Glass Install + Glazing,L 1,Architecture_TakeOff.csv:1722304,2030-01-04T16:15:00,2030-01-04T16:30:00
1722306,Glass Install + Glazing | L 1 | 1722306,A1590,Glass Install + Glazing,L 1,Architecture_TakeOff.csv:1722306,2030-01-04T16:30:00,2030-01-04T16:45:00
1722330,Glass Install + Glazing | L 1 | 1722330,A1590,Glass Install + Glazing,L 1,Architecture_TakeOff.csv:1722330,2030-01-04T16:45:00,2030-01-04T17:00:00
1722043,Glass Install + Glazing | L 1 | 1722043,A1590,Glass Install + Glazing,L 1,Architecture_TakeOff.csv:1722043,2030-01-07T09:00:00,2030-01-07T09:15:00
1722072,Glass Install + Glazing | L 1 | 1722072,A1590,Glass Install + Glazing,L 1,Architecture_TakeOff.csv:1722072,2030-01-07T09:15:00,2030-01-07T09:30:00
1939986,Glass Install + Glazing | L 1 | 1939986,A1590,Glass Install + Glazing,L 1,Architecture_TakeOff.csv:1939986,2030-01-07T09:30:00,2030-01-07T09:45:00
1939996,Glass Install + Glazing | L 1 | 1939996,A1590,Glass Install + Glazing,L 1,Architecture_TakeOff.csv:1939996,2030-01-07T09:45:00,2030-01-07T10:00:00
1767160,Glass Install + Glazing | L 1 | 1767160,A1590,Glass Install + Glazing,L 1,Architecture_TakeOff.csv:1767160,2030-01-07T10:00:00,2030-01-07T10:15:00
1939997,Glass Install + Glazing | L 1 | 1939997,A1590,Glass Install + Glazing,L 1,Architecture_TakeOff.csv:1939997,2030-01-07T10:15:00,2030-01-07T10:30:00
1939999,Glass Install + Glazing | L 1 | 1939999,A1590,Glass Install + Glazing,L 1,Architecture_TakeOff.csv:1939999,2030-01-07T10:30:00,2030-01-07T10:45:00
1940000,Glass Install + Glazing | L 1 | 1940000,A1590,Glass Install + Glazing,L 1,Architecture_TakeOff.csv:1940000,2030-01-07T10:45:00,2030-01-07T11:00:00
1722078,Glass Install + Glazing | L 1 | 1722078,A1590,Glass Install + Glazing,L 1,Architecture_TakeOff.csv:1722078,2030-01-07T11:00:00,2030-01-07T11:15:00
1722081,Glass Install + Glazing | L 1 | 1722081,A1590,Glass Install + Glazing,L 1,Architecture_TakeOff.csv:1722081,2030-01-07T11:15:00,2030-01-07T11:30:00
1722042,Glass Install + Glazing | L 1 | 1722042,A1590,Glass Install + Glazing,L 1,Architecture_TakeOff.csv:1722042,2030-01-07T11:30:00,2030-01-07T11:45:00
1722074,Glass Install + Glazing | L 1 | 1722074,A1590,Glass Install + Glazing,L 1,Architecture_TakeOff.csv:1722074,2030-01-07T11:45:00,2030-01-07T12:00:00
1722039,Glass Install + Glazing | L 1 | 1722039,A1590,Glass Install + Glazing,L 1,Architecture_TakeOff.csv:1722039,2030-01-07T12:00:00,2030-01-07T12:15:00
1722052,Glass Install + Glazing | L 1 | 1722052,A1590,Glass Install + Glazing,L 1,Architecture_TakeOff.csv:1722052,2030-01-07T12:15:00,2030-01-07T12:30:00
1767161,Glass Install + Glazing | L 1 | 1767161,A1590,Glass Install + Glazing,L 1,Architecture_TakeOff.csv:1767161,2030-01-07T12:30:00,2030-01-07T12:45:00
1722073,Glass Install + Glazing | L 1 | 1722073,A1590,Glass Install + Glazing,L 1,Architecture_TakeOff.csv:1722073,2030-01-07T12:45:00,2030-01-07T13:00:00
1722044,Glass Install + Glazing | L 1 | 1722044,A1590,Glass Install + Glazing,L 1,Architecture_TakeOff.csv:1722044,2030-01-07T13:00:00,2030-01-07T13:15:00
1722147,Glass Install + Glazing | L 1 | 1722147,A1590,Glass Install + Glazing,L 1,Architecture_TakeOff.csv:1722147,2030-01-07T13:15:00,2030-01-07T13:30:00
1722157,Glass Install + Glazing | L 1 | 1722157,A1590,Glass Install + Glazing,L 1,Architecture_TakeOff.csv:1722157,2030-01-07T13:30:00,2030-01-07T13:45:00
1722145,Glass Install + Glazing | L 1 | 1722145,A1590,Glass Install + Glazing,L 1,Architecture_TakeOff.csv:1722145,2030-01-07T13:45:00,2030-01-07T14:00:00
1722143,Glass Install + Glazing | L 1 | 1722143,A1590,Glass Install + Glazing,L 1,Architecture_TakeOff.csv:1722143,2030-01-07T14:00:00,2030-01-07T14:15:00
1722150,Glass Install + Glazing | L 1 | 1722150,A1590,Glass Install + Glazing,L 1,Architecture_TakeOff.csv:1722150,2030-01-07T14:15:00,2030-01-07T14:30:00
1722146,Glass Install + Glazing | L 1 | 1722146,A1590,Glass Install + Glazing,L 1,Architecture_TakeOff.csv:1722146,2030-01-07T14:30:00,2030-01-07T14:45:00
1722159,Glass Install + Glazing | L 1 | 1722159,A1590,Glass Install + Glazing,L 1,Architecture_TakeOff.csv:1722159,2030-01-07T14:45:00,2030-01-07T15:00:00
1722158,Glass Install + Glazing | L 1 | 1722158,A1590,Glass Install + Glazing,L 1,Architecture_TakeOff.csv:1722158,2030-01-07T15:00:00,2030-01-07T15:15:00
1722148,Glass Install + Glazing | L 1 | 1722148,A1590,Glass Install + Glazing,L 1,Architecture_TakeOff.csv:1722148,2030-01-07T15:15:00,2030-01-07T15:30:00
1526328,Glass Install + Glazing | L 1 | 1526328,A1590,Glass Install + Glazing,L 1,Architecture_TakeOff.csv:1526328,2030-01-07T15:30:00,2030-01-07T15:45:00
1526377,Glass Install + Glazing | L 1 | 1526377,A1590,Glass Install + Glazing,L 1,Architecture_TakeOff.csv:1526377,2030-01-07T15:45:00,2030-01-07T16:00:00
2008789,Glass Install + Glazing | L 1 | 2008789,A1590,Glass Install + Glazing,L 1,Architecture_TakeOff.csv:2008789,2030-01-07T16:00:00,2030-01-07T16:15:00
2008788,Glass Install + Glazing | L 1 | 2008788,A1590,Glass Install + Glazing,L 1,Architecture_TakeOff.csv:2008788,2030-01-07T16:15:00,2030-01-07T16:30:00
2008783,Glass Install + Glazing | L 1 | 2008783,A1590,Glass Install + Glazing,L 1,Architecture_TakeOff.csv:2008783,2030-01-07T16:30:00,2030-01-07T16:45:00
2008790,Glass Install + Glazing | L 1 | 2008790,A1590,Glass Install + Glazing,L 1,Architecture_TakeOff.csv:2008790,2030-01-07T16:45:00,2030-01-07T17:00:00
2008781,Glass Install + Glazing | L 1 | 2008781,A1590,Glass Install + Glazing,L 1,Architecture_TakeOff.csv:2008781,2030-01-08T09:00:00,2030-01-08T09:15:00
2008793,Glass Install + Glazing | L 1 | 2008793,A1590,Glass Install + Glazing,L 1,Architecture_TakeOff.csv:2008793,2030-01-08T09:15:00,2030-01-08T09:30:00
2008795,Glass Install + Glazing | L 1 | 2008795,A1590,Glass Install + Glazing,L 1,Architecture_TakeOff.csv:2008795,2030-01-08T09:30:00,2030-01-08T09:45:00
2008784,Glass Install + Glazing | L 1 | 2008784,A1590,Glass Install + Glazing,L 1,Architecture_TakeOff.csv:2008784,2030-01-08T09:45:00,2030-01-08T10:00:00
2008791,Glass Install + Glazing | L 1 | 2008791,A1590,Glass Install + Glazing,L 1,Architecture_TakeOff.csv:2008791,2030-01-08T10:00:00,2030-01-08T10:15:00
2008782,Glass Install + Glazing | L 1 | 2008782,A1590,Glass Install + Glazing,L 1,Architecture_TakeOff.csv:2008782,2030-01-08T10:15:00,2030-01-08T10:30:00
2008794,Glass Install + Glazing | L 1 | 2008794,A1590,Glass Install + Glazing,L 1,Architecture_TakeOff.csv:2008794,2030-01-08T10:30:00,2030-01-08T10:45:00
2008796,Glass Install + Glazing | L 1 | 2008796,A1590,Glass Install + Glazing,L 1,Architecture_TakeOff.csv:2008796,2030-01-08T10:45:00,2030-01-08T11:00:00
2008785,Glass Install + Glazing | L 1 | 2008785,A1590,Glass Install + Glazing,L 1,Architecture_TakeOff.csv:2008785,2030-01-08T11:00:00,2030-01-08T11:15:00
2008792,Glass Install + Glazing | L 1 | 2008792,A1590,Glass Install + Glazing,L 1,Architecture_TakeOff.csv:2008792,2030-01-08T11:15:00,2030-01-08T11:30:00
2008780,Glass Install + Glazing | L 1 | 2008780,A1590,Glass Install + Glazing,L 1,Architecture_TakeOff.csv:2008780,2030-01-08T11:30:00,2030-01-08T11:45:00
2008786,Glass Install + Glazing | L 1 | 2008786,A1590,Glass Install + Glazing,L 1,Architecture_TakeOff.csv:2008786,2030-01-08T11:45:00,2030-01-08T12:00:00
2008787,Glass Install + Glazing | L 1 | 2008787,A1590,Glass Install + Glazing,L 1,Architecture_TakeOff.csv:2008787,2030-01-08T12:00:00,2030-01-08T12:15:00
2008777,Glass Install + Glazing | L 1 | 2008777,A1590,Glass Install + Glazing,L 1,Architecture_TakeOff.csv:2008777,2030-01-08T12:15:00,2030-01-08T12:30:00
2008771,Glass Install + Glazing | L 1 | 2008771,A1590,Glass Install + Glazing,L 1,Architecture_TakeOff.csv:2008771,2030-01-08T12:30:00,2030-01-08T12:45:00
2008776,Glass Install + Glazing | L 1 | 2008776,A1590,Glass Install + Glazing,L 1,Architecture_TakeOff.csv:2008776,2030-01-08T12:45:00,2030-01-08T13:00:00
2008767,Glass Install + Glazing | L 1 | 2008767,A1590,Glass Install + Glazing,L 1,Architecture_TakeOff.csv:2008767,2030-01-08T13:00:00,2030-01-08T13:15:00
2008775,Glass Install + Glazing | L 1 | 2008775,A1590,Glass Install + Glazing,L 1,Architecture_TakeOff.csv:2008775,2030-01-08T13:15:00,2030-01-08T13:30:00
1526375,Glass Install + Glazing | L 1 | 1526375,A1590,Glass Install + Glazing,L 1,Architecture_TakeOff.csv:1526375,2030-01-08T13:30:00,2030-01-08T13:45:00
1526381,Glass Install + Glazing | L 1 | 1526381,A1590,Glass Install + Glazing,L 1,Architecture_TakeOff.csv:1526381,2030-01-08T13:45:00,2030-01-08T14:00:00
1767165,Glass Install + Glazing | L 1 | 1767165,A1590,Glass Install + Glazing,L 1,Architecture_TakeOff.csv:1767165,2030-01-08T14:00:00,2030-01-08T14:15:00
1526333,Glass Install + Glazing | L 1 | 1526333,A1590,Glass Install + Glazing,L 1,Architecture_TakeOff.csv:1526333,2030-01-08T14:15:00,2030-01-08T14:30:00
1526339,Glass Install + Glazing | L 1 | 1526339,A1590,Glass Install + Glazing,L 1,Architecture_TakeOff.csv:1526339,2030-01-08T14:30:00,2030-01-08T14:45:00
1526384,Glass Install + Glazing | L 1 | 1526384,A1590,Glass Install + Glazing,L 1,Architecture_TakeOff.csv:1526384,2030-01-08T14:45:00,2030-01-08T15:00:00
1526387,Glass Install + Glazing | L 1 | 1526387,A1590,Glass Install + Glazing,L 1,Architecture_TakeOff.csv:1526387,2030-01-08T15:00:00,2030-01-08T15:15:00
1526331,Glass Install + Glazing | L 1 | 1526331,A1590,Glass Install + Glazing,L 1,Architecture_TakeOff.csv:1526331,2030-01-08T15:15:00,2030-01-08T15:30:00
1526338,Glass Install + Glazing | L 1 | 1526338,A1590,Glass Install + Glazing,L 1,Architecture_TakeOff.csv:1526338,2030-01-08T15:30:00,2030-01-08T15:45:00
1526374,Glass Install + Glazing | L 1 | 1526374,A1590,Glass Install + Glazing,L 1,Architecture_TakeOff.csv:1526374,2030-01-08T15:45:00,2030-01-08T16:00:00
1526380,Glass Install + Glazing | L 1 | 1526380,A1590,Glass Install + Glazing,L 1,Architecture_TakeOff.csv:1526380,2030-01-08T16:00:00,2030-01-08T16:15:00
1767167,Glass Install + Glazing | L 1 | 1767167,A1590,Glass Install + Glazing,L 1,Architecture_TakeOff.csv:1767167,2030-01-08T16:15:00,2030-01-08T16:30:00
1526383,Glass Install + Glazing | L 1 | 1526383,A1590,Glass Install + Glazing,L 1,Architecture_TakeOff.csv:1526383,2030-01-08T16:30:00,2030-01-08T16:45:00
1526386,Glass Install + Glazing | L 1 | 1526386,A1590,Glass Install + Glazing,L 1,Architecture_TakeOff.csv:1526386,2030-01-08T16:45:00,2030-01-08T17:00:00
1526322,Glass Install + Glazing | L 1 | 1526322,A1590,Glass Install + Glazing,L 1,Architecture_TakeOff.csv:1526322,2030-01-09T09:00:00,2030-01-09T09:15:00
1526337,Glass Install + Glazing | L 1 | 1526337,A1590,Glass Install + Glazing,L 1,Architecture_TakeOff.csv:1526337,2030-01-09T09:15:00,2030-01-09T09:30:00
1526327,Glass Install + Glazing | L 1 | 1526327,A1590,Glass Install + Glazing,L 1,Architecture_TakeOff.csv:1526327,2030-01-09T09:30:00,2030-01-09T09:45:00
1526379,Glass Install + Glazing | L 1 | 1526379,A1590,Glass Install + Glazing,L 1,Architecture_TakeOff.csv:1526379,2030-01-09T09:45:00,2030-01-09T10:00:00
1767166,Glass Install + Glazing | L 1 | 1767166,A1590,Glass Install + Glazing,L 1,Architecture_TakeOff.csv:1767166,2030-01-09T10:00:00,2030-01-09T10:15:00
1526378,Glass Install + Glazing | L 1 | 1526378,A1590,Glass Install + Glazing,L 1,Architecture_TakeOff.csv:1526378,2030-01-09T10:15:00,2030-01-09T10:30:00
1526329,Glass Install + Glazing | L 1 | 1526329,A1590,Glass Install + Glazing,L 1,Architecture_TakeOff.csv:1526329,2030-01-09T10:30:00,2030-01-09T10:45:00
1781235,Exterior Wall Install | L -1 | PREFAB_WALL_LNEG1_001,A1600,Exterior Wall Install,L -1,Architecture_TakeOff.csv:1781235,2029-11-30T13:20:00,2029-11-30T13:50:00
1945117,Exterior Wall Install | L -1 | PREFAB_WALL_LNEG1_001,A1600,Exterior Wall Install,L -1,Architecture_TakeOff.csv:1945117,2029-11-30T13:20:00,2029-11-30T13:50:00
1945118,Exterior Wall Install | L -1 | PREFAB_WALL_LNEG1_001,A1600,Exterior Wall Install,L -1,Architecture_TakeOff.csv:1945118,2029-11-30T13:20:00,2029-11-30T13:50:00
1945120,Exterior Wall Install | L -1 | PREFAB_WALL_LNEG1_001,A1600,Exterior Wall Install,L -1,Architecture_TakeOff.csv:1945120,2029-11-30T13:20:00,2029-11-30T13:50:00
1945122,Exterior Wall Install | L -1 | PREFAB_WALL_LNEG1_001,A1600,Exterior Wall Install,L -1,Architecture_TakeOff.csv:1945122,2029-11-30T13:20:00,2029-11-30T13:50:00
1945123,Exterior Wall Install | L -1 | PREFAB_WALL_LNEG1_001,A1600,Exterior Wall Install,L -1,Architecture_TakeOff.csv:1945123,2029-11-30T13:20:00,2029-11-30T13:50:00
1945124,Exterior Wall Install | L -1 | PREFAB_WALL_LNEG1_001,A1600,Exterior Wall Install,L -1,Architecture_TakeOff.csv:1945124,2029-11-30T13:20:00,2029-11-30T13:50:00
1945125,Exterior Wall Install | L -1 | PREFAB_WALL_LNEG1_001,A1600,Exterior Wall Install,L -1,Architecture_TakeOff.csv:1945125,2029-11-30T13:20:00,2029-11-30T13:50:00
1945126,Exterior Wall Install | L -1 | PREFAB_WALL_LNEG1_001,A1600,Exterior Wall Install,L -1,Architecture_TakeOff.csv:1945126,2029-11-30T13:20:00,2029-11-30T13:50:00
1945127,Exterior Wall Install | L -1 | PREFAB_WALL_LNEG1_001,A1600,Exterior Wall Install,L -1,Architecture_TakeOff.csv:1945127,2029-11-30T13:20:00,2029-11-30T13:50:00
1945128,Exterior Wall Install | L -1 | PREFAB_WALL_LNEG1_001,A1600,Exterior Wall Install,L -1,Architecture_TakeOff.csv:1945128,2029-11-30T13:20:00,2029-11-30T13:50:00
1945129,Exterior Wall Install | L -1 | PREFAB_WALL_LNEG1_001,A1600,Exterior Wall Install,L -1,Architecture_TakeOff.csv:1945129,2029-11-30T13:20:00,2029-11-30T13:50:00
1945130,Exterior Wall Install | L -1 | PREFAB_WALL_LNEG1_001,A1600,Exterior Wall Install,L -1,Architecture_TakeOff.csv:1945130,2029-11-30T13:20:00,2029-11-30T13:50:00
1945131,Exterior Wall Install | L -1 | PREFAB_WALL_LNEG1_001,A1600,Exterior Wall Install,L -1,Architecture_TakeOff.csv:1945131,2029-11-30T13:20:00,2029-11-30T13:50:00
1945132,Exterior Wall Install | L -1 | PREFAB_WALL_LNEG1_001,A1600,Exterior Wall Install,L -1,Architecture_TakeOff.csv:1945132,2029-11-30T13:20:00,2029-11-30T13:50:00
1781357,Exterior Wall Install | L -1 | PREFAB_WALL_LNEG1_002,A1600,Exterior Wall Install,L -1,Architecture_TakeOff.csv:1781357,2029-11-30T13:50:00,2029-11-30T14:20:00
1945336,Exterior Wall Install | L -1 | PREFAB_WALL_LNEG1_002,A1600,Exterior Wall Install,L -1,Architecture_TakeOff.csv:1945336,2029-11-30T13:50:00,2029-11-30T14:20:00
1945337,Exterior Wall Install | L -1 | PREFAB_WALL_LNEG1_002,A1600,Exterior Wall Install,L -1,Architecture_TakeOff.csv:1945337,2029-11-30T13:50:00,2029-11-30T14:20:00
1945339,Exterior Wall Install | L -1 | PREFAB_WALL_LNEG1_002,A1600,Exterior Wall Install,L -1,Architecture_TakeOff.csv:1945339,2029-11-30T13:50:00,2029-11-30T14:20:00
1945340,Exterior Wall Install | L -1 | PREFAB_WALL_LNEG1_002,A1600,Exterior Wall Install,L -1,Architecture_TakeOff.csv:1945340,2029-11-30T13:50:00,2029-11-30T14:20:00
1945341,Exterior Wall Install | L -1 | PREFAB_WALL_LNEG1_002,A1600,Exterior Wall Install,L -1,Architecture_TakeOff.csv:1945341,2029-11-30T13:50:00,2029-11-30T14:20:00
1945342,Exterior Wall Install | L -1 | PREFAB_WALL_LNEG1_002,A1600,Exterior Wall Install,L -1,Architecture_TakeOff.csv:1945342,2029-11-30T13:50:00,2029-11-30T14:20:00
1945343,Exterior Wall Install | L -1 | PREFAB_WALL_LNEG1_002,A1600,Exterior Wall Install,L -1,Architecture_TakeOff.csv:1945343,2029-11-30T13:50:00,2029-11-30T14:20:00
1945344,Exterior Wall Install | L -1 | PREFAB_WALL_LNEG1_002,A1600,Exterior Wall Install,L -1,Architecture_TakeOff.csv:1945344,2029-11-30T13:50:00,2029-11-30T14:20:00
1945345,Exterior Wall Install | L -1 | PREFAB_WALL_LNEG1_002,A1600,Exterior Wall Install,L -1,Architecture_TakeOff.csv:1945345,2029-11-30T13:50:00,2029-11-30T14:20:00
1945346,Exterior Wall Install | L -1 | PREFAB_WALL_LNEG1_002,A1600,Exterior Wall Install,L -1,Architecture_TakeOff.csv:1945346,2029-11-30T13:50:00,2029-11-30T14:20:00
1944371,Exterior Wall Install | L -1 | PREFAB_WALL_LNEG1_003,A1600,Exterior Wall Install,L -1,Architecture_TakeOff.csv:1944371,2029-11-30T14:20:00,2029-11-30T14:50:00
1944945,Exterior Wall Install | L -1 | PREFAB_WALL_LNEG1_003,A1600,Exterior Wall Install,L -1,Architecture_TakeOff.csv:1944945,2029-11-30T14:20:00,2029-11-30T14:50:00
1944946,Exterior Wall Install | L -1 | PREFAB_WALL_LNEG1_003,A1600,Exterior Wall Install,L -1,Architecture_TakeOff.csv:1944946,2029-11-30T14:20:00,2029-11-30T14:50:00
1944948,Exterior Wall Install | L -1 | PREFAB_WALL_LNEG1_003,A1600,Exterior Wall Install,L -1,Architecture_TakeOff.csv:1944948,2029-11-30T14:20:00,2029-11-30T14:50:00
1944949,Exterior Wall Install | L -1 | PREFAB_WALL_LNEG1_003,A1600,Exterior Wall Install,L -1,Architecture_TakeOff.csv:1944949,2029-11-30T14:20:00,2029-11-30T14:50:00
1944950,Exterior Wall Install | L -1 | PREFAB_WALL_LNEG1_003,A1600,Exterior Wall Install,L -1,Architecture_TakeOff.csv:1944950,2029-11-30T14:20:00,2029-11-30T14:50:00
1944951,Exterior Wall Install | L -1 | PREFAB_WALL_LNEG1_003,A1600,Exterior Wall Install,L -1,Architecture_TakeOff.csv:1944951,2029-11-30T14:20:00,2029-11-30T14:50:00
1944952,Exterior Wall Install | L -1 | PREFAB_WALL_LNEG1_003,A1600,Exterior Wall Install,L -1,Architecture_TakeOff.csv:1944952,2029-11-30T14:20:00,2029-11-30T14:50:00
1944953,Exterior Wall Install | L -1 | PREFAB_WALL_LNEG1_003,A1600,Exterior Wall Install,L -1,Architecture_TakeOff.csv:1944953,2029-11-30T14:20:00,2029-11-30T14:50:00
1944954,Exterior Wall Install | L -1 | PREFAB_WALL_LNEG1_003,A1600,Exterior Wall Install,L -1,Architecture_TakeOff.csv:1944954,2029-11-30T14:20:00,2029-11-30T14:50:00
1944955,Exterior Wall Install | L -1 | PREFAB_WALL_LNEG1_003,A1600,Exterior Wall Install,L -1,Architecture_TakeOff.csv:1944955,2029-11-30T14:20:00,2029-11-30T14:50:00
1945027,Exterior Wall Install | L -1 | PREFAB_WALL_LNEG1_003,A1600,Exterior Wall Install,L -1,Architecture_TakeOff.csv:1945027,2029-11-30T14:20:00,2029-11-30T14:50:00
1945028,Exterior Wall Install | L -1 | PREFAB_WALL_LNEG1_003,A1600,Exterior Wall Install,L -1,Architecture_TakeOff.csv:1945028,2029-11-30T14:20:00,2029-11-30T14:50:00
1945030,Exterior Wall Install | L -1 | PREFAB_WALL_LNEG1_003,A1600,Exterior Wall Install,L -1,Architecture_TakeOff.csv:1945030,2029-11-30T14:20:00,2029-11-30T14:50:00
1945031,Exterior Wall Install | L -1 | PREFAB_WALL_LNEG1_003,A1600,Exterior Wall Install,L -1,Architecture_TakeOff.csv:1945031,2029-11-30T14:20:00,2029-11-30T14:50:00
1945032,Exterior Wall Install | L -1 | PREFAB_WALL_LNEG1_003,A1600,Exterior Wall Install,L -1,Architecture_TakeOff.csv:1945032,2029-11-30T14:20:00,2029-11-30T14:50:00
1945033,Exterior Wall Install | L -1 | PREFAB_WALL_LNEG1_003,A1600,Exterior Wall Install,L -1,Architecture_TakeOff.csv:1945033,2029-11-30T14:20:00,2029-11-30T14:50:00
1945034,Exterior Wall Install | L -1 | PREFAB_WALL_LNEG1_003,A1600,Exterior Wall Install,L -1,Architecture_TakeOff.csv:1945034,2029-11-30T14:20:00,2029-11-30T14:50:00
1945035,Exterior Wall Install | L -1 | PREFAB_WALL_LNEG1_003,A1600,Exterior Wall Install,L -1,Architecture_TakeOff.csv:1945035,2029-11-30T14:20:00,2029-11-30T14:50:00
1945036,Exterior Wall Install | L -1 | PREFAB_WALL_LNEG1_003,A1600,Exterior Wall Install,L -1,Architecture_TakeOff.csv:1945036,2029-11-30T14:20:00,2029-11-30T14:50:00
1945037,Exterior Wall Install | L -1 | PREFAB_WALL_LNEG1_003,A1600,Exterior Wall Install,L -1,Architecture_TakeOff.csv:1945037,2029-11-30T14:20:00,2029-11-30T14:50:00
1944285,Exterior Wall Install | L -1 | PREFAB_WALL_LNEG1_004,A1600,Exterior Wall Install,L -1,Architecture_TakeOff.csv:1944285,2029-11-30T14:50:00,2029-11-30T15:20:00
1945644,Exterior Wall Install | L -1 | PREFAB_WALL_LNEG1_004,A1600,Exterior Wall Install,L -1,Architecture_TakeOff.csv:1945644,2029-11-30T14:50:00,2029-11-30T15:20:00
1945645,Exterior Wall Install | L -1 | PREFAB_WALL_LNEG1_004,A1600,Exterior Wall Install,L -1,Architecture_TakeOff.csv:1945645,2029-11-30T14:50:00,2029-11-30T15:20:00
1945647,Exterior Wall Install | L -1 | PREFAB_WALL_LNEG1_004,A1600,Exterior Wall Install,L -1,Architecture_TakeOff.csv:1945647,2029-11-30T14:50:00,2029-11-30T15:20:00
1945648,Exterior Wall Install | L -1 | PREFAB_WALL_LNEG1_004,A1600,Exterior Wall Install,L -1,Architecture_TakeOff.csv:1945648,2029-11-30T14:50:00,2029-11-30T15:20:00
1945649,Exterior Wall Install | L -1 | PREFAB_WALL_LNEG1_004,A1600,Exterior Wall Install,L -1,Architecture_TakeOff.csv:1945649,2029-11-30T14:50:00,2029-11-30T15:20:00
1945650,Exterior Wall Install | L -1 | PREFAB_WALL_LNEG1_004,A1600,Exterior Wall Install,L -1,Architecture_TakeOff.csv:1945650,2029-11-30T14:50:00,2029-11-30T15:20:00
1945651,Exterior Wall Install | L -1 | PREFAB_WALL_LNEG1_004,A1600,Exterior Wall Install,L -1,Architecture_TakeOff.csv:1945651,2029-11-30T14:50:00,2029-11-30T15:20:00
1945652,Exterior Wall Install | L -1 | PREFAB_WALL_LNEG1_004,A1600,Exterior Wall Install,L -1,Architecture_TakeOff.csv:1945652,2029-11-30T14:50:00,2029-11-30T15:20:00
1945653,Exterior Wall Install | L -1 | PREFAB_WALL_LNEG1_004,A1600,Exterior Wall Install,L -1,Architecture_TakeOff.csv:1945653,2029-11-30T14:50:00,2029-11-30T15:20:00
1945654,Exterior Wall Install | L -1 | PREFAB_WALL_LNEG1_004,A1600,Exterior Wall Install,L -1,Architecture_TakeOff.csv:1945654,2029-11-30T14:50:00,2029-11-30T15:20:00
1944229,Exterior Wall Install | L -1 | PREFAB_WALL_LNEG1_005,A1600,Exterior Wall Install,L -1,Architecture_TakeOff.csv:1944229,2029-11-30T15:20:00,2029-11-30T15:50:00
1944466,Exterior Wall Install | L -1 | PREFAB_WALL_LNEG1_005,A1600,Exterior Wall Install,L -1,Architecture_TakeOff.csv:1944466,2029-11-30T15:20:00,2029-11-30T15:50:00
1944467,Exterior Wall Install | L -1 | PREFAB_WALL_LNEG1_005,A1600,Exterior Wall Install,L -1,Architecture_TakeOff.csv:1944467,2029-11-30T15:20:00,2029-11-30T15:50:00
1944471,Exterior Wall Install | L -1 | PREFAB_WALL_LNEG1_005,A1600,Exterior Wall Install,L -1,Architecture_TakeOff.csv:1944471,2029-11-30T15:20:00,2029-11-30T15:50:00
1944473,Exterior Wall Install | L -1 | PREFAB_WALL_LNEG1_005,A1600,Exterior Wall Install,L -1,Architecture_TakeOff.csv:1944473,2029-11-30T15:20:00,2029-11-30T15:50:00
1944480,Exterior Wall Install | L -1 | PREFAB_WALL_LNEG1_005,A1600,Exterior Wall Install,L -1,Architecture_TakeOff.csv:1944480,2029-11-30T15:20:00,2029-11-30T15:50:00
1944481,Exterior Wall Install | L -1 | PREFAB_WALL_LNEG1_005,A1600,Exterior Wall Install,L -1,Architecture_TakeOff.csv:1944481,2029-11-30T15:20:00,2029-11-30T15:50:00
1944482,Exterior Wall Install | L -1 | PREFAB_WALL_LNEG1_005,A1600,Exterior Wall Install,L -1,Architecture_TakeOff.csv:1944482,2029-11-30T15:20:00,2029-11-30T15:50:00
1944483,Exterior Wall Install | L -1 | PREFAB_WALL_LNEG1_005,A1600,Exterior Wall Install,L -1,Architecture_TakeOff.csv:1944483,2029-11-30T15:20:00,2029-11-30T15:50:00
1944484,Exterior Wall Install | L -1 | PREFAB_WALL_LNEG1_005,A1600,Exterior Wall Install,L -1,Architecture_TakeOff.csv:1944484,2029-11-30T15:20:00,2029-11-30T15:50:00
1944485,Exterior Wall Install | L -1 | PREFAB_WALL_LNEG1_005,A1600,Exterior Wall Install,L -1,Architecture_TakeOff.csv:1944485,2029-11-30T15:20:00,2029-11-30T15:50:00
1944486,Exterior Wall Install | L -1 | PREFAB_WALL_LNEG1_005,A1600,Exterior Wall Install,L -1,Architecture_TakeOff.csv:1944486,2029-11-30T15:20:00,2029-11-30T15:50:00
1944488,Exterior Wall Install | L -1 | PREFAB_WALL_LNEG1_005,A1600,Exterior Wall Install,L -1,Architecture_TakeOff.csv:1944488,2029-11-30T15:20:00,2029-11-30T15:50:00
1944493,Exterior Wall Install | L -1 | PREFAB_WALL_LNEG1_005,A1600,Exterior Wall Install,L -1,Architecture_TakeOff.csv:1944493,2029-11-30T15:20:00,2029-11-30T15:50:00
1944494,Exterior Wall Install | L -1 | PREFAB_WALL_LNEG1_005,A1600,Exterior Wall Install,L -1,Architecture_TakeOff.csv:1944494,2029-11-30T15:20:00,2029-11-30T15:50:00
1403659,Exterior Wall Install | L -1 | PREFAB_WALL_LNEG1_006,A1600,Exterior Wall Install,L -1,Architecture_TakeOff.csv:1403659,2029-11-30T15:50:00,2029-11-30T16:20:00
1946440,Exterior Wall Install | L -1 | PREFAB_WALL_LNEG1_006,A1600,Exterior Wall Install,L -1,Architecture_TakeOff.csv:1946440,2029-11-30T15:50:00,2029-11-30T16:20:00
1946441,Exterior Wall Install | L -1 | PREFAB_WALL_LNEG1_006,A1600,Exterior Wall Install,L -1,Architecture_TakeOff.csv:1946441,2029-11-30T15:50:00,2029-11-30T16:20:00
1946443,Exterior Wall Install | L -1 | PREFAB_WALL_LNEG1_006,A1600,Exterior Wall Install,L -1,Architecture_TakeOff.csv:1946443,2029-11-30T15:50:00,2029-11-30T16:20:00
1946445,Exterior Wall Install | L -1 | PREFAB_WALL_LNEG1_006,A1600,Exterior Wall Install,L -1,Architecture_TakeOff.csv:1946445,2029-11-30T15:50:00,2029-11-30T16:20:00
1946446,Exterior Wall Install | L -1 | PREFAB_WALL_LNEG1_006,A1600,Exterior Wall Install,L -1,Architecture_TakeOff.csv:1946446,2029-11-30T15:50:00,2029-11-30T16:20:00
1946447,Exterior Wall Install | L -1 | PREFAB_WALL_LNEG1_006,A1600,Exterior Wall Install,L -1,Architecture_TakeOff.csv:1946447,2029-11-30T15:50:00,2029-11-30T16:20:00
1946448,Exterior Wall Install | L -1 | PREFAB_WALL_LNEG1_006,A1600,Exterior Wall Install,L -1,Architecture_TakeOff.csv:1946448,2029-11-30T15:50:00,2029-11-30T16:20:00
1946449,Exterior Wall Install | L -1 | PREFAB_WALL_LNEG1_006,A1600,Exterior Wall Install,L -1,Architecture_TakeOff.csv:1946449,2029-11-30T15:50:00,2029-11-30T16:20:00
1946450,Exterior Wall Install | L -1 | PREFAB_WALL_LNEG1_006,A1600,Exterior Wall Install,L -1,Architecture_TakeOff.csv:1946450,2029-11-30T15:50:00,2029-11-30T16:20:00
1946451,Exterior Wall Install | L -1 | PREFAB_WALL_LNEG1_006,A1600,Exterior Wall Install,L -1,Architecture_TakeOff.csv:1946451,2029-11-30T15:50:00,2029-11-30T16:20:00
1946452,Exterior Wall Install | L -1 | PREFAB_WALL_LNEG1_006,A1600,Exterior Wall Install,L -1,Architecture_TakeOff.csv:1946452,2029-11-30T15:50:00,2029-11-30T16:20:00
1946453,Exterior Wall Install | L -1 | PREFAB_WALL_LNEG1_006,A1600,Exterior Wall Install,L -1,Architecture_TakeOff.csv:1946453,2029-11-30T15:50:00,2029-11-30T16:20:00
1946454,Exterior Wall Install | L -1 | PREFAB_WALL_LNEG1_006,A1600,Exterior Wall Install,L -1,Architecture_TakeOff.csv:1946454,2029-11-30T15:50:00,2029-11-30T16:20:00
1946455,Exterior Wall Install | L -1 | PREFAB_WALL_LNEG1_006,A1600,Exterior Wall Install,L -1,Architecture_TakeOff.csv:1946455,2029-11-30T15:50:00,2029-11-30T16:20:00
1642597,Exterior Wall Install | L -1 | PREFAB_WALL_LNEG1_007,A1600,Exterior Wall Install,L -1,Architecture_TakeOff.csv:1642597,2029-11-30T16:20:00,2029-11-30T16:50:00
1516212,Exterior Wall Install | L -1 | PREFAB_WALL_LNEG1_008,A1600,Exterior Wall Install,L -1,Architecture_TakeOff.csv:1516212,2029-11-30T16:50:00,2029-11-30T17:20:00
2000202,Exterior Wall Install | L -1 | PREFAB_WALL_LNEG1_009,A1600,Exterior Wall Install,L -1,Architecture_TakeOff.csv:2000202,2029-11-30T17:20:00,2029-11-30T17:50:00
2000241,Exterior Wall Install | L -1 | PREFAB_WALL_LNEG1_010,A1600,Exterior Wall Install,L -1,Architecture_TakeOff.csv:2000241,2029-11-30T17:50:00,2029-11-30T18:20:00
1774968,Exterior Wall Install | L -1 | PREFAB_WALL_LNEG1_011,A1600,Exterior Wall Install,L -1,Architecture_TakeOff.csv:1774968,2029-11-30T18:20:00,2029-11-30T18:50:00
2185605,Exterior Wall Install | L -1 | 2185605,A1600,Exterior Wall Install,L -1,Architecture_TakeOff.csv:2185605,2029-11-30T18:50:00,2029-11-30T19:20:00
2185404,Exterior Wall Install | L -1 | 2185404,A1600,Exterior Wall Install,L -1,Architecture_TakeOff.csv:2185404,2029-11-30T19:20:00,2029-11-30T19:50:00
2184865,Exterior Wall Install | L -1 | 2184865,A1600,Exterior Wall Install,L -1,Architecture_TakeOff.csv:2184865,2029-11-30T19:50:00,2029-11-30T20:20:00
2184993,Exterior Wall Install | L -1 | 2184993,A1600,Exterior Wall Install,L -1,Architecture_TakeOff.csv:2184993,2029-11-30T20:20:00,2029-11-30T20:50:00
1404538,Exterior Wall Install | L -1 | 1404538,A1600,Exterior Wall Install,L -1,Architecture_TakeOff.csv:1404538,2029-11-30T20:50:00,2029-11-30T21:20:00
1778137,Exterior Wall Install | L 0 | PREFAB_WALL_L0_012,A1600,Exterior Wall Install,L 0,Architecture_TakeOff.csv:1778137,2029-12-07T10:40:00,2029-12-07T11:10:00
1778138,Exterior Wall Install | L 0 | PREFAB_WALL_L0_012,A1600,Exterior Wall Install,L 0,Architecture_TakeOff.csv:1778138,2029-12-07T10:40:00,2029-12-07T11:10:00
1778139,Exterior Wall Install | L 0 | PREFAB_WALL_L0_012,A1600,Exterior Wall Install,L 0,Architecture_TakeOff.csv:1778139,2029-12-07T10:40:00,2029-12-07T11:10:00
1778140,Exterior Wall Install | L 0 | PREFAB_WALL_L0_012,A1600,Exterior Wall Install,L 0,Architecture_TakeOff.csv:1778140,2029-12-07T10:40:00,2029-12-07T11:10:00
1778141,Exterior Wall Install | L 0 | PREFAB_WALL_L0_012,A1600,Exterior Wall Install,L 0,Architecture_TakeOff.csv:1778141,2029-12-07T10:40:00,2029-12-07T11:10:00
1778142,Exterior Wall Install | L 0 | PREFAB_WALL_L0_012,A1600,Exterior Wall Install,L 0,Architecture_TakeOff.csv:1778142,2029-12-07T10:40:00,2029-12-07T11:10:00
1936236,Exterior Wall Install | L 0 | PREFAB_WALL_L0_012,A1600,Exterior Wall Install,L 0,Architecture_TakeOff.csv:1936236,2029-12-07T10:40:00,2029-12-07T11:10:00
1949162,Exterior Wall Install | L 0 | PREFAB_WALL_L0_012,A1600,Exterior Wall Install,L 0,Architecture_TakeOff.csv:1949162,2029-12-07T10:40:00,2029-12-07T11:10:00
1778122,Exterior Wall Install | L 0 | PREFAB_WALL_L0_013,A1600,Exterior Wall Install,L 0,Architecture_TakeOff.csv:1778122,2029-12-07T11:10:00,2029-12-07T11:40:00
1778123,Exterior Wall Install | L 0 | PREFAB_WALL_L0_013,A1600,Exterior Wall Install,L 0,Architecture_TakeOff.csv:1778123,2029-12-07T11:10:00,2029-12-07T11:40:00
1778128,Exterior Wall Install | L 0 | PREFAB_WALL_L0_013,A1600,Exterior Wall Install,L 0,Architecture_TakeOff.csv:1778128,2029-12-07T11:10:00,2029-12-07T11:40:00
1778130,Exterior Wall Install | L 0 | PREFAB_WALL_L0_013,A1600,Exterior Wall Install,L 0,Architecture_TakeOff.csv:1778130,2029-12-07T11:10:00,2029-12-07T11:40:00
1778143,Exterior Wall Install | L 0 | PREFAB_WALL_L0_013,A1600,Exterior Wall Install,L 0,Architecture_TakeOff.csv:1778143,2029-12-07T11:10:00,2029-12-07T11:40:00
1778145,Exterior Wall Install | L 0 | PREFAB_WALL_L0_013,A1600,Exterior Wall Install,L 0,Architecture_TakeOff.csv:1778145,2029-12-07T11:10:00,2029-12-07T11:40:00
1778150,Exterior Wall Install | L 0 | PREFAB_WALL_L0_013,A1600,Exterior Wall Install,L 0,Architecture_TakeOff.csv:1778150,2029-12-07T11:10:00,2029-12-07T11:40:00
1778151,Exterior Wall Install | L 0 | PREFAB_WALL_L0_013,A1600,Exterior Wall Install,L 0,Architecture_TakeOff.csv:1778151,2029-12-07T11:10:00,2029-12-07T11:40:00
1936999,Exterior Wall Install | L 0 | PREFAB_WALL_L0_013,A1600,Exterior Wall Install,L 0,Architecture_TakeOff.csv:1936999,2029-12-07T11:10:00,2029-12-07T11:40:00
1937479,Exterior Wall Install | L 0 | PREFAB_WALL_L0_014,A1600,Exterior Wall Install,L 0,Architecture_TakeOff.csv:1937479,2029-12-07T11:40:00,2029-12-07T12:10:00
1937480,Exterior Wall Install | L 0 | PREFAB_WALL_L0_014,A1600,Exterior Wall Install,L 0,Architecture_TakeOff.csv:1937480,2029-12-07T11:40:00,2029-12-07T12:10:00
1937482,Exterior Wall Install | L 0 | PREFAB_WALL_L0_014,A1600,Exterior Wall Install,L 0,Architecture_TakeOff.csv:1937482,2029-12-07T11:40:00,2029-12-07T12:10:00
1937484,Exterior Wall Install | L 0 | PREFAB_WALL_L0_014,A1600,Exterior Wall Install,L 0,Architecture_TakeOff.csv:1937484,2029-12-07T11:40:00,2029-12-07T12:10:00
1937489,Exterior Wall Install | L 0 | PREFAB_WALL_L0_014,A1600,Exterior Wall Install,L 0,Architecture_TakeOff.csv:1937489,2029-12-07T11:40:00,2029-12-07T12:10:00
1937490,Exterior Wall Install | L 0 | PREFAB_WALL_L0_014,A1600,Exterior Wall Install,L 0,Architecture_TakeOff.csv:1937490,2029-12-07T11:40:00,2029-12-07T12:10:00
1937491,Exterior Wall Install | L 0 | PREFAB_WALL_L0_014,A1600,Exterior Wall Install,L 0,Architecture_TakeOff.csv:1937491,2029-12-07T11:40:00,2029-12-07T12:10:00
1937492,Exterior Wall Install | L 0 | PREFAB_WALL_L0_014,A1600,Exterior Wall Install,L 0,Architecture_TakeOff.csv:1937492,2029-12-07T11:40:00,2029-12-07T12:10:00
1937493,Exterior Wall Install | L 0 | PREFAB_WALL_L0_014,A1600,Exterior Wall Install,L 0,Architecture_TakeOff.csv:1937493,2029-12-07T11:40:00,2029-12-07T12:10:00
1937494,Exterior Wall Install | L 0 | PREFAB_WALL_L0_014,A1600,Exterior Wall Install,L 0,Architecture_TakeOff.csv:1937494,2029-12-07T11:40:00,2029-12-07T12:10:00
1937495,Exterior Wall Install | L 0 | PREFAB_WALL_L0_014,A1600,Exterior Wall Install,L 0,Architecture_TakeOff.csv:1937495,2029-12-07T11:40:00,2029-12-07T12:10:00
1937497,Exterior Wall Install | L 0 | PREFAB_WALL_L0_014,A1600,Exterior Wall Install,L 0,Architecture_TakeOff.csv:1937497,2029-12-07T11:40:00,2029-12-07T12:10:00
1937502,Exterior Wall Install | L 0 | PREFAB_WALL_L0_014,A1600,Exterior Wall Install,L 0,Architecture_TakeOff.csv:1937502,2029-12-07T11:40:00,2029-12-07T12:10:00
1937503,Exterior Wall Install | L 0 | PREFAB_WALL_L0_014,A1600,Exterior Wall Install,L 0,Architecture_TakeOff.csv:1937503,2029-12-07T11:40:00,2029-12-07T12:10:00
1937506,Exterior Wall Install | L 0 | PREFAB_WALL_L0_014,A1600,Exterior Wall Install,L 0,Architecture_TakeOff.csv:1937506,2029-12-07T11:40:00,2029-12-07T12:10:00
1937722,Exterior Wall Install | L 0 | PREFAB_WALL_L0_015,A1600,Exterior Wall Install,L 0,Architecture_TakeOff.csv:1937722,2029-12-07T12:10:00,2029-12-07T12:40:00
1937723,Exterior Wall Install | L 0 | PREFAB_WALL_L0_015,A1600,Exterior Wall Install,L 0,Architecture_TakeOff.csv:1937723,2029-12-07T12:10:00,2029-12-07T12:40:00
1937725,Exterior Wall Install | L 0 | PREFAB_WALL_L0_015,A1600,Exterior Wall Install,L 0,Architecture_TakeOff.csv:1937725,2029-12-07T12:10:00,2029-12-07T12:40:00
1937727,Exterior Wall Install | L 0 | PREFAB_WALL_L0_015,A1600,Exterior Wall Install,L 0,Architecture_TakeOff.csv:1937727,2029-12-07T12:10:00,2029-12-07T12:40:00
1937732,Exterior Wall Install | L 0 | PREFAB_WALL_L0_015,A1600,Exterior Wall Install,L 0,Architecture_TakeOff.csv:1937732,2029-12-07T12:10:00,2029-12-07T12:40:00
1937733,Exterior Wall Install | L 0 | PREFAB_WALL_L0_015,A1600,Exterior Wall Install,L 0,Architecture_TakeOff.csv:1937733,2029-12-07T12:10:00,2029-12-07T12:40:00
1937734,Exterior Wall Install | L 0 | PREFAB_WALL_L0_015,A1600,Exterior Wall Install,L 0,Architecture_TakeOff.csv:1937734,2029-12-07T12:10:00,2029-12-07T12:40:00
1937735,Exterior Wall Install | L 0 | PREFAB_WALL_L0_015,A1600,Exterior Wall Install,L 0,Architecture_TakeOff.csv:1937735,2029-12-07T12:10:00,2029-12-07T12:40:00
1937736,Exterior Wall Install | L 0 | PREFAB_WALL_L0_015,A1600,Exterior Wall Install,L 0,Architecture_TakeOff.csv:1937736,2029-12-07T12:10:00,2029-12-07T12:40:00
1937737,Exterior Wall Install | L 0 | PREFAB_WALL_L0_015,A1600,Exterior Wall Install,L 0,Architecture_TakeOff.csv:1937737,2029-12-07T12:10:00,2029-12-07T12:40:00
1937738,Exterior Wall Install | L 0 | PREFAB_WALL_L0_015,A1600,Exterior Wall Install,L 0,Architecture_TakeOff.csv:1937738,2029-12-07T12:10:00,2029-12-07T12:40:00
1937740,Exterior Wall Install | L 0 | PREFAB_WALL_L0_015,A1600,Exterior Wall Install,L 0,Architecture_TakeOff.csv:1937740,2029-12-07T12:10:00,2029-12-07T12:40:00
1937745,Exterior Wall Install | L 0 | PREFAB_WALL_L0_015,A1600,Exterior Wall Install,L 0,Architecture_TakeOff.csv:1937745,2029-12-07T12:10:00,2029-12-07T12:40:00
1937746,Exterior Wall Install | L 0 | PREFAB_WALL_L0_015,A1600,Exterior Wall Install,L 0,Architecture_TakeOff.csv:1937746,2029-12-07T12:10:00,2029-12-07T12:40:00
1937749,Exterior Wall Install | L 0 | PREFAB_WALL_L0_015,A1600,Exterior Wall Install,L 0,Architecture_TakeOff.csv:1937749,2029-12-07T12:10:00,2029-12-07T12:40:00
1937891,Exterior Wall Install | L 0 | PREFAB_WALL_L0_016,A1600,Exterior Wall Install,L 0,Architecture_TakeOff.csv:1937891,2029-12-07T12:40:00,2029-12-07T13:10:00
1937892,Exterior Wall Install | L 0 | PREFAB_WALL_L0_016,A1600,Exterior Wall Install,L 0,Architecture_TakeOff.csv:1937892,2029-12-07T12:40:00,2029-12-07T13:10:00
1937894,Exterior Wall Install | L 0 | PREFAB_WALL_L0_016,A1600,Exterior Wall Install,L 0,Architecture_TakeOff.csv:1937894,2029-12-07T12:40:00,2029-12-07T13:10:00
1937896,Exterior Wall Install | L 0 | PREFAB_WALL_L0_016,A1600,Exterior Wall Install,L 0,Architecture_TakeOff.csv:1937896,2029-12-07T12:40:00,2029-12-07T13:10:00
1937901,Exterior Wall Install | L 0 | PREFAB_WALL_L0_016,A1600,Exterior Wall Install,L 0,Architecture_TakeOff.csv:1937901,2029-12-07T12:40:00,2029-12-07T13:10:00
1937902,Exterior Wall Install | L 0 | PREFAB_WALL_L0_016,A1600,Exterior Wall Install,L 0,Architecture_TakeOff.csv:1937902,2029-12-07T12:40:00,2029-12-07T13:10:00
1937903,Exterior Wall Install | L 0 | PREFAB_WALL_L0_016,A1600,Exterior Wall Install,L 0,Architecture_TakeOff.csv:1937903,2029-12-07T12:40:00,2029-12-07T13:10:00
1937904,Exterior Wall Install | L 0 | PREFAB_WALL_L0_016,A1600,Exterior Wall Install,L 0,Architecture_TakeOff.csv:1937904,2029-12-07T12:40:00,2029-12-07T13:10:00
1937905,Exterior Wall Install | L 0 | PREFAB_WALL_L0_016,A1600,Exterior Wall Install,L 0,Architecture_TakeOff.csv:1937905,2029-12-07T12:40:00,2029-12-07T13:10:00
1937906,Exterior Wall Install | L 0 | PREFAB_WALL_L0_016,A1600,Exterior Wall Install,L 0,Architecture_TakeOff.csv:1937906,2029-12-07T12:40:00,2029-12-07T13:10:00
1937907,Exterior Wall Install | L 0 | PREFAB_WALL_L0_016,A1600,Exterior Wall Install,L 0,Architecture_TakeOff.csv:1937907,2029-12-07T12:40:00,2029-12-07T13:10:00
1937909,Exterior Wall Install | L 0 | PREFAB_WALL_L0_016,A1600,Exterior Wall Install,L 0,Architecture_TakeOff.csv:1937909,2029-12-07T12:40:00,2029-12-07T13:10:00
1937914,Exterior Wall Install | L 0 | PREFAB_WALL_L0_016,A1600,Exterior Wall Install,L 0,Architecture_TakeOff.csv:1937914,2029-12-07T12:40:00,2029-12-07T13:10:00
1937915,Exterior Wall Install | L 0 | PREFAB_WALL_L0_016,A1600,Exterior Wall Install,L 0,Architecture_TakeOff.csv:1937915,2029-12-07T12:40:00,2029-12-07T13:10:00
1937918,Exterior Wall Install | L 0 | PREFAB_WALL_L0_016,A1600,Exterior Wall Install,L 0,Architecture_TakeOff.csv:1937918,2029-12-07T12:40:00,2029-12-07T13:10:00
1938062,Exterior Wall Install | L 0 | PREFAB_WALL_L0_017,A1600,Exterior Wall Install,L 0,Architecture_TakeOff.csv:1938062,2029-12-07T13:10:00,2029-12-07T13:40:00
1938063,Exterior Wall Install | L 0 | PREFAB_WALL_L0_017,A1600,Exterior Wall Install,L 0,Architecture_TakeOff.csv:1938063,2029-12-07T13:10:00,2029-12-07T13:40:00
1938065,Exterior Wall Install | L 0 | PREFAB_WALL_L0_017,A1600,Exterior Wall Install,L 0,Architecture_TakeOff.csv:1938065,2029-12-07T13:10:00,2029-12-07T13:40:00
1938067,Exterior Wall Install | L 0 | PREFAB_WALL_L0_017,A1600,Exterior Wall Install,L 0,Architecture_TakeOff.csv:1938067,2029-12-07T13:10:00,2029-12-07T13:40:00
1938072,Exterior Wall Install | L 0 | PREFAB_WALL_L0_017,A1600,Exterior Wall Install,L 0,Architecture_TakeOff.csv:1938072,2029-12-07T13:10:00,2029-12-07T13:40:00
1938073,Exterior Wall Install | L 0 | PREFAB_WALL_L0_017,A1600,Exterior Wall Install,L 0,Architecture_TakeOff.csv:1938073,2029-12-07T13:10:00,2029-12-07T13:40:00
1938074,Exterior Wall Install | L 0 | PREFAB_WALL_L0_017,A1600,Exterior Wall Install,L 0,Architecture_TakeOff.csv:1938074,2029-12-07T13:10:00,2029-12-07T13:40:00
1938075,Exterior Wall Install | L 0 | PREFAB_WALL_L0_017,A1600,Exterior Wall Install,L 0,Architecture_TakeOff.csv:1938075,2029-12-07T13:10:00,2029-12-07T13:40:00
1938076,Exterior Wall Install | L 0 | PREFAB_WALL_L0_017,A1600,Exterior Wall Install,L 0,Architecture_TakeOff.csv:1938076,2029-12-07T13:10:00,2029-12-07T13:40:00
1938077,Exterior Wall Install | L 0 | PREFAB_WALL_L0_017,A1600,Exterior Wall Install,L 0,Architecture_TakeOff.csv:1938077,2029-12-07T13:10:00,2029-12-07T13:40:00
1938078,Exterior Wall Install | L 0 | PREFAB_WALL_L0_017,A1600,Exterior Wall Install,L 0,Architecture_TakeOff.csv:1938078,2029-12-07T13:10:00,2029-12-07T13:40:00
1938080,Exterior Wall Install | L 0 | PREFAB_WALL_L0_017,A1600,Exterior Wall Install,L 0,Architecture_TakeOff.csv:1938080,2029-12-07T13:10:00,2029-12-07T13:40:00
1938085,Exterior Wall Install | L 0 | PREFAB_WALL_L0_017,A1600,Exterior Wall Install,L 0,Architecture_TakeOff.csv:1938085,2029-12-07T13:10:00,2029-12-07T13:40:00
1938086,Exterior Wall Install | L 0 | PREFAB_WALL_L0_017,A1600,Exterior Wall Install,L 0,Architecture_TakeOff.csv:1938086,2029-12-07T13:10:00,2029-12-07T13:40:00
1938089,Exterior Wall Install | L 0 | PREFAB_WALL_L0_017,A1600,Exterior Wall Install,L 0,Architecture_TakeOff.csv:1938089,2029-12-07T13:10:00,2029-12-07T13:40:00
1938168,Exterior Wall Install | L 0 | PREFAB_WALL_L0_018,A1600,Exterior Wall Install,L 0,Architecture_TakeOff.csv:1938168,2029-12-07T13:40:00,2029-12-07T14:10:00
1938169,Exterior Wall Install | L 0 | PREFAB_WALL_L0_018,A1600,Exterior Wall Install,L 0,Architecture_TakeOff.csv:1938169,2029-12-07T13:40:00,2029-12-07T14:10:00
1938171,Exterior Wall Install | L 0 | PREFAB_WALL_L0_018,A1600,Exterior Wall Install,L 0,Architecture_TakeOff.csv:1938171,2029-12-07T13:40:00,2029-12-07T14:10:00
1938173,Exterior Wall Install | L 0 | PREFAB_WALL_L0_018,A1600,Exterior Wall Install,L 0,Architecture_TakeOff.csv:1938173,2029-12-07T13:40:00,2029-12-07T14:10:00
1938178,Exterior Wall Install | L 0 | PREFAB_WALL_L0_018,A1600,Exterior Wall Install,L 0,Architecture_TakeOff.csv:1938178,2029-12-07T13:40:00,2029-12-07T14:10:00
1938179,Exterior Wall Install | L 0 | PREFAB_WALL_L0_018,A1600,Exterior Wall Install,L 0,Architecture_TakeOff.csv:1938179,2029-12-07T13:40:00,2029-12-07T14:10:00
1938180,Exterior Wall Install | L 0 | PREFAB_WALL_L0_018,A1600,Exterior Wall Install,L 0,Architecture_TakeOff.csv:1938180,2029-12-07T13:40:00,2029-12-07T14:10:00
1938181,Exterior Wall Install | L 0 | PREFAB_WALL_L0_018,A1600,Exterior Wall Install,L 0,Architecture_TakeOff.csv:1938181,2029-12-07T13:40:00,2029-12-07T14:10:00
1938182,Exterior Wall Install | L 0 | PREFAB_WALL_L0_018,A1600,Exterior Wall Install,L 0,Architecture_TakeOff.csv:1938182,2029-12-07T13:40:00,2029-12-07T14:10:00
1938183,Exterior Wall Install | L 0 | PREFAB_WALL_L0_018,A1600,Exterior Wall Install,L 0,Architecture_TakeOff.csv:1938183,2029-12-07T13:40:00,2029-12-07T14:10:00
1938184,Exterior Wall Install | L 0 | PREFAB_WALL_L0_018,A1600,Exterior Wall Install,L 0,Architecture_TakeOff.csv:1938184,2029-12-07T13:40:00,2029-12-07T14:10:00
1938186,Exterior Wall Install | L 0 | PREFAB_WALL_L0_018,A1600,Exterior Wall Install,L 0,Architecture_TakeOff.csv:1938186,2029-12-07T13:40:00,2029-12-07T14:10:00
1938191,Exterior Wall Install | L 0 | PREFAB_WALL_L0_018,A1600,Exterior Wall Install,L 0,Architecture_TakeOff.csv:1938191,2029-12-07T13:40:00,2029-12-07T14:10:00
1938192,Exterior Wall Install | L 0 | PREFAB_WALL_L0_018,A1600,Exterior Wall Install,L 0,Architecture_TakeOff.csv:1938192,2029-12-07T13:40:00,2029-12-07T14:10:00
1938195,Exterior Wall Install | L 0 | PREFAB_WALL_L0_018,A1600,Exterior Wall Install,L 0,Architecture_TakeOff.csv:1938195,2029-12-07T13:40:00,2029-12-07T14:10:00
1949146,Exterior Wall Install | L 0 | PREFAB_WALL_L0_019,A1600,Exterior Wall Install,L 0,Architecture_TakeOff.csv:1949146,2029-12-07T14:10:00,2029-12-07T14:40:00
1949147,Exterior Wall Install | L 0 | PREFAB_WALL_L0_019,A1600,Exterior Wall Install,L 0,Architecture_TakeOff.csv:1949147,2029-12-07T14:10:00,2029-12-07T14:40:00
1949149,Exterior Wall Install | L 0 | PREFAB_WALL_L0_019,A1600,Exterior Wall Install,L 0,Architecture_TakeOff.csv:1949149,2029-12-07T14:10:00,2029-12-07T14:40:00
1949151,Exterior Wall Install | L 0 | PREFAB_WALL_L0_019,A1600,Exterior Wall Install,L 0,Architecture_TakeOff.csv:1949151,2029-12-07T14:10:00,2029-12-07T14:40:00
1949156,Exterior Wall Install | L 0 | PREFAB_WALL_L0_019,A1600,Exterior Wall Install,L 0,Architecture_TakeOff.csv:1949156,2029-12-07T14:10:00,2029-12-07T14:40:00
1949157,Exterior Wall Install | L 0 | PREFAB_WALL_L0_019,A1600,Exterior Wall Install,L 0,Architecture_TakeOff.csv:1949157,2029-12-07T14:10:00,2029-12-07T14:40:00
1949158,Exterior Wall Install | L 0 | PREFAB_WALL_L0_019,A1600,Exterior Wall Install,L 0,Architecture_TakeOff.csv:1949158,2029-12-07T14:10:00,2029-12-07T14:40:00
1949159,Exterior Wall Install | L 0 | PREFAB_WALL_L0_019,A1600,Exterior Wall Install,L 0,Architecture_TakeOff.csv:1949159,2029-12-07T14:10:00,2029-12-07T14:40:00
1949160,Exterior Wall Install | L 0 | PREFAB_WALL_L0_019,A1600,Exterior Wall Install,L 0,Architecture_TakeOff.csv:1949160,2029-12-07T14:10:00,2029-12-07T14:40:00
1949161,Exterior Wall Install | L 0 | PREFAB_WALL_L0_019,A1600,Exterior Wall Install,L 0,Architecture_TakeOff.csv:1949161,2029-12-07T14:10:00,2029-12-07T14:40:00
1949164,Exterior Wall Install | L 0 | PREFAB_WALL_L0_019,A1600,Exterior Wall Install,L 0,Architecture_TakeOff.csv:1949164,2029-12-07T14:10:00,2029-12-07T14:40:00
1949169,Exterior Wall Install | L 0 | PREFAB_WALL_L0_019,A1600,Exterior Wall Install,L 0,Architecture_TakeOff.csv:1949169,2029-12-07T14:10:00,2029-12-07T14:40:00
1949170,Exterior Wall Install | L 0 | PREFAB_WALL_L0_019,A1600,Exterior Wall Install,L 0,Architecture_TakeOff.csv:1949170,2029-12-07T14:10:00,2029-12-07T14:40:00
1949173,Exterior Wall Install | L 0 | PREFAB_WALL_L0_019,A1600,Exterior Wall Install,L 0,Architecture_TakeOff.csv:1949173,2029-12-07T14:10:00,2029-12-07T14:40:00
1949438,Exterior Wall Install | L 0 | PREFAB_WALL_L0_019,A1600,Exterior Wall Install,L 0,Architecture_TakeOff.csv:1949438,2029-12-07T14:10:00,2029-12-07T14:40:00
1949441,Exterior Wall Install | L 0 | PREFAB_WALL_L0_019,A1600,Exterior Wall Install,L 0,Architecture_TakeOff.csv:1949441,2029-12-07T14:10:00,2029-12-07T14:40:00
1949454,Exterior Wall Install | L 0 | PREFAB_WALL_L0_019,A1600,Exterior Wall Install,L 0,Architecture_TakeOff.csv:1949454,2029-12-07T14:10:00,2029-12-07T14:40:00
1949455,Exterior Wall Install | L 0 | PREFAB_WALL_L0_019,A1600,Exterior Wall Install,L 0,Architecture_TakeOff.csv:1949455,2029-12-07T14:10:00,2029-12-07T14:40:00
1949456,Exterior Wall Install | L 0 | PREFAB_WALL_L0_019,A1600,Exterior Wall Install,L 0,Architecture_TakeOff.csv:1949456,2029-12-07T14:10:00,2029-12-07T14:40:00
1949457,Exterior Wall Install | L 0 | PREFAB_WALL_L0_019,A1600,Exterior Wall Install,L 0,Architecture_TakeOff.csv:1949457,2029-12-07T14:10:00,2029-12-07T14:40:00
1949460,Exterior Wall Install | L 0 | PREFAB_WALL_L0_019,A1600,Exterior Wall Install,L 0,Architecture_TakeOff.csv:1949460,2029-12-07T14:10:00,2029-12-07T14:40:00
1949461,Exterior Wall Install | L 0 | PREFAB_WALL_L0_019,A1600,Exterior Wall Install,L 0,Architecture_TakeOff.csv:1949461,2029-12-07T14:10:00,2029-12-07T14:40:00
1776273,Exterior Wall Install | L 0 | PREFAB_WALL_L0_020,A1600,Exterior Wall Install,L 0,Architecture_TakeOff.csv:1776273,2029-12-07T14:40:00,2029-12-07T15:10:00
2001613,Exterior Wall Install | L 0 | PREFAB_WALL_L0_021,A1600,Exterior Wall Install,L 0,Architecture_TakeOff.csv:2001613,2029-12-07T15:10:00,2029-12-07T15:40:00
1619541,Exterior Wall Install | L 0 | PREFAB_WALL_L0_022,A1600,Exterior Wall Install,L 0,Architecture_TakeOff.csv:1619541,2029-12-07T15:40:00,2029-12-07T16:10:00
1926527,Exterior Wall Install | L 0 | PREFAB_WALL_L0_023,A1600,Exterior Wall Install,L 0,Architecture_TakeOff.csv:1926527,2029-12-07T16:10:00,2029-12-07T16:40:00
2195425,Exterior Wall Install | L 0 | PREFAB_WALL_L0_024,A1600,Exterior Wall Install,L 0,Architecture_TakeOff.csv:2195425,2029-12-07T16:40:00,2029-12-07T17:10:00
1953546,Exterior Wall Install | L 0 | PREFAB_WALL_L0_025,A1600,Exterior Wall Install,L 0,Architecture_TakeOff.csv:1953546,2029-12-07T17:10:00,2029-12-07T17:40:00
2126489,Exterior Wall Install | L 0 | PREFAB_WALL_L0_025,A1600,Exterior Wall Install,L 0,Architecture_TakeOff.csv:2126489,2029-12-07T17:10:00,2029-12-07T17:40:00
2126490,Exterior Wall Install | L 0 | PREFAB_WALL_L0_025,A1600,Exterior Wall Install,L 0,Architecture_TakeOff.csv:2126490,2029-12-07T17:10:00,2029-12-07T17:40:00
2126491,Exterior Wall Install | L 0 | PREFAB_WALL_L0_025,A1600,Exterior Wall Install,L 0,Architecture_TakeOff.csv:2126491,2029-12-07T17:10:00,2029-12-07T17:40:00
2126492,Exterior Wall Install | L 0 | PREFAB_WALL_L0_025,A1600,Exterior Wall Install,L 0,Architecture_TakeOff.csv:2126492,2029-12-07T17:10:00,2029-12-07T17:40:00
2126493,Exterior Wall Install | L 0 | PREFAB_WALL_L0_025,A1600,Exterior Wall Install,L 0,Architecture_TakeOff.csv:2126493,2029-12-07T17:10:00,2029-12-07T17:40:00
2126494,Exterior Wall Install | L 0 | PREFAB_WALL_L0_025,A1600,Exterior Wall Install,L 0,Architecture_TakeOff.csv:2126494,2029-12-07T17:10:00,2029-12-07T17:40:00
2126496,Exterior Wall Install | L 0 | PREFAB_WALL_L0_025,A1600,Exterior Wall Install,L 0,Architecture_TakeOff.csv:2126496,2029-12-07T17:10:00,2029-12-07T17:40:00
2126497,Exterior Wall Install | L 0 | PREFAB_WALL_L0_025,A1600,Exterior Wall Install,L 0,Architecture_TakeOff.csv:2126497,2029-12-07T17:10:00,2029-12-07T17:40:00
2126498,Exterior Wall Install | L 0 | PREFAB_WALL_L0_025,A1600,Exterior Wall Install,L 0,Architecture_TakeOff.csv:2126498,2029-12-07T17:10:00,2029-12-07T17:40:00
2126499,Exterior Wall Install | L 0 | PREFAB_WALL_L0_025,A1600,Exterior Wall Install,L 0,Architecture_TakeOff.csv:2126499,2029-12-07T17:10:00,2029-12-07T17:40:00
1953539,Exterior Wall Install | L 0 | PREFAB_WALL_L0_026,A1600,Exterior Wall Install,L 0,Architecture_TakeOff.csv:1953539,2029-12-07T17:40:00,2029-12-07T18:10:00
1953540,Exterior Wall Install | L 0 | PREFAB_WALL_L0_026,A1600,Exterior Wall Install,L 0,Architecture_TakeOff.csv:1953540,2029-12-07T17:40:00,2029-12-07T18:10:00
1953542,Exterior Wall Install | L 0 | PREFAB_WALL_L0_026,A1600,Exterior Wall Install,L 0,Architecture_TakeOff.csv:1953542,2029-12-07T17:40:00,2029-12-07T18:10:00
1953543,Exterior Wall Install | L 0 | PREFAB_WALL_L0_026,A1600,Exterior Wall Install,L 0,Architecture_TakeOff.csv:1953543,2029-12-07T17:40:00,2029-12-07T18:10:00
1953544,Exterior Wall Install | L 0 | PREFAB_WALL_L0_026,A1600,Exterior Wall Install,L 0,Architecture_TakeOff.csv:1953544,2029-12-07T17:40:00,2029-12-07T18:10:00
1953545,Exterior Wall Install | L 0 | PREFAB_WALL_L0_026,A1600,Exterior Wall Install,L 0,Architecture_TakeOff.csv:1953545,2029-12-07T17:40:00,2029-12-07T18:10:00
1953547,Exterior Wall Install | L 0 | PREFAB_WALL_L0_026,A1600,Exterior Wall Install,L 0,Architecture_TakeOff.csv:1953547,2029-12-07T17:40:00,2029-12-07T18:10:00
1953548,Exterior Wall Install | L 0 | PREFAB_WALL_L0_026,A1600,Exterior Wall Install,L 0,Architecture_TakeOff.csv:1953548,2029-12-07T17:40:00,2029-12-07T18:10:00
1953549,Exterior Wall Install | L 0 | PREFAB_WALL_L0_026,A1600,Exterior Wall Install,L 0,Architecture_TakeOff.csv:1953549,2029-12-07T17:40:00,2029-12-07T18:10:00
1533211,Exterior Wall Install | L 0 | PREFAB_WALL_L0_027,A1600,Exterior Wall Install,L 0,Architecture_TakeOff.csv:1533211,2029-12-07T18:10:00,2029-12-07T18:40:00
1789249,Exterior Wall Install | L 0 | PREFAB_WALL_L0_027,A1600,Exterior Wall Install,L 0,Architecture_TakeOff.csv:1789249,2029-12-07T18:10:00,2029-12-07T18:40:00
1789250,Exterior Wall Install | L 0 | PREFAB_WALL_L0_027,A1600,Exterior Wall Install,L 0,Architecture_TakeOff.csv:1789250,2029-12-07T18:10:00,2029-12-07T18:40:00
1789255,Exterior Wall Install | L 0 | PREFAB_WALL_L0_027,A1600,Exterior Wall Install,L 0,Architecture_TakeOff.csv:1789255,2029-12-07T18:10:00,2029-12-07T18:40:00
1789258,Exterior Wall Install | L 0 | PREFAB_WALL_L0_027,A1600,Exterior Wall Install,L 0,Architecture_TakeOff.csv:1789258,2029-12-07T18:10:00,2029-12-07T18:40:00
1789259,Exterior Wall Install | L 0 | PREFAB_WALL_L0_027,A1600,Exterior Wall Install,L 0,Architecture_TakeOff.csv:1789259,2029-12-07T18:10:00,2029-12-07T18:40:00
1789260,Exterior Wall Install | L 0 | PREFAB_WALL_L0_027,A1600,Exterior Wall Install,L 0,Architecture_TakeOff.csv:1789260,2029-12-07T18:10:00,2029-12-07T18:40:00
1789261,Exterior Wall Install | L 0 | PREFAB_WALL_L0_027,A1600,Exterior Wall Install,L 0,Architecture_TakeOff.csv:1789261,2029-12-07T18:10:00,2029-12-07T18:40:00
1789262,Exterior Wall Install | L 0 | PREFAB_WALL_L0_027,A1600,Exterior Wall Install,L 0,Architecture_TakeOff.csv:1789262,2029-12-07T18:10:00,2029-12-07T18:40:00
1789263,Exterior Wall Install | L 0 | PREFAB_WALL_L0_027,A1600,Exterior Wall Install,L 0,Architecture_TakeOff.csv:1789263,2029-12-07T18:10:00,2029-12-07T18:40:00
1789264,Exterior Wall Install | L 0 | PREFAB_WALL_L0_027,A1600,Exterior Wall Install,L 0,Architecture_TakeOff.csv:1789264,2029-12-07T18:10:00,2029-12-07T18:40:00
1789371,Exterior Wall Install | L 0 | PREFAB_WALL_L0_027,A1600,Exterior Wall Install,L 0,Architecture_TakeOff.csv:1789371,2029-12-07T18:10:00,2029-12-07T18:40:00
1789372,Exterior Wall Install | L 0 | PREFAB_WALL_L0_027,A1600,Exterior Wall Install,L 0,Architecture_TakeOff.csv:1789372,2029-12-07T18:10:00,2029-12-07T18:40:00
1789377,Exterior Wall Install | L 0 | PREFAB_WALL_L0_027,A1600,Exterior Wall Install,L 0,Architecture_TakeOff.csv:1789377,2029-12-07T18:10:00,2029-12-07T18:40:00
1789380,Exterior Wall Install | L 0 | PREFAB_WALL_L0_027,A1600,Exterior Wall Install,L 0,Architecture_TakeOff.csv:1789380,2029-12-07T18:10:00,2029-12-07T18:40:00
1789381,Exterior Wall Install | L 0 | PREFAB_WALL_L0_027,A1600,Exterior Wall Install,L 0,Architecture_TakeOff.csv:1789381,2029-12-07T18:10:00,2029-12-07T18:40:00
1789382,Exterior Wall Install | L 0 | PREFAB_WALL_L0_027,A1600,Exterior Wall Install,L 0,Architecture_TakeOff.csv:1789382,2029-12-07T18:10:00,2029-12-07T18:40:00
1789383,Exterior Wall Install | L 0 | PREFAB_WALL_L0_027,A1600,Exterior Wall Install,L 0,Architecture_TakeOff.csv:1789383,2029-12-07T18:10:00,2029-12-07T18:40:00
1789384,Exterior Wall Install | L 0 | PREFAB_WALL_L0_027,A1600,Exterior Wall Install,L 0,Architecture_TakeOff.csv:1789384,2029-12-07T18:10:00,2029-12-07T18:40:00
1789385,Exterior Wall Install | L 0 | PREFAB_WALL_L0_027,A1600,Exterior Wall Install,L 0,Architecture_TakeOff.csv:1789385,2029-12-07T18:10:00,2029-12-07T18:40:00
1789386,Exterior Wall Install | L 0 | PREFAB_WALL_L0_027,A1600,Exterior Wall Install,L 0,Architecture_TakeOff.csv:1789386,2029-12-07T18:10:00,2029-12-07T18:40:00
1947262,Exterior Wall Install | L 0 | PREFAB_WALL_L0_027,A1600,Exterior Wall Install,L 0,Architecture_TakeOff.csv:1947262,2029-12-07T18:10:00,2029-12-07T18:40:00
1947263,Exterior Wall Install | L 0 | PREFAB_WALL_L0_027,A1600,Exterior Wall Install,L 0,Architecture_TakeOff.csv:1947263,2029-12-07T18:10:00,2029-12-07T18:40:00
1947267,Exterior Wall Install | L 0 | PREFAB_WALL_L0_027,A1600,Exterior Wall Install,L 0,Architecture_TakeOff.csv:1947267,2029-12-07T18:10:00,2029-12-07T18:40:00
1947276,Exterior Wall Install | L 0 | PREFAB_WALL_L0_027,A1600,Exterior Wall Install,L 0,Architecture_TakeOff.csv:1947276,2029-12-07T18:10:00,2029-12-07T18:40:00
1947277,Exterior Wall Install | L 0 | PREFAB_WALL_L0_027,A1600,Exterior Wall Install,L 0,Architecture_TakeOff.csv:1947277,2029-12-07T18:10:00,2029-12-07T18:40:00
1947279,Exterior Wall Install | L 0 | PREFAB_WALL_L0_027,A1600,Exterior Wall Install,L 0,Architecture_TakeOff.csv:1947279,2029-12-07T18:10:00,2029-12-07T18:40:00
1947280,Exterior Wall Install | L 0 | PREFAB_WALL_L0_027,A1600,Exterior Wall Install,L 0,Architecture_TakeOff.csv:1947280,2029-12-07T18:10:00,2029-12-07T18:40:00
1947282,Exterior Wall Install | L 0 | PREFAB_WALL_L0_027,A1600,Exterior Wall Install,L 0,Architecture_TakeOff.csv:1947282,2029-12-07T18:10:00,2029-12-07T18:40:00
1947284,Exterior Wall Install | L 0 | PREFAB_WALL_L0_027,A1600,Exterior Wall Install,L 0,Architecture_TakeOff.csv:1947284,2029-12-07T18:10:00,2029-12-07T18:40:00
1947289,Exterior Wall Install | L 0 | PREFAB_WALL_L0_027,A1600,Exterior Wall Install,L 0,Architecture_TakeOff.csv:1947289,2029-12-07T18:10:00,2029-12-07T18:40:00
1947646,Exterior Wall Install | L 0 | PREFAB_WALL_L0_027,A1600,Exterior Wall Install,L 0,Architecture_TakeOff.csv:1947646,2029-12-07T18:10:00,2029-12-07T18:40:00
1947647,Exterior Wall Install | L 0 | PREFAB_WALL_L0_027,A1600,Exterior Wall Install,L 0,Architecture_TakeOff.csv:1947647,2029-12-07T18:10:00,2029-12-07T18:40:00
1947649,Exterior Wall Install | L 0 | PREFAB_WALL_L0_027,A1600,Exterior Wall Install,L 0,Architecture_TakeOff.csv:1947649,2029-12-07T18:10:00,2029-12-07T18:40:00
1947650,Exterior Wall Install | L 0 | PREFAB_WALL_L0_027,A1600,Exterior Wall Install,L 0,Architecture_TakeOff.csv:1947650,2029-12-07T18:10:00,2029-12-07T18:40:00
1947651,Exterior Wall Install | L 0 | PREFAB_WALL_L0_027,A1600,Exterior Wall Install,L 0,Architecture_TakeOff.csv:1947651,2029-12-07T18:10:00,2029-12-07T18:40:00
1947652,Exterior Wall Install | L 0 | PREFAB_WALL_L0_027,A1600,Exterior Wall Install,L 0,Architecture_TakeOff.csv:1947652,2029-12-07T18:10:00,2029-12-07T18:40:00
1947653,Exterior Wall Install | L 0 | PREFAB_WALL_L0_027,A1600,Exterior Wall Install,L 0,Architecture_TakeOff.csv:1947653,2029-12-07T18:10:00,2029-12-07T18:40:00
1947654,Exterior Wall Install | L 0 | PREFAB_WALL_L0_027,A1600,Exterior Wall Install,L 0,Architecture_TakeOff.csv:1947654,2029-12-07T18:10:00,2029-12-07T18:40:00
1947655,Exterior Wall Install | L 0 | PREFAB_WALL_L0_027,A1600,Exterior Wall Install,L 0,Architecture_TakeOff.csv:1947655,2029-12-07T18:10:00,2029-12-07T18:40:00
1947656,Exterior Wall Install | L 0 | PREFAB_WALL_L0_027,A1600,Exterior Wall Install,L 0,Architecture_TakeOff.csv:1947656,2029-12-07T18:10:00,2029-12-07T18:40:00
1783843,Exterior Wall Install | L 0 | PREFAB_WALL_L0_028,A1600,Exterior Wall Install,L 0,Architecture_TakeOff.csv:1783843,2029-12-07T18:40:00,2029-12-07T19:10:00
1952948,Exterior Wall Install | L 0 | PREFAB_WALL_L0_028,A1600,Exterior Wall Install,L 0,Architecture_TakeOff.csv:1952948,2029-12-07T18:40:00,2029-12-07T19:10:00
1952949,Exterior Wall Install | L 0 | PREFAB_WALL_L0_028,A1600,Exterior Wall Install,L 0,Architecture_TakeOff.csv:1952949,2029-12-07T18:40:00,2029-12-07T19:10:00
1952951,Exterior Wall Install | L 0 | PREFAB_WALL_L0_028,A1600,Exterior Wall Install,L 0,Architecture_TakeOff.csv:1952951,2029-12-07T18:40:00,2029-12-07T19:10:00
1952952,Exterior Wall Install | L 0 | PREFAB_WALL_L0_028,A1600,Exterior Wall Install,L 0,Architecture_TakeOff.csv:1952952,2029-12-07T18:40:00,2029-12-07T19:10:00
1952953,Exterior Wall Install | L 0 | PREFAB_WALL_L0_028,A1600,Exterior Wall Install,L 0,Architecture_TakeOff.csv:1952953,2029-12-07T18:40:00,2029-12-07T19:10:00
1952954,Exterior Wall Install | L 0 | PREFAB_WALL_L0_028,A1600,Exterior Wall Install,L 0,Architecture_TakeOff.csv:1952954,2029-12-07T18:40:00,2029-12-07T19:10:00
1952955,Exterior Wall Install | L 0 | PREFAB_WALL_L0_028,A1600,Exterior Wall Install,L 0,Architecture_TakeOff.csv:1952955,2029-12-07T18:40:00,2029-12-07T19:10:00
1952956,Exterior Wall Install | L 0 | PREFAB_WALL_L0_028,A1600,Exterior Wall Install,L 0,Architecture_TakeOff.csv:1952956,2029-12-07T18:40:00,2029-12-07T19:10:00
1952957,Exterior Wall Install | L 0 | PREFAB_WALL_L0_028,A1600,Exterior Wall Install,L 0,Architecture_TakeOff.csv:1952957,2029-12-07T18:40:00,2029-12-07T19:10:00
1952958,Exterior Wall Install | L 0 | PREFAB_WALL_L0_028,A1600,Exterior Wall Install,L 0,Architecture_TakeOff.csv:1952958,2029-12-07T18:40:00,2029-12-07T19:10:00
2126039,Exterior Wall Install | L 0 | PREFAB_WALL_L0_028,A1600,Exterior Wall Install,L 0,Architecture_TakeOff.csv:2126039,2029-12-07T18:40:00,2029-12-07T19:10:00
2126040,Exterior Wall Install | L 0 | PREFAB_WALL_L0_028,A1600,Exterior Wall Install,L 0,Architecture_TakeOff.csv:2126040,2029-12-07T18:40:00,2029-12-07T19:10:00
2126043,Exterior Wall Install | L 0 | PREFAB_WALL_L0_028,A1600,Exterior Wall Install,L 0,Architecture_TakeOff.csv:2126043,2029-12-07T18:40:00,2029-12-07T19:10:00
2126044,Exterior Wall Install | L 0 | PREFAB_WALL_L0_028,A1600,Exterior Wall Install,L 0,Architecture_TakeOff.csv:2126044,2029-12-07T18:40:00,2029-12-07T19:10:00
2126045,Exterior Wall Install | L 0 | PREFAB_WALL_L0_028,A1600,Exterior Wall Install,L 0,Architecture_TakeOff.csv:2126045,2029-12-07T18:40:00,2029-12-07T19:10:00
2126047,Exterior Wall Install | L 0 | PREFAB_WALL_L0_028,A1600,Exterior Wall Install,L 0,Architecture_TakeOff.csv:2126047,2029-12-07T18:40:00,2029-12-07T19:10:00
2126242,Exterior Wall Install | L 0 | PREFAB_WALL_L0_028,A1600,Exterior Wall Install,L 0,Architecture_TakeOff.csv:2126242,2029-12-07T18:40:00,2029-12-07T19:10:00
2126248,Exterior Wall Install | L 0 | PREFAB_WALL_L0_028,A1600,Exterior Wall Install,L 0,Architecture_TakeOff.csv:2126248,2029-12-07T18:40:00,2029-12-07T19:10:00
2126249,Exterior Wall Install | L 0 | PREFAB_WALL_L0_028,A1600,Exterior Wall Install,L 0,Architecture_TakeOff.csv:2126249,2029-12-07T18:40:00,2029-12-07T19:10:00
2126250,Exterior Wall Install | L 0 | PREFAB_WALL_L0_028,A1600,Exterior Wall Install,L 0,Architecture_TakeOff.csv:2126250,2029-12-07T18:40:00,2029-12-07T19:10:00
1717415,Exterior Wall Install | L 0 | PREFAB_WALL_L0_029,A1600,Exterior Wall Install,L 0,Architecture_TakeOff.csv:1717415,2029-12-07T19:10:00,2029-12-07T19:40:00
1717566,Exterior Wall Install | L 0 | PREFAB_WALL_L0_030,A1600,Exterior Wall Install,L 0,Architecture_TakeOff.csv:1717566,2029-12-07T19:40:00,2029-12-07T20:10:00
1993027,Exterior Wall Install | L 0 | PREFAB_WALL_L0_032,A1600,Exterior Wall Install,L 0,Architecture_TakeOff.csv:1993027,2029-12-07T20:10:00,2029-12-07T20:40:00
1992813,Exterior Wall Install | L 0 | PREFAB_WALL_L0_031,A1600,Exterior Wall Install,L 0,Architecture_TakeOff.csv:1992813,2029-12-07T20:40:00,2029-12-07T21:10:00
1787151,Exterior Wall Install | L 0 | PREFAB_WALL_L0_033,A1600,Exterior Wall Install,L 0,Architecture_TakeOff.csv:1787151,2029-12-07T21:10:00,2029-12-07T21:40:00
1787152,Exterior Wall Install | L 0 | PREFAB_WALL_L0_033,A1600,Exterior Wall Install,L 0,Architecture_TakeOff.csv:1787152,2029-12-07T21:10:00,2029-12-07T21:40:00
1787157,Exterior Wall Install | L 0 | PREFAB_WALL_L0_033,A1600,Exterior Wall Install,L 0,Architecture_TakeOff.csv:1787157,2029-12-07T21:10:00,2029-12-07T21:40:00
1787159,Exterior Wall Install | L 0 | PREFAB_WALL_L0_033,A1600,Exterior Wall Install,L 0,Architecture_TakeOff.csv:1787159,2029-12-07T21:10:00,2029-12-07T21:40:00
1787161,Exterior Wall Install | L 0 | PREFAB_WALL_L0_033,A1600,Exterior Wall Install,L 0,Architecture_TakeOff.csv:1787161,2029-12-07T21:10:00,2029-12-07T21:40:00
1787163,Exterior Wall Install | L 0 | PREFAB_WALL_L0_033,A1600,Exterior Wall Install,L 0,Architecture_TakeOff.csv:1787163,2029-12-07T21:10:00,2029-12-07T21:40:00
1787164,Exterior Wall Install | L 0 | PREFAB_WALL_L0_033,A1600,Exterior Wall Install,L 0,Architecture_TakeOff.csv:1787164,2029-12-07T21:10:00,2029-12-07T21:40:00
1787165,Exterior Wall Install | L 0 | PREFAB_WALL_L0_033,A1600,Exterior Wall Install,L 0,Architecture_TakeOff.csv:1787165,2029-12-07T21:10:00,2029-12-07T21:40:00
1787166,Exterior Wall Install | L 0 | PREFAB_WALL_L0_033,A1600,Exterior Wall Install,L 0,Architecture_TakeOff.csv:1787166,2029-12-07T21:10:00,2029-12-07T21:40:00
1787169,Exterior Wall Install | L 0 | PREFAB_WALL_L0_033,A1600,Exterior Wall Install,L 0,Architecture_TakeOff.csv:1787169,2029-12-07T21:10:00,2029-12-07T21:40:00
1787170,Exterior Wall Install | L 0 | PREFAB_WALL_L0_033,A1600,Exterior Wall Install,L 0,Architecture_TakeOff.csv:1787170,2029-12-07T21:10:00,2029-12-07T21:40:00
1787171,Exterior Wall Install | L 0 | PREFAB_WALL_L0_033,A1600,Exterior Wall Install,L 0,Architecture_TakeOff.csv:1787171,2029-12-07T21:10:00,2029-12-07T21:40:00
1787172,Exterior Wall Install | L 0 | PREFAB_WALL_L0_033,A1600,Exterior Wall Install,L 0,Architecture_TakeOff.csv:1787172,2029-12-07T21:10:00,2029-12-07T21:40:00
1787173,Exterior Wall Install | L 0 | PREFAB_WALL_L0_033,A1600,Exterior Wall Install,L 0,Architecture_TakeOff.csv:1787173,2029-12-07T21:10:00,2029-12-07T21:40:00
1787174,Exterior Wall Install | L 0 | PREFAB_WALL_L0_033,A1600,Exterior Wall Install,L 0,Architecture_TakeOff.csv:1787174,2029-12-07T21:10:00,2029-12-07T21:40:00
1787175,Exterior Wall Install | L 0 | PREFAB_WALL_L0_033,A1600,Exterior Wall Install,L 0,Architecture_TakeOff.csv:1787175,2029-12-07T21:10:00,2029-12-07T21:40:00
1787176,Exterior Wall Install | L 0 | PREFAB_WALL_L0_033,A1600,Exterior Wall Install,L 0,Architecture_TakeOff.csv:1787176,2029-12-07T21:10:00,2029-12-07T21:40:00
1787177,Exterior Wall Install | L 0 | PREFAB_WALL_L0_033,A1600,Exterior Wall Install,L 0,Architecture_TakeOff.csv:1787177,2029-12-07T21:10:00,2029-12-07T21:40:00
1787178,Exterior Wall Install | L 0 | PREFAB_WALL_L0_033,A1600,Exterior Wall Install,L 0,Architecture_TakeOff.csv:1787178,2029-12-07T21:10:00,2029-12-07T21:40:00
1787179,Exterior Wall Install | L 0 | PREFAB_WALL_L0_033,A1600,Exterior Wall Install,L 0,Architecture_TakeOff.csv:1787179,2029-12-07T21:10:00,2029-12-07T21:40:00
1787180,Exterior Wall Install | L 0 | PREFAB_WALL_L0_033,A1600,Exterior Wall Install,L 0,Architecture_TakeOff.csv:1787180,2029-12-07T21:10:00,2029-12-07T21:40:00
1787181,Exterior Wall Install | L 0 | PREFAB_WALL_L0_033,A1600,Exterior Wall Install,L 0,Architecture_TakeOff.csv:1787181,2029-12-07T21:10:00,2029-12-07T21:40:00
1787182,Exterior Wall Install | L 0 | PREFAB_WALL_L0_033,A1600,Exterior Wall Install,L 0,Architecture_TakeOff.csv:1787182,2029-12-07T21:10:00,2029-12-07T21:40:00
1787183,Exterior Wall Install | L 0 | PREFAB_WALL_L0_033,A1600,Exterior Wall Install,L 0,Architecture_TakeOff.csv:1787183,2029-12-07T21:10:00,2029-12-07T21:40:00
1787184,Exterior Wall Install | L 0 | PREFAB_WALL_L0_033,A1600,Exterior Wall Install,L 0,Architecture_TakeOff.csv:1787184,2029-12-07T21:10:00,2029-12-07T21:40:00
1787185,Exterior Wall Install | L 0 | PREFAB_WALL_L0_033,A1600,Exterior Wall Install,L 0,Architecture_TakeOff.csv:1787185,2029-12-07T21:10:00,2029-12-07T21:40:00
1787186,Exterior Wall Install | L 0 | PREFAB_WALL_L0_033,A1600,Exterior Wall Install,L 0,Architecture_TakeOff.csv:1787186,2029-12-07T21:10:00,2029-12-07T21:40:00
1787187,Exterior Wall Install | L 0 | PREFAB_WALL_L0_033,A1600,Exterior Wall Install,L 0,Architecture_TakeOff.csv:1787187,2029-12-07T21:10:00,2029-12-07T21:40:00
1787188,Exterior Wall Install | L 0 | PREFAB_WALL_L0_033,A1600,Exterior Wall Install,L 0,Architecture_TakeOff.csv:1787188,2029-12-07T21:10:00,2029-12-07T21:40:00
1787189,Exterior Wall Install | L 0 | PREFAB_WALL_L0_033,A1600,Exterior Wall Install,L 0,Architecture_TakeOff.csv:1787189,2029-12-07T21:10:00,2029-12-07T21:40:00
1787190,Exterior Wall Install | L 0 | PREFAB_WALL_L0_033,A1600,Exterior Wall Install,L 0,Architecture_TakeOff.csv:1787190,2029-12-07T21:10:00,2029-12-07T21:40:00
1918001,Exterior Wall Install | L 0 | PREFAB_WALL_L0_033,A1600,Exterior Wall Install,L 0,Architecture_TakeOff.csv:1918001,2029-12-07T21:10:00,2029-12-07T21:40:00
1918002,Exterior Wall Install | L 0 | PREFAB_WALL_L0_033,A1600,Exterior Wall Install,L 0,Architecture_TakeOff.csv:1918002,2029-12-07T21:10:00,2029-12-07T21:40:00
1918003,Exterior Wall Install | L 0 | PREFAB_WALL_L0_033,A1600,Exterior Wall Install,L 0,Architecture_TakeOff.csv:1918003,2029-12-07T21:10:00,2029-12-07T21:40:00
1918004,Exterior Wall Install | L 0 | PREFAB_WALL_L0_033,A1600,Exterior Wall Install,L 0,Architecture_TakeOff.csv:1918004,2029-12-07T21:10:00,2029-12-07T21:40:00
1918023,Exterior Wall Install | L 0 | PREFAB_WALL_L0_033,A1600,Exterior Wall Install,L 0,Architecture_TakeOff.csv:1918023,2029-12-07T21:10:00,2029-12-07T21:40:00
1918025,Exterior Wall Install | L 0 | PREFAB_WALL_L0_033,A1600,Exterior Wall Install,L 0,Architecture_TakeOff.csv:1918025,2029-12-07T21:10:00,2029-12-07T21:40:00
1918027,Exterior Wall Install | L 0 | PREFAB_WALL_L0_033,A1600,Exterior Wall Install,L 0,Architecture_TakeOff.csv:1918027,2029-12-07T21:10:00,2029-12-07T21:40:00
1918029,Exterior Wall Install | L 0 | PREFAB_WALL_L0_033,A1600,Exterior Wall Install,L 0,Architecture_TakeOff.csv:1918029,2029-12-07T21:10:00,2029-12-07T21:40:00
1918031,Exterior Wall Install | L 0 | PREFAB_WALL_L0_033,A1600,Exterior Wall Install,L 0,Architecture_TakeOff.csv:1918031,2029-12-07T21:10:00,2029-12-07T21:40:00
1918033,Exterior Wall Install | L 0 | PREFAB_WALL_L0_033,A1600,Exterior Wall Install,L 0,Architecture_TakeOff.csv:1918033,2029-12-07T21:10:00,2029-12-07T21:40:00
1918034,Exterior Wall Install | L 0 | PREFAB_WALL_L0_033,A1600,Exterior Wall Install,L 0,Architecture_TakeOff.csv:1918034,2029-12-07T21:10:00,2029-12-07T21:40:00
1918035,Exterior Wall Install | L 0 | PREFAB_WALL_L0_033,A1600,Exterior Wall Install,L 0,Architecture_TakeOff.csv:1918035,2029-12-07T21:10:00,2029-12-07T21:40:00
1918036,Exterior Wall Install | L 0 | PREFAB_WALL_L0_033,A1600,Exterior Wall Install,L 0,Architecture_TakeOff.csv:1918036,2029-12-07T21:10:00,2029-12-07T21:40:00
1721183,Exterior Wall Install | L 0 | PREFAB_WALL_L0_034,A1600,Exterior Wall Install,L 0,Architecture_TakeOff.csv:1721183,2029-12-07T21:40:00,2029-12-07T22:10:00
1721556,Exterior Wall Install | L 0 | PREFAB_WALL_L0_034,A1600,Exterior Wall Install,L 0,Architecture_TakeOff.csv:1721556,2029-12-07T21:40:00,2029-12-07T22:10:00
1721562,Exterior Wall Install | L 0 | PREFAB_WALL_L0_034,A1600,Exterior Wall Install,L 0,Architecture_TakeOff.csv:1721562,2029-12-07T21:40:00,2029-12-07T22:10:00
1721565,Exterior Wall Install | L 0 | PREFAB_WALL_L0_034,A1600,Exterior Wall Install,L 0,Architecture_TakeOff.csv:1721565,2029-12-07T21:40:00,2029-12-07T22:10:00
1721567,Exterior Wall Install | L 0 | PREFAB_WALL_L0_034,A1600,Exterior Wall Install,L 0,Architecture_TakeOff.csv:1721567,2029-12-07T21:40:00,2029-12-07T22:10:00
1721569,Exterior Wall Install | L 0 | PREFAB_WALL_L0_034,A1600,Exterior Wall Install,L 0,Architecture_TakeOff.csv:1721569,2029-12-07T21:40:00,2029-12-07T22:10:00
1721571,Exterior Wall Install | L 0 | PREFAB_WALL_L0_034,A1600,Exterior Wall Install,L 0,Architecture_TakeOff.csv:1721571,2029-12-07T21:40:00,2029-12-07T22:10:00
1721581,Exterior Wall Install | L 0 | PREFAB_WALL_L0_034,A1600,Exterior Wall Install,L 0,Architecture_TakeOff.csv:1721581,2029-12-07T21:40:00,2029-12-07T22:10:00
1721582,Exterior Wall Install | L 0 | PREFAB_WALL_L0_034,A1600,Exterior Wall Install,L 0,Architecture_TakeOff.csv:1721582,2029-12-07T21:40:00,2029-12-07T22:10:00
1721583,Exterior Wall Install | L 0 | PREFAB_WALL_L0_034,A1600,Exterior Wall Install,L 0,Architecture_TakeOff.csv:1721583,2029-12-07T21:40:00,2029-12-07T22:10:00
1721584,Exterior Wall Install | L 0 | PREFAB_WALL_L0_034,A1600,Exterior Wall Install,L 0,Architecture_TakeOff.csv:1721584,2029-12-07T21:40:00,2029-12-07T22:10:00
1721637,Exterior Wall Install | L 0 | PREFAB_WALL_L0_034,A1600,Exterior Wall Install,L 0,Architecture_TakeOff.csv:1721637,2029-12-07T21:40:00,2029-12-07T22:10:00
1721646,Exterior Wall Install | L 0 | PREFAB_WALL_L0_034,A1600,Exterior Wall Install,L 0,Architecture_TakeOff.csv:1721646,2029-12-07T21:40:00,2029-12-07T22:10:00
1721649,Exterior Wall Install | L 0 | PREFAB_WALL_L0_034,A1600,Exterior Wall Install,L 0,Architecture_TakeOff.csv:1721649,2029-12-07T21:40:00,2029-12-07T22:10:00
1721650,Exterior Wall Install | L 0 | PREFAB_WALL_L0_034,A1600,Exterior Wall Install,L 0,Architecture_TakeOff.csv:1721650,2029-12-07T21:40:00,2029-12-07T22:10:00
1721651,Exterior Wall Install | L 0 | PREFAB_WALL_L0_034,A1600,Exterior Wall Install,L 0,Architecture_TakeOff.csv:1721651,2029-12-07T21:40:00,2029-12-07T22:10:00
1721652,Exterior Wall Install | L 0 | PREFAB_WALL_L0_034,A1600,Exterior Wall Install,L 0,Architecture_TakeOff.csv:1721652,2029-12-07T21:40:00,2029-12-07T22:10:00
1721673,Exterior Wall Install | L 0 | PREFAB_WALL_L0_034,A1600,Exterior Wall Install,L 0,Architecture_TakeOff.csv:1721673,2029-12-07T21:40:00,2029-12-07T22:10:00
1721674,Exterior Wall Install | L 0 | PREFAB_WALL_L0_034,A1600,Exterior Wall Install,L 0,Architecture_TakeOff.csv:1721674,2029-12-07T21:40:00,2029-12-07T22:10:00
1721675,Exterior Wall Install | L 0 | PREFAB_WALL_L0_034,A1600,Exterior Wall Install,L 0,Architecture_TakeOff.csv:1721675,2029-12-07T21:40:00,2029-12-07T22:10:00
1721679,Exterior Wall Install | L 0 | PREFAB_WALL_L0_034,A1600,Exterior Wall Install,L 0,Architecture_TakeOff.csv:1721679,2029-12-07T21:40:00,2029-12-07T22:10:00
1721680,Exterior Wall Install | L 0 | PREFAB_WALL_L0_034,A1600,Exterior Wall Install,L 0,Architecture_TakeOff.csv:1721680,2029-12-07T21:40:00,2029-12-07T22:10:00
1721681,Exterior Wall Install | L 0 | PREFAB_WALL_L0_034,A1600,Exterior Wall Install,L 0,Architecture_TakeOff.csv:1721681,2029-12-07T21:40:00,2029-12-07T22:10:00
1769283,Exterior Wall Install | L 0 | PREFAB_WALL_L0_034,A1600,Exterior Wall Install,L 0,Architecture_TakeOff.csv:1769283,2029-12-07T21:40:00,2029-12-07T22:10:00
1769284,Exterior Wall Install | L 0 | PREFAB_WALL_L0_034,A1600,Exterior Wall Install,L 0,Architecture_TakeOff.csv:1769284,2029-12-07T21:40:00,2029-12-07T22:10:00
1769285,Exterior Wall Install | L 0 | PREFAB_WALL_L0_034,A1600,Exterior Wall Install,L 0,Architecture_TakeOff.csv:1769285,2029-12-07T21:40:00,2029-12-07T22:10:00
1769286,Exterior Wall Install | L 0 | PREFAB_WALL_L0_034,A1600,Exterior Wall Install,L 0,Architecture_TakeOff.csv:1769286,2029-12-07T21:40:00,2029-12-07T22:10:00
1769291,Exterior Wall Install | L 0 | PREFAB_WALL_L0_034,A1600,Exterior Wall Install,L 0,Architecture_TakeOff.csv:1769291,2029-12-07T21:40:00,2029-12-07T22:10:00
1769292,Exterior Wall Install | L 0 | PREFAB_WALL_L0_034,A1600,Exterior Wall Install,L 0,Architecture_TakeOff.csv:1769292,2029-12-07T21:40:00,2029-12-07T22:10:00
1769293,Exterior Wall Install | L 0 | PREFAB_WALL_L0_034,A1600,Exterior Wall Install,L 0,Architecture_TakeOff.csv:1769293,2029-12-07T21:40:00,2029-12-07T22:10:00
1769294,Exterior Wall Install | L 0 | PREFAB_WALL_L0_034,A1600,Exterior Wall Install,L 0,Architecture_TakeOff.csv:1769294,2029-12-07T21:40:00,2029-12-07T22:10:00
1926889,Exterior Wall Install | L 0 | PREFAB_WALL_L0_034,A1600,Exterior Wall Install,L 0,Architecture_TakeOff.csv:1926889,2029-12-07T21:40:00,2029-12-07T22:10:00
1926890,Exterior Wall Install | L 0 | PREFAB_WALL_L0_034,A1600,Exterior Wall Install,L 0,Architecture_TakeOff.csv:1926890,2029-12-07T21:40:00,2029-12-07T22:10:00
1926891,Exterior Wall Install | L 0 | PREFAB_WALL_L0_034,A1600,Exterior Wall Install,L 0,Architecture_TakeOff.csv:1926891,2029-12-07T21:40:00,2029-12-07T22:10:00
1926892,Exterior Wall Install | L 0 | PREFAB_WALL_L0_034,A1600,Exterior Wall Install,L 0,Architecture_TakeOff.csv:1926892,2029-12-07T21:40:00,2029-12-07T22:10:00
1926905,Exterior Wall Install | L 0 | PREFAB_WALL_L0_034,A1600,Exterior Wall Install,L 0,Architecture_TakeOff.csv:1926905,2029-12-07T21:40:00,2029-12-07T22:10:00
1926906,Exterior Wall Install | L 0 | PREFAB_WALL_L0_034,A1600,Exterior Wall Install,L 0,Architecture_TakeOff.csv:1926906,2029-12-07T21:40:00,2029-12-07T22:10:00
1926907,Exterior Wall Install | L 0 | PREFAB_WALL_L0_034,A1600,Exterior Wall Install,L 0,Architecture_TakeOff.csv:1926907,2029-12-07T21:40:00,2029-12-07T22:10:00
1926908,Exterior Wall Install | L 0 | PREFAB_WALL_L0_034,A1600,Exterior Wall Install,L 0,Architecture_TakeOff.csv:1926908,2029-12-07T21:40:00,2029-12-07T22:10:00
1926909,Exterior Wall Install | L 0 | PREFAB_WALL_L0_034,A1600,Exterior Wall Install,L 0,Architecture_TakeOff.csv:1926909,2029-12-07T21:40:00,2029-12-07T22:10:00
1926910,Exterior Wall Install | L 0 | PREFAB_WALL_L0_034,A1600,Exterior Wall Install,L 0,Architecture_TakeOff.csv:1926910,2029-12-07T21:40:00,2029-12-07T22:10:00
1926911,Exterior Wall Install | L 0 | PREFAB_WALL_L0_034,A1600,Exterior Wall Install,L 0,Architecture_TakeOff.csv:1926911,2029-12-07T21:40:00,2029-12-07T22:10:00
1926912,Exterior Wall Install | L 0 | PREFAB_WALL_L0_034,A1600,Exterior Wall Install,L 0,Architecture_TakeOff.csv:1926912,2029-12-07T21:40:00,2029-12-07T22:10:00
1926913,Exterior Wall Install | L 0 | PREFAB_WALL_L0_034,A1600,Exterior Wall Install,L 0,Architecture_TakeOff.csv:1926913,2029-12-07T21:40:00,2029-12-07T22:10:00
1930738,Exterior Wall Install | L 1 | PREFAB_WALL_L1_035,A1600,Exterior Wall Install,L 1,Architecture_TakeOff.csv:1930738,2029-12-17T09:20:00,2029-12-17T09:50:00
1931297,Exterior Wall Install | L 1 | PREFAB_WALL_L1_035,A1600,Exterior Wall Install,L 1,Architecture_TakeOff.csv:1931297,2029-12-17T09:20:00,2029-12-17T09:50:00
1931298,Exterior Wall Install | L 1 | PREFAB_WALL_L1_035,A1600,Exterior Wall Install,L 1,Architecture_TakeOff.csv:1931298,2029-12-17T09:20:00,2029-12-17T09:50:00
1931353,Exterior Wall Install | L 1 | PREFAB_WALL_L1_035,A1600,Exterior Wall Install,L 1,Architecture_TakeOff.csv:1931353,2029-12-17T09:20:00,2029-12-17T09:50:00
1931355,Exterior Wall Install | L 1 | PREFAB_WALL_L1_035,A1600,Exterior Wall Install,L 1,Architecture_TakeOff.csv:1931355,2029-12-17T09:20:00,2029-12-17T09:50:00
1931381,Exterior Wall Install | L 1 | PREFAB_WALL_L1_035,A1600,Exterior Wall Install,L 1,Architecture_TakeOff.csv:1931381,2029-12-17T09:20:00,2029-12-17T09:50:00
1931382,Exterior Wall Install | L 1 | PREFAB_WALL_L1_035,A1600,Exterior Wall Install,L 1,Architecture_TakeOff.csv:1931382,2029-12-17T09:20:00,2029-12-17T09:50:00
1931408,Exterior Wall Install | L 1 | PREFAB_WALL_L1_035,A1600,Exterior Wall Install,L 1,Architecture_TakeOff.csv:1931408,2029-12-17T09:20:00,2029-12-17T09:50:00
1931409,Exterior Wall Install | L 1 | PREFAB_WALL_L1_035,A1600,Exterior Wall Install,L 1,Architecture_TakeOff.csv:1931409,2029-12-17T09:20:00,2029-12-17T09:50:00
1931436,Exterior Wall Install | L 1 | PREFAB_WALL_L1_035,A1600,Exterior Wall Install,L 1,Architecture_TakeOff.csv:1931436,2029-12-17T09:20:00,2029-12-17T09:50:00
1934568,Exterior Wall Install | L 1 | PREFAB_WALL_L1_035,A1600,Exterior Wall Install,L 1,Architecture_TakeOff.csv:1934568,2029-12-17T09:20:00,2029-12-17T09:50:00
1934569,Exterior Wall Install | L 1 | PREFAB_WALL_L1_035,A1600,Exterior Wall Install,L 1,Architecture_TakeOff.csv:1934569,2029-12-17T09:20:00,2029-12-17T09:50:00
1934571,Exterior Wall Install | L 1 | PREFAB_WALL_L1_035,A1600,Exterior Wall Install,L 1,Architecture_TakeOff.csv:1934571,2029-12-17T09:20:00,2029-12-17T09:50:00
1934572,Exterior Wall Install | L 1 | PREFAB_WALL_L1_035,A1600,Exterior Wall Install,L 1,Architecture_TakeOff.csv:1934572,2029-12-17T09:20:00,2029-12-17T09:50:00
1934573,Exterior Wall Install | L 1 | PREFAB_WALL_L1_035,A1600,Exterior Wall Install,L 1,Architecture_TakeOff.csv:1934573,2029-12-17T09:20:00,2029-12-17T09:50:00
1934574,Exterior Wall Install | L 1 | PREFAB_WALL_L1_035,A1600,Exterior Wall Install,L 1,Architecture_TakeOff.csv:1934574,2029-12-17T09:20:00,2029-12-17T09:50:00
1934575,Exterior Wall Install | L 1 | PREFAB_WALL_L1_035,A1600,Exterior Wall Install,L 1,Architecture_TakeOff.csv:1934575,2029-12-17T09:20:00,2029-12-17T09:50:00
1934576,Exterior Wall Install | L 1 | PREFAB_WALL_L1_035,A1600,Exterior Wall Install,L 1,Architecture_TakeOff.csv:1934576,2029-12-17T09:20:00,2029-12-17T09:50:00
1934577,Exterior Wall Install | L 1 | PREFAB_WALL_L1_035,A1600,Exterior Wall Install,L 1,Architecture_TakeOff.csv:1934577,2029-12-17T09:20:00,2029-12-17T09:50:00
1934578,Exterior Wall Install | L 1 | PREFAB_WALL_L1_035,A1600,Exterior Wall Install,L 1,Architecture_TakeOff.csv:1934578,2029-12-17T09:20:00,2029-12-17T09:50:00
1934751,Exterior Wall Install | L 1 | PREFAB_WALL_L1_035,A1600,Exterior Wall Install,L 1,Architecture_TakeOff.csv:1934751,2029-12-17T09:20:00,2029-12-17T09:50:00
1934742,Exterior Wall Install | L 1 | PREFAB_WALL_L1_036,A1600,Exterior Wall Install,L 1,Architecture_TakeOff.csv:1934742,2029-12-17T09:50:00,2029-12-17T10:20:00
1934743,Exterior Wall Install | L 1 | PREFAB_WALL_L1_036,A1600,Exterior Wall Install,L 1,Architecture_TakeOff.csv:1934743,2029-12-17T09:50:00,2029-12-17T10:20:00
1934745,Exterior Wall Install | L 1 | PREFAB_WALL_L1_036,A1600,Exterior Wall Install,L 1,Architecture_TakeOff.csv:1934745,2029-12-17T09:50:00,2029-12-17T10:20:00
1934746,Exterior Wall Install | L 1 | PREFAB_WALL_L1_036,A1600,Exterior Wall Install,L 1,Architecture_TakeOff.csv:1934746,2029-12-17T09:50:00,2029-12-17T10:20:00
1934747,Exterior Wall Install | L 1 | PREFAB_WALL_L1_036,A1600,Exterior Wall Install,L 1,Architecture_TakeOff.csv:1934747,2029-12-17T09:50:00,2029-12-17T10:20:00
1934748,Exterior Wall Install | L 1 | PREFAB_WALL_L1_036,A1600,Exterior Wall Install,L 1,Architecture_TakeOff.csv:1934748,2029-12-17T09:50:00,2029-12-17T10:20:00
1934749,Exterior Wall Install | L 1 | PREFAB_WALL_L1_036,A1600,Exterior Wall Install,L 1,Architecture_TakeOff.csv:1934749,2029-12-17T09:50:00,2029-12-17T10:20:00
1934750,Exterior Wall Install | L 1 | PREFAB_WALL_L1_036,A1600,Exterior Wall Install,L 1,Architecture_TakeOff.csv:1934750,2029-12-17T09:50:00,2029-12-17T10:20:00
1934752,Exterior Wall Install | L 1 | PREFAB_WALL_L1_036,A1600,Exterior Wall Install,L 1,Architecture_TakeOff.csv:1934752,2029-12-17T09:50:00,2029-12-17T10:20:00
1934812,Exterior Wall Install | L 1 | PREFAB_WALL_L1_036,A1600,Exterior Wall Install,L 1,Architecture_TakeOff.csv:1934812,2029-12-17T09:50:00,2029-12-17T10:20:00
1934813,Exterior Wall Install | L 1 | PREFAB_WALL_L1_036,A1600,Exterior Wall Install,L 1,Architecture_TakeOff.csv:1934813,2029-12-17T09:50:00,2029-12-17T10:20:00
1934815,Exterior Wall Install | L 1 | PREFAB_WALL_L1_036,A1600,Exterior Wall Install,L 1,Architecture_TakeOff.csv:1934815,2029-12-17T09:50:00,2029-12-17T10:20:00
1934816,Exterior Wall Install | L 1 | PREFAB_WALL_L1_036,A1600,Exterior Wall Install,L 1,Architecture_TakeOff.csv:1934816,2029-12-17T09:50:00,2029-12-17T10:20:00
1934817,Exterior Wall Install | L 1 | PREFAB_WALL_L1_036,A1600,Exterior Wall Install,L 1,Architecture_TakeOff.csv:1934817,2029-12-17T09:50:00,2029-12-17T10:20:00
1934818,Exterior Wall Install | L 1 | PREFAB_WALL_L1_036,A1600,Exterior Wall Install,L 1,Architecture_TakeOff.csv:1934818,2029-12-17T09:50:00,2029-12-17T10:20:00
1934819,Exterior Wall Install | L 1 | PREFAB_WALL_L1_036,A1600,Exterior Wall Install,L 1,Architecture_TakeOff.csv:1934819,2029-12-17T09:50:00,2029-12-17T10:20:00
1934820,Exterior Wall Install | L 1 | PREFAB_WALL_L1_036,A1600,Exterior Wall Install,L 1,Architecture_TakeOff.csv:1934820,2029-12-17T09:50:00,2029-12-17T10:20:00
1934821,Exterior Wall Install | L 1 | PREFAB_WALL_L1_036,A1600,Exterior Wall Install,L 1,Architecture_TakeOff.csv:1934821,2029-12-17T09:50:00,2029-12-17T10:20:00
1934822,Exterior Wall Install | L 1 | PREFAB_WALL_L1_036,A1600,Exterior Wall Install,L 1,Architecture_TakeOff.csv:1934822,2029-12-17T09:50:00,2029-12-17T10:20:00
1934939,Exterior Wall Install | L 1 | PREFAB_WALL_L1_036,A1600,Exterior Wall Install,L 1,Architecture_TakeOff.csv:1934939,2029-12-17T09:50:00,2029-12-17T10:20:00
1934940,Exterior Wall Install | L 1 | PREFAB_WALL_L1_036,A1600,Exterior Wall Install,L 1,Architecture_TakeOff.csv:1934940,2029-12-17T09:50:00,2029-12-17T10:20:00
1934942,Exterior Wall Install | L 1 | PREFAB_WALL_L1_036,A1600,Exterior Wall Install,L 1,Architecture_TakeOff.csv:1934942,2029-12-17T09:50:00,2029-12-17T10:20:00
1934943,Exterior Wall Install | L 1 | PREFAB_WALL_L1_036,A1600,Exterior Wall Install,L 1,Architecture_TakeOff.csv:1934943,2029-12-17T09:50:00,2029-12-17T10:20:00
1934944,Exterior Wall Install | L 1 | PREFAB_WALL_L1_036,A1600,Exterior Wall Install,L 1,Architecture_TakeOff.csv:1934944,2029-12-17T09:50:00,2029-12-17T10:20:00
1934945,Exterior Wall Install | L 1 | PREFAB_WALL_L1_036,A1600,Exterior Wall Install,L 1,Architecture_TakeOff.csv:1934945,2029-12-17T09:50:00,2029-12-17T10:20:00
1934946,Exterior Wall Install | L 1 | PREFAB_WALL_L1_036,A1600,Exterior Wall Install,L 1,Architecture_TakeOff.csv:1934946,2029-12-17T09:50:00,2029-12-17T10:20:00
1934947,Exterior Wall Install | L 1 | PREFAB_WALL_L1_036,A1600,Exterior Wall Install,L 1,Architecture_TakeOff.csv:1934947,2029-12-17T09:50:00,2029-12-17T10:20:00
1934948,Exterior Wall Install | L 1 | PREFAB_WALL_L1_036,A1600,Exterior Wall Install,L 1,Architecture_TakeOff.csv:1934948,2029-12-17T09:50:00,2029-12-17T10:20:00
1934949,Exterior Wall Install | L 1 | PREFAB_WALL_L1_036,A1600,Exterior Wall Install,L 1,Architecture_TakeOff.csv:1934949,2029-12-17T09:50:00,2029-12-17T10:20:00
2193600,Exterior Wall Install | L 1 | PREFAB_WALL_L1_036,A1600,Exterior Wall Install,L 1,Architecture_TakeOff.csv:2193600,2029-12-17T09:50:00,2029-12-17T10:20:00
1935007,Exterior Wall Install | L 1 | PREFAB_WALL_L1_037,A1600,Exterior Wall Install,L 1,Architecture_TakeOff.csv:1935007,2029-12-17T10:20:00,2029-12-17T10:50:00
1935008,Exterior Wall Install | L 1 | PREFAB_WALL_L1_037,A1600,Exterior Wall Install,L 1,Architecture_TakeOff.csv:1935008,2029-12-17T10:20:00,2029-12-17T10:50:00
1935010,Exterior Wall Install | L 1 | PREFAB_WALL_L1_037,A1600,Exterior Wall Install,L 1,Architecture_TakeOff.csv:1935010,2029-12-17T10:20:00,2029-12-17T10:50:00
1935011,Exterior Wall Install | L 1 | PREFAB_WALL_L1_037,A1600,Exterior Wall Install,L 1,Architecture_TakeOff.csv:1935011,2029-12-17T10:20:00,2029-12-17T10:50:00
1935012,Exterior Wall Install | L 1 | PREFAB_WALL_L1_037,A1600,Exterior Wall Install,L 1,Architecture_TakeOff.csv:1935012,2029-12-17T10:20:00,2029-12-17T10:50:00
1935013,Exterior Wall Install | L 1 | PREFAB_WALL_L1_037,A1600,Exterior Wall Install,L 1,Architecture_TakeOff.csv:1935013,2029-12-17T10:20:00,2029-12-17T10:50:00
1935014,Exterior Wall Install | L 1 | PREFAB_WALL_L1_037,A1600,Exterior Wall Install,L 1,Architecture_TakeOff.csv:1935014,2029-12-17T10:20:00,2029-12-17T10:50:00
1935015,Exterior Wall Install | L 1 | PREFAB_WALL_L1_037,A1600,Exterior Wall Install,L 1,Architecture_TakeOff.csv:1935015,2029-12-17T10:20:00,2029-12-17T10:50:00
1935016,Exterior Wall Install | L 1 | PREFAB_WALL_L1_037,A1600,Exterior Wall Install,L 1,Architecture_TakeOff.csv:1935016,2029-12-17T10:20:00,2029-12-17T10:50:00
1935017,Exterior Wall Install | L 1 | PREFAB_WALL_L1_037,A1600,Exterior Wall Install,L 1,Architecture_TakeOff.csv:1935017,2029-12-17T10:20:00,2029-12-17T10:50:00
1935081,Exterior Wall Install | L 1 | PREFAB_WALL_L1_037,A1600,Exterior Wall Install,L 1,Architecture_TakeOff.csv:1935081,2029-12-17T10:20:00,2029-12-17T10:50:00
1935082,Exterior Wall Install | L 1 | PREFAB_WALL_L1_037,A1600,Exterior Wall Install,L 1,Architecture_TakeOff.csv:1935082,2029-12-17T10:20:00,2029-12-17T10:50:00
1935084,Exterior Wall Install | L 1 | PREFAB_WALL_L1_037,A1600,Exterior Wall Install,L 1,Architecture_TakeOff.csv:1935084,2029-12-17T10:20:00,2029-12-17T10:50:00
1935085,Exterior Wall Install | L 1 | PREFAB_WALL_L1_037,A1600,Exterior Wall Install,L 1,Architecture_TakeOff.csv:1935085,2029-12-17T10:20:00,2029-12-17T10:50:00
1935086,Exterior Wall Install | L 1 | PREFAB_WALL_L1_037,A1600,Exterior Wall Install,L 1,Architecture_TakeOff.csv:1935086,2029-12-17T10:20:00,2029-12-17T10:50:00
1935087,Exterior Wall Install | L 1 | PREFAB_WALL_L1_037,A1600,Exterior Wall Install,L 1,Architecture_TakeOff.csv:1935087,2029-12-17T10:20:00,2029-12-17T10:50:00
1935088,Exterior Wall Install | L 1 | PREFAB_WALL_L1_037,A1600,Exterior Wall Install,L 1,Architecture_TakeOff.csv:1935088,2029-12-17T10:20:00,2029-12-17T10:50:00
1935089,Exterior Wall Install | L 1 | PREFAB_WALL_L1_037,A1600,Exterior Wall Install,L 1,Architecture_TakeOff.csv:1935089,2029-12-17T10:20:00,2029-12-17T10:50:00
1935090,Exterior Wall Install | L 1 | PREFAB_WALL_L1_037,A1600,Exterior Wall Install,L 1,Architecture_TakeOff.csv:1935090,2029-12-17T10:20:00,2029-12-17T10:50:00
1935091,Exterior Wall Install | L 1 | PREFAB_WALL_L1_037,A1600,Exterior Wall Install,L 1,Architecture_TakeOff.csv:1935091,2029-12-17T10:20:00,2029-12-17T10:50:00
1935149,Exterior Wall Install | L 1 | PREFAB_WALL_L1_037,A1600,Exterior Wall Install,L 1,Architecture_TakeOff.csv:1935149,2029-12-17T10:20:00,2029-12-17T10:50:00
1935150,Exterior Wall Install | L 1 | PREFAB_WALL_L1_037,A1600,Exterior Wall Install,L 1,Architecture_TakeOff.csv:1935150,2029-12-17T10:20:00,2029-12-17T10:50:00
1935152,Exterior Wall Install | L 1 | PREFAB_WALL_L1_037,A1600,Exterior Wall Install,L 1,Architecture_TakeOff.csv:1935152,2029-12-17T10:20:00,2029-12-17T10:50:00
1935153,Exterior Wall Install | L 1 | PREFAB_WALL_L1_037,A1600,Exterior Wall Install,L 1,Architecture_TakeOff.csv:1935153,2029-12-17T10:20:00,2029-12-17T10:50:00
1935154,Exterior Wall Install | L 1 | PREFAB_WALL_L1_037,A1600,Exterior Wall Install,L 1,Architecture_TakeOff.csv:1935154,2029-12-17T10:20:00,2029-12-17T10:50:00
1935155,Exterior Wall Install | L 1 | PREFAB_WALL_L1_037,A1600,Exterior Wall Install,L 1,Architecture_TakeOff.csv:1935155,2029-12-17T10:20:00,2029-12-17T10:50:00
1935156,Exterior Wall Install | L 1 | PREFAB_WALL_L1_037,A1600,Exterior Wall Install,L 1,Architecture_TakeOff.csv:1935156,2029-12-17T10:20:00,2029-12-17T10:50:00
1935157,Exterior Wall Install | L 1 | PREFAB_WALL_L1_037,A1600,Exterior Wall Install,L 1,Architecture_TakeOff.csv:1935157,2029-12-17T10:20:00,2029-12-17T10:50:00
1935158,Exterior Wall Install | L 1 | PREFAB_WALL_L1_037,A1600,Exterior Wall Install,L 1,Architecture_TakeOff.csv:1935158,2029-12-17T10:20:00,2029-12-17T10:50:00
1935159,Exterior Wall Install | L 1 | PREFAB_WALL_L1_037,A1600,Exterior Wall Install,L 1,Architecture_TakeOff.csv:1935159,2029-12-17T10:20:00,2029-12-17T10:50:00
2193801,Exterior Wall Install | L 1 | PREFAB_WALL_L1_037,A1600,Exterior Wall Install,L 1,Architecture_TakeOff.csv:2193801,2029-12-17T10:20:00,2029-12-17T10:50:00
1935217,Exterior Wall Install | L 1 | PREFAB_WALL_L1_038,A1600,Exterior Wall Install,L 1,Architecture_TakeOff.csv:1935217,2029-12-17T10:50:00,2029-12-17T11:20:00
1935218,Exterior Wall Install | L 1 | PREFAB_WALL_L1_038,A1600,Exterior Wall Install,L 1,Architecture_TakeOff.csv:1935218,2029-12-17T10:50:00,2029-12-17T11:20:00
1935220,Exterior Wall Install | L 1 | PREFAB_WALL_L1_038,A1600,Exterior Wall Install,L 1,Architecture_TakeOff.csv:1935220,2029-12-17T10:50:00,2029-12-17T11:20:00
1935221,Exterior Wall Install | L 1 | PREFAB_WALL_L1_038,A1600,Exterior Wall Install,L 1,Architecture_TakeOff.csv:1935221,2029-12-17T10:50:00,2029-12-17T11:20:00
1935222,Exterior Wall Install | L 1 | PREFAB_WALL_L1_038,A1600,Exterior Wall Install,L 1,Architecture_TakeOff.csv:1935222,2029-12-17T10:50:00,2029-12-17T11:20:00
1935223,Exterior Wall Install | L 1 | PREFAB_WALL_L1_038,A1600,Exterior Wall Install,L 1,Architecture_TakeOff.csv:1935223,2029-12-17T10:50:00,2029-12-17T11:20:00
1935224,Exterior Wall Install | L 1 | PREFAB_WALL_L1_038,A1600,Exterior Wall Install,L 1,Architecture_TakeOff.csv:1935224,2029-12-17T10:50:00,2029-12-17T11:20:00
1935225,Exterior Wall Install | L 1 | PREFAB_WALL_L1_038,A1600,Exterior Wall Install,L 1,Architecture_TakeOff.csv:1935225,2029-12-17T10:50:00,2029-12-17T11:20:00
1935226,Exterior Wall Install | L 1 | PREFAB_WALL_L1_038,A1600,Exterior Wall Install,L 1,Architecture_TakeOff.csv:1935226,2029-12-17T10:50:00,2029-12-17T11:20:00
1935227,Exterior Wall Install | L 1 | PREFAB_WALL_L1_038,A1600,Exterior Wall Install,L 1,Architecture_TakeOff.csv:1935227,2029-12-17T10:50:00,2029-12-17T11:20:00
1935285,Exterior Wall Install | L 1 | PREFAB_WALL_L1_038,A1600,Exterior Wall Install,L 1,Architecture_TakeOff.csv:1935285,2029-12-17T10:50:00,2029-12-17T11:20:00
1935286,Exterior Wall Install | L 1 | PREFAB_WALL_L1_038,A1600,Exterior Wall Install,L 1,Architecture_TakeOff.csv:1935286,2029-12-17T10:50:00,2029-12-17T11:20:00
1935288,Exterior Wall Install | L 1 | PREFAB_WALL_L1_038,A1600,Exterior Wall Install,L 1,Architecture_TakeOff.csv:1935288,2029-12-17T10:50:00,2029-12-17T11:20:00
1935289,Exterior Wall Install | L 1 | PREFAB_WALL_L1_038,A1600,Exterior Wall Install,L 1,Architecture_TakeOff.csv:1935289,2029-12-17T10:50:00,2029-12-17T11:20:00
1935290,Exterior Wall Install | L 1 | PREFAB_WALL_L1_038,A1600,Exterior Wall Install,L 1,Architecture_TakeOff.csv:1935290,2029-12-17T10:50:00,2029-12-17T11:20:00
1935291,Exterior Wall Install | L 1 | PREFAB_WALL_L1_038,A1600,Exterior Wall Install,L 1,Architecture_TakeOff.csv:1935291,2029-12-17T10:50:00,2029-12-17T11:20:00
1935292,Exterior Wall Install | L 1 | PREFAB_WALL_L1_038,A1600,Exterior Wall Install,L 1,Architecture_TakeOff.csv:1935292,2029-12-17T10:50:00,2029-12-17T11:20:00
1935293,Exterior Wall Install | L 1 | PREFAB_WALL_L1_038,A1600,Exterior Wall Install,L 1,Architecture_TakeOff.csv:1935293,2029-12-17T10:50:00,2029-12-17T11:20:00
1935294,Exterior Wall Install | L 1 | PREFAB_WALL_L1_038,A1600,Exterior Wall Install,L 1,Architecture_TakeOff.csv:1935294,2029-12-17T10:50:00,2029-12-17T11:20:00
1935295,Exterior Wall Install | L 1 | PREFAB_WALL_L1_038,A1600,Exterior Wall Install,L 1,Architecture_TakeOff.csv:1935295,2029-12-17T10:50:00,2029-12-17T11:20:00
1935353,Exterior Wall Install | L 1 | PREFAB_WALL_L1_038,A1600,Exterior Wall Install,L 1,Architecture_TakeOff.csv:1935353,2029-12-17T10:50:00,2029-12-17T11:20:00
1935354,Exterior Wall Install | L 1 | PREFAB_WALL_L1_038,A1600,Exterior Wall Install,L 1,Architecture_TakeOff.csv:1935354,2029-12-17T10:50:00,2029-12-17T11:20:00
1935356,Exterior Wall Install | L 1 | PREFAB_WALL_L1_038,A1600,Exterior Wall Install,L 1,Architecture_TakeOff.csv:1935356,2029-12-17T10:50:00,2029-12-17T11:20:00
1935357,Exterior Wall Install | L 1 | PREFAB_WALL_L1_038,A1600,Exterior Wall Install,L 1,Architecture_TakeOff.csv:1935357,2029-12-17T10:50:00,2029-12-17T11:20:00
1935358,Exterior Wall Install | L 1 | PREFAB_WALL_L1_038,A1600,Exterior Wall Install,L 1,Architecture_TakeOff.csv:1935358,2029-12-17T10:50:00,2029-12-17T11:20:00
1935359,Exterior Wall Install | L 1 | PREFAB_WALL_L1_038,A1600,Exterior Wall Install,L 1,Architecture_TakeOff.csv:1935359,2029-12-17T10:50:00,2029-12-17T11:20:00
1935360,Exterior Wall Install | L 1 | PREFAB_WALL_L1_038,A1600,Exterior Wall Install,L 1,Architecture_TakeOff.csv:1935360,2029-12-17T10:50:00,2029-12-17T11:20:00
1935361,Exterior Wall Install | L 1 | PREFAB_WALL_L1_038,A1600,Exterior Wall Install,L 1,Architecture_TakeOff.csv:1935361,2029-12-17T10:50:00,2029-12-17T11:20:00
1935362,Exterior Wall Install | L 1 | PREFAB_WALL_L1_038,A1600,Exterior Wall Install,L 1,Architecture_TakeOff.csv:1935362,2029-12-17T10:50:00,2029-12-17T11:20:00
1935363,Exterior Wall Install | L 1 | PREFAB_WALL_L1_038,A1600,Exterior Wall Install,L 1,Architecture_TakeOff.csv:1935363,2029-12-17T10:50:00,2029-12-17T11:20:00
2194057,Exterior Wall Install | L 1 | PREFAB_WALL_L1_038,A1600,Exterior Wall Install,L 1,Architecture_TakeOff.csv:2194057,2029-12-17T10:50:00,2029-12-17T11:20:00
1935421,Exterior Wall Install | L 1 | PREFAB_WALL_L1_039,A1600,Exterior Wall Install,L 1,Architecture_TakeOff.csv:1935421,2029-12-17T11:20:00,2029-12-17T11:50:00
1935422,Exterior Wall Install | L 1 | PREFAB_WALL_L1_039,A1600,Exterior Wall Install,L 1,Architecture_TakeOff.csv:1935422,2029-12-17T11:20:00,2029-12-17T11:50:00
1935424,Exterior Wall Install | L 1 | PREFAB_WALL_L1_039,A1600,Exterior Wall Install,L 1,Architecture_TakeOff.csv:1935424,2029-12-17T11:20:00,2029-12-17T11:50:00
1935425,Exterior Wall Install | L 1 | PREFAB_WALL_L1_039,A1600,Exterior Wall Install,L 1,Architecture_TakeOff.csv:1935425,2029-12-17T11:20:00,2029-12-17T11:50:00
1935426,Exterior Wall Install | L 1 | PREFAB_WALL_L1_039,A1600,Exterior Wall Install,L 1,Architecture_TakeOff.csv:1935426,2029-12-17T11:20:00,2029-12-17T11:50:00
1935427,Exterior Wall Install | L 1 | PREFAB_WALL_L1_039,A1600,Exterior Wall Install,L 1,Architecture_TakeOff.csv:1935427,2029-12-17T11:20:00,2029-12-17T11:50:00
1935428,Exterior Wall Install | L 1 | PREFAB_WALL_L1_039,A1600,Exterior Wall Install,L 1,Architecture_TakeOff.csv:1935428,2029-12-17T11:20:00,2029-12-17T11:50:00
1935429,Exterior Wall Install | L 1 | PREFAB_WALL_L1_039,A1600,Exterior Wall Install,L 1,Architecture_TakeOff.csv:1935429,2029-12-17T11:20:00,2029-12-17T11:50:00
1935430,Exterior Wall Install | L 1 | PREFAB_WALL_L1_039,A1600,Exterior Wall Install,L 1,Architecture_TakeOff.csv:1935430,2029-12-17T11:20:00,2029-12-17T11:50:00
1935431,Exterior Wall Install | L 1 | PREFAB_WALL_L1_039,A1600,Exterior Wall Install,L 1,Architecture_TakeOff.csv:1935431,2029-12-17T11:20:00,2029-12-17T11:50:00
1935489,Exterior Wall Install | L 1 | PREFAB_WALL_L1_039,A1600,Exterior Wall Install,L 1,Architecture_TakeOff.csv:1935489,2029-12-17T11:20:00,2029-12-17T11:50:00
1935490,Exterior Wall Install | L 1 | PREFAB_WALL_L1_039,A1600,Exterior Wall Install,L 1,Architecture_TakeOff.csv:1935490,2029-12-17T11:20:00,2029-12-17T11:50:00
1935492,Exterior Wall Install | L 1 | PREFAB_WALL_L1_039,A1600,Exterior Wall Install,L 1,Architecture_TakeOff.csv:1935492,2029-12-17T11:20:00,2029-12-17T11:50:00
1935493,Exterior Wall Install | L 1 | PREFAB_WALL_L1_039,A1600,Exterior Wall Install,L 1,Architecture_TakeOff.csv:1935493,2029-12-17T11:20:00,2029-12-17T11:50:00
1935494,Exterior Wall Install | L 1 | PREFAB_WALL_L1_039,A1600,Exterior Wall Install,L 1,Architecture_TakeOff.csv:1935494,2029-12-17T11:20:00,2029-12-17T11:50:00
1935495,Exterior Wall Install | L 1 | PREFAB_WALL_L1_039,A1600,Exterior Wall Install,L 1,Architecture_TakeOff.csv:1935495,2029-12-17T11:20:00,2029-12-17T11:50:00
1935496,Exterior Wall Install | L 1 | PREFAB_WALL_L1_039,A1600,Exterior Wall Install,L 1,Architecture_TakeOff.csv:1935496,2029-12-17T11:20:00,2029-12-17T11:50:00
1935497,Exterior Wall Install | L 1 | PREFAB_WALL_L1_039,A1600,Exterior Wall Install,L 1,Architecture_TakeOff.csv:1935497,2029-12-17T11:20:00,2029-12-17T11:50:00
1935498,Exterior Wall Install | L 1 | PREFAB_WALL_L1_039,A1600,Exterior Wall Install,L 1,Architecture_TakeOff.csv:1935498,2029-12-17T11:20:00,2029-12-17T11:50:00
1935499,Exterior Wall Install | L 1 | PREFAB_WALL_L1_039,A1600,Exterior Wall Install,L 1,Architecture_TakeOff.csv:1935499,2029-12-17T11:20:00,2029-12-17T11:50:00
1935598,Exterior Wall Install | L 1 | PREFAB_WALL_L1_039,A1600,Exterior Wall Install,L 1,Architecture_TakeOff.csv:1935598,2029-12-17T11:20:00,2029-12-17T11:50:00
1935599,Exterior Wall Install | L 1 | PREFAB_WALL_L1_039,A1600,Exterior Wall Install,L 1,Architecture_TakeOff.csv:1935599,2029-12-17T11:20:00,2029-12-17T11:50:00
1935601,Exterior Wall Install | L 1 | PREFAB_WALL_L1_039,A1600,Exterior Wall Install,L 1,Architecture_TakeOff.csv:1935601,2029-12-17T11:20:00,2029-12-17T11:50:00
1935602,Exterior Wall Install | L 1 | PREFAB_WALL_L1_039,A1600,Exterior Wall Install,L 1,Architecture_TakeOff.csv:1935602,2029-12-17T11:20:00,2029-12-17T11:50:00
1935603,Exterior Wall Install | L 1 | PREFAB_WALL_L1_039,A1600,Exterior Wall Install,L 1,Architecture_TakeOff.csv:1935603,2029-12-17T11:20:00,2029-12-17T11:50:00
1935604,Exterior Wall Install | L 1 | PREFAB_WALL_L1_039,A1600,Exterior Wall Install,L 1,Architecture_TakeOff.csv:1935604,2029-12-17T11:20:00,2029-12-17T11:50:00
1935605,Exterior Wall Install | L 1 | PREFAB_WALL_L1_039,A1600,Exterior Wall Install,L 1,Architecture_TakeOff.csv:1935605,2029-12-17T11:20:00,2029-12-17T11:50:00
1935607,Exterior Wall Install | L 1 | PREFAB_WALL_L1_039,A1600,Exterior Wall Install,L 1,Architecture_TakeOff.csv:1935607,2029-12-17T11:20:00,2029-12-17T11:50:00
1935608,Exterior Wall Install | L 1 | PREFAB_WALL_L1_039,A1600,Exterior Wall Install,L 1,Architecture_TakeOff.csv:1935608,2029-12-17T11:20:00,2029-12-17T11:50:00
2194387,Exterior Wall Install | L 1 | PREFAB_WALL_L1_039,A1600,Exterior Wall Install,L 1,Architecture_TakeOff.csv:2194387,2029-12-17T11:20:00,2029-12-17T11:50:00
1249235,Exterior Wall Install | L 1 | PREFAB_WALL_L1_040,A1600,Exterior Wall Install,L 1,Architecture_TakeOff.csv:1249235,2029-12-17T11:50:00,2029-12-17T12:20:00
1931410,Exterior Wall Install | L 1 | PREFAB_WALL_L1_040,A1600,Exterior Wall Install,L 1,Architecture_TakeOff.csv:1931410,2029-12-17T11:50:00,2029-12-17T12:20:00
1938800,Exterior Wall Install | L 1 | PREFAB_WALL_L1_040,A1600,Exterior Wall Install,L 1,Architecture_TakeOff.csv:1938800,2029-12-17T11:50:00,2029-12-17T12:20:00
1938801,Exterior Wall Install | L 1 | PREFAB_WALL_L1_040,A1600,Exterior Wall Install,L 1,Architecture_TakeOff.csv:1938801,2029-12-17T11:50:00,2029-12-17T12:20:00
1938803,Exterior Wall Install | L 1 | PREFAB_WALL_L1_040,A1600,Exterior Wall Install,L 1,Architecture_TakeOff.csv:1938803,2029-12-17T11:50:00,2029-12-17T12:20:00
1938804,Exterior Wall Install | L 1 | PREFAB_WALL_L1_040,A1600,Exterior Wall Install,L 1,Architecture_TakeOff.csv:1938804,2029-12-17T11:50:00,2029-12-17T12:20:00
1938805,Exterior Wall Install | L 1 | PREFAB_WALL_L1_040,A1600,Exterior Wall Install,L 1,Architecture_TakeOff.csv:1938805,2029-12-17T11:50:00,2029-12-17T12:20:00
1938806,Exterior Wall Install | L 1 | PREFAB_WALL_L1_040,A1600,Exterior Wall Install,L 1,Architecture_TakeOff.csv:1938806,2029-12-17T11:50:00,2029-12-17T12:20:00
1938807,Exterior Wall Install | L 1 | PREFAB_WALL_L1_040,A1600,Exterior Wall Install,L 1,Architecture_TakeOff.csv:1938807,2029-12-17T11:50:00,2029-12-17T12:20:00
1938808,Exterior Wall Install | L 1 | PREFAB_WALL_L1_040,A1600,Exterior Wall Install,L 1,Architecture_TakeOff.csv:1938808,2029-12-17T11:50:00,2029-12-17T12:20:00
1938809,Exterior Wall Install | L 1 | PREFAB_WALL_L1_040,A1600,Exterior Wall Install,L 1,Architecture_TakeOff.csv:1938809,2029-12-17T11:50:00,2029-12-17T12:20:00
1938810,Exterior Wall Install | L 1 | PREFAB_WALL_L1_040,A1600,Exterior Wall Install,L 1,Architecture_TakeOff.csv:1938810,2029-12-17T11:50:00,2029-12-17T12:20:00
1525036,Exterior Wall Install | L 1 | PREFAB_WALL_L1_041,A1600,Exterior Wall Install,L 1,Architecture_TakeOff.csv:1525036,2029-12-17T12:20:00,2029-12-17T12:50:00
1935606,Exterior Wall Install | L 1 | PREFAB_WALL_L1_041,A1600,Exterior Wall Install,L 1,Architecture_TakeOff.csv:1935606,2029-12-17T12:20:00,2029-12-17T12:50:00
1938614,Exterior Wall Install | L 1 | PREFAB_WALL_L1_041,A1600,Exterior Wall Install,L 1,Architecture_TakeOff.csv:1938614,2029-12-17T12:20:00,2029-12-17T12:50:00
1938615,Exterior Wall Install | L 1 | PREFAB_WALL_L1_041,A1600,Exterior Wall Install,L 1,Architecture_TakeOff.csv:1938615,2029-12-17T12:20:00,2029-12-17T12:50:00
1938617,Exterior Wall Install | L 1 | PREFAB_WALL_L1_041,A1600,Exterior Wall Install,L 1,Architecture_TakeOff.csv:1938617,2029-12-17T12:20:00,2029-12-17T12:50:00
1938618,Exterior Wall Install | L 1 | PREFAB_WALL_L1_041,A1600,Exterior Wall Install,L 1,Architecture_TakeOff.csv:1938618,2029-12-17T12:20:00,2029-12-17T12:50:00
1938619,Exterior Wall Install | L 1 | PREFAB_WALL_L1_041,A1600,Exterior Wall Install,L 1,Architecture_TakeOff.csv:1938619,2029-12-17T12:20:00,2029-12-17T12:50:00
1938620,Exterior Wall Install | L 1 | PREFAB_WALL_L1_041,A1600,Exterior Wall Install,L 1,Architecture_TakeOff.csv:1938620,2029-12-17T12:20:00,2029-12-17T12:50:00
1938621,Exterior Wall Install | L 1 | PREFAB_WALL_L1_041,A1600,Exterior Wall Install,L 1,Architecture_TakeOff.csv:1938621,2029-12-17T12:20:00,2029-12-17T12:50:00
1938622,Exterior Wall Install | L 1 | PREFAB_WALL_L1_041,A1600,Exterior Wall Install,L 1,Architecture_TakeOff.csv:1938622,2029-12-17T12:20:00,2029-12-17T12:50:00
1938623,Exterior Wall Install | L 1 | PREFAB_WALL_L1_041,A1600,Exterior Wall Install,L 1,Architecture_TakeOff.csv:1938623,2029-12-17T12:20:00,2029-12-17T12:50:00
1938624,Exterior Wall Install | L 1 | PREFAB_WALL_L1_041,A1600,Exterior Wall Install,L 1,Architecture_TakeOff.csv:1938624,2029-12-17T12:20:00,2029-12-17T12:50:00
1525472,Exterior Wall Install | L 1 | PREFAB_WALL_L1_042,A1600,Exterior Wall Install,L 1,Architecture_TakeOff.csv:1525472,2029-12-17T12:50:00,2029-12-17T13:20:00
1622167,Exterior Wall Install | L 1 | PREFAB_WALL_L1_042,A1600,Exterior Wall Install,L 1,Architecture_TakeOff.csv:1622167,2029-12-17T12:50:00,2029-12-17T13:20:00
1622170,Exterior Wall Install | L 1 | PREFAB_WALL_L1_042,A1600,Exterior Wall Install,L 1,Architecture_TakeOff.csv:1622170,2029-12-17T12:50:00,2029-12-17T13:20:00
1622171,Exterior Wall Install | L 1 | PREFAB_WALL_L1_042,A1600,Exterior Wall Install,L 1,Architecture_TakeOff.csv:1622171,2029-12-17T12:50:00,2029-12-17T13:20:00
1622172,Exterior Wall Install | L 1 | PREFAB_WALL_L1_042,A1600,Exterior Wall Install,L 1,Architecture_TakeOff.csv:1622172,2029-12-17T12:50:00,2029-12-17T13:20:00
1622174,Exterior Wall Install | L 1 | PREFAB_WALL_L1_042,A1600,Exterior Wall Install,L 1,Architecture_TakeOff.csv:1622174,2029-12-17T12:50:00,2029-12-17T13:20:00
1622178,Exterior Wall Install | L 1 | PREFAB_WALL_L1_042,A1600,Exterior Wall Install,L 1,Architecture_TakeOff.csv:1622178,2029-12-17T12:50:00,2029-12-17T13:20:00
1622179,Exterior Wall Install | L 1 | PREFAB_WALL_L1_042,A1600,Exterior Wall Install,L 1,Architecture_TakeOff.csv:1622179,2029-12-17T12:50:00,2029-12-17T13:20:00
1622180,Exterior Wall Install | L 1 | PREFAB_WALL_L1_042,A1600,Exterior Wall Install,L 1,Architecture_TakeOff.csv:1622180,2029-12-17T12:50:00,2029-12-17T13:20:00
1622193,Exterior Wall Install | L 1 | PREFAB_WALL_L1_042,A1600,Exterior Wall Install,L 1,Architecture_TakeOff.csv:1622193,2029-12-17T12:50:00,2029-12-17T13:20:00
1622195,Exterior Wall Install | L 1 | PREFAB_WALL_L1_042,A1600,Exterior Wall Install,L 1,Architecture_TakeOff.csv:1622195,2029-12-17T12:50:00,2029-12-17T13:20:00
1622196,Exterior Wall Install | L 1 | PREFAB_WALL_L1_042,A1600,Exterior Wall Install,L 1,Architecture_TakeOff.csv:1622196,2029-12-17T12:50:00,2029-12-17T13:20:00
1622197,Exterior Wall Install | L 1 | PREFAB_WALL_L1_042,A1600,Exterior Wall Install,L 1,Architecture_TakeOff.csv:1622197,2029-12-17T12:50:00,2029-12-17T13:20:00
1622198,Exterior Wall Install | L 1 | PREFAB_WALL_L1_042,A1600,Exterior Wall Install,L 1,Architecture_TakeOff.csv:1622198,2029-12-17T12:50:00,2029-12-17T13:20:00
1622199,Exterior Wall Install | L 1 | PREFAB_WALL_L1_042,A1600,Exterior Wall Install,L 1,Architecture_TakeOff.csv:1622199,2029-12-17T12:50:00,2029-12-17T13:20:00
1622200,Exterior Wall Install | L 1 | PREFAB_WALL_L1_042,A1600,Exterior Wall Install,L 1,Architecture_TakeOff.csv:1622200,2029-12-17T12:50:00,2029-12-17T13:20:00
1622201,Exterior Wall Install | L 1 | PREFAB_WALL_L1_042,A1600,Exterior Wall Install,L 1,Architecture_TakeOff.csv:1622201,2029-12-17T12:50:00,2029-12-17T13:20:00
1622202,Exterior Wall Install | L 1 | PREFAB_WALL_L1_042,A1600,Exterior Wall Install,L 1,Architecture_TakeOff.csv:1622202,2029-12-17T12:50:00,2029-12-17T13:20:00
1622203,Exterior Wall Install | L 1 | PREFAB_WALL_L1_042,A1600,Exterior Wall Install,L 1,Architecture_TakeOff.csv:1622203,2029-12-17T12:50:00,2029-12-17T13:20:00
1767162,Exterior Wall Install | L 1 | PREFAB_WALL_L1_042,A1600,Exterior Wall Install,L 1,Architecture_TakeOff.csv:1767162,2029-12-17T12:50:00,2029-12-17T13:20:00
1767163,Exterior Wall Install | L 1 | PREFAB_WALL_L1_042,A1600,Exterior Wall Install,L 1,Architecture_TakeOff.csv:1767163,2029-12-17T12:50:00,2029-12-17T13:20:00
1767164,Exterior Wall Install | L 1 | PREFAB_WALL_L1_042,A1600,Exterior Wall Install,L 1,Architecture_TakeOff.csv:1767164,2029-12-17T12:50:00,2029-12-17T13:20:00
1624682,Exterior Wall Install | L 1 | PREFAB_WALL_L1_043,A1600,Exterior Wall Install,L 1,Architecture_TakeOff.csv:1624682,2029-12-17T13:20:00,2029-12-17T13:50:00
1939373,Exterior Wall Install | L 1 | PREFAB_WALL_L1_043,A1600,Exterior Wall Install,L 1,Architecture_TakeOff.csv:1939373,2029-12-17T13:20:00,2029-12-17T13:50:00
1939374,Exterior Wall Install | L 1 | PREFAB_WALL_L1_043,A1600,Exterior Wall Install,L 1,Architecture_TakeOff.csv:1939374,2029-12-17T13:20:00,2029-12-17T13:50:00
1939376,Exterior Wall Install | L 1 | PREFAB_WALL_L1_043,A1600,Exterior Wall Install,L 1,Architecture_TakeOff.csv:1939376,2029-12-17T13:20:00,2029-12-17T13:50:00
1939377,Exterior Wall Install | L 1 | PREFAB_WALL_L1_043,A1600,Exterior Wall Install,L 1,Architecture_TakeOff.csv:1939377,2029-12-17T13:20:00,2029-12-17T13:50:00
1939378,Exterior Wall Install | L 1 | PREFAB_WALL_L1_043,A1600,Exterior Wall Install,L 1,Architecture_TakeOff.csv:1939378,2029-12-17T13:20:00,2029-12-17T13:50:00
1939379,Exterior Wall Install | L 1 | PREFAB_WALL_L1_043,A1600,Exterior Wall Install,L 1,Architecture_TakeOff.csv:1939379,2029-12-17T13:20:00,2029-12-17T13:50:00
1939380,Exterior Wall Install | L 1 | PREFAB_WALL_L1_043,A1600,Exterior Wall Install,L 1,Architecture_TakeOff.csv:1939380,2029-12-17T13:20:00,2029-12-17T13:50:00
1939381,Exterior Wall Install | L 1 | PREFAB_WALL_L1_043,A1600,Exterior Wall Install,L 1,Architecture_TakeOff.csv:1939381,2029-12-17T13:20:00,2029-12-17T13:50:00
1939382,Exterior Wall Install | L 1 | PREFAB_WALL_L1_043,A1600,Exterior Wall Install,L 1,Architecture_TakeOff.csv:1939382,2029-12-17T13:20:00,2029-12-17T13:50:00
1939383,Exterior Wall Install | L 1 | PREFAB_WALL_L1_043,A1600,Exterior Wall Install,L 1,Architecture_TakeOff.csv:1939383,2029-12-17T13:20:00,2029-12-17T13:50:00
1993594,Exterior Wall Install | L 1 | PREFAB_WALL_L1_044,A1600,Exterior Wall Install,L 1,Architecture_TakeOff.csv:1993594,2029-12-17T13:50:00,2029-12-17T14:20:00
1994221,Exterior Wall Install | L 1 | PREFAB_WALL_L1_045,A1600,Exterior Wall Install,L 1,Architecture_TakeOff.csv:1994221,2029-12-17T14:20:00,2029-12-17T14:50:00
1939481,Exterior Wall Install | L 1 | PREFAB_WALL_L1_046,A1600,Exterior Wall Install,L 1,Architecture_TakeOff.csv:1939481,2029-12-17T14:50:00,2029-12-17T15:20:00
1939482,Exterior Wall Install | L 1 | PREFAB_WALL_L1_046,A1600,Exterior Wall Install,L 1,Architecture_TakeOff.csv:1939482,2029-12-17T14:50:00,2029-12-17T15:20:00
1939484,Exterior Wall Install | L 1 | PREFAB_WALL_L1_046,A1600,Exterior Wall Install,L 1,Architecture_TakeOff.csv:1939484,2029-12-17T14:50:00,2029-12-17T15:20:00
1939485,Exterior Wall Install | L 1 | PREFAB_WALL_L1_046,A1600,Exterior Wall Install,L 1,Architecture_TakeOff.csv:1939485,2029-12-17T14:50:00,2029-12-17T15:20:00
1939486,Exterior Wall Install | L 1 | PREFAB_WALL_L1_046,A1600,Exterior Wall Install,L 1,Architecture_TakeOff.csv:1939486,2029-12-17T14:50:00,2029-12-17T15:20:00
1939487,Exterior Wall Install | L 1 | PREFAB_WALL_L1_046,A1600,Exterior Wall Install,L 1,Architecture_TakeOff.csv:1939487,2029-12-17T14:50:00,2029-12-17T15:20:00
1939488,Exterior Wall Install | L 1 | PREFAB_WALL_L1_046,A1600,Exterior Wall Install,L 1,Architecture_TakeOff.csv:1939488,2029-12-17T14:50:00,2029-12-17T15:20:00
1939489,Exterior Wall Install | L 1 | PREFAB_WALL_L1_046,A1600,Exterior Wall Install,L 1,Architecture_TakeOff.csv:1939489,2029-12-17T14:50:00,2029-12-17T15:20:00
1939490,Exterior Wall Install | L 1 | PREFAB_WALL_L1_046,A1600,Exterior Wall Install,L 1,Architecture_TakeOff.csv:1939490,2029-12-17T14:50:00,2029-12-17T15:20:00
1939491,Exterior Wall Install | L 1 | PREFAB_WALL_L1_046,A1600,Exterior Wall Install,L 1,Architecture_TakeOff.csv:1939491,2029-12-17T14:50:00,2029-12-17T15:20:00
2194568,Exterior Wall Install | L 1 | PREFAB_WALL_L1_046,A1600,Exterior Wall Install,L 1,Architecture_TakeOff.csv:2194568,2029-12-17T14:50:00,2029-12-17T15:20:00
1940420,Exterior Wall Install | L 1 | PREFAB_WALL_L1_047,A1600,Exterior Wall Install,L 1,Architecture_TakeOff.csv:1940420,2029-12-17T15:20:00,2029-12-17T15:50:00
1940421,Exterior Wall Install | L 1 | PREFAB_WALL_L1_047,A1600,Exterior Wall Install,L 1,Architecture_TakeOff.csv:1940421,2029-12-17T15:20:00,2029-12-17T15:50:00
1940423,Exterior Wall Install | L 1 | PREFAB_WALL_L1_047,A1600,Exterior Wall Install,L 1,Architecture_TakeOff.csv:1940423,2029-12-17T15:20:00,2029-12-17T15:50:00
1940424,Exterior Wall Install | L 1 | PREFAB_WALL_L1_047,A1600,Exterior Wall Install,L 1,Architecture_TakeOff.csv:1940424,2029-12-17T15:20:00,2029-12-17T15:50:00
1940425,Exterior Wall Install | L 1 | PREFAB_WALL_L1_047,A1600,Exterior Wall Install,L 1,Architecture_TakeOff.csv:1940425,2029-12-17T15:20:00,2029-12-17T15:50:00
1940426,Exterior Wall Install | L 1 | PREFAB_WALL_L1_047,A1600,Exterior Wall Install,L 1,Architecture_TakeOff.csv:1940426,2029-12-17T15:20:00,2029-12-17T15:50:00
1940427,Exterior Wall Install | L 1 | PREFAB_WALL_L1_047,A1600,Exterior Wall Install,L 1,Architecture_TakeOff.csv:1940427,2029-12-17T15:20:00,2029-12-17T15:50:00
1940428,Exterior Wall Install | L 1 | PREFAB_WALL_L1_047,A1600,Exterior Wall Install,L 1,Architecture_TakeOff.csv:1940428,2029-12-17T15:20:00,2029-12-17T15:50:00
1940429,Exterior Wall Install | L 1 | PREFAB_WALL_L1_047,A1600,Exterior Wall Install,L 1,Architecture_TakeOff.csv:1940429,2029-12-17T15:20:00,2029-12-17T15:50:00
1940430,Exterior Wall Install | L 1 | PREFAB_WALL_L1_047,A1600,Exterior Wall Install,L 1,Architecture_TakeOff.csv:1940430,2029-12-17T15:20:00,2029-12-17T15:50:00
2194567,Exterior Wall Install | L 1 | PREFAB_WALL_L1_047,A1600,Exterior Wall Install,L 1,Architecture_TakeOff.csv:2194567,2029-12-17T15:20:00,2029-12-17T15:50:00
1623960,Exterior Wall Install | L 1 | PREFAB_WALL_L1_048,A1600,Exterior Wall Install,L 1,Architecture_TakeOff.csv:1623960,2029-12-17T15:50:00,2029-12-17T16:20:00
1941775,Exterior Wall Install | L 1 | PREFAB_WALL_L1_048,A1600,Exterior Wall Install,L 1,Architecture_TakeOff.csv:1941775,2029-12-17T15:50:00,2029-12-17T16:20:00
1941766,Exterior Wall Install | L 1 | PREFAB_WALL_L1_049,A1600,Exterior Wall Install,L 1,Architecture_TakeOff.csv:1941766,2029-12-17T16:20:00,2029-12-17T16:50:00
1941767,Exterior Wall Install | L 1 | PREFAB_WALL_L1_049,A1600,Exterior Wall Install,L 1,Architecture_TakeOff.csv:1941767,2029-12-17T16:20:00,2029-12-17T16:50:00
1941769,Exterior Wall Install | L 1 | PREFAB_WALL_L1_049,A1600,Exterior Wall Install,L 1,Architecture_TakeOff.csv:1941769,2029-12-17T16:20:00,2029-12-17T16:50:00
1941770,Exterior Wall Install | L 1 | PREFAB_WALL_L1_049,A1600,Exterior Wall Install,L 1,Architecture_TakeOff.csv:1941770,2029-12-17T16:20:00,2029-12-17T16:50:00
1941771,Exterior Wall Install | L 1 | PREFAB_WALL_L1_049,A1600,Exterior Wall Install,L 1,Architecture_TakeOff.csv:1941771,2029-12-17T16:20:00,2029-12-17T16:50:00
1941772,Exterior Wall Install | L 1 | PREFAB_WALL_L1_049,A1600,Exterior Wall Install,L 1,Architecture_TakeOff.csv:1941772,2029-12-17T16:20:00,2029-12-17T16:50:00
1941773,Exterior Wall Install | L 1 | PREFAB_WALL_L1_049,A1600,Exterior Wall Install,L 1,Architecture_TakeOff.csv:1941773,2029-12-17T16:20:00,2029-12-17T16:50:00
1941776,Exterior Wall Install | L 1 | PREFAB_WALL_L1_049,A1600,Exterior Wall Install,L 1,Architecture_TakeOff.csv:1941776,2029-12-17T16:20:00,2029-12-17T16:50:00
1941854,Exterior Wall Install | L 1 | PREFAB_WALL_L1_049,A1600,Exterior Wall Install,L 1,Architecture_TakeOff.csv:1941854,2029-12-17T16:20:00,2029-12-17T16:50:00
1941860,Exterior Wall Install | L 1 | PREFAB_WALL_L1_049,A1600,Exterior Wall Install,L 1,Architecture_TakeOff.csv:1941860,2029-12-17T16:20:00,2029-12-17T16:50:00
1941861,Exterior Wall Install | L 1 | PREFAB_WALL_L1_049,A1600,Exterior Wall Install,L 1,Architecture_TakeOff.csv:1941861,2029-12-17T16:20:00,2029-12-17T16:50:00
1941862,Exterior Wall Install | L 1 | PREFAB_WALL_L1_049,A1600,Exterior Wall Install,L 1,Architecture_TakeOff.csv:1941862,2029-12-17T16:20:00,2029-12-17T16:50:00
1946858,Exterior Wall Install | L 1 | PREFAB_WALL_L1_049,A1600,Exterior Wall Install,L 1,Architecture_TakeOff.csv:1946858,2029-12-17T16:20:00,2029-12-17T16:50:00
1941774,Exterior Wall Install | L 1 | PREFAB_WALL_L1_050,A1600,Exterior Wall Install,L 1,Architecture_TakeOff.csv:1941774,2029-12-17T16:50:00,2029-12-17T17:20:00
1941883,Exterior Wall Install | L 1 | PREFAB_WALL_L1_050,A1600,Exterior Wall Install,L 1,Architecture_TakeOff.csv:1941883,2029-12-17T16:50:00,2029-12-17T17:20:00
1941884,Exterior Wall Install | L 1 | PREFAB_WALL_L1_050,A1600,Exterior Wall Install,L 1,Architecture_TakeOff.csv:1941884,2029-12-17T16:50:00,2029-12-17T17:20:00
1941886,Exterior Wall Install | L 1 | PREFAB_WALL_L1_050,A1600,Exterior Wall Install,L 1,Architecture_TakeOff.csv:1941886,2029-12-17T16:50:00,2029-12-17T17:20:00
1941887,Exterior Wall Install | L 1 | PREFAB_WALL_L1_050,A1600,Exterior Wall Install,L 1,Architecture_TakeOff.csv:1941887,2029-12-17T16:50:00,2029-12-17T17:20:00
1941888,Exterior Wall Install | L 1 | PREFAB_WALL_L1_050,A1600,Exterior Wall Install,L 1,Architecture_TakeOff.csv:1941888,2029-12-17T16:50:00,2029-12-17T17:20:00
1941889,Exterior Wall Install | L 1 | PREFAB_WALL_L1_050,A1600,Exterior Wall Install,L 1,Architecture_TakeOff.csv:1941889,2029-12-17T16:50:00,2029-12-17T17:20:00
1941890,Exterior Wall Install | L 1 | PREFAB_WALL_L1_050,A1600,Exterior Wall Install,L 1,Architecture_TakeOff.csv:1941890,2029-12-17T16:50:00,2029-12-17T17:20:00
1941891,Exterior Wall Install | L 1 | PREFAB_WALL_L1_050,A1600,Exterior Wall Install,L 1,Architecture_TakeOff.csv:1941891,2029-12-17T16:50:00,2029-12-17T17:20:00
1941892,Exterior Wall Install | L 1 | PREFAB_WALL_L1_050,A1600,Exterior Wall Install,L 1,Architecture_TakeOff.csv:1941892,2029-12-17T16:50:00,2029-12-17T17:20:00
1941893,Exterior Wall Install | L 1 | PREFAB_WALL_L1_050,A1600,Exterior Wall Install,L 1,Architecture_TakeOff.csv:1941893,2029-12-17T16:50:00,2029-12-17T17:20:00
1946656,Exterior Wall Install | L 1 | PREFAB_WALL_L1_050,A1600,Exterior Wall Install,L 1,Architecture_TakeOff.csv:1946656,2029-12-17T16:50:00,2029-12-17T17:20:00
1249833,Exterior Wall Install | L 1 | PREFAB_WALL_L1_051,A1600,Exterior Wall Install,L 1,Architecture_TakeOff.csv:1249833,2029-12-17T17:20:00,2029-12-17T17:50:00
1940668,Exterior Wall Install | L 1 | PREFAB_WALL_L1_051,A1600,Exterior Wall Install,L 1,Architecture_TakeOff.csv:1940668,2029-12-17T17:20:00,2029-12-17T17:50:00
1940669,Exterior Wall Install | L 1 | PREFAB_WALL_L1_051,A1600,Exterior Wall Install,L 1,Architecture_TakeOff.csv:1940669,2029-12-17T17:20:00,2029-12-17T17:50:00
1940671,Exterior Wall Install | L 1 | PREFAB_WALL_L1_051,A1600,Exterior Wall Install,L 1,Architecture_TakeOff.csv:1940671,2029-12-17T17:20:00,2029-12-17T17:50:00
1940672,Exterior Wall Install | L 1 | PREFAB_WALL_L1_051,A1600,Exterior Wall Install,L 1,Architecture_TakeOff.csv:1940672,2029-12-17T17:20:00,2029-12-17T17:50:00
1940673,Exterior Wall Install | L 1 | PREFAB_WALL_L1_051,A1600,Exterior Wall Install,L 1,Architecture_TakeOff.csv:1940673,2029-12-17T17:20:00,2029-12-17T17:50:00
1940674,Exterior Wall Install | L 1 | PREFAB_WALL_L1_051,A1600,Exterior Wall Install,L 1,Architecture_TakeOff.csv:1940674,2029-12-17T17:20:00,2029-12-17T17:50:00
1940675,Exterior Wall Install | L 1 | PREFAB_WALL_L1_051,A1600,Exterior Wall Install,L 1,Architecture_TakeOff.csv:1940675,2029-12-17T17:20:00,2029-12-17T17:50:00
1940676,Exterior Wall Install | L 1 | PREFAB_WALL_L1_051,A1600,Exterior Wall Install,L 1,Architecture_TakeOff.csv:1940676,2029-12-17T17:20:00,2029-12-17T17:50:00
1940677,Exterior Wall Install | L 1 | PREFAB_WALL_L1_051,A1600,Exterior Wall Install,L 1,Architecture_TakeOff.csv:1940677,2029-12-17T17:20:00,2029-12-17T17:50:00
1940678,Exterior Wall Install | L 1 | PREFAB_WALL_L1_051,A1600,Exterior Wall Install,L 1,Architecture_TakeOff.csv:1940678,2029-12-17T17:20:00,2029-12-17T17:50:00
1941517,Exterior Wall Install | L 1 | PREFAB_WALL_L1_058,A1600,Exterior Wall Install,L 1,Architecture_TakeOff.csv:1941517,2029-12-17T17:50:00,2029-12-17T18:20:00
1941518,Exterior Wall Install | L 1 | PREFAB_WALL_L1_058,A1600,Exterior Wall Install,L 1,Architecture_TakeOff.csv:1941518,2029-12-17T17:50:00,2029-12-17T18:20:00
1941520,Exterior Wall Install | L 1 | PREFAB_WALL_L1_058,A1600,Exterior Wall Install,L 1,Architecture_TakeOff.csv:1941520,2029-12-17T17:50:00,2029-12-17T18:20:00
1941521,Exterior Wall Install | L 1 | PREFAB_WALL_L1_058,A1600,Exterior Wall Install,L 1,Architecture_TakeOff.csv:1941521,2029-12-17T17:50:00,2029-12-17T18:20:00
1941522,Exterior Wall Install | L 1 | PREFAB_WALL_L1_058,A1600,Exterior Wall Install,L 1,Architecture_TakeOff.csv:1941522,2029-12-17T17:50:00,2029-12-17T18:20:00
1941523,Exterior Wall Install | L 1 | PREFAB_WALL_L1_058,A1600,Exterior Wall Install,L 1,Architecture_TakeOff.csv:1941523,2029-12-17T17:50:00,2029-12-17T18:20:00
1941524,Exterior Wall Install | L 1 | PREFAB_WALL_L1_058,A1600,Exterior Wall Install,L 1,Architecture_TakeOff.csv:1941524,2029-12-17T17:50:00,2029-12-17T18:20:00
1941525,Exterior Wall Install | L 1 | PREFAB_WALL_L1_058,A1600,Exterior Wall Install,L 1,Architecture_TakeOff.csv:1941525,2029-12-17T17:50:00,2029-12-17T18:20:00
1941526,Exterior Wall Install | L 1 | PREFAB_WALL_L1_058,A1600,Exterior Wall Install,L 1,Architecture_TakeOff.csv:1941526,2029-12-17T17:50:00,2029-12-17T18:20:00
1941527,Exterior Wall Install | L 1 | PREFAB_WALL_L1_058,A1600,Exterior Wall Install,L 1,Architecture_TakeOff.csv:1941527,2029-12-17T17:50:00,2029-12-17T18:20:00
1941460,Exterior Wall Install | L 1 | PREFAB_WALL_L1_057,A1600,Exterior Wall Install,L 1,Architecture_TakeOff.csv:1941460,2029-12-17T18:20:00,2029-12-17T18:50:00
1941461,Exterior Wall Install | L 1 | PREFAB_WALL_L1_057,A1600,Exterior Wall Install,L 1,Architecture_TakeOff.csv:1941461,2029-12-17T18:20:00,2029-12-17T18:50:00
1941463,Exterior Wall Install | L 1 | PREFAB_WALL_L1_057,A1600,Exterior Wall Install,L 1,Architecture_TakeOff.csv:1941463,2029-12-17T18:20:00,2029-12-17T18:50:00
1941464,Exterior Wall Install | L 1 | PREFAB_WALL_L1_057,A1600,Exterior Wall Install,L 1,Architecture_TakeOff.csv:1941464,2029-12-17T18:20:00,2029-12-17T18:50:00
1941465,Exterior Wall Install | L 1 | PREFAB_WALL_L1_057,A1600,Exterior Wall Install,L 1,Architecture_TakeOff.csv:1941465,2029-12-17T18:20:00,2029-12-17T18:50:00
1941466,Exterior Wall Install | L 1 | PREFAB_WALL_L1_057,A1600,Exterior Wall Install,L 1,Architecture_TakeOff.csv:1941466,2029-12-17T18:20:00,2029-12-17T18:50:00
1941467,Exterior Wall Install | L 1 | PREFAB_WALL_L1_057,A1600,Exterior Wall Install,L 1,Architecture_TakeOff.csv:1941467,2029-12-17T18:20:00,2029-12-17T18:50:00
1941468,Exterior Wall Install | L 1 | PREFAB_WALL_L1_057,A1600,Exterior Wall Install,L 1,Architecture_TakeOff.csv:1941468,2029-12-17T18:20:00,2029-12-17T18:50:00
1941469,Exterior Wall Install | L 1 | PREFAB_WALL_L1_057,A1600,Exterior Wall Install,L 1,Architecture_TakeOff.csv:1941469,2029-12-17T18:20:00,2029-12-17T18:50:00
1941470,Exterior Wall Install | L 1 | PREFAB_WALL_L1_057,A1600,Exterior Wall Install,L 1,Architecture_TakeOff.csv:1941470,2029-12-17T18:20:00,2029-12-17T18:50:00
1941401,Exterior Wall Install | L 1 | PREFAB_WALL_L1_056,A1600,Exterior Wall Install,L 1,Architecture_TakeOff.csv:1941401,2029-12-17T18:50:00,2029-12-17T19:20:00
1941402,Exterior Wall Install | L 1 | PREFAB_WALL_L1_056,A1600,Exterior Wall Install,L 1,Architecture_TakeOff.csv:1941402,2029-12-17T18:50:00,2029-12-17T19:20:00
1941404,Exterior Wall Install | L 1 | PREFAB_WALL_L1_056,A1600,Exterior Wall Install,L 1,Architecture_TakeOff.csv:1941404,2029-12-17T18:50:00,2029-12-17T19:20:00
1941405,Exterior Wall Install | L 1 | PREFAB_WALL_L1_056,A1600,Exterior Wall Install,L 1,Architecture_TakeOff.csv:1941405,2029-12-17T18:50:00,2029-12-17T19:20:00
1941406,Exterior Wall Install | L 1 | PREFAB_WALL_L1_056,A1600,Exterior Wall Install,L 1,Architecture_TakeOff.csv:1941406,2029-12-17T18:50:00,2029-12-17T19:20:00
1941407,Exterior Wall Install | L 1 | PREFAB_WALL_L1_056,A1600,Exterior Wall Install,L 1,Architecture_TakeOff.csv:1941407,2029-12-17T18:50:00,2029-12-17T19:20:00
1941408,Exterior Wall Install | L 1 | PREFAB_WALL_L1_056,A1600,Exterior Wall Install,L 1,Architecture_TakeOff.csv:1941408,2029-12-17T18:50:00,2029-12-17T19:20:00
1941409,Exterior Wall Install | L 1 | PREFAB_WALL_L1_056,A1600,Exterior Wall Install,L 1,Architecture_TakeOff.csv:1941409,2029-12-17T18:50:00,2029-12-17T19:20:00
1941410,Exterior Wall Install | L 1 | PREFAB_WALL_L1_056,A1600,Exterior Wall Install,L 1,Architecture_TakeOff.csv:1941410,2029-12-17T18:50:00,2029-12-17T19:20:00
1941411,Exterior Wall Install | L 1 | PREFAB_WALL_L1_056,A1600,Exterior Wall Install,L 1,Architecture_TakeOff.csv:1941411,2029-12-17T18:50:00,2029-12-17T19:20:00
1941342,Exterior Wall Install | L 1 | PREFAB_WALL_L1_055,A1600,Exterior Wall Install,L 1,Architecture_TakeOff.csv:1941342,2029-12-17T19:20:00,2029-12-17T19:50:00
1941343,Exterior Wall Install | L 1 | PREFAB_WALL_L1_055,A1600,Exterior Wall Install,L 1,Architecture_TakeOff.csv:1941343,2029-12-17T19:20:00,2029-12-17T19:50:00
1941345,Exterior Wall Install | L 1 | PREFAB_WALL_L1_055,A1600,Exterior Wall Install,L 1,Architecture_TakeOff.csv:1941345,2029-12-17T19:20:00,2029-12-17T19:50:00
1941346,Exterior Wall Install | L 1 | PREFAB_WALL_L1_055,A1600,Exterior Wall Install,L 1,Architecture_TakeOff.csv:1941346,2029-12-17T19:20:00,2029-12-17T19:50:00
1941347,Exterior Wall Install | L 1 | PREFAB_WALL_L1_055,A1600,Exterior Wall Install,L 1,Architecture_TakeOff.csv:1941347,2029-12-17T19:20:00,2029-12-17T19:50:00
1941348,Exterior Wall Install | L 1 | PREFAB_WALL_L1_055,A1600,Exterior Wall Install,L 1,Architecture_TakeOff.csv:1941348,2029-12-17T19:20:00,2029-12-17T19:50:00
1941349,Exterior Wall Install | L 1 | PREFAB_WALL_L1_055,A1600,Exterior Wall Install,L 1,Architecture_TakeOff.csv:1941349,2029-12-17T19:20:00,2029-12-17T19:50:00
1941350,Exterior Wall Install | L 1 | PREFAB_WALL_L1_055,A1600,Exterior Wall Install,L 1,Architecture_TakeOff.csv:1941350,2029-12-17T19:20:00,2029-12-17T19:50:00
1941351,Exterior Wall Install | L 1 | PREFAB_WALL_L1_055,A1600,Exterior Wall Install,L 1,Architecture_TakeOff.csv:1941351,2029-12-17T19:20:00,2029-12-17T19:50:00
1941352,Exterior Wall Install | L 1 | PREFAB_WALL_L1_055,A1600,Exterior Wall Install,L 1,Architecture_TakeOff.csv:1941352,2029-12-17T19:20:00,2029-12-17T19:50:00
1941152,Exterior Wall Install | L 1 | PREFAB_WALL_L1_054,A1600,Exterior Wall Install,L 1,Architecture_TakeOff.csv:1941152,2029-12-17T19:50:00,2029-12-17T20:20:00
1941153,Exterior Wall Install | L 1 | PREFAB_WALL_L1_054,A1600,Exterior Wall Install,L 1,Architecture_TakeOff.csv:1941153,2029-12-17T19:50:00,2029-12-17T20:20:00
1941155,Exterior Wall Install | L 1 | PREFAB_WALL_L1_054,A1600,Exterior Wall Install,L 1,Architecture_TakeOff.csv:1941155,2029-12-17T19:50:00,2029-12-17T20:20:00
1941156,Exterior Wall Install | L 1 | PREFAB_WALL_L1_054,A1600,Exterior Wall Install,L 1,Architecture_TakeOff.csv:1941156,2029-12-17T19:50:00,2029-12-17T20:20:00
1941157,Exterior Wall Install | L 1 | PREFAB_WALL_L1_054,A1600,Exterior Wall Install,L 1,Architecture_TakeOff.csv:1941157,2029-12-17T19:50:00,2029-12-17T20:20:00
1941158,Exterior Wall Install | L 1 | PREFAB_WALL_L1_054,A1600,Exterior Wall Install,L 1,Architecture_TakeOff.csv:1941158,2029-12-17T19:50:00,2029-12-17T20:20:00
1941159,Exterior Wall Install | L 1 | PREFAB_WALL_L1_054,A1600,Exterior Wall Install,L 1,Architecture_TakeOff.csv:1941159,2029-12-17T19:50:00,2029-12-17T20:20:00
1941160,Exterior Wall Install | L 1 | PREFAB_WALL_L1_054,A1600,Exterior Wall Install,L 1,Architecture_TakeOff.csv:1941160,2029-12-17T19:50:00,2029-12-17T20:20:00
1941161,Exterior Wall Install | L 1 | PREFAB_WALL_L1_054,A1600,Exterior Wall Install,L 1,Architecture_TakeOff.csv:1941161,2029-12-17T19:50:00,2029-12-17T20:20:00
1941162,Exterior Wall Install | L 1 | PREFAB_WALL_L1_054,A1600,Exterior Wall Install,L 1,Architecture_TakeOff.csv:1941162,2029-12-17T19:50:00,2029-12-17T20:20:00
1941093,Exterior Wall Install | L 1 | PREFAB_WALL_L1_053,A1600,Exterior Wall Install,L 1,Architecture_TakeOff.csv:1941093,2029-12-17T20:20:00,2029-12-17T20:50:00
1941094,Exterior Wall Install | L 1 | PREFAB_WALL_L1_053,A1600,Exterior Wall Install,L 1,Architecture_TakeOff.csv:1941094,2029-12-17T20:20:00,2029-12-17T20:50:00
1941096,Exterior Wall Install | L 1 | PREFAB_WALL_L1_053,A1600,Exterior Wall Install,L 1,Architecture_TakeOff.csv:1941096,2029-12-17T20:20:00,2029-12-17T20:50:00
1941097,Exterior Wall Install | L 1 | PREFAB_WALL_L1_053,A1600,Exterior Wall Install,L 1,Architecture_TakeOff.csv:1941097,2029-12-17T20:20:00,2029-12-17T20:50:00
1941098,Exterior Wall Install | L 1 | PREFAB_WALL_L1_053,A1600,Exterior Wall Install,L 1,Architecture_TakeOff.csv:1941098,2029-12-17T20:20:00,2029-12-17T20:50:00
1941099,Exterior Wall Install | L 1 | PREFAB_WALL_L1_053,A1600,Exterior Wall Install,L 1,Architecture_TakeOff.csv:1941099,2029-12-17T20:20:00,2029-12-17T20:50:00
1941100,Exterior Wall Install | L 1 | PREFAB_WALL_L1_053,A1600,Exterior Wall Install,L 1,Architecture_TakeOff.csv:1941100,2029-12-17T20:20:00,2029-12-17T20:50:00
1941101,Exterior Wall Install | L 1 | PREFAB_WALL_L1_053,A1600,Exterior Wall Install,L 1,Architecture_TakeOff.csv:1941101,2029-12-17T20:20:00,2029-12-17T20:50:00
1941102,Exterior Wall Install | L 1 | PREFAB_WALL_L1_053,A1600,Exterior Wall Install,L 1,Architecture_TakeOff.csv:1941102,2029-12-17T20:20:00,2029-12-17T20:50:00
1941103,Exterior Wall Install | L 1 | PREFAB_WALL_L1_053,A1600,Exterior Wall Install,L 1,Architecture_TakeOff.csv:1941103,2029-12-17T20:20:00,2029-12-17T20:50:00
1940760,Exterior Wall Install | L 1 | PREFAB_WALL_L1_052,A1600,Exterior Wall Install,L 1,Architecture_TakeOff.csv:1940760,2029-12-17T20:50:00,2029-12-17T21:20:00
1940761,Exterior Wall Install | L 1 | PREFAB_WALL_L1_052,A1600,Exterior Wall Install,L 1,Architecture_TakeOff.csv:1940761,2029-12-17T20:50:00,2029-12-17T21:20:00
1940763,Exterior Wall Install | L 1 | PREFAB_WALL_L1_052,A1600,Exterior Wall Install,L 1,Architecture_TakeOff.csv:1940763,2029-12-17T20:50:00,2029-12-17T21:20:00
1940764,Exterior Wall Install | L 1 | PREFAB_WALL_L1_052,A1600,Exterior Wall Install,L 1,Architecture_TakeOff.csv:1940764,2029-12-17T20:50:00,2029-12-17T21:20:00
1940765,Exterior Wall Install | L 1 | PREFAB_WALL_L1_052,A1600,Exterior Wall Install,L 1,Architecture_TakeOff.csv:1940765,2029-12-17T20:50:00,2029-12-17T21:20:00
1940766,Exterior Wall Install | L 1 | PREFAB_WALL_L1_052,A1600,Exterior Wall Install,L 1,Architecture_TakeOff.csv:1940766,2029-12-17T20:50:00,2029-12-17T21:20:00
1940767,Exterior Wall Install | L 1 | PREFAB_WALL_L1_052,A1600,Exterior Wall Install,L 1,Architecture_TakeOff.csv:1940767,2029-12-17T20:50:00,2029-12-17T21:20:00
1940768,Exterior Wall Install | L 1 | PREFAB_WALL_L1_052,A1600,Exterior Wall Install,L 1,Architecture_TakeOff.csv:1940768,2029-12-17T20:50:00,2029-12-17T21:20:00
1940769,Exterior Wall Install | L 1 | PREFAB_WALL_L1_052,A1600,Exterior Wall Install,L 1,Architecture_TakeOff.csv:1940769,2029-12-17T20:50:00,2029-12-17T21:20:00
1940770,Exterior Wall Install | L 1 | PREFAB_WALL_L1_052,A1600,Exterior Wall Install,L 1,Architecture_TakeOff.csv:1940770,2029-12-17T20:50:00,2029-12-17T21:20:00
1927220,Exterior Wall Install | L 1 | PREFAB_WALL_L1_059,A1600,Exterior Wall Install,L 1,Architecture_TakeOff.csv:1927220,2029-12-17T21:20:00,2029-12-17T21:50:00
1928004,Exterior Wall Install | L 1 | PREFAB_WALL_L1_060,A1600,Exterior Wall Install,L 1,Architecture_TakeOff.csv:1928004,2029-12-17T21:50:00,2029-12-17T22:20:00
2139653,Mesh Install | L 1 | 2139653,A1610,Mesh Install,L 1,Architecture_TakeOff.csv:2139653,2030-01-09T10:45:00,2030-01-09T11:15:00
2139635,Mesh Install | L 1 | 2139635,A1610,Mesh Install,L 1,Architecture_TakeOff.csv:2139635,2030-01-09T11:15:00,2030-01-09T11:45:00
2139634,Mesh Install | L 1 | 2139634,A1610,Mesh Install,L 1,Architecture_TakeOff.csv:2139634,2030-01-09T11:45:00,2030-01-09T12:15:00
2139633,Mesh Install | L 1 | 2139633,A1610,Mesh Install,L 1,Architecture_TakeOff.csv:2139633,2030-01-09T12:15:00,2030-01-09T12:45:00
2139615,Mesh Install | L 1 | 2139615,A1610,Mesh Install,L 1,Architecture_TakeOff.csv:2139615,2030-01-09T12:45:00,2030-01-09T13:15:00
2139616,Mesh Install | L 1 | 2139616,A1610,Mesh Install,L 1,Architecture_TakeOff.csv:2139616,2030-01-09T13:15:00,2030-01-09T13:45:00
2139617,Mesh Install | L 1 | 2139617,A1610,Mesh Install,L 1,Architecture_TakeOff.csv:2139617,2030-01-09T13:45:00,2030-01-09T14:15:00
2139618,Mesh Install | L 1 | 2139618,A1610,Mesh Install,L 1,Architecture_TakeOff.csv:2139618,2030-01-09T14:15:00,2030-01-09T14:45:00
2139619,Mesh Install | L 1 | 2139619,A1610,Mesh Install,L 1,Architecture_TakeOff.csv:2139619,2030-01-09T14:45:00,2030-01-09T15:15:00
2139614,Mesh Install | L 1 | 2139614,A1610,Mesh Install,L 1,Architecture_TakeOff.csv:2139614,2030-01-09T15:15:00,2030-01-09T15:45:00
2139613,Mesh Install | L 1 | 2139613,A1610,Mesh Install,L 1,Architecture_TakeOff.csv:2139613,2030-01-09T15:45:00,2030-01-09T16:15:00
2139612,Mesh Install | L 1 | 2139612,A1610,Mesh Install,L 1,Architecture_TakeOff.csv:2139612,2030-01-09T16:15:00,2030-01-09T16:45:00
2139611,Mesh Install | L 1 | 2139611,A1610,Mesh Install,L 1,Architecture_TakeOff.csv:2139611,2030-01-10T09:00:00,2030-01-10T09:30:00
2139610,Mesh Install | L 1 | 2139610,A1610,Mesh Install,L 1,Architecture_TakeOff.csv:2139610,2030-01-10T09:30:00,2030-01-10T10:00:00
2139599,Mesh Install | L 1 | 2139599,A1610,Mesh Install,L 1,Architecture_TakeOff.csv:2139599,2030-01-10T10:00:00,2030-01-10T10:30:00
2139600,Mesh Install | L 1 | 2139600,A1610,Mesh Install,L 1,Architecture_TakeOff.csv:2139600,2030-01-10T10:30:00,2030-01-10T11:00:00
2139601,Mesh Install | L 1 | 2139601,A1610,Mesh Install,L 1,Architecture_TakeOff.csv:2139601,2030-01-10T11:00:00,2030-01-10T11:30:00
2139602,Mesh Install | L 1 | 2139602,A1610,Mesh Install,L 1,Architecture_TakeOff.csv:2139602,2030-01-10T11:30:00,2030-01-10T12:00:00
2139603,Mesh Install | L 1 | 2139603,A1610,Mesh Install,L 1,Architecture_TakeOff.csv:2139603,2030-01-10T12:00:00,2030-01-10T12:30:00
2139608,Mesh Install | L 1 | 2139608,A1610,Mesh Install,L 1,Architecture_TakeOff.csv:2139608,2030-01-10T12:30:00,2030-01-10T13:00:00
2139607,Mesh Install | L 1 | 2139607,A1610,Mesh Install,L 1,Architecture_TakeOff.csv:2139607,2030-01-10T13:00:00,2030-01-10T13:30:00
2139606,Mesh Install | L 1 | 2139606,A1610,Mesh Install,L 1,Architecture_TakeOff.csv:2139606,2030-01-10T13:30:00,2030-01-10T14:00:00
2139605,Mesh Install | L 1 | 2139605,A1610,Mesh Install,L 1,Architecture_TakeOff.csv:2139605,2030-01-10T14:00:00,2030-01-10T14:30:00
2139604,Mesh Install | L 1 | 2139604,A1610,Mesh Install,L 1,Architecture_TakeOff.csv:2139604,2030-01-10T14:30:00,2030-01-10T15:00:00
2139577,Mesh Install | L 1 | 2139577,A1610,Mesh Install,L 1,Architecture_TakeOff.csv:2139577,2030-01-10T15:00:00,2030-01-10T15:30:00
2139578,Mesh Install | L 1 | 2139578,A1610,Mesh Install,L 1,Architecture_TakeOff.csv:2139578,2030-01-10T15:30:00,2030-01-10T16:00:00
2139579,Mesh Install | L 1 | 2139579,A1610,Mesh Install,L 1,Architecture_TakeOff.csv:2139579,2030-01-10T16:00:00,2030-01-10T16:30:00
2139580,Mesh Install | L 1 | 2139580,A1610,Mesh Install,L 1,Architecture_TakeOff.csv:2139580,2030-01-10T16:30:00,2030-01-10T17:00:00
2139581,Mesh Install | L 1 | 2139581,A1610,Mesh Install,L 1,Architecture_TakeOff.csv:2139581,2030-01-11T09:00:00,2030-01-11T09:30:00
2139278,Mesh Install | L 1 | 2139278,A1610,Mesh Install,L 1,Architecture_TakeOff.csv:2139278,2030-01-11T09:30:00,2030-01-11T10:00:00
2139277,Mesh Install | L 1 | 2139277,A1610,Mesh Install,L 1,Architecture_TakeOff.csv:2139277,2030-01-11T10:00:00,2030-01-11T10:30:00
2139276,Mesh Install | L 1 | 2139276,A1610,Mesh Install,L 1,Architecture_TakeOff.csv:2139276,2030-01-11T10:30:00,2030-01-11T11:00:00
2139275,Mesh Install | L 1 | 2139275,A1610,Mesh Install,L 1,Architecture_TakeOff.csv:2139275,2030-01-11T11:00:00,2030-01-11T11:30:00
2139274,Mesh Install | L 1 | 2139274,A1610,Mesh Install,L 1,Architecture_TakeOff.csv:2139274,2030-01-11T11:30:00,2030-01-11T12:00:00
2139237,Mesh Install | L 1 | 2139237,A1610,Mesh Install,L 1,Architecture_TakeOff.csv:2139237,2030-01-11T12:00:00,2030-01-11T12:30:00
2139805,Mesh Install | L 1 | 2139805,A1610,Mesh Install,L 1,Architecture_TakeOff.csv:2139805,2030-01-11T12:30:00,2030-01-11T13:00:00
2139236,Mesh Install | L 1 | 2139236,A1610,Mesh Install,L 1,Architecture_TakeOff.csv:2139236,2030-01-11T13:00:00,2030-01-11T13:30:00
2139810,Mesh Install | L 1 | 2139810,A1610,Mesh Install,L 1,Architecture_TakeOff.csv:2139810,2030-01-11T13:30:00,2030-01-11T14:00:00
2139235,Mesh Install | L 1 | 2139235,A1610,Mesh Install,L 1,Architecture_TakeOff.csv:2139235,2030-01-11T14:00:00,2030-01-11T14:30:00
2139815,Mesh Install | L 1 | 2139815,A1610,Mesh Install,L 1,Architecture_TakeOff.csv:2139815,2030-01-11T14:30:00,2030-01-11T15:00:00
2139234,Mesh Install | L 1 | 2139234,A1610,Mesh Install,L 1,Architecture_TakeOff.csv:2139234,2030-01-11T15:00:00,2030-01-11T15:30:00
2139820,Mesh Install | L 1 | 2139820,A1610,Mesh Install,L 1,Architecture_TakeOff.csv:2139820,2030-01-11T15:30:00,2030-01-11T16:00:00
2140340,Mesh Install | L 1 | 2140340,A1610,Mesh Install,L 1,Architecture_TakeOff.csv:2140340,2030-01-11T16:00:00,2030-01-11T16:30:00
2139825,Mesh Install | L 1 | 2139825,A1610,Mesh Install,L 1,Architecture_TakeOff.csv:2139825,2030-01-11T16:30:00,2030-01-11T17:00:00
2140410,Mesh Install | L 1 | 2140410,A1610,Mesh Install,L 1,Architecture_TakeOff.csv:2140410,2030-01-14T09:00:00,2030-01-14T09:30:00
2141128,Mesh Install | L 1 | 2141128,A1610,Mesh Install,L 1,Architecture_TakeOff.csv:2141128,2030-01-14T09:30:00,2030-01-14T10:00:00
2139830,Mesh Install | L 1 | 2139830,A1610,Mesh Install,L 1,Architecture_TakeOff.csv:2139830,2030-01-14T10:00:00,2030-01-14T10:30:00
2141127,Mesh Install | L 1 | 2141127,A1610,Mesh Install,L 1,Architecture_TakeOff.csv:2141127,2030-01-14T10:30:00,2030-01-14T11:00:00
2139850,Mesh Install | L 1 | 2139850,A1610,Mesh Install,L 1,Architecture_TakeOff.csv:2139850,2030-01-14T11:00:00,2030-01-14T11:30:00
2139845,Mesh Install | L 1 | 2139845,A1610,Mesh Install,L 1,Architecture_TakeOff.csv:2139845,2030-01-14T11:30:00,2030-01-14T12:00:00
2139840,Mesh Install | L 1 | 2139840,A1610,Mesh Install,L 1,Architecture_TakeOff.csv:2139840,2030-01-14T12:00:00,2030-01-14T12:30:00
2139835,Mesh Install | L 1 | 2139835,A1610,Mesh Install,L 1,Architecture_TakeOff.csv:2139835,2030-01-14T12:30:00,2030-01-14T13:00:00
2139855,Mesh Install | L 1 | 2139855,A1610,Mesh Install,L 1,Architecture_TakeOff.csv:2139855,2030-01-14T13:00:00,2030-01-14T13:30:00
2139860,Mesh Install | L 1 | 2139860,A1610,Mesh Install,L 1,Architecture_TakeOff.csv:2139860,2030-01-14T13:30:00,2030-01-14T14:00:00
2141186,Mesh Install | L 1 | 2141186,A1610,Mesh Install,L 1,Architecture_TakeOff.csv:2141186,2030-01-14T14:00:00,2030-01-14T14:30:00
2141018,Mesh Install | L 1 | 2141018,A1610,Mesh Install,L 1,Architecture_TakeOff.csv:2141018,2030-01-14T14:30:00,2030-01-14T15:00:00
2139865,Mesh Install | L 1 | 2139865,A1610,Mesh Install,L 1,Architecture_TakeOff.csv:2139865,2030-01-14T15:00:00,2030-01-14T15:30:00
2141019,Mesh Install | L 1 | 2141019,A1610,Mesh Install,L 1,Architecture_TakeOff.csv:2141019,2030-01-14T15:30:00,2030-01-14T16:00:00
2140905,Mesh Install | L 1 | 2140905,A1610,Mesh Install,L 1,Architecture_TakeOff.csv:2140905,2030-01-14T16:00:00,2030-01-14T16:30:00
2140835,Mesh Install | L 1 | 2140835,A1610,Mesh Install,L 1,Architecture_TakeOff.csv:2140835,2030-01-14T16:30:00,2030-01-14T17:00:00
2139870,Mesh Install | L 1 | 2139870,A1610,Mesh Install,L 1,Architecture_TakeOff.csv:2139870,2030-01-15T09:00:00,2030-01-15T09:30:00
2139168,Mesh Install | L 1 | 2139168,A1610,Mesh Install,L 1,Architecture_TakeOff.csv:2139168,2030-01-15T09:30:00,2030-01-15T10:00:00
2139132,Mesh Install | L 1 | 2139132,A1610,Mesh Install,L 1,Architecture_TakeOff.csv:2139132,2030-01-15T10:00:00,2030-01-15T10:30:00
2139890,Mesh Install | L 1 | 2139890,A1610,Mesh Install,L 1,Architecture_TakeOff.csv:2139890,2030-01-15T10:30:00,2030-01-15T11:00:00
2139114,Mesh Install | L 1 | 2139114,A1610,Mesh Install,L 1,Architecture_TakeOff.csv:2139114,2030-01-15T11:00:00,2030-01-15T11:30:00
2139885,Mesh Install | L 1 | 2139885,A1610,Mesh Install,L 1,Architecture_TakeOff.csv:2139885,2030-01-15T11:30:00,2030-01-15T12:00:00
2139096,Mesh Install | L 1 | 2139096,A1610,Mesh Install,L 1,Architecture_TakeOff.csv:2139096,2030-01-15T12:00:00,2030-01-15T12:30:00
2139880,Mesh Install | L 1 | 2139880,A1610,Mesh Install,L 1,Architecture_TakeOff.csv:2139880,2030-01-15T12:30:00,2030-01-15T13:00:00
2138939,Mesh Install | L 1 | 2138939,A1610,Mesh Install,L 1,Architecture_TakeOff.csv:2138939,2030-01-15T13:00:00,2030-01-15T13:30:00
2139875,Mesh Install | L 1 | 2139875,A1610,Mesh Install,L 1,Architecture_TakeOff.csv:2139875,2030-01-15T13:30:00,2030-01-15T14:00:00
2138921,Mesh Install | L 1 | 2138921,A1610,Mesh Install,L 1,Architecture_TakeOff.csv:2138921,2030-01-15T14:00:00,2030-01-15T14:30:00
2138903,Mesh Install | L 1 | 2138903,A1610,Mesh Install,L 1,Architecture_TakeOff.csv:2138903,2030-01-15T14:30:00,2030-01-15T15:00:00
2138681,Mesh Install | L 1 | 2138681,A1610,Mesh Install,L 1,Architecture_TakeOff.csv:2138681,2030-01-15T15:00:00,2030-01-15T15:30:00
2139895,Mesh Install | L 1 | 2139895,A1610,Mesh Install,L 1,Architecture_TakeOff.csv:2139895,2030-01-15T15:30:00,2030-01-15T16:00:00
2139900,Mesh Install | L 1 | 2139900,A1610,Mesh Install,L 1,Architecture_TakeOff.csv:2139900,2030-01-15T16:00:00,2030-01-15T16:30:00
2139926,Mesh Install | L 1 | 2139926,A1610,Mesh Install,L 1,Architecture_TakeOff.csv:2139926,2030-01-15T16:30:00,2030-01-15T17:00:00
2139921,Mesh Install | L 1 | 2139921,A1610,Mesh Install,L 1,Architecture_TakeOff.csv:2139921,2030-01-16T09:00:00,2030-01-16T09:30:00
2139931,Mesh Install | L 1 | 2139931,A1610,Mesh Install,L 1,Architecture_TakeOff.csv:2139931,2030-01-16T09:30:00,2030-01-16T10:00:00
2139936,Mesh Install | L 1 | 2139936,A1610,Mesh Install,L 1,Architecture_TakeOff.csv:2139936,2030-01-16T10:00:00,2030-01-16T10:30:00
2139956,Mesh Install | L 1 | 2139956,A1610,Mesh Install,L 1,Architecture_TakeOff.csv:2139956,2030-01-16T10:30:00,2030-01-16T11:00:00
2139951,Mesh Install | L 1 | 2139951,A1610,Mesh Install,L 1,Architecture_TakeOff.csv:2139951,2030-01-16T11:00:00,2030-01-16T11:30:00
2139941,Mesh Install | L 1 | 2139941,A1610,Mesh Install,L 1,Architecture_TakeOff.csv:2139941,2030-01-16T11:30:00,2030-01-16T12:00:00
2139946,Mesh Install | L 1 | 2139946,A1610,Mesh Install,L 1,Architecture_TakeOff.csv:2139946,2030-01-16T12:00:00,2030-01-16T12:30:00
2139981,Mesh Install | L 1 | 2139981,A1610,Mesh Install,L 1,Architecture_TakeOff.csv:2139981,2030-01-16T12:30:00,2030-01-16T13:00:00
2139976,Mesh Install | L 1 | 2139976,A1610,Mesh Install,L 1,Architecture_TakeOff.csv:2139976,2030-01-16T13:00:00,2030-01-16T13:30:00
2139986,Mesh Install | L 1 | 2139986,A1610,Mesh Install,L 1,Architecture_TakeOff.csv:2139986,2030-01-16T13:30:00,2030-01-16T14:00:00
2139991,Mesh Install | L 1 | 2139991,A1610,Mesh Install,L 1,Architecture_TakeOff.csv:2139991,2030-01-16T14:00:00,2030-01-16T14:30:00
2139971,Mesh Install | L 1 | 2139971,A1610,Mesh Install,L 1,Architecture_TakeOff.csv:2139971,2030-01-16T14:30:00,2030-01-16T15:00:00
2139966,Mesh Install | L 1 | 2139966,A1610,Mesh Install,L 1,Architecture_TakeOff.csv:2139966,2030-01-16T15:00:00,2030-01-16T15:30:00
2139961,Mesh Install | L 1 | 2139961,A1610,Mesh Install,L 1,Architecture_TakeOff.csv:2139961,2030-01-16T15:30:00,2030-01-16T16:00:00
2139996,Mesh Install | L 1 | 2139996,A1610,Mesh Install,L 1,Architecture_TakeOff.csv:2139996,2030-01-16T16:00:00,2030-01-16T16:30:00
2140001,Mesh Install | L 1 | 2140001,A1610,Mesh Install,L 1,Architecture_TakeOff.csv:2140001,2030-01-16T16:30:00,2030-01-16T17:00:00
A1670,Mechanical Room Buildout | Basement / Site | A1670,A1670,Mechanical Room Buildout,Basement / Site,Non-BIM:A1670,2030-01-17T09:00:00,2030-02-07T14:00:00
A1680,Main Electrical & Riser Install | Basement / Site | A1680,A1680,Main Electrical & Riser Install,Basement / Site,Non-BIM:A1680,2030-02-07T14:00:00,2030-03-01T11:00:00
1253870,MEP Rough-In | L -1 | 1253870,A1690,MEP Rough-In,L -1,MEP_TakeOff.csv:1253870,2029-12-03T09:00:00,2029-12-03T09:20:00
1254749,MEP Rough-In | L -1 | 1254749,A1690,MEP Rough-In,L -1,MEP_TakeOff.csv:1254749,2029-12-03T09:00:00,2029-12-03T09:20:00
1277300,MEP Rough-In | L -1 | 1277300,A1690,MEP Rough-In,L -1,MEP_TakeOff.csv:1277300,2029-12-03T09:00:00,2029-12-03T09:20:00
1253855,MEP Rough-In | L -1 | 1253855,A1690,MEP Rough-In,L -1,MEP_TakeOff.csv:1253855,2029-12-03T09:20:00,2029-12-03T09:40:00
1277296,MEP Rough-In | L -1 | 1277296,A1690,MEP Rough-In,L -1,MEP_TakeOff.csv:1277296,2029-12-03T09:20:00,2029-12-03T09:40:00
1277298,MEP Rough-In | L -1 | 1277298,A1690,MEP Rough-In,L -1,MEP_TakeOff.csv:1277298,2029-12-03T09:20:00,2029-12-03T09:40:00
1253823,MEP Rough-In | L -1 | 1253823,A1690,MEP Rough-In,L -1,MEP_TakeOff.csv:1253823,2029-12-03T09:40:00,2029-12-03T10:00:00
1253840,MEP Rough-In | L -1 | 1253840,A1690,MEP Rough-In,L -1,MEP_TakeOff.csv:1253840,2029-12-03T09:40:00,2029-12-03T10:00:00
1277294,MEP Rough-In | L -1 | 1277294,A1690,MEP Rough-In,L -1,MEP_TakeOff.csv:1277294,2029-12-03T09:40:00,2029-12-03T10:00:00
1253806,MEP Rough-In | L -1 | 1253806,A1690,MEP Rough-In,L -1,MEP_TakeOff.csv:1253806,2029-12-03T10:00:00,2029-12-03T10:20:00
1277291,MEP Rough-In | L -1 | 1277291,A1690,MEP Rough-In,L -1,MEP_TakeOff.csv:1277291,2029-12-03T10:00:00,2029-12-03T10:20:00
1277293,MEP Rough-In | L -1 | 1277293,A1690,MEP Rough-In,L -1,MEP_TakeOff.csv:1277293,2029-12-03T10:00:00,2029-12-03T10:20:00
1253759,MEP Rough-In | L -1 | 1253759,A1690,MEP Rough-In,L -1,MEP_TakeOff.csv:1253759,2029-12-03T10:20:00,2029-12-03T10:40:00
1253791,MEP Rough-In | L -1 | 1253791,A1690,MEP Rough-In,L -1,MEP_TakeOff.csv:1253791,2029-12-03T10:20:00,2029-12-03T10:40:00
1277290,MEP Rough-In | L -1 | 1277290,A1690,MEP Rough-In,L -1,MEP_TakeOff.csv:1277290,2029-12-03T10:20:00,2029-12-03T10:40:00
1253773,MEP Rough-In | L -1 | 1253773,A1690,MEP Rough-In,L -1,MEP_TakeOff.csv:1253773,2029-12-03T10:40:00,2029-12-03T11:00:00
1253790,MEP Rough-In | L -1 | 1253790,A1690,MEP Rough-In,L -1,MEP_TakeOff.csv:1253790,2029-12-03T10:40:00,2029-12-03T11:00:00
1253805,MEP Rough-In | L -1 | 1253805,A1690,MEP Rough-In,L -1,MEP_TakeOff.csv:1253805,2029-12-03T10:40:00,2029-12-03T11:00:00
1253822,MEP Rough-In | L -1 | 1253822,A1690,MEP Rough-In,L -1,MEP_TakeOff.csv:1253822,2029-12-03T11:00:00,2029-12-03T11:20:00
1253839,MEP Rough-In | L -1 | 1253839,A1690,MEP Rough-In,L -1,MEP_TakeOff.csv:1253839,2029-12-03T11:00:00,2029-12-03T11:20:00
1253854,MEP Rough-In | L -1 | 1253854,A1690,MEP Rough-In,L -1,MEP_TakeOff.csv:1253854,2029-12-03T11:00:00,2029-12-03T11:20:00
1253869,MEP Rough-In | L -1 | 1253869,A1690,MEP Rough-In,L -1,MEP_TakeOff.csv:1253869,2029-12-03T11:20:00,2029-12-03T11:40:00
1253886,MEP Rough-In | L -1 | 1253886,A1690,MEP Rough-In,L -1,MEP_TakeOff.csv:1253886,2029-12-03T11:20:00,2029-12-03T11:40:00
1297228,MEP Rough-In | L -1 | 1297228,A1690,MEP Rough-In,L -1,MEP_TakeOff.csv:1297228,2029-12-03T11:20:00,2029-12-03T11:40:00
1253766,MEP Rough-In | L -1 | 1253766,A1690,MEP Rough-In,L -1,MEP_TakeOff.csv:1253766,2029-12-03T11:40:00,2029-12-03T12:00:00
1254088,MEP Rough-In | L -1 | 1254088,A1690,MEP Rough-In,L -1,MEP_TakeOff.csv:1254088,2029-12-03T11:40:00,2029-12-03T12:00:00
1277316,MEP Rough-In | L -1 | 1277316,A1690,MEP Rough-In,L -1,MEP_TakeOff.csv:1277316,2029-12-03T11:40:00,2029-12-03T12:00:00
1254092,MEP Rough-In | L -1 | 1254092,A1690,MEP Rough-In,L -1,MEP_TakeOff.csv:1254092,2029-12-03T12:00:00,2029-12-03T12:20:00
1277292,MEP Rough-In | L -1 | 1277292,A1690,MEP Rough-In,L -1,MEP_TakeOff.csv:1277292,2029-12-03T12:00:00,2029-12-03T12:20:00
1298310,MEP Rough-In | L -1 | 1298310,A1690,MEP Rough-In,L -1,MEP_TakeOff.csv:1298310,2029-12-03T12:00:00,2029-12-03T12:20:00
1277295,MEP Rough-In | L -1 | 1277295,A1690,MEP Rough-In,L -1,MEP_TakeOff.csv:1277295,2029-12-03T12:20:00,2029-12-03T12:40:00
1277297,MEP Rough-In | L -1 | 1277297,A1690,MEP Rough-In,L -1,MEP_TakeOff.csv:1277297,2029-12-03T12:20:00,2029-12-03T12:40:00
1277299,MEP Rough-In | L -1 | 1277299,A1690,MEP Rough-In,L -1,MEP_TakeOff.csv:1277299,2029-12-03T12:20:00,2029-12-03T12:40:00
1253780,MEP Rough-In | L -1 | 1253780,A1690,MEP Rough-In,L -1,MEP_TakeOff.csv:1253780,2029-12-03T12:40:00,2029-12-03T13:00:00
1253798,MEP Rough-In | L -1 | 1253798,A1690,MEP Rough-In,L -1,MEP_TakeOff.csv:1253798,2029-12-03T12:40:00,2029-12-03T13:00:00
1277301,MEP Rough-In | L -1 | 1277301,A1690,MEP Rough-In,L -1,MEP_TakeOff.csv:1277301,2029-12-03T12:40:00,2029-12-03T13:00:00
1253815,MEP Rough-In | L -1 | 1253815,A1690,MEP Rough-In,L -1,MEP_TakeOff.csv:1253815,2029-12-03T13:00:00,2029-12-03T13:20:00
1253830,MEP Rough-In | L -1 | 1253830,A1690,MEP Rough-In,L -1,MEP_TakeOff.csv:1253830,2029-12-03T13:00:00,2029-12-03T13:20:00
1253847,MEP Rough-In | L -1 | 1253847,A1690,MEP Rough-In,L -1,MEP_TakeOff.csv:1253847,2029-12-03T13:00:00,2029-12-03T13:20:00
1253862,MEP Rough-In | L -1 | 1253862,A1690,MEP Rough-In,L -1,MEP_TakeOff.csv:1253862,2029-12-03T13:20:00,2029-12-03T13:40:00
1253879,MEP Rough-In | L -1 | 1253879,A1690,MEP Rough-In,L -1,MEP_TakeOff.csv:1253879,2029-12-03T13:20:00,2029-12-03T13:40:00
1277314,MEP Rough-In | L -1 | 1277314,A1690,MEP Rough-In,L -1,MEP_TakeOff.csv:1277314,2029-12-03T13:20:00,2029-12-03T13:40:00
1277308,MEP Rough-In | L -1 | 1277308,A1690,MEP Rough-In,L -1,MEP_TakeOff.csv:1277308,2029-12-03T13:40:00,2029-12-03T14:00:00
1277310,MEP Rough-In | L -1 | 1277310,A1690,MEP Rough-In,L -1,MEP_TakeOff.csv:1277310,2029-12-03T13:40:00,2029-12-03T14:00:00
1277312,MEP Rough-In | L -1 | 1277312,A1690,MEP Rough-In,L -1,MEP_TakeOff.csv:1277312,2029-12-03T13:40:00,2029-12-03T14:00:00
1277302,MEP Rough-In | L -1 | 1277302,A1690,MEP Rough-In,L -1,MEP_TakeOff.csv:1277302,2029-12-03T14:00:00,2029-12-03T14:20:00
1277304,MEP Rough-In | L -1 | 1277304,A1690,MEP Rough-In,L -1,MEP_TakeOff.csv:1277304,2029-12-03T14:00:00,2029-12-03T14:20:00
1277306,MEP Rough-In | L -1 | 1277306,A1690,MEP Rough-In,L -1,MEP_TakeOff.csv:1277306,2029-12-03T14:00:00,2029-12-03T14:20:00
1253943,MEP Rough-In | L -1 | 1253943,A1690,MEP Rough-In,L -1,MEP_TakeOff.csv:1253943,2029-12-03T14:20:00,2029-12-03T14:40:00
1253948,MEP Rough-In | L -1 | 1253948,A1690,MEP Rough-In,L -1,MEP_TakeOff.csv:1253948,2029-12-03T14:20:00,2029-12-03T14:40:00
1253953,MEP Rough-In | L -1 | 1253953,A1690,MEP Rough-In,L -1,MEP_TakeOff.csv:1253953,2029-12-03T14:20:00,2029-12-03T14:40:00
1253928,MEP Rough-In | L -1 | 1253928,A1690,MEP Rough-In,L -1,MEP_TakeOff.csv:1253928,2029-12-03T14:40:00,2029-12-03T15:00:00
1253933,MEP Rough-In | L -1 | 1253933,A1690,MEP Rough-In,L -1,MEP_TakeOff.csv:1253933,2029-12-03T14:40:00,2029-12-03T15:00:00
1253938,MEP Rough-In | L -1 | 1253938,A1690,MEP Rough-In,L -1,MEP_TakeOff.csv:1253938,2029-12-03T14:40:00,2029-12-03T15:00:00
1253248,MEP Rough-In | L -1 | 1253248,A1690,MEP Rough-In,L -1,MEP_TakeOff.csv:1253248,2029-12-03T15:00:00,2029-12-03T15:20:00
1253917,MEP Rough-In | L -1 | 1253917,A1690,MEP Rough-In,L -1,MEP_TakeOff.csv:1253917,2029-12-03T15:00:00,2029-12-03T15:20:00
1253923,MEP Rough-In | L -1 | 1253923,A1690,MEP Rough-In,L -1,MEP_TakeOff.csv:1253923,2029-12-03T15:00:00,2029-12-03T15:20:00
1253349,MEP Rough-In | L -1 | 1253349,A1690,MEP Rough-In,L -1,MEP_TakeOff.csv:1253349,2029-12-03T15:20:00,2029-12-03T15:40:00
1277303,MEP Rough-In | L -1 | 1277303,A1690,MEP Rough-In,L -1,MEP_TakeOff.csv:1277303,2029-12-03T15:20:00,2029-12-03T15:40:00
1277305,MEP Rough-In | L -1 | 1277305,A1690,MEP Rough-In,L -1,MEP_TakeOff.csv:1277305,2029-12-03T15:20:00,2029-12-03T15:40:00
1253410,MEP Rough-In | L -1 | 1253410,A1690,MEP Rough-In,L -1,MEP_TakeOff.csv:1253410,2029-12-03T15:40:00,2029-12-03T16:00:00
1253461,MEP Rough-In | L -1 | 1253461,A1690,MEP Rough-In,L -1,MEP_TakeOff.csv:1253461,2029-12-03T15:40:00,2029-12-03T16:00:00
1277307,MEP Rough-In | L -1 | 1277307,A1690,MEP Rough-In,L -1,MEP_TakeOff.csv:1277307,2029-12-03T15:40:00,2029-12-03T16:00:00
1253550,MEP Rough-In | L -1 | 1253550,A1690,MEP Rough-In,L -1,MEP_TakeOff.csv:1253550,2029-12-03T16:00:00,2029-12-03T16:20:00
1277309,MEP Rough-In | L -1 | 1277309,A1690,MEP Rough-In,L -1,MEP_TakeOff.csv:1277309,2029-12-03T16:00:00,2029-12-03T16:20:00
1277311,MEP Rough-In | L -1 | 1277311,A1690,MEP Rough-In,L -1,MEP_TakeOff.csv:1277311,2029-12-03T16:00:00,2029-12-03T16:20:00
1253601,MEP Rough-In | L -1 | 1253601,A1690,MEP Rough-In,L -1,MEP_TakeOff.csv:1253601,2029-12-03T16:20:00,2029-12-03T16:40:00
1253650,MEP Rough-In | L -1 | 1253650,A1690,MEP Rough-In,L -1,MEP_TakeOff.csv:1253650,2029-12-03T16:20:00,2029-12-03T16:40:00
1277313,MEP Rough-In | L -1 | 1277313,A1690,MEP Rough-In,L -1,MEP_TakeOff.csv:1277313,2029-12-03T16:20:00,2029-12-03T16:40:00
1253667,MEP Rough-In | L -1 | 1253667,A1690,MEP Rough-In,L -1,MEP_TakeOff.csv:1253667,2029-12-03T16:40:00,2029-12-03T17:00:00
1277315,MEP Rough-In | L -1 | 1277315,A1690,MEP Rough-In,L -1,MEP_TakeOff.csv:1277315,2029-12-03T16:40:00,2029-12-03T17:00:00
1277317,MEP Rough-In | L -1 | 1277317,A1690,MEP Rough-In,L -1,MEP_TakeOff.csv:1277317,2029-12-03T16:40:00,2029-12-03T17:00:00
1151315,MEP Rough-In | L -1 | 1151315,A1690,MEP Rough-In,L -1,MEP_TakeOff.csv:1151315,2029-12-04T09:00:00,2029-12-04T09:20:00
1151583,MEP Rough-In | L -1 | 1151583,A1690,MEP Rough-In,L -1,MEP_TakeOff.csv:1151583,2029-12-04T09:00:00,2029-12-04T09:20:00
1151877,MEP Rough-In | L -1 | 1151877,A1690,MEP Rough-In,L -1,MEP_TakeOff.csv:1151877,2029-12-04T09:00:00,2029-12-04T09:20:00
1152137,MEP Rough-In | L -1 | 1152137,A1690,MEP Rough-In,L -1,MEP_TakeOff.csv:1152137,2029-12-04T09:20:00,2029-12-04T09:40:00
1152842,MEP Rough-In | L -1 | 1152842,A1690,MEP Rough-In,L -1,MEP_TakeOff.csv:1152842,2029-12-04T09:20:00,2029-12-04T09:40:00
1378847,MEP Rough-In | L -1 | 1378847,A1690,MEP Rough-In,L -1,MEP_TakeOff.csv:1378847,2029-12-04T09:20:00,2029-12-04T09:40:00
1152870,MEP Rough-In | L -1 | 1152870,A1690,MEP Rough-In,L -1,MEP_TakeOff.csv:1152870,2029-12-04T09:40:00,2029-12-04T10:00:00
1152890,MEP Rough-In | L -1 | 1152890,A1690,MEP Rough-In,L -1,MEP_TakeOff.csv:1152890,2029-12-04T09:40:00,2029-12-04T10:00:00
1152907,MEP Rough-In | L -1 | 1152907,A1690,MEP Rough-In,L -1,MEP_TakeOff.csv:1152907,2029-12-04T09:40:00,2029-12-04T10:00:00
1165428,MEP Rough-In | L -1 | 1165428,A1690,MEP Rough-In,L -1,MEP_TakeOff.csv:1165428,2029-12-04T10:00:00,2029-12-04T10:20:00
1165430,MEP Rough-In | L -1 | 1165430,A1690,MEP Rough-In,L -1,MEP_TakeOff.csv:1165430,2029-12-04T10:00:00,2029-12-04T10:20:00
1340613,MEP Rough-In | L -1 | 1340613,A1690,MEP Rough-In,L -1,MEP_TakeOff.csv:1340613,2029-12-04T10:00:00,2029-12-04T10:20:00
1153281,MEP Rough-In | L -1 | 1153281,A1690,MEP Rough-In,L -1,MEP_TakeOff.csv:1153281,2029-12-04T10:20:00,2029-12-04T10:40:00
1340508,MEP Rough-In | L -1 | 1340508,A1690,MEP Rough-In,L -1,MEP_TakeOff.csv:1340508,2029-12-04T10:20:00,2029-12-04T10:40:00
1340611,MEP Rough-In | L -1 | 1340611,A1690,MEP Rough-In,L -1,MEP_TakeOff.csv:1340611,2029-12-04T10:20:00,2029-12-04T10:40:00
1152880,MEP Rough-In | L -1 | 1152880,A1690,MEP Rough-In,L -1,MEP_TakeOff.csv:1152880,2029-12-04T10:40:00,2029-12-04T11:00:00
1340587,MEP Rough-In | L -1 | 1340587,A1690,MEP Rough-In,L -1,MEP_TakeOff.csv:1340587,2029-12-04T10:40:00,2029-12-04T11:00:00
1340675,MEP Rough-In | L -1 | 1340675,A1690,MEP Rough-In,L -1,MEP_TakeOff.csv:1340675,2029-12-04T10:40:00,2029-12-04T11:00:00
1152898,MEP Rough-In | L -1 | 1152898,A1690,MEP Rough-In,L -1,MEP_TakeOff.csv:1152898,2029-12-04T11:00:00,2029-12-04T11:20:00
1152899,MEP Rough-In | L -1 | 1152899,A1690,MEP Rough-In,L -1,MEP_TakeOff.csv:1152899,2029-12-04T11:00:00,2029-12-04T11:20:00
1165431,MEP Rough-In | L -1 | 1165431,A1690,MEP Rough-In,L -1,MEP_TakeOff.csv:1165431,2029-12-04T11:00:00,2029-12-04T11:20:00
1152823,MEP Rough-In | L -1 | 1152823,A1690,MEP Rough-In,L -1,MEP_TakeOff.csv:1152823,2029-12-04T11:20:00,2029-12-04T11:40:00
1152914,MEP Rough-In | L -1 | 1152914,A1690,MEP Rough-In,L -1,MEP_TakeOff.csv:1152914,2029-12-04T11:20:00,2029-12-04T11:40:00
1340558,MEP Rough-In | L -1 | 1340558,A1690,MEP Rough-In,L -1,MEP_TakeOff.csv:1340558,2029-12-04T11:20:00,2029-12-04T11:40:00
1153280,MEP Rough-In | L -1 | 1153280,A1690,MEP Rough-In,L -1,MEP_TakeOff.csv:1153280,2029-12-04T11:40:00,2029-12-04T12:00:00
1165429,MEP Rough-In | L -1 | 1165429,A1690,MEP Rough-In,L -1,MEP_TakeOff.csv:1165429,2029-12-04T11:40:00,2029-12-04T12:00:00
1708563,MEP Rough-In | L -1 | 1708563,A1690,MEP Rough-In,L -1,MEP_TakeOff.csv:1708563,2029-12-04T11:40:00,2029-12-04T12:00:00
1152915,MEP Rough-In | L -1 | 1152915,A1690,MEP Rough-In,L -1,MEP_TakeOff.csv:1152915,2029-12-04T12:00:00,2029-12-04T12:20:00
1165427,MEP Rough-In | L -1 | 1165427,A1690,MEP Rough-In,L -1,MEP_TakeOff.csv:1165427,2029-12-04T12:00:00,2029-12-04T12:20:00
1340632,MEP Rough-In | L -1 | 1340632,A1690,MEP Rough-In,L -1,MEP_TakeOff.csv:1340632,2029-12-04T12:00:00,2029-12-04T12:20:00
1152850,MEP Rough-In | L -1 | 1152850,A1690,MEP Rough-In,L -1,MEP_TakeOff.csv:1152850,2029-12-04T12:20:00,2029-12-04T12:40:00
1152878,MEP Rough-In | L -1 | 1152878,A1690,MEP Rough-In,L -1,MEP_TakeOff.csv:1152878,2029-12-04T12:20:00,2029-12-04T12:40:00
1152897,MEP Rough-In | L -1 | 1152897,A1690,MEP Rough-In,L -1,MEP_TakeOff.csv:1152897,2029-12-04T12:20:00,2029-12-04T12:40:00
1359795,MEP Rough-In | L -1 | 1359795,A1690,MEP Rough-In,L -1,MEP_TakeOff.csv:1359795,2029-12-04T12:40:00,2029-12-04T13:00:00
1360763,MEP Rough-In | L -1 | 1360763,A1690,MEP Rough-In,L -1,MEP_TakeOff.csv:1360763,2029-12-04T12:40:00,2029-12-04T13:00:00
1378848,MEP Rough-In | L -1 | 1378848,A1690,MEP Rough-In,L -1,MEP_TakeOff.csv:1378848,2029-12-04T12:40:00,2029-12-04T13:00:00
1151162,MEP Rough-In | L -1 | 1151162,A1690,MEP Rough-In,L -1,MEP_TakeOff.csv:1151162,2029-12-04T13:00:00,2029-12-04T13:20:00
1151658,MEP Rough-In | L -1 | 1151658,A1690,MEP Rough-In,L -1,MEP_TakeOff.csv:1151658,2029-12-04T13:00:00,2029-12-04T13:20:00
1340547,MEP Rough-In | L -1 | 1340547,A1690,MEP Rough-In,L -1,MEP_TakeOff.csv:1340547,2029-12-04T13:00:00,2029-12-04T13:20:00
1151456,MEP Rough-In | L -1 | 1151456,A1690,MEP Rough-In,L -1,MEP_TakeOff.csv:1151456,2029-12-04T13:20:00,2029-12-04T13:40:00
1152022,MEP Rough-In | L -1 | 1152022,A1690,MEP Rough-In,L -1,MEP_TakeOff.csv:1152022,2029-12-04T13:20:00,2029-12-04T13:40:00
1340373,MEP Rough-In | L -1 | 1340373,A1690,MEP Rough-In,L -1,MEP_TakeOff.csv:1340373,2029-12-04T13:20:00,2029-12-04T13:40:00
1153377,MEP Rough-In | L -1 | 1153377,A1690,MEP Rough-In,L -1,MEP_TakeOff.csv:1153377,2029-12-04T13:40:00,2029-12-04T14:00:00
1153385,MEP Rough-In | L -1 | 1153385,A1690,MEP Rough-In,L -1,MEP_TakeOff.csv:1153385,2029-12-04T13:40:00,2029-12-04T14:00:00
1171056,MEP Rough-In | L -1 | 1171056,A1690,MEP Rough-In,L -1,MEP_TakeOff.csv:1171056,2029-12-04T13:40:00,2029-12-04T14:00:00
1153712,MEP Rough-In | L -1 | 1153712,A1690,MEP Rough-In,L -1,MEP_TakeOff.csv:1153712,2029-12-04T14:00:00,2029-12-04T14:20:00
1170937,MEP Rough-In | L -1 | 1170937,A1690,MEP Rough-In,L -1,MEP_TakeOff.csv:1170937,2029-12-04T14:00:00,2029-12-04T14:20:00
1298319,MEP Rough-In | L -1 | 1298319,A1690,MEP Rough-In,L -1,MEP_TakeOff.csv:1298319,2029-12-04T14:00:00,2029-12-04T14:20:00
1128221,MEP Rough-In | L -1 | 1128221,A1690,MEP Rough-In,L -1,MEP_TakeOff.csv:1128221,2029-12-04T14:20:00,2029-12-04T14:40:00
1157667,MEP Rough-In | L -1 | 1157667,A1690,MEP Rough-In,L -1,MEP_TakeOff.csv:1157667,2029-12-04T14:20:00,2029-12-04T14:40:00
1252388,MEP Rough-In | L -1 | 1252388,A1690,MEP Rough-In,L -1,MEP_TakeOff.csv:1252388,2029-12-04T14:20:00,2029-12-04T14:40:00
1280958,MEP Rough-In | L -1 | 1280958,A1690,MEP Rough-In,L -1,MEP_TakeOff.csv:1280958,2029-12-04T14:40:00,2029-12-04T15:00:00
1317728,MEP Rough-In | L -1 | 1317728,A1690,MEP Rough-In,L -1,MEP_TakeOff.csv:1317728,2029-12-04T14:40:00,2029-12-04T15:00:00
1320252,MEP Rough-In | L -1 | 1320252,A1690,MEP Rough-In,L -1,MEP_TakeOff.csv:1320252,2029-12-04T14:40:00,2029-12-04T15:00:00
1249340,MEP Rough-In | L -1 | 1249340,A1690,MEP Rough-In,L -1,MEP_TakeOff.csv:1249340,2029-12-04T15:00:00,2029-12-04T15:20:00
1249690,MEP Rough-In | L -1 | 1249690,A1690,MEP Rough-In,L -1,MEP_TakeOff.csv:1249690,2029-12-04T15:00:00,2029-12-04T15:20:00
1280517,MEP Rough-In | L -1 | 1280517,A1690,MEP Rough-In,L -1,MEP_TakeOff.csv:1280517,2029-12-04T15:00:00,2029-12-04T15:20:00
1320250,MEP Rough-In | L -1 | 1320250,A1690,MEP Rough-In,L -1,MEP_TakeOff.csv:1320250,2029-12-04T15:20:00,2029-12-04T15:40:00
1381828,MEP Rough-In | L -1 | 1381828,A1690,MEP Rough-In,L -1,MEP_TakeOff.csv:1381828,2029-12-04T15:20:00,2029-12-04T15:40:00
1381829,MEP Rough-In | L -1 | 1381829,A1690,MEP Rough-In,L -1,MEP_TakeOff.csv:1381829,2029-12-04T15:20:00,2029-12-04T15:40:00
1381695,MEP Rough-In | L -1 | 1381695,A1690,MEP Rough-In,L -1,MEP_TakeOff.csv:1381695,2029-12-04T15:40:00,2029-12-04T16:00:00
1381696,MEP Rough-In | L -1 | 1381696,A1690,MEP Rough-In,L -1,MEP_TakeOff.csv:1381696,2029-12-04T15:40:00,2029-12-04T16:00:00
1381758,MEP Rough-In | L -1 | 1381758,A1690,MEP Rough-In,L -1,MEP_TakeOff.csv:1381758,2029-12-04T15:40:00,2029-12-04T16:00:00
1169283,MEP Rough-In | L -1 | 1169283,A1690,MEP Rough-In,L -1,MEP_TakeOff.csv:1169283,2029-12-04T16:00:00,2029-12-04T16:20:00
1330250,MEP Rough-In | L -1 | 1330250,A1690,MEP Rough-In,L -1,MEP_TakeOff.csv:1330250,2029-12-04T16:00:00,2029-12-04T16:20:00
1381759,MEP Rough-In | L -1 | 1381759,A1690,MEP Rough-In,L -1,MEP_TakeOff.csv:1381759,2029-12-04T16:00:00,2029-12-04T16:20:00
1380906,MEP Rough-In | L -1 | 1380906,A1690,MEP Rough-In,L -1,MEP_TakeOff.csv:1380906,2029-12-04T16:20:00,2029-12-04T16:40:00
1380907,MEP Rough-In | L -1 | 1380907,A1690,MEP Rough-In,L -1,MEP_TakeOff.csv:1380907,2029-12-04T16:20:00,2029-12-04T16:40:00
1381046,MEP Rough-In | L -1 | 1381046,A1690,MEP Rough-In,L -1,MEP_TakeOff.csv:1381046,2029-12-04T16:20:00,2029-12-04T16:40:00
1170080,MEP Rough-In | L -1 | 1170080,A1690,MEP Rough-In,L -1,MEP_TakeOff.csv:1170080,2029-12-04T16:40:00,2029-12-04T17:00:00
1299575,MEP Rough-In | L -1 | 1299575,A1690,MEP Rough-In,L -1,MEP_TakeOff.csv:1299575,2029-12-04T16:40:00,2029-12-04T17:00:00
1330252,MEP Rough-In | L -1 | 1330252,A1690,MEP Rough-In,L -1,MEP_TakeOff.csv:1330252,2029-12-04T16:40:00,2029-12-04T17:00:00
1279955,MEP Rough-In | L -1 | 1279955,A1690,MEP Rough-In,L -1,MEP_TakeOff.csv:1279955,2029-12-05T09:00:00,2029-12-05T09:20:00
1298985,MEP Rough-In | L -1 | 1298985,A1690,MEP Rough-In,L -1,MEP_TakeOff.csv:1298985,2029-12-05T09:00:00,2029-12-05T09:20:00
1299117,MEP Rough-In | L -1 | 1299117,A1690,MEP Rough-In,L -1,MEP_TakeOff.csv:1299117,2029-12-05T09:00:00,2029-12-05T09:20:00
1168849,MEP Rough-In | L -1 | 1168849,A1690,MEP Rough-In,L -1,MEP_TakeOff.csv:1168849,2029-12-05T09:20:00,2029-12-05T09:40:00
1170437,MEP Rough-In | L -1 | 1170437,A1690,MEP Rough-In,L -1,MEP_TakeOff.csv:1170437,2029-12-05T09:20:00,2029-12-05T09:40:00
1320135,MEP Rough-In | L -1 | 1320135,A1690,MEP Rough-In,L -1,MEP_TakeOff.csv:1320135,2029-12-05T09:20:00,2029-12-05T09:40:00
1248001,MEP Rough-In | L -1 | 1248001,A1690,MEP Rough-In,L -1,MEP_TakeOff.csv:1248001,2029-12-05T09:40:00,2029-12-05T10:00:00
1317744,MEP Rough-In | L -1 | 1317744,A1690,MEP Rough-In,L -1,MEP_TakeOff.csv:1317744,2029-12-05T09:40:00,2029-12-05T10:00:00
1320133,MEP Rough-In | L -1 | 1320133,A1690,MEP Rough-In,L -1,MEP_TakeOff.csv:1320133,2029-12-05T09:40:00,2029-12-05T10:00:00
1381658,MEP Rough-In | L -1 | 1381658,A1690,MEP Rough-In,L -1,MEP_TakeOff.csv:1381658,2029-12-05T10:00:00,2029-12-05T10:20:00
1381862,MEP Rough-In | L -1 | 1381862,A1690,MEP Rough-In,L -1,MEP_TakeOff.csv:1381862,2029-12-05T10:00:00,2029-12-05T10:20:00
1381863,MEP Rough-In | L -1 | 1381863,A1690,MEP Rough-In,L -1,MEP_TakeOff.csv:1381863,2029-12-05T10:00:00,2029-12-05T10:20:00
1381659,MEP Rough-In | L -1 | 1381659,A1690,MEP Rough-In,L -1,MEP_TakeOff.csv:1381659,2029-12-05T10:20:00,2029-12-05T10:40:00
1381739,MEP Rough-In | L -1 | 1381739,A1690,MEP Rough-In,L -1,MEP_TakeOff.csv:1381739,2029-12-05T10:20:00,2029-12-05T10:40:00
1381740,MEP Rough-In | L -1 | 1381740,A1690,MEP Rough-In,L -1,MEP_TakeOff.csv:1381740,2029-12-05T10:20:00,2029-12-05T10:40:00
1168865,MEP Rough-In | L -1 | 1168865,A1690,MEP Rough-In,L -1,MEP_TakeOff.csv:1168865,2029-12-05T10:40:00,2029-12-05T11:00:00
1330796,MEP Rough-In | L -1 | 1330796,A1690,MEP Rough-In,L -1,MEP_TakeOff.csv:1330796,2029-12-05T10:40:00,2029-12-05T11:00:00
1381194,MEP Rough-In | L -1 | 1381194,A1690,MEP Rough-In,L -1,MEP_TakeOff.csv:1381194,2029-12-05T10:40:00,2029-12-05T11:00:00
1170582,MEP Rough-In | L -1 | 1170582,A1690,MEP Rough-In,L -1,MEP_TakeOff.csv:1170582,2029-12-05T11:00:00,2029-12-05T11:20:00
1381119,MEP Rough-In | L -1 | 1381119,A1690,MEP Rough-In,L -1,MEP_TakeOff.csv:1381119,2029-12-05T11:00:00,2029-12-05T11:20:00
1381195,MEP Rough-In | L -1 | 1381195,A1690,MEP Rough-In,L -1,MEP_TakeOff.csv:1381195,2029-12-05T11:00:00,2029-12-05T11:20:00
1248030,MEP Rough-In | L -1 | 1248030,A1690,MEP Rough-In,L -1,MEP_TakeOff.csv:1248030,2029-12-05T11:20:00,2029-12-05T11:40:00
1248160,MEP Rough-In | L -1 | 1248160,A1690,MEP Rough-In,L -1,MEP_TakeOff.csv:1248160,2029-12-05T11:20:00,2029-12-05T11:40:00
1330798,MEP Rough-In | L -1 | 1330798,A1690,MEP Rough-In,L -1,MEP_TakeOff.csv:1330798,2029-12-05T11:20:00,2029-12-05T11:40:00
1171059,MEP Rough-In | L -1 | 1171059,A1690,MEP Rough-In,L -1,MEP_TakeOff.csv:1171059,2029-12-05T11:40:00,2029-12-05T12:00:00
1298978,MEP Rough-In | L -1 | 1298978,A1690,MEP Rough-In,L -1,MEP_TakeOff.csv:1298978,2029-12-05T11:40:00,2029-12-05T12:00:00
1299598,MEP Rough-In | L -1 | 1299598,A1690,MEP Rough-In,L -1,MEP_TakeOff.csv:1299598,2029-12-05T11:40:00,2029-12-05T12:00:00
1298328,MEP Rough-In | L -1 | 1298328,A1690,MEP Rough-In,L -1,MEP_TakeOff.csv:1298328,2029-12-05T12:00:00,2029-12-05T12:20:00
1298337,MEP Rough-In | L -1 | 1298337,A1690,MEP Rough-In,L -1,MEP_TakeOff.csv:1298337,2029-12-05T12:00:00,2029-12-05T12:20:00
1298345,MEP Rough-In | L -1 | 1298345,A1690,MEP Rough-In,L -1,MEP_TakeOff.csv:1298345,2029-12-05T12:00:00,2029-12-05T12:20:00
1165803,MEP Rough-In | L -1 | 1165803,A1690,MEP Rough-In,L -1,MEP_TakeOff.csv:1165803,2029-12-05T12:20:00,2029-12-05T12:40:00
1165812,MEP Rough-In | L -1 | 1165812,A1690,MEP Rough-In,L -1,MEP_TakeOff.csv:1165812,2029-12-05T12:20:00,2029-12-05T12:40:00
1171043,MEP Rough-In | L -1 | 1171043,A1690,MEP Rough-In,L -1,MEP_TakeOff.csv:1171043,2029-12-05T12:20:00,2029-12-05T12:40:00
1157674,MEP Rough-In | L -1 | 1157674,A1690,MEP Rough-In,L -1,MEP_TakeOff.csv:1157674,2029-12-05T12:40:00,2029-12-05T13:00:00
1166109,MEP Rough-In | L -1 | 1166109,A1690,MEP Rough-In,L -1,MEP_TakeOff.csv:1166109,2029-12-05T12:40:00,2029-12-05T13:00:00
1281291,MEP Rough-In | L -1 | 1281291,A1690,MEP Rough-In,L -1,MEP_TakeOff.csv:1281291,2029-12-05T12:40:00,2029-12-05T13:00:00
1298247,MEP Rough-In | L -1 | 1298247,A1690,MEP Rough-In,L -1,MEP_TakeOff.csv:1298247,2029-12-05T13:00:00,2029-12-05T13:20:00
1299570,MEP Rough-In | L -1 | 1299570,A1690,MEP Rough-In,L -1,MEP_TakeOff.csv:1299570,2029-12-05T13:00:00,2029-12-05T13:20:00
1299597,MEP Rough-In | L -1 | 1299597,A1690,MEP Rough-In,L -1,MEP_TakeOff.csv:1299597,2029-12-05T13:00:00,2029-12-05T13:20:00
1171047,MEP Rough-In | L -1 | 1171047,A1690,MEP Rough-In,L -1,MEP_TakeOff.csv:1171047,2029-12-05T13:20:00,2029-12-05T13:40:00
1299557,MEP Rough-In | L -1 | 1299557,A1690,MEP Rough-In,L -1,MEP_TakeOff.csv:1299557,2029-12-05T13:20:00,2029-12-05T13:40:00
1299558,MEP Rough-In | L -1 | 1299558,A1690,MEP Rough-In,L -1,MEP_TakeOff.csv:1299558,2029-12-05T13:20:00,2029-12-05T13:40:00
1261388,MEP Rough-In | L -1 | 1261388,A1690,MEP Rough-In,L -1,MEP_TakeOff.csv:1261388,2029-12-05T13:40:00,2029-12-05T14:00:00
1261927,MEP Rough-In | L -1 | 1261927,A1690,MEP Rough-In,L -1,MEP_TakeOff.csv:1261927,2029-12-05T13:40:00,2029-12-05T14:00:00
1298249,MEP Rough-In | L -1 | 1298249,A1690,MEP Rough-In,L -1,MEP_TakeOff.csv:1298249,2029-12-05T13:40:00,2029-12-05T14:00:00
1166172,MEP Rough-In | L -1 | 1166172,A1690,MEP Rough-In,L -1,MEP_TakeOff.csv:1166172,2029-12-05T14:00:00,2029-12-05T14:20:00
1262004,MEP Rough-In | L -1 | 1262004,A1690,MEP Rough-In,L -1,MEP_TakeOff.csv:1262004,2029-12-05T14:00:00,2029-12-05T14:20:00
1298273,MEP Rough-In | L -1 | 1298273,A1690,MEP Rough-In,L -1,MEP_TakeOff.csv:1298273,2029-12-05T14:00:00,2029-12-05T14:20:00
1171042,MEP Rough-In | L -1 | 1171042,A1690,MEP Rough-In,L -1,MEP_TakeOff.csv:1171042,2029-12-05T14:20:00,2029-12-05T14:40:00
1312123,MEP Rough-In | L -1 | 1312123,A1690,MEP Rough-In,L -1,MEP_TakeOff.csv:1312123,2029-12-05T14:20:00,2029-12-05T14:40:00
1312285,MEP Rough-In | L -1 | 1312285,A1690,MEP Rough-In,L -1,MEP_TakeOff.csv:1312285,2029-12-05T14:20:00,2029-12-05T14:40:00
1311938,MEP Rough-In | L -1 | 1311938,A1690,MEP Rough-In,L -1,MEP_TakeOff.csv:1311938,2029-12-05T14:40:00,2029-12-05T15:00:00
1312301,MEP Rough-In | L -1 | 1312301,A1690,MEP Rough-In,L -1,MEP_TakeOff.csv:1312301,2029-12-05T14:40:00,2029-12-05T15:00:00
1312316,MEP Rough-In | L -1 | 1312316,A1690,MEP Rough-In,L -1,MEP_TakeOff.csv:1312316,2029-12-05T14:40:00,2029-12-05T15:00:00
1152598,MEP Rough-In | L -1 | 1152598,A1690,MEP Rough-In,L -1,MEP_TakeOff.csv:1152598,2029-12-05T15:00:00,2029-12-05T15:20:00
1312309,MEP Rough-In | L -1 | 1312309,A1690,MEP Rough-In,L -1,MEP_TakeOff.csv:1312309,2029-12-05T15:00:00,2029-12-05T15:20:00
1350011,MEP Rough-In | L -1 | 1350011,A1690,MEP Rough-In,L -1,MEP_TakeOff.csv:1350011,2029-12-05T15:00:00,2029-12-05T15:20:00
1152314,MEP Rough-In | L -1 | 1152314,A1690,MEP Rough-In,L -1,MEP_TakeOff.csv:1152314,2029-12-05T15:20:00,2029-12-05T15:40:00
1261315,MEP Rough-In | L -1 | 1261315,A1690,MEP Rough-In,L -1,MEP_TakeOff.csv:1261315,2029-12-05T15:20:00,2029-12-05T15:40:00
1261334,MEP Rough-In | L -1 | 1261334,A1690,MEP Rough-In,L -1,MEP_TakeOff.csv:1261334,2029-12-05T15:20:00,2029-12-05T15:40:00
1152713,MEP Rough-In | L -1 | 1152713,A1690,MEP Rough-In,L -1,MEP_TakeOff.csv:1152713,2029-12-05T15:40:00,2029-12-05T16:00:00
1261333,MEP Rough-In | L -1 | 1261333,A1690,MEP Rough-In,L -1,MEP_TakeOff.csv:1261333,2029-12-05T15:40:00,2029-12-05T16:00:00
1350048,MEP Rough-In | L -1 | 1350048,A1690,MEP Rough-In,L -1,MEP_TakeOff.csv:1350048,2029-12-05T15:40:00,2029-12-05T16:00:00
1152661,MEP Rough-In | L -1 | 1152661,A1690,MEP Rough-In,L -1,MEP_TakeOff.csv:1152661,2029-12-05T16:00:00,2029-12-05T16:20:00
1261324,MEP Rough-In | L -1 | 1261324,A1690,MEP Rough-In,L -1,MEP_TakeOff.csv:1261324,2029-12-05T16:00:00,2029-12-05T16:20:00
1261355,MEP Rough-In | L -1 | 1261355,A1690,MEP Rough-In,L -1,MEP_TakeOff.csv:1261355,2029-12-05T16:00:00,2029-12-05T16:20:00
1153550,MEP Rough-In | L -1 | 1153550,A1690,MEP Rough-In,L -1,MEP_TakeOff.csv:1153550,2029-12-05T16:20:00,2029-12-05T16:40:00
1298529,MEP Rough-In | L -1 | 1298529,A1690,MEP Rough-In,L -1,MEP_TakeOff.csv:1298529,2029-12-05T16:20:00,2029-12-05T16:40:00
1312273,MEP Rough-In | L -1 | 1312273,A1690,MEP Rough-In,L -1,MEP_TakeOff.csv:1312273,2029-12-05T16:20:00,2029-12-05T16:40:00
1261375,MEP Rough-In | L -1 | 1261375,A1690,MEP Rough-In,L -1,MEP_TakeOff.csv:1261375,2029-12-05T16:40:00,2029-12-05T17:00:00
1261384,MEP Rough-In | L -1 | 1261384,A1690,MEP Rough-In,L -1,MEP_TakeOff.csv:1261384,2029-12-05T16:40:00,2029-12-05T17:00:00
1312498,MEP Rough-In | L -1 | 1312498,A1690,MEP Rough-In,L -1,MEP_TakeOff.csv:1312498,2029-12-05T16:40:00,2029-12-05T17:00:00
1299247,MEP Rough-In | L -1 | 1299247,A1690,MEP Rough-In,L -1,MEP_TakeOff.csv:1299247,2029-12-06T09:00:00,2029-12-06T09:20:00
2010744,MEP Rough-In | L -1 | 2010744,A1690,MEP Rough-In,L -1,MEP_TakeOff.csv:2010744,2029-12-06T09:00:00,2029-12-06T09:20:00
2010846,MEP Rough-In | L -1 | 2010846,A1690,MEP Rough-In,L -1,MEP_TakeOff.csv:2010846,2029-12-06T09:00:00,2029-12-06T09:20:00
1171044,MEP Rough-In | L -1 | 1171044,A1690,MEP Rough-In,L -1,MEP_TakeOff.csv:1171044,2029-12-06T09:20:00,2029-12-06T09:40:00
1248153,MEP Rough-In | L -1 | 1248153,A1690,MEP Rough-In,L -1,MEP_TakeOff.csv:1248153,2029-12-06T09:20:00,2029-12-06T09:40:00
1298269,MEP Rough-In | L -1 | 1298269,A1690,MEP Rough-In,L -1,MEP_TakeOff.csv:1298269,2029-12-06T09:20:00,2029-12-06T09:40:00
1298924,MEP Rough-In | L -1 | 1298924,A1690,MEP Rough-In,L -1,MEP_TakeOff.csv:1298924,2029-12-06T09:40:00,2029-12-06T10:00:00
1299075,MEP Rough-In | L -1 | 1299075,A1690,MEP Rough-In,L -1,MEP_TakeOff.csv:1299075,2029-12-06T09:40:00,2029-12-06T10:00:00
1299077,MEP Rough-In | L -1 | 1299077,A1690,MEP Rough-In,L -1,MEP_TakeOff.csv:1299077,2029-12-06T09:40:00,2029-12-06T10:00:00
1298916,MEP Rough-In | L -1 | 1298916,A1690,MEP Rough-In,L -1,MEP_TakeOff.csv:1298916,2029-12-06T10:00:00,2029-12-06T10:20:00
1298921,MEP Rough-In | L -1 | 1298921,A1690,MEP Rough-In,L -1,MEP_TakeOff.csv:1298921,2029-12-06T10:00:00,2029-12-06T10:20:00
1299078,MEP Rough-In | L -1 | 1299078,A1690,MEP Rough-In,L -1,MEP_TakeOff.csv:1299078,2029-12-06T10:00:00,2029-12-06T10:20:00
1171045,MEP Rough-In | L -1 | 1171045,A1690,MEP Rough-In,L -1,MEP_TakeOff.csv:1171045,2029-12-06T10:20:00,2029-12-06T10:40:00
1298905,MEP Rough-In | L -1 | 1298905,A1690,MEP Rough-In,L -1,MEP_TakeOff.csv:1298905,2029-12-06T10:20:00,2029-12-06T10:40:00
1298912,MEP Rough-In | L -1 | 1298912,A1690,MEP Rough-In,L -1,MEP_TakeOff.csv:1298912,2029-12-06T10:20:00,2029-12-06T10:40:00
1298060,MEP Rough-In | L -1 | 1298060,A1690,MEP Rough-In,L -1,MEP_TakeOff.csv:1298060,2029-12-06T10:40:00,2029-12-06T11:00:00
1298264,MEP Rough-In | L -1 | 1298264,A1690,MEP Rough-In,L -1,MEP_TakeOff.csv:1298264,2029-12-06T10:40:00,2029-12-06T11:00:00
1298270,MEP Rough-In | L -1 | 1298270,A1690,MEP Rough-In,L -1,MEP_TakeOff.csv:1298270,2029-12-06T10:40:00,2029-12-06T11:00:00
1166184,MEP Rough-In | L -1 | 1166184,A1690,MEP Rough-In,L -1,MEP_TakeOff.csv:1166184,2029-12-06T11:00:00,2029-12-06T11:20:00
1166836,MEP Rough-In | L -1 | 1166836,A1690,MEP Rough-In,L -1,MEP_TakeOff.csv:1166836,2029-12-06T11:00:00,2029-12-06T11:20:00
1298058,MEP Rough-In | L -1 | 1298058,A1690,MEP Rough-In,L -1,MEP_TakeOff.csv:1298058,2029-12-06T11:00:00,2029-12-06T11:20:00
1167200,MEP Rough-In | L -1 | 1167200,A1690,MEP Rough-In,L -1,MEP_TakeOff.csv:1167200,2029-12-06T11:20:00,2029-12-06T11:40:00
1312070,MEP Rough-In | L -1 | 1312070,A1690,MEP Rough-In,L -1,MEP_TakeOff.csv:1312070,2029-12-06T11:20:00,2029-12-06T11:40:00
1312275,MEP Rough-In | L -1 | 1312275,A1690,MEP Rough-In,L -1,MEP_TakeOff.csv:1312275,2029-12-06T11:20:00,2029-12-06T11:40:00
1312272,MEP Rough-In | L -1 | 1312272,A1690,MEP Rough-In,L -1,MEP_TakeOff.csv:1312272,2029-12-06T11:40:00,2029-12-06T12:00:00
1312274,MEP Rough-In | L -1 | 1312274,A1690,MEP Rough-In,L -1,MEP_TakeOff.csv:1312274,2029-12-06T11:40:00,2029-12-06T12:00:00
1312280,MEP Rough-In | L -1 | 1312280,A1690,MEP Rough-In,L -1,MEP_TakeOff.csv:1312280,2029-12-06T11:40:00,2029-12-06T12:00:00
1261126,MEP Rough-In | L -1 | 1261126,A1690,MEP Rough-In,L -1,MEP_TakeOff.csv:1261126,2029-12-06T12:00:00,2029-12-06T12:20:00
1261131,MEP Rough-In | L -1 | 1261131,A1690,MEP Rough-In,L -1,MEP_TakeOff.csv:1261131,2029-12-06T12:00:00,2029-12-06T12:20:00
1312278,MEP Rough-In | L -1 | 1312278,A1690,MEP Rough-In,L -1,MEP_TakeOff.csv:1312278,2029-12-06T12:00:00,2029-12-06T12:20:00
1152706,MEP Rough-In | L -1 | 1152706,A1690,MEP Rough-In,L -1,MEP_TakeOff.csv:1152706,2029-12-06T12:20:00,2029-12-06T12:40:00
1261372,MEP Rough-In | L -1 | 1261372,A1690,MEP Rough-In,L -1,MEP_TakeOff.csv:1261372,2029-12-06T12:20:00,2029-12-06T12:40:00
1261381,MEP Rough-In | L -1 | 1261381,A1690,MEP Rough-In,L -1,MEP_TakeOff.csv:1261381,2029-12-06T12:20:00,2029-12-06T12:40:00
1248299,MEP Rough-In | L -1 | 1248299,A1690,MEP Rough-In,L -1,MEP_TakeOff.csv:1248299,2029-12-06T12:40:00,2029-12-06T13:00:00
1261130,MEP Rough-In | L -1 | 1261130,A1690,MEP Rough-In,L -1,MEP_TakeOff.csv:1261130,2029-12-06T12:40:00,2029-12-06T13:00:00
1261135,MEP Rough-In | L -1 | 1261135,A1690,MEP Rough-In,L -1,MEP_TakeOff.csv:1261135,2029-12-06T12:40:00,2029-12-06T13:00:00
1152310,MEP Rough-In | L -1 | 1152310,A1690,MEP Rough-In,L -1,MEP_TakeOff.csv:1152310,2029-12-06T13:00:00,2029-12-06T13:20:00
1152311,MEP Rough-In | L -1 | 1152311,A1690,MEP Rough-In,L -1,MEP_TakeOff.csv:1152311,2029-12-06T13:00:00,2029-12-06T13:20:00
1261385,MEP Rough-In | L -1 | 1261385,A1690,MEP Rough-In,L -1,MEP_TakeOff.csv:1261385,2029-12-06T13:00:00,2029-12-06T13:20:00
1152654,MEP Rough-In | L -1 | 1152654,A1690,MEP Rough-In,L -1,MEP_TakeOff.csv:1152654,2029-12-06T13:20:00,2029-12-06T13:40:00
1261376,MEP Rough-In | L -1 | 1261376,A1690,MEP Rough-In,L -1,MEP_TakeOff.csv:1261376,2029-12-06T13:20:00,2029-12-06T13:40:00
1298678,MEP Rough-In | L -1 | 1298678,A1690,MEP Rough-In,L -1,MEP_TakeOff.csv:1298678,2029-12-06T13:20:00,2029-12-06T13:40:00
1299166,MEP Rough-In | L -1 | 1299166,A1690,MEP Rough-In,L -1,MEP_TakeOff.csv:1299166,2029-12-06T13:40:00,2029-12-06T14:00:00
1299238,MEP Rough-In | L -1 | 1299238,A1690,MEP Rough-In,L -1,MEP_TakeOff.csv:1299238,2029-12-06T13:40:00,2029-12-06T14:00:00
1299252,MEP Rough-In | L -1 | 1299252,A1690,MEP Rough-In,L -1,MEP_TakeOff.csv:1299252,2029-12-06T13:40:00,2029-12-06T14:00:00
1156979,MEP Rough-In | L -1 | 1156979,A1690,MEP Rough-In,L -1,MEP_TakeOff.csv:1156979,2029-12-06T14:00:00,2029-12-06T14:20:00
1379255,MEP Rough-In | L -1 | 1379255,A1690,MEP Rough-In,L -1,MEP_TakeOff.csv:1379255,2029-12-06T14:00:00,2029-12-06T14:20:00
1379256,MEP Rough-In | L -1 | 1379256,A1690,MEP Rough-In,L -1,MEP_TakeOff.csv:1379256,2029-12-06T14:00:00,2029-12-06T14:20:00
1298555,MEP Rough-In | L -1 | 1298555,A1690,MEP Rough-In,L -1,MEP_TakeOff.csv:1298555,2029-12-06T14:20:00,2029-12-06T14:40:00
1298571,MEP Rough-In | L -1 | 1298571,A1690,MEP Rough-In,L -1,MEP_TakeOff.csv:1298571,2029-12-06T14:20:00,2029-12-06T14:40:00
1298775,MEP Rough-In | L -1 | 1298775,A1690,MEP Rough-In,L -1,MEP_TakeOff.csv:1298775,2029-12-06T14:20:00,2029-12-06T14:40:00
1298484,MEP Rough-In | L -1 | 1298484,A1690,MEP Rough-In,L -1,MEP_TakeOff.csv:1298484,2029-12-06T14:40:00,2029-12-06T15:00:00
1298567,MEP Rough-In | L -1 | 1298567,A1690,MEP Rough-In,L -1,MEP_TakeOff.csv:1298567,2029-12-06T14:40:00,2029-12-06T15:00:00
1298679,MEP Rough-In | L -1 | 1298679,A1690,MEP Rough-In,L -1,MEP_TakeOff.csv:1298679,2029-12-06T14:40:00,2029-12-06T15:00:00
1166620,MEP Rough-In | L -1 | 1166620,A1690,MEP Rough-In,L -1,MEP_TakeOff.csv:1166620,2029-12-06T15:00:00,2029-12-06T15:20:00
1239146,MEP Rough-In | L -1 | 1239146,A1690,MEP Rough-In,L -1,MEP_TakeOff.csv:1239146,2029-12-06T15:00:00,2029-12-06T15:20:00
1298426,MEP Rough-In | L -1 | 1298426,A1690,MEP Rough-In,L -1,MEP_TakeOff.csv:1298426,2029-12-06T15:00:00,2029-12-06T15:20:00
1166608,MEP Rough-In | L -1 | 1166608,A1690,MEP Rough-In,L -1,MEP_TakeOff.csv:1166608,2029-12-06T15:20:00,2029-12-06T15:40:00
1166712,MEP Rough-In | L -1 | 1166712,A1690,MEP Rough-In,L -1,MEP_TakeOff.csv:1166712,2029-12-06T15:20:00,2029-12-06T15:40:00
1239145,MEP Rough-In | L -1 | 1239145,A1690,MEP Rough-In,L -1,MEP_TakeOff.csv:1239145,2029-12-06T15:20:00,2029-12-06T15:40:00
1312457,MEP Rough-In | L -1 | 1312457,A1690,MEP Rough-In,L -1,MEP_TakeOff.csv:1312457,2029-12-06T15:40:00,2029-12-06T16:00:00
2010743,MEP Rough-In | L -1 | 2010743,A1690,MEP Rough-In,L -1,MEP_TakeOff.csv:2010743,2029-12-06T15:40:00,2029-12-06T16:00:00
2010845,MEP Rough-In | L -1 | 2010845,A1690,MEP Rough-In,L -1,MEP_TakeOff.csv:2010845,2029-12-06T15:40:00,2029-12-06T16:00:00
1119959,MEP Rough-In | L -1 | 1119959,A1690,MEP Rough-In,L -1,MEP_TakeOff.csv:1119959,2029-12-06T16:00:00,2029-12-06T16:20:00
1312448,MEP Rough-In | L -1 | 1312448,A1690,MEP Rough-In,L -1,MEP_TakeOff.csv:1312448,2029-12-06T16:00:00,2029-12-06T16:20:00
1312503,MEP Rough-In | L -1 | 1312503,A1690,MEP Rough-In,L -1,MEP_TakeOff.csv:1312503,2029-12-06T16:00:00,2029-12-06T16:20:00
1119960,MEP Rough-In | L -1 | 1119960,A1690,MEP Rough-In,L -1,MEP_TakeOff.csv:1119960,2029-12-06T16:20:00,2029-12-06T16:40:00
1248178,MEP Rough-In | L -1 | 1248178,A1690,MEP Rough-In,L -1,MEP_TakeOff.csv:1248178,2029-12-06T16:20:00,2029-12-06T16:40:00
1312502,MEP Rough-In | L -1 | 1312502,A1690,MEP Rough-In,L -1,MEP_TakeOff.csv:1312502,2029-12-06T16:20:00,2029-12-06T16:40:00
1248169,MEP Rough-In | L -1 | 1248169,A1690,MEP Rough-In,L -1,MEP_TakeOff.csv:1248169,2029-12-06T16:40:00,2029-12-06T17:00:00
1248187,MEP Rough-In | L -1 | 1248187,A1690,MEP Rough-In,L -1,MEP_TakeOff.csv:1248187,2029-12-06T16:40:00,2029-12-06T17:00:00
1296962,MEP Rough-In | L -1 | 1296962,A1690,MEP Rough-In,L -1,MEP_TakeOff.csv:1296962,2029-12-06T16:40:00,2029-12-06T17:00:00
1296950,MEP Rough-In | L -1 | 1296950,A1690,MEP Rough-In,L -1,MEP_TakeOff.csv:1296950,2029-12-07T09:00:00,2029-12-07T09:20:00
1297000,MEP Rough-In | L -1 | 1297000,A1690,MEP Rough-In,L -1,MEP_TakeOff.csv:1297000,2029-12-07T09:00:00,2029-12-07T09:20:00
1297056,MEP Rough-In | L -1 | 1297056,A1690,MEP Rough-In,L -1,MEP_TakeOff.csv:1297056,2029-12-07T09:00:00,2029-12-07T09:20:00
1248182,MEP Rough-In | L -1 | 1248182,A1690,MEP Rough-In,L -1,MEP_TakeOff.csv:1248182,2029-12-07T09:20:00,2029-12-07T09:40:00
1248313,MEP Rough-In | L -1 | 1248313,A1690,MEP Rough-In,L -1,MEP_TakeOff.csv:1248313,2029-12-07T09:20:00,2029-12-07T09:40:00
1312423,MEP Rough-In | L -1 | 1312423,A1690,MEP Rough-In,L -1,MEP_TakeOff.csv:1312423,2029-12-07T09:20:00,2029-12-07T09:40:00
1248306,MEP Rough-In | L -1 | 1248306,A1690,MEP Rough-In,L -1,MEP_TakeOff.csv:1248306,2029-12-07T09:40:00,2029-12-07T10:00:00
1248345,MEP Rough-In | L -1 | 1248345,A1690,MEP Rough-In,L -1,MEP_TakeOff.csv:1248345,2029-12-07T09:40:00,2029-12-07T10:00:00
1297047,MEP Rough-In | L -1 | 1297047,A1690,MEP Rough-In,L -1,MEP_TakeOff.csv:1297047,2029-12-07T09:40:00,2029-12-07T10:00:00
1312414,MEP Rough-In | L -1 | 1312414,A1690,MEP Rough-In,L -1,MEP_TakeOff.csv:1312414,2029-12-07T10:00:00,2029-12-07T10:20:00
1312434,MEP Rough-In | L -1 | 1312434,A1690,MEP Rough-In,L -1,MEP_TakeOff.csv:1312434,2029-12-07T10:00:00,2029-12-07T10:20:00
1317447,MEP Rough-In | L -1 | 1317447,A1690,MEP Rough-In,L -1,MEP_TakeOff.csv:1317447,2029-12-07T10:00:00,2029-12-07T10:20:00
1317437,MEP Rough-In | L -1 | 1317437,A1690,MEP Rough-In,L -1,MEP_TakeOff.csv:1317437,2029-12-07T10:20:00,2029-12-07T10:40:00
1317455,MEP Rough-In | L -1 | 1317455,A1690,MEP Rough-In,L -1,MEP_TakeOff.csv:1317455,2029-12-07T10:20:00,2029-12-07T10:40:00
1317594,MEP Rough-In | L -1 | 1317594,A1690,MEP Rough-In,L -1,MEP_TakeOff.csv:1317594,2029-12-07T10:20:00,2029-12-07T10:40:00
1248338,MEP Rough-In | L -1 | 1248338,A1690,MEP Rough-In,L -1,MEP_TakeOff.csv:1248338,2029-12-07T10:40:00,2029-12-07T11:00:00
1317448,MEP Rough-In | L -1 | 1317448,A1690,MEP Rough-In,L -1,MEP_TakeOff.csv:1317448,2029-12-07T10:40:00,2029-12-07T11:00:00
1317593,MEP Rough-In | L -1 | 1317593,A1690,MEP Rough-In,L -1,MEP_TakeOff.csv:1317593,2029-12-07T10:40:00,2029-12-07T11:00:00
1317584,MEP Rough-In | L -1 | 1317584,A1690,MEP Rough-In,L -1,MEP_TakeOff.csv:1317584,2029-12-07T11:00:00,2029-12-07T11:20:00
1317609,MEP Rough-In | L -1 | 1317609,A1690,MEP Rough-In,L -1,MEP_TakeOff.csv:1317609,2029-12-07T11:00:00,2029-12-07T11:20:00
1317623,MEP Rough-In | L -1 | 1317623,A1690,MEP Rough-In,L -1,MEP_TakeOff.csv:1317623,2029-12-07T11:00:00,2029-12-07T11:20:00
1317509,MEP Rough-In | L -1 | 1317509,A1690,MEP Rough-In,L -1,MEP_TakeOff.csv:1317509,2029-12-07T11:20:00,2029-12-07T11:40:00
1317619,MEP Rough-In | L -1 | 1317619,A1690,MEP Rough-In,L -1,MEP_TakeOff.csv:1317619,2029-12-07T11:20:00,2029-12-07T11:40:00
1317620,MEP Rough-In | L -1 | 1317620,A1690,MEP Rough-In,L -1,MEP_TakeOff.csv:1317620,2029-12-07T11:20:00,2029-12-07T11:40:00
1317281,MEP Rough-In | L -1 | 1317281,A1690,MEP Rough-In,L -1,MEP_TakeOff.csv:1317281,2029-12-07T11:40:00,2029-12-07T12:00:00
1317606,MEP Rough-In | L -1 | 1317606,A1690,MEP Rough-In,L -1,MEP_TakeOff.csv:1317606,2029-12-07T11:40:00,2029-12-07T12:00:00
1317618,MEP Rough-In | L -1 | 1317618,A1690,MEP Rough-In,L -1,MEP_TakeOff.csv:1317618,2029-12-07T11:40:00,2029-12-07T12:00:00
1297478,MEP Rough-In | L -1 | 1297478,A1690,MEP Rough-In,L -1,MEP_TakeOff.csv:1297478,2029-12-07T12:00:00,2029-12-07T12:20:00
1317604,MEP Rough-In | L -1 | 1317604,A1690,MEP Rough-In,L -1,MEP_TakeOff.csv:1317604,2029-12-07T12:00:00,2029-12-07T12:20:00
1317605,MEP Rough-In | L -1 | 1317605,A1690,MEP Rough-In,L -1,MEP_TakeOff.csv:1317605,2029-12-07T12:00:00,2029-12-07T12:20:00
1294211,MEP Rough-In | L -1 | 1294211,A1690,MEP Rough-In,L -1,MEP_TakeOff.csv:1294211,2029-12-07T12:20:00,2029-12-07T12:40:00
1294212,MEP Rough-In | L -1 | 1294212,A1690,MEP Rough-In,L -1,MEP_TakeOff.csv:1294212,2029-12-07T12:20:00,2029-12-07T12:40:00
1294266,MEP Rough-In | L -1 | 1294266,A1690,MEP Rough-In,L -1,MEP_TakeOff.csv:1294266,2029-12-07T12:20:00,2029-12-07T12:40:00
1251012,MEP Rough-In | L -1 | 1251012,A1690,MEP Rough-In,L -1,MEP_TakeOff.csv:1251012,2029-12-07T12:40:00,2029-12-07T13:00:00
1251584,MEP Rough-In | L -1 | 1251584,A1690,MEP Rough-In,L -1,MEP_TakeOff.csv:1251584,2029-12-07T12:40:00,2029-12-07T13:00:00
1284806,MEP Rough-In | L -1 | 1284806,A1690,MEP Rough-In,L -1,MEP_TakeOff.csv:1284806,2029-12-07T12:40:00,2029-12-07T13:00:00
1297057,MEP Rough-In | L -1 | 1297057,A1690,MEP Rough-In,L -1,MEP_TakeOff.csv:1297057,2029-12-07T13:00:00,2029-12-07T13:20:00
1297063,MEP Rough-In | L -1 | 1297063,A1690,MEP Rough-In,L -1,MEP_TakeOff.csv:1297063,2029-12-07T13:00:00,2029-12-07T13:20:00
1297065,MEP Rough-In | L -1 | 1297065,A1690,MEP Rough-In,L -1,MEP_TakeOff.csv:1297065,2029-12-07T13:00:00,2029-12-07T13:20:00
1294850,MEP Rough-In | L -1 | 1294850,A1690,MEP Rough-In,L -1,MEP_TakeOff.csv:1294850,2029-12-07T13:20:00,2029-12-07T13:40:00
1294978,MEP Rough-In | L -1 | 1294978,A1690,MEP Rough-In,L -1,MEP_TakeOff.csv:1294978,2029-12-07T13:20:00,2029-12-07T13:40:00
1295353,MEP Rough-In | L -1 | 1295353,A1690,MEP Rough-In,L -1,MEP_TakeOff.csv:1295353,2029-12-07T13:20:00,2029-12-07T13:40:00
1294110,MEP Rough-In | L -1 | 1294110,A1690,MEP Rough-In,L -1,MEP_TakeOff.csv:1294110,2029-12-07T13:40:00,2029-12-07T14:00:00
1294148,MEP Rough-In | L -1 | 1294148,A1690,MEP Rough-In,L -1,MEP_TakeOff.csv:1294148,2029-12-07T13:40:00,2029-12-07T14:00:00
1294213,MEP Rough-In | L -1 | 1294213,A1690,MEP Rough-In,L -1,MEP_TakeOff.csv:1294213,2029-12-07T13:40:00,2029-12-07T14:00:00
1129441,MEP Rough-In | L -1 | 1129441,A1690,MEP Rough-In,L -1,MEP_TakeOff.csv:1129441,2029-12-07T14:00:00,2029-12-07T14:20:00
1294267,MEP Rough-In | L -1 | 1294267,A1690,MEP Rough-In,L -1,MEP_TakeOff.csv:1294267,2029-12-07T14:00:00,2029-12-07T14:20:00
1295352,MEP Rough-In | L -1 | 1295352,A1690,MEP Rough-In,L -1,MEP_TakeOff.csv:1295352,2029-12-07T14:00:00,2029-12-07T14:20:00
1129435,MEP Rough-In | L -1 | 1129435,A1690,MEP Rough-In,L -1,MEP_TakeOff.csv:1129435,2029-12-07T14:20:00,2029-12-07T14:40:00
1129437,MEP Rough-In | L -1 | 1129437,A1690,MEP Rough-In,L -1,MEP_TakeOff.csv:1129437,2029-12-07T14:20:00,2029-12-07T14:40:00
1129439,MEP Rough-In | L -1 | 1129439,A1690,MEP Rough-In,L -1,MEP_TakeOff.csv:1129439,2029-12-07T14:20:00,2029-12-07T14:40:00
1129431,MEP Rough-In | L -1 | 1129431,A1690,MEP Rough-In,L -1,MEP_TakeOff.csv:1129431,2029-12-07T14:40:00,2029-12-07T15:00:00
1129433,MEP Rough-In | L -1 | 1129433,A1690,MEP Rough-In,L -1,MEP_TakeOff.csv:1129433,2029-12-07T14:40:00,2029-12-07T15:00:00
1294758,MEP Rough-In | L -1 | 1294758,A1690,MEP Rough-In,L -1,MEP_TakeOff.csv:1294758,2029-12-07T14:40:00,2029-12-07T15:00:00
1115659,MEP Rough-In | L -1 | 1115659,A1690,MEP Rough-In,L -1,MEP_TakeOff.csv:1115659,2029-12-07T15:00:00,2029-12-07T15:20:00
1115673,MEP Rough-In | L -1 | 1115673,A1690,MEP Rough-In,L -1,MEP_TakeOff.csv:1115673,2029-12-07T15:00:00,2029-12-07T15:20:00
1115687,MEP Rough-In | L -1 | 1115687,A1690,MEP Rough-In,L -1,MEP_TakeOff.csv:1115687,2029-12-07T15:00:00,2029-12-07T15:20:00
1115618,MEP Rough-In | L -1 | 1115618,A1690,MEP Rough-In,L -1,MEP_TakeOff.csv:1115618,2029-12-07T15:20:00,2029-12-07T15:40:00
1115666,MEP Rough-In | L -1 | 1115666,A1690,MEP Rough-In,L -1,MEP_TakeOff.csv:1115666,2029-12-07T15:20:00,2029-12-07T15:40:00
1115680,MEP Rough-In | L -1 | 1115680,A1690,MEP Rough-In,L -1,MEP_TakeOff.csv:1115680,2029-12-07T15:20:00,2029-12-07T15:40:00
1129400,MEP Rough-In | L -1 | 1129400,A1690,MEP Rough-In,L -1,MEP_TakeOff.csv:1129400,2029-12-07T15:40:00,2029-12-07T16:00:00
1129405,MEP Rough-In | L -1 | 1129405,A1690,MEP Rough-In,L -1,MEP_TakeOff.csv:1129405,2029-12-07T15:40:00,2029-12-07T16:00:00
1129410,MEP Rough-In | L -1 | 1129410,A1690,MEP Rough-In,L -1,MEP_TakeOff.csv:1129410,2029-12-07T15:40:00,2029-12-07T16:00:00
1129390,MEP Rough-In | L -1 | 1129390,A1690,MEP Rough-In,L -1,MEP_TakeOff.csv:1129390,2029-12-07T16:00:00,2029-12-07T16:20:00
1129395,MEP Rough-In | L -1 | 1129395,A1690,MEP Rough-In,L -1,MEP_TakeOff.csv:1129395,2029-12-07T16:00:00,2029-12-07T16:20:00
1295351,MEP Rough-In | L -1 | 1295351,A1690,MEP Rough-In,L -1,MEP_TakeOff.csv:1295351,2029-12-07T16:00:00,2029-12-07T16:20:00
1295954,MEP Rough-In | L -1 | 1295954,A1690,MEP Rough-In,L -1,MEP_TakeOff.csv:1295954,2029-12-07T16:20:00,2029-12-07T16:40:00
1295955,MEP Rough-In | L -1 | 1295955,A1690,MEP Rough-In,L -1,MEP_TakeOff.csv:1295955,2029-12-07T16:20:00,2029-12-07T16:40:00
1379599,MEP Rough-In | L -1 | 1379599,A1690,MEP Rough-In,L -1,MEP_TakeOff.csv:1379599,2029-12-07T16:20:00,2029-12-07T16:40:00
1294390,MEP Rough-In | L -1 | 1294390,A1690,MEP Rough-In,L -1,MEP_TakeOff.csv:1294390,2029-12-07T16:40:00,2029-12-07T17:00:00
1294755,MEP Rough-In | L -1 | 1294755,A1690,MEP Rough-In,L -1,MEP_TakeOff.csv:1294755,2029-12-07T16:40:00,2029-12-07T17:00:00
1379600,MEP Rough-In | L -1 | 1379600,A1690,MEP Rough-In,L -1,MEP_TakeOff.csv:1379600,2029-12-07T16:40:00,2029-12-07T17:00:00
1294746,MEP Rough-In | L -1 | 1294746,A1690,MEP Rough-In,L -1,MEP_TakeOff.csv:1294746,2029-12-10T09:00:00,2029-12-10T09:20:00
1295346,MEP Rough-In | L -1 | 1295346,A1690,MEP Rough-In,L -1,MEP_TakeOff.csv:1295346,2029-12-10T09:00:00,2029-12-10T09:20:00
1295349,MEP Rough-In | L -1 | 1295349,A1690,MEP Rough-In,L -1,MEP_TakeOff.csv:1295349,2029-12-10T09:00:00,2029-12-10T09:20:00
1129385,MEP Rough-In | L -1 | 1129385,A1690,MEP Rough-In,L -1,MEP_TakeOff.csv:1129385,2029-12-10T09:20:00,2029-12-10T09:40:00
1129438,MEP Rough-In | L -1 | 1129438,A1690,MEP Rough-In,L -1,MEP_TakeOff.csv:1129438,2029-12-10T09:20:00,2029-12-10T09:40:00
1129440,MEP Rough-In | L -1 | 1129440,A1690,MEP Rough-In,L -1,MEP_TakeOff.csv:1129440,2029-12-10T09:20:00,2029-12-10T09:40:00
1129432,MEP Rough-In | L -1 | 1129432,A1690,MEP Rough-In,L -1,MEP_TakeOff.csv:1129432,2029-12-10T09:40:00,2029-12-10T10:00:00
1129434,MEP Rough-In | L -1 | 1129434,A1690,MEP Rough-In,L -1,MEP_TakeOff.csv:1129434,2029-12-10T09:40:00,2029-12-10T10:00:00
1129436,MEP Rough-In | L -1 | 1129436,A1690,MEP Rough-In,L -1,MEP_TakeOff.csv:1129436,2029-12-10T09:40:00,2029-12-10T10:00:00
2010847,MEP Rough-In | L -1 | 2010847,A1690,MEP Rough-In,L -1,MEP_TakeOff.csv:2010847,2029-12-10T10:00:00,2029-12-10T10:20:00
2010848,MEP Rough-In | L -1 | 2010848,A1690,MEP Rough-In,L -1,MEP_TakeOff.csv:2010848,2029-12-10T10:00:00,2029-12-10T10:20:00
2010849,MEP Rough-In | L -1 | 2010849,A1690,MEP Rough-In,L -1,MEP_TakeOff.csv:2010849,2029-12-10T10:00:00,2029-12-10T10:20:00
2010745,MEP Rough-In | L -1 | 2010745,A1690,MEP Rough-In,L -1,MEP_TakeOff.csv:2010745,2029-12-10T10:20:00,2029-12-10T10:40:00
2010746,MEP Rough-In | L -1 | 2010746,A1690,MEP Rough-In,L -1,MEP_TakeOff.csv:2010746,2029-12-10T10:20:00,2029-12-10T10:40:00
2010747,MEP Rough-In | L -1 | 2010747,A1690,MEP Rough-In,L -1,MEP_TakeOff.csv:2010747,2029-12-10T10:20:00,2029-12-10T10:40:00
1129430,MEP Rough-In | L -1 | 1129430,A1690,MEP Rough-In,L -1,MEP_TakeOff.csv:1129430,2029-12-10T10:40:00,2029-12-10T11:00:00
1149753,MEP Rough-In | L -1 | 1149753,A1690,MEP Rough-In,L -1,MEP_TakeOff.csv:1149753,2029-12-10T10:40:00,2029-12-10T11:00:00
1149769,MEP Rough-In | L -1 | 1149769,A1690,MEP Rough-In,L -1,MEP_TakeOff.csv:1149769,2029-12-10T10:40:00,2029-12-10T11:00:00
1149736,MEP Rough-In | L -1 | 1149736,A1690,MEP Rough-In,L -1,MEP_TakeOff.csv:1149736,2029-12-10T11:00:00,2029-12-10T11:20:00
1149787,MEP Rough-In | L -1 | 1149787,A1690,MEP Rough-In,L -1,MEP_TakeOff.csv:1149787,2029-12-10T11:00:00,2029-12-10T11:20:00
1149803,MEP Rough-In | L -1 | 1149803,A1690,MEP Rough-In,L -1,MEP_TakeOff.csv:1149803,2029-12-10T11:00:00,2029-12-10T11:20:00
1149819,MEP Rough-In | L -1 | 1149819,A1690,MEP Rough-In,L -1,MEP_TakeOff.csv:1149819,2029-12-10T11:20:00,2029-12-10T11:40:00
1149874,MEP Rough-In | L -1 | 1149874,A1690,MEP Rough-In,L -1,MEP_TakeOff.csv:1149874,2029-12-10T11:20:00,2029-12-10T11:40:00
1149876,MEP Rough-In | L -1 | 1149876,A1690,MEP Rough-In,L -1,MEP_TakeOff.csv:1149876,2029-12-10T11:20:00,2029-12-10T11:40:00
1149878,MEP Rough-In | L -1 | 1149878,A1690,MEP Rough-In,L -1,MEP_TakeOff.csv:1149878,2029-12-10T11:40:00,2029-12-10T12:00:00
1149880,MEP Rough-In | L -1 | 1149880,A1690,MEP Rough-In,L -1,MEP_TakeOff.csv:1149880,2029-12-10T11:40:00,2029-12-10T12:00:00
1149882,MEP Rough-In | L -1 | 1149882,A1690,MEP Rough-In,L -1,MEP_TakeOff.csv:1149882,2029-12-10T11:40:00,2029-12-10T12:00:00
1149794,MEP Rough-In | L -1 | 1149794,A1690,MEP Rough-In,L -1,MEP_TakeOff.csv:1149794,2029-12-10T12:00:00,2029-12-10T12:20:00
1149810,MEP Rough-In | L -1 | 1149810,A1690,MEP Rough-In,L -1,MEP_TakeOff.csv:1149810,2029-12-10T12:00:00,2029-12-10T12:20:00
1149826,MEP Rough-In | L -1 | 1149826,A1690,MEP Rough-In,L -1,MEP_TakeOff.csv:1149826,2029-12-10T12:00:00,2029-12-10T12:20:00
1149744,MEP Rough-In | L -1 | 1149744,A1690,MEP Rough-In,L -1,MEP_TakeOff.csv:1149744,2029-12-10T12:20:00,2029-12-10T12:40:00
1149760,MEP Rough-In | L -1 | 1149760,A1690,MEP Rough-In,L -1,MEP_TakeOff.csv:1149760,2029-12-10T12:20:00,2029-12-10T12:40:00
1149778,MEP Rough-In | L -1 | 1149778,A1690,MEP Rough-In,L -1,MEP_TakeOff.csv:1149778,2029-12-10T12:20:00,2029-12-10T12:40:00
1093972,MEP Rough-In | L -1 | 1093972,A1690,MEP Rough-In,L -1,MEP_TakeOff.csv:1093972,2029-12-10T12:40:00,2029-12-10T13:00:00
1232338,MEP Rough-In | L -1 | 1232338,A1690,MEP Rough-In,L -1,MEP_TakeOff.csv:1232338,2029-12-10T12:40:00,2029-12-10T13:00:00
1311563,MEP Rough-In | L -1 | 1311563,A1690,MEP Rough-In,L -1,MEP_TakeOff.csv:1311563,2029-12-10T12:40:00,2029-12-10T13:00:00
1092863,MEP Rough-In | L -1 | 1092863,A1690,MEP Rough-In,L -1,MEP_TakeOff.csv:1092863,2029-12-10T13:00:00,2029-12-10T13:20:00
1149745,MEP Rough-In | L -1 | 1149745,A1690,MEP Rough-In,L -1,MEP_TakeOff.csv:1149745,2029-12-10T13:00:00,2029-12-10T13:20:00
1311564,MEP Rough-In | L -1 | 1311564,A1690,MEP Rough-In,L -1,MEP_TakeOff.csv:1311564,2029-12-10T13:00:00,2029-12-10T13:20:00
1149761,MEP Rough-In | L -1 | 1149761,A1690,MEP Rough-In,L -1,MEP_TakeOff.csv:1149761,2029-12-10T13:20:00,2029-12-10T13:40:00
1149873,MEP Rough-In | L -1 | 1149873,A1690,MEP Rough-In,L -1,MEP_TakeOff.csv:1149873,2029-12-10T13:20:00,2029-12-10T13:40:00
1149875,MEP Rough-In | L -1 | 1149875,A1690,MEP Rough-In,L -1,MEP_TakeOff.csv:1149875,2029-12-10T13:20:00,2029-12-10T13:40:00
1149779,MEP Rough-In | L -1 | 1149779,A1690,MEP Rough-In,L -1,MEP_TakeOff.csv:1149779,2029-12-10T13:40:00,2029-12-10T14:00:00
1149795,MEP Rough-In | L -1 | 1149795,A1690,MEP Rough-In,L -1,MEP_TakeOff.csv:1149795,2029-12-10T13:40:00,2029-12-10T14:00:00
1149877,MEP Rough-In | L -1 | 1149877,A1690,MEP Rough-In,L -1,MEP_TakeOff.csv:1149877,2029-12-10T13:40:00,2029-12-10T14:00:00
1149811,MEP Rough-In | L -1 | 1149811,A1690,MEP Rough-In,L -1,MEP_TakeOff.csv:1149811,2029-12-10T14:00:00,2029-12-10T14:20:00
1149879,MEP Rough-In | L -1 | 1149879,A1690,MEP Rough-In,L -1,MEP_TakeOff.csv:1149879,2029-12-10T14:00:00,2029-12-10T14:20:00
1149881,MEP Rough-In | L -1 | 1149881,A1690,MEP Rough-In,L -1,MEP_TakeOff.csv:1149881,2029-12-10T14:00:00,2029-12-10T14:20:00
1115859,MEP Rough-In | L -1 | 1115859,A1690,MEP Rough-In,L -1,MEP_TakeOff.csv:1115859,2029-12-10T14:20:00,2029-12-10T14:40:00
1290707,MEP Rough-In | L 0 | 1290707,A1690,MEP Rough-In,L 0,MEP_TakeOff.csv:1290707,2029-12-10T09:00:00,2029-12-10T09:20:00
1290723,MEP Rough-In | L 0 | 1290723,A1690,MEP Rough-In,L 0,MEP_TakeOff.csv:1290723,2029-12-10T09:00:00,2029-12-10T09:20:00
1290770,MEP Rough-In | L 0 | 1290770,A1690,MEP Rough-In,L 0,MEP_TakeOff.csv:1290770,2029-12-10T09:00:00,2029-12-10T09:20:00
1290753,MEP Rough-In | L 0 | 1290753,A1690,MEP Rough-In,L 0,MEP_TakeOff.csv:1290753,2029-12-10T09:20:00,2029-12-10T09:40:00
1290923,MEP Rough-In | L 0 | 1290923,A1690,MEP Rough-In,L 0,MEP_TakeOff.csv:1290923,2029-12-10T09:20:00,2029-12-10T09:40:00
1290940,MEP Rough-In | L 0 | 1290940,A1690,MEP Rough-In,L 0,MEP_TakeOff.csv:1290940,2029-12-10T09:20:00,2029-12-10T09:40:00
1290872,MEP Rough-In | L 0 | 1290872,A1690,MEP Rough-In,L 0,MEP_TakeOff.csv:1290872,2029-12-10T09:40:00,2029-12-10T10:00:00
1290889,MEP Rough-In | L 0 | 1290889,A1690,MEP Rough-In,L 0,MEP_TakeOff.csv:1290889,2029-12-10T09:40:00,2029-12-10T10:00:00
1290906,MEP Rough-In | L 0 | 1290906,A1690,MEP Rough-In,L 0,MEP_TakeOff.csv:1290906,2029-12-10T09:40:00,2029-12-10T10:00:00
1290821,MEP Rough-In | L 0 | 1290821,A1690,MEP Rough-In,L 0,MEP_TakeOff.csv:1290821,2029-12-10T10:00:00,2029-12-10T10:20:00
1290838,MEP Rough-In | L 0 | 1290838,A1690,MEP Rough-In,L 0,MEP_TakeOff.csv:1290838,2029-12-10T10:00:00,2029-12-10T10:20:00
1290855,MEP Rough-In | L 0 | 1290855,A1690,MEP Rough-In,L 0,MEP_TakeOff.csv:1290855,2029-12-10T10:00:00,2029-12-10T10:20:00
1290726,MEP Rough-In | L 0 | 1290726,A1690,MEP Rough-In,L 0,MEP_TakeOff.csv:1290726,2029-12-10T10:20:00,2029-12-10T10:40:00
1290787,MEP Rough-In | L 0 | 1290787,A1690,MEP Rough-In,L 0,MEP_TakeOff.csv:1290787,2029-12-10T10:20:00,2029-12-10T10:40:00
1290804,MEP Rough-In | L 0 | 1290804,A1690,MEP Rough-In,L 0,MEP_TakeOff.csv:1290804,2029-12-10T10:20:00,2029-12-10T10:40:00
1290711,MEP Rough-In | L 0 | 1290711,A1690,MEP Rough-In,L 0,MEP_TakeOff.csv:1290711,2029-12-10T10:40:00,2029-12-10T11:00:00
1290756,MEP Rough-In | L 0 | 1290756,A1690,MEP Rough-In,L 0,MEP_TakeOff.csv:1290756,2029-12-10T10:40:00,2029-12-10T11:00:00
1290773,MEP Rough-In | L 0 | 1290773,A1690,MEP Rough-In,L 0,MEP_TakeOff.csv:1290773,2029-12-10T10:40:00,2029-12-10T11:00:00
1290909,MEP Rough-In | L 0 | 1290909,A1690,MEP Rough-In,L 0,MEP_TakeOff.csv:1290909,2029-12-10T11:00:00,2029-12-10T11:20:00
1290926,MEP Rough-In | L 0 | 1290926,A1690,MEP Rough-In,L 0,MEP_TakeOff.csv:1290926,2029-12-10T11:00:00,2029-12-10T11:20:00
1290943,MEP Rough-In | L 0 | 1290943,A1690,MEP Rough-In,L 0,MEP_TakeOff.csv:1290943,2029-12-10T11:00:00,2029-12-10T11:20:00
1290858,MEP Rough-In | L 0 | 1290858,A1690,MEP Rough-In,L 0,MEP_TakeOff.csv:1290858,2029-12-10T11:20:00,2029-12-10T11:40:00
1290875,MEP Rough-In | L 0 | 1290875,A1690,MEP Rough-In,L 0,MEP_TakeOff.csv:1290875,2029-12-10T11:20:00,2029-12-10T11:40:00
1290892,MEP Rough-In | L 0 | 1290892,A1690,MEP Rough-In,L 0,MEP_TakeOff.csv:1290892,2029-12-10T11:20:00,2029-12-10T11:40:00
1290807,MEP Rough-In | L 0 | 1290807,A1690,MEP Rough-In,L 0,MEP_TakeOff.csv:1290807,2029-12-10T11:40:00,2029-12-10T12:00:00
1290824,MEP Rough-In | L 0 | 1290824,A1690,MEP Rough-In,L 0,MEP_TakeOff.csv:1290824,2029-12-10T11:40:00,2029-12-10T12:00:00
1290841,MEP Rough-In | L 0 | 1290841,A1690,MEP Rough-In,L 0,MEP_TakeOff.csv:1290841,2029-12-10T11:40:00,2029-12-10T12:00:00
1255449,MEP Rough-In | L 0 | 1255449,A1690,MEP Rough-In,L 0,MEP_TakeOff.csv:1255449,2029-12-10T12:00:00,2029-12-10T12:20:00
1290790,MEP Rough-In | L 0 | 1290790,A1690,MEP Rough-In,L 0,MEP_TakeOff.csv:1290790,2029-12-10T12:00:00,2029-12-10T12:20:00
1341525,MEP Rough-In | L 0 | 1341525,A1690,MEP Rough-In,L 0,MEP_TakeOff.csv:1341525,2029-12-10T12:00:00,2029-12-10T12:20:00
1254877,MEP Rough-In | L 0 | 1254877,A1690,MEP Rough-In,L 0,MEP_TakeOff.csv:1254877,2029-12-10T12:20:00,2029-12-10T12:40:00
1378088,MEP Rough-In | L 0 | 1378088,A1690,MEP Rough-In,L 0,MEP_TakeOff.csv:1378088,2029-12-10T12:20:00,2029-12-10T12:40:00
1378089,MEP Rough-In | L 0 | 1378089,A1690,MEP Rough-In,L 0,MEP_TakeOff.csv:1378089,2029-12-10T12:20:00,2029-12-10T12:40:00
1255067,MEP Rough-In | L 0 | 1255067,A1690,MEP Rough-In,L 0,MEP_TakeOff.csv:1255067,2029-12-10T12:40:00,2029-12-10T13:00:00
1255068,MEP Rough-In | L 0 | 1255068,A1690,MEP Rough-In,L 0,MEP_TakeOff.csv:1255068,2029-12-10T12:40:00,2029-12-10T13:00:00
1255072,MEP Rough-In | L 0 | 1255072,A1690,MEP Rough-In,L 0,MEP_TakeOff.csv:1255072,2029-12-10T12:40:00,2029-12-10T13:00:00
1255069,MEP Rough-In | L 0 | 1255069,A1690,MEP Rough-In,L 0,MEP_TakeOff.csv:1255069,2029-12-10T13:00:00,2029-12-10T13:20:00
1255077,MEP Rough-In | L 0 | 1255077,A1690,MEP Rough-In,L 0,MEP_TakeOff.csv:1255077,2029-12-10T13:00:00,2029-12-10T13:20:00
1255479,MEP Rough-In | L 0 | 1255479,A1690,MEP Rough-In,L 0,MEP_TakeOff.csv:1255479,2029-12-10T13:00:00,2029-12-10T13:20:00
1255416,MEP Rough-In | L 0 | 1255416,A1690,MEP Rough-In,L 0,MEP_TakeOff.csv:1255416,2029-12-10T13:20:00,2029-12-10T13:40:00
1255425,MEP Rough-In | L 0 | 1255425,A1690,MEP Rough-In,L 0,MEP_TakeOff.csv:1255425,2029-12-10T13:20:00,2029-12-10T13:40:00
1255430,MEP Rough-In | L 0 | 1255430,A1690,MEP Rough-In,L 0,MEP_TakeOff.csv:1255430,2029-12-10T13:20:00,2029-12-10T13:40:00
1255316,MEP Rough-In | L 0 | 1255316,A1690,MEP Rough-In,L 0,MEP_TakeOff.csv:1255316,2029-12-10T13:40:00,2029-12-10T14:00:00
1255356,MEP Rough-In | L 0 | 1255356,A1690,MEP Rough-In,L 0,MEP_TakeOff.csv:1255356,2029-12-10T13:40:00,2029-12-10T14:00:00
1255411,MEP Rough-In | L 0 | 1255411,A1690,MEP Rough-In,L 0,MEP_TakeOff.csv:1255411,2029-12-10T13:40:00,2029-12-10T14:00:00
1255224,MEP Rough-In | L 0 | 1255224,A1690,MEP Rough-In,L 0,MEP_TakeOff.csv:1255224,2029-12-10T14:00:00,2029-12-10T14:20:00
1255229,MEP Rough-In | L 0 | 1255229,A1690,MEP Rough-In,L 0,MEP_TakeOff.csv:1255229,2029-12-10T14:00:00,2029-12-10T14:20:00
1255297,MEP Rough-In | L 0 | 1255297,A1690,MEP Rough-In,L 0,MEP_TakeOff.csv:1255297,2029-12-10T14:00:00,2029-12-10T14:20:00
1144040,MEP Rough-In | L 0 | 1144040,A1690,MEP Rough-In,L 0,MEP_TakeOff.csv:1144040,2029-12-10T14:20:00,2029-12-10T14:40:00
1144320,MEP Rough-In | L 0 | 1144320,A1690,MEP Rough-In,L 0,MEP_TakeOff.csv:1144320,2029-12-10T14:20:00,2029-12-10T14:40:00
1144720,MEP Rough-In | L 0 | 1144720,A1690,MEP Rough-In,L 0,MEP_TakeOff.csv:1144720,2029-12-10T14:20:00,2029-12-10T14:40:00
1144803,MEP Rough-In | L 0 | 1144803,A1690,MEP Rough-In,L 0,MEP_TakeOff.csv:1144803,2029-12-10T14:40:00,2029-12-10T15:00:00
1165445,MEP Rough-In | L 0 | 1165445,A1690,MEP Rough-In,L 0,MEP_TakeOff.csv:1165445,2029-12-10T14:40:00,2029-12-10T15:00:00
1277214,MEP Rough-In | L 0 | 1277214,A1690,MEP Rough-In,L 0,MEP_TakeOff.csv:1277214,2029-12-10T14:40:00,2029-12-10T15:00:00
1165437,MEP Rough-In | L 0 | 1165437,A1690,MEP Rough-In,L 0,MEP_TakeOff.csv:1165437,2029-12-10T15:00:00,2029-12-10T15:20:00
1165441,MEP Rough-In | L 0 | 1165441,A1690,MEP Rough-In,L 0,MEP_TakeOff.csv:1165441,2029-12-10T15:00:00,2029-12-10T15:20:00
1165447,MEP Rough-In | L 0 | 1165447,A1690,MEP Rough-In,L 0,MEP_TakeOff.csv:1165447,2029-12-10T15:00:00,2029-12-10T15:20:00
1145360,MEP Rough-In | L 0 | 1145360,A1690,MEP Rough-In,L 0,MEP_TakeOff.csv:1145360,2029-12-10T15:20:00,2029-12-10T15:40:00
1156184,MEP Rough-In | L 0 | 1156184,A1690,MEP Rough-In,L 0,MEP_TakeOff.csv:1156184,2029-12-10T15:20:00,2029-12-10T15:40:00
1277210,MEP Rough-In | L 0 | 1277210,A1690,MEP Rough-In,L 0,MEP_TakeOff.csv:1277210,2029-12-10T15:20:00,2029-12-10T15:40:00
1087346,MEP Rough-In | L 0 | 1087346,A1690,MEP Rough-In,L 0,MEP_TakeOff.csv:1087346,2029-12-10T15:40:00,2029-12-10T16:00:00
1147288,MEP Rough-In | L 0 | 1147288,A1690,MEP Rough-In,L 0,MEP_TakeOff.csv:1147288,2029-12-10T15:40:00,2029-12-10T16:00:00
1277213,MEP Rough-In | L 0 | 1277213,A1690,MEP Rough-In,L 0,MEP_TakeOff.csv:1277213,2029-12-10T15:40:00,2029-12-10T16:00:00
1145378,MEP Rough-In | L 0 | 1145378,A1690,MEP Rough-In,L 0,MEP_TakeOff.csv:1145378,2029-12-10T16:00:00,2029-12-10T16:20:00
1153057,MEP Rough-In | L 0 | 1153057,A1690,MEP Rough-In,L 0,MEP_TakeOff.csv:1153057,2029-12-10T16:00:00,2029-12-10T16:20:00
1266259,MEP Rough-In | L 0 | 1266259,A1690,MEP Rough-In,L 0,MEP_TakeOff.csv:1266259,2029-12-10T16:00:00,2029-12-10T16:20:00
1152997,MEP Rough-In | L 0 | 1152997,A1690,MEP Rough-In,L 0,MEP_TakeOff.csv:1152997,2029-12-10T16:20:00,2029-12-10T16:40:00
1153047,MEP Rough-In | L 0 | 1153047,A1690,MEP Rough-In,L 0,MEP_TakeOff.csv:1153047,2029-12-10T16:20:00,2029-12-10T16:40:00
1153062,MEP Rough-In | L 0 | 1153062,A1690,MEP Rough-In,L 0,MEP_TakeOff.csv:1153062,2029-12-10T16:20:00,2029-12-10T16:40:00
1145345,MEP Rough-In | L 0 | 1145345,A1690,MEP Rough-In,L 0,MEP_TakeOff.csv:1145345,2029-12-10T16:40:00,2029-12-10T17:00:00
1145482,MEP Rough-In | L 0 | 1145482,A1690,MEP Rough-In,L 0,MEP_TakeOff.csv:1145482,2029-12-10T16:40:00,2029-12-10T17:00:00
1266165,MEP Rough-In | L 0 | 1266165,A1690,MEP Rough-In,L 0,MEP_TakeOff.csv:1266165,2029-12-10T16:40:00,2029-12-10T17:00:00
1145313,MEP Rough-In | L 0 | 1145313,A1690,MEP Rough-In,L 0,MEP_TakeOff.csv:1145313,2029-12-11T09:00:00,2029-12-11T09:20:00
1266258,MEP Rough-In | L 0 | 1266258,A1690,MEP Rough-In,L 0,MEP_TakeOff.csv:1266258,2029-12-11T09:00:00,2029-12-11T09:20:00
1266261,MEP Rough-In | L 0 | 1266261,A1690,MEP Rough-In,L 0,MEP_TakeOff.csv:1266261,2029-12-11T09:00:00,2029-12-11T09:20:00
1145386,MEP Rough-In | L 0 | 1145386,A1690,MEP Rough-In,L 0,MEP_TakeOff.csv:1145386,2029-12-11T09:20:00,2029-12-11T09:40:00
1145387,MEP Rough-In | L 0 | 1145387,A1690,MEP Rough-In,L 0,MEP_TakeOff.csv:1145387,2029-12-11T09:20:00,2029-12-11T09:40:00
1266166,MEP Rough-In | L 0 | 1266166,A1690,MEP Rough-In,L 0,MEP_TakeOff.csv:1266166,2029-12-11T09:20:00,2029-12-11T09:40:00
1145369,MEP Rough-In | L 0 | 1145369,A1690,MEP Rough-In,L 0,MEP_TakeOff.csv:1145369,2029-12-11T09:40:00,2029-12-11T10:00:00
1145370,MEP Rough-In | L 0 | 1145370,A1690,MEP Rough-In,L 0,MEP_TakeOff.csv:1145370,2029-12-11T09:40:00,2029-12-11T10:00:00
1147289,MEP Rough-In | L 0 | 1147289,A1690,MEP Rough-In,L 0,MEP_TakeOff.csv:1147289,2029-12-11T09:40:00,2029-12-11T10:00:00
1146109,MEP Rough-In | L 0 | 1146109,A1690,MEP Rough-In,L 0,MEP_TakeOff.csv:1146109,2029-12-11T10:00:00,2029-12-11T10:20:00
1154638,MEP Rough-In | L 0 | 1154638,A1690,MEP Rough-In,L 0,MEP_TakeOff.csv:1154638,2029-12-11T10:00:00,2029-12-11T10:20:00
1154659,MEP Rough-In | L 0 | 1154659,A1690,MEP Rough-In,L 0,MEP_TakeOff.csv:1154659,2029-12-11T10:00:00,2029-12-11T10:20:00
1145352,MEP Rough-In | L 0 | 1145352,A1690,MEP Rough-In,L 0,MEP_TakeOff.csv:1145352,2029-12-11T10:20:00,2029-12-11T10:40:00
1154636,MEP Rough-In | L 0 | 1154636,A1690,MEP Rough-In,L 0,MEP_TakeOff.csv:1154636,2029-12-11T10:20:00,2029-12-11T10:40:00
1266260,MEP Rough-In | L 0 | 1266260,A1690,MEP Rough-In,L 0,MEP_TakeOff.csv:1266260,2029-12-11T10:20:00,2029-12-11T10:40:00
1145483,MEP Rough-In | L 0 | 1145483,A1690,MEP Rough-In,L 0,MEP_TakeOff.csv:1145483,2029-12-11T10:40:00,2029-12-11T11:00:00
1255849,MEP Rough-In | L 0 | 1255849,A1690,MEP Rough-In,L 0,MEP_TakeOff.csv:1255849,2029-12-11T10:40:00,2029-12-11T11:00:00
1266164,MEP Rough-In | L 0 | 1266164,A1690,MEP Rough-In,L 0,MEP_TakeOff.csv:1266164,2029-12-11T10:40:00,2029-12-11T11:00:00
1087171,MEP Rough-In | L 0 | 1087171,A1690,MEP Rough-In,L 0,MEP_TakeOff.csv:1087171,2029-12-11T11:00:00,2029-12-11T11:20:00
1147287,MEP Rough-In | L 0 | 1147287,A1690,MEP Rough-In,L 0,MEP_TakeOff.csv:1147287,2029-12-11T11:00:00,2029-12-11T11:20:00
1260295,MEP Rough-In | L 0 | 1260295,A1690,MEP Rough-In,L 0,MEP_TakeOff.csv:1260295,2029-12-11T11:00:00,2029-12-11T11:20:00
1165440,MEP Rough-In | L 0 | 1165440,A1690,MEP Rough-In,L 0,MEP_TakeOff.csv:1165440,2029-12-11T11:20:00,2029-12-11T11:40:00
1165444,MEP Rough-In | L 0 | 1165444,A1690,MEP Rough-In,L 0,MEP_TakeOff.csv:1165444,2029-12-11T11:20:00,2029-12-11T11:40:00
1340593,MEP Rough-In | L 0 | 1340593,A1690,MEP Rough-In,L 0,MEP_TakeOff.csv:1340593,2029-12-11T11:20:00,2029-12-11T11:40:00
1136702,MEP Rough-In | L 0 | 1136702,A1690,MEP Rough-In,L 0,MEP_TakeOff.csv:1136702,2029-12-11T11:40:00,2029-12-11T12:00:00
1165446,MEP Rough-In | L 0 | 1165446,A1690,MEP Rough-In,L 0,MEP_TakeOff.csv:1165446,2029-12-11T11:40:00,2029-12-11T12:00:00
1338482,MEP Rough-In | L 0 | 1338482,A1690,MEP Rough-In,L 0,MEP_TakeOff.csv:1338482,2029-12-11T11:40:00,2029-12-11T12:00:00
1145353,MEP Rough-In | L 0 | 1145353,A1690,MEP Rough-In,L 0,MEP_TakeOff.csv:1145353,2029-12-11T12:00:00,2029-12-11T12:20:00
1145397,MEP Rough-In | L 0 | 1145397,A1690,MEP Rough-In,L 0,MEP_TakeOff.csv:1145397,2029-12-11T12:00:00,2029-12-11T12:20:00
1237180,MEP Rough-In | L 0 | 1237180,A1690,MEP Rough-In,L 0,MEP_TakeOff.csv:1237180,2029-12-11T12:00:00,2029-12-11T12:20:00
1145368,MEP Rough-In | L 0 | 1145368,A1690,MEP Rough-In,L 0,MEP_TakeOff.csv:1145368,2029-12-11T12:20:00,2029-12-11T12:40:00
1145385,MEP Rough-In | L 0 | 1145385,A1690,MEP Rough-In,L 0,MEP_TakeOff.csv:1145385,2029-12-11T12:20:00,2029-12-11T12:40:00
1156183,MEP Rough-In | L 0 | 1156183,A1690,MEP Rough-In,L 0,MEP_TakeOff.csv:1156183,2029-12-11T12:20:00,2029-12-11T12:40:00
1087362,MEP Rough-In | L 0 | 1087362,A1690,MEP Rough-In,L 0,MEP_TakeOff.csv:1087362,2029-12-11T12:40:00,2029-12-11T13:00:00
1203502,MEP Rough-In | L 0 | 1203502,A1690,MEP Rough-In,L 0,MEP_TakeOff.csv:1203502,2029-12-11T12:40:00,2029-12-11T13:00:00
1293489,MEP Rough-In | L 0 | 1293489,A1690,MEP Rough-In,L 0,MEP_TakeOff.csv:1293489,2029-12-11T12:40:00,2029-12-11T13:00:00
1146867,MEP Rough-In | L 0 | 1146867,A1690,MEP Rough-In,L 0,MEP_TakeOff.csv:1146867,2029-12-11T13:00:00,2029-12-11T13:20:00
1266182,MEP Rough-In | L 0 | 1266182,A1690,MEP Rough-In,L 0,MEP_TakeOff.csv:1266182,2029-12-11T13:00:00,2029-12-11T13:20:00
1293212,MEP Rough-In | L 0 | 1293212,A1690,MEP Rough-In,L 0,MEP_TakeOff.csv:1293212,2029-12-11T13:00:00,2029-12-11T13:20:00
1293197,MEP Rough-In | L 0 | 1293197,A1690,MEP Rough-In,L 0,MEP_TakeOff.csv:1293197,2029-12-11T13:20:00,2029-12-11T13:40:00
1293202,MEP Rough-In | L 0 | 1293202,A1690,MEP Rough-In,L 0,MEP_TakeOff.csv:1293202,2029-12-11T13:20:00,2029-12-11T13:40:00
1293207,MEP Rough-In | L 0 | 1293207,A1690,MEP Rough-In,L 0,MEP_TakeOff.csv:1293207,2029-12-11T13:20:00,2029-12-11T13:40:00
1165438,MEP Rough-In | L 0 | 1165438,A1690,MEP Rough-In,L 0,MEP_TakeOff.csv:1165438,2029-12-11T13:40:00,2029-12-11T14:00:00
1165442,MEP Rough-In | L 0 | 1165442,A1690,MEP Rough-In,L 0,MEP_TakeOff.csv:1165442,2029-12-11T13:40:00,2029-12-11T14:00:00
1293191,MEP Rough-In | L 0 | 1293191,A1690,MEP Rough-In,L 0,MEP_TakeOff.csv:1293191,2029-12-11T13:40:00,2029-12-11T14:00:00
1293188,MEP Rough-In | L 0 | 1293188,A1690,MEP Rough-In,L 0,MEP_TakeOff.csv:1293188,2029-12-11T14:00:00,2029-12-11T14:20:00
1293194,MEP Rough-In | L 0 | 1293194,A1690,MEP Rough-In,L 0,MEP_TakeOff.csv:1293194,2029-12-11T14:00:00,2029-12-11T14:20:00
1293199,MEP Rough-In | L 0 | 1293199,A1690,MEP Rough-In,L 0,MEP_TakeOff.csv:1293199,2029-12-11T14:00:00,2029-12-11T14:20:00
1165434,MEP Rough-In | L 0 | 1165434,A1690,MEP Rough-In,L 0,MEP_TakeOff.csv:1165434,2029-12-11T14:20:00,2029-12-11T14:40:00
1293204,MEP Rough-In | L 0 | 1293204,A1690,MEP Rough-In,L 0,MEP_TakeOff.csv:1293204,2029-12-11T14:20:00,2029-12-11T14:40:00
1293209,MEP Rough-In | L 0 | 1293209,A1690,MEP Rough-In,L 0,MEP_TakeOff.csv:1293209,2029-12-11T14:20:00,2029-12-11T14:40:00
1153052,MEP Rough-In | L 0 | 1153052,A1690,MEP Rough-In,L 0,MEP_TakeOff.csv:1153052,2029-12-11T14:40:00,2029-12-11T15:00:00
1153067,MEP Rough-In | L 0 | 1153067,A1690,MEP Rough-In,L 0,MEP_TakeOff.csv:1153067,2029-12-11T14:40:00,2029-12-11T15:00:00
1165448,MEP Rough-In | L 0 | 1165448,A1690,MEP Rough-In,L 0,MEP_TakeOff.csv:1165448,2029-12-11T14:40:00,2029-12-11T15:00:00
1144167,MEP Rough-In | L 0 | 1144167,A1690,MEP Rough-In,L 0,MEP_TakeOff.csv:1144167,2029-12-11T15:00:00,2029-12-11T15:20:00
1144421,MEP Rough-In | L 0 | 1144421,A1690,MEP Rough-In,L 0,MEP_TakeOff.csv:1144421,2029-12-11T15:00:00,2029-12-11T15:20:00
1145004,MEP Rough-In | L 0 | 1145004,A1690,MEP Rough-In,L 0,MEP_TakeOff.csv:1145004,2029-12-11T15:00:00,2029-12-11T15:20:00
1143736,MEP Rough-In | L 0 | 1143736,A1690,MEP Rough-In,L 0,MEP_TakeOff.csv:1143736,2029-12-11T15:20:00,2029-12-11T15:40:00
1153042,MEP Rough-In | L 0 | 1153042,A1690,MEP Rough-In,L 0,MEP_TakeOff.csv:1153042,2029-12-11T15:20:00,2029-12-11T15:40:00
1340656,MEP Rough-In | L 0 | 1340656,A1690,MEP Rough-In,L 0,MEP_TakeOff.csv:1340656,2029-12-11T15:20:00,2029-12-11T15:40:00
1156751,MEP Rough-In | L 0 | 1156751,A1690,MEP Rough-In,L 0,MEP_TakeOff.csv:1156751,2029-12-11T15:40:00,2029-12-11T16:00:00
1156752,MEP Rough-In | L 0 | 1156752,A1690,MEP Rough-In,L 0,MEP_TakeOff.csv:1156752,2029-12-11T15:40:00,2029-12-11T16:00:00
1156753,MEP Rough-In | L 0 | 1156753,A1690,MEP Rough-In,L 0,MEP_TakeOff.csv:1156753,2029-12-11T15:40:00,2029-12-11T16:00:00
1156749,MEP Rough-In | L 0 | 1156749,A1690,MEP Rough-In,L 0,MEP_TakeOff.csv:1156749,2029-12-11T16:00:00,2029-12-11T16:20:00
1156750,MEP Rough-In | L 0 | 1156750,A1690,MEP Rough-In,L 0,MEP_TakeOff.csv:1156750,2029-12-11T16:00:00,2029-12-11T16:20:00
1165443,MEP Rough-In | L 0 | 1165443,A1690,MEP Rough-In,L 0,MEP_TakeOff.csv:1165443,2029-12-11T16:00:00,2029-12-11T16:20:00
1087378,MEP Rough-In | L 0 | 1087378,A1690,MEP Rough-In,L 0,MEP_TakeOff.csv:1087378,2029-12-11T16:20:00,2029-12-11T16:40:00
1156185,MEP Rough-In | L 0 | 1156185,A1690,MEP Rough-In,L 0,MEP_TakeOff.csv:1156185,2029-12-11T16:20:00,2029-12-11T16:40:00
1165449,MEP Rough-In | L 0 | 1165449,A1690,MEP Rough-In,L 0,MEP_TakeOff.csv:1165449,2029-12-11T16:20:00,2029-12-11T16:40:00
1165435,MEP Rough-In | L 0 | 1165435,A1690,MEP Rough-In,L 0,MEP_TakeOff.csv:1165435,2029-12-11T16:40:00,2029-12-11T17:00:00
1165439,MEP Rough-In | L 0 | 1165439,A1690,MEP Rough-In,L 0,MEP_TakeOff.csv:1165439,2029-12-11T16:40:00,2029-12-11T17:00:00
1341725,MEP Rough-In | L 0 | 1341725,A1690,MEP Rough-In,L 0,MEP_TakeOff.csv:1341725,2029-12-11T16:40:00,2029-12-11T17:00:00
1147253,MEP Rough-In | L 0 | 1147253,A1690,MEP Rough-In,L 0,MEP_TakeOff.csv:1147253,2029-12-12T09:00:00,2029-12-12T09:20:00
1154620,MEP Rough-In | L 0 | 1154620,A1690,MEP Rough-In,L 0,MEP_TakeOff.csv:1154620,2029-12-12T09:00:00,2029-12-12T09:20:00
1157697,MEP Rough-In | L 0 | 1157697,A1690,MEP Rough-In,L 0,MEP_TakeOff.csv:1157697,2029-12-12T09:00:00,2029-12-12T09:20:00
1147255,MEP Rough-In | L 0 | 1147255,A1690,MEP Rough-In,L 0,MEP_TakeOff.csv:1147255,2029-12-12T09:20:00,2029-12-12T09:40:00
1157693,MEP Rough-In | L 0 | 1157693,A1690,MEP Rough-In,L 0,MEP_TakeOff.csv:1157693,2029-12-12T09:20:00,2029-12-12T09:40:00
1376559,MEP Rough-In | L 0 | 1376559,A1690,MEP Rough-In,L 0,MEP_TakeOff.csv:1376559,2029-12-12T09:20:00,2029-12-12T09:40:00
1087394,MEP Rough-In | L 0 | 1087394,A1690,MEP Rough-In,L 0,MEP_TakeOff.csv:1087394,2029-12-12T09:40:00,2029-12-12T10:00:00
1156186,MEP Rough-In | L 0 | 1156186,A1690,MEP Rough-In,L 0,MEP_TakeOff.csv:1156186,2029-12-12T09:40:00,2029-12-12T10:00:00
1164746,MEP Rough-In | L 0 | 1164746,A1690,MEP Rough-In,L 0,MEP_TakeOff.csv:1164746,2029-12-12T09:40:00,2029-12-12T10:00:00
1146869,MEP Rough-In | L 0 | 1146869,A1690,MEP Rough-In,L 0,MEP_TakeOff.csv:1146869,2029-12-12T10:00:00,2029-12-12T10:20:00
1266757,MEP Rough-In | L 0 | 1266757,A1690,MEP Rough-In,L 0,MEP_TakeOff.csv:1266757,2029-12-12T10:00:00,2029-12-12T10:20:00
1267294,MEP Rough-In | L 0 | 1267294,A1690,MEP Rough-In,L 0,MEP_TakeOff.csv:1267294,2029-12-12T10:00:00,2029-12-12T10:20:00
1088861,MEP Rough-In | L 0 | 1088861,A1690,MEP Rough-In,L 0,MEP_TakeOff.csv:1088861,2029-12-12T10:20:00,2029-12-12T10:40:00
1241494,MEP Rough-In | L 0 | 1241494,A1690,MEP Rough-In,L 0,MEP_TakeOff.csv:1241494,2029-12-12T10:20:00,2029-12-12T10:40:00
1376558,MEP Rough-In | L 0 | 1376558,A1690,MEP Rough-In,L 0,MEP_TakeOff.csv:1376558,2029-12-12T10:20:00,2029-12-12T10:40:00
1165804,MEP Rough-In | L 0 | 1165804,A1690,MEP Rough-In,L 0,MEP_TakeOff.csv:1165804,2029-12-12T10:40:00,2029-12-12T11:00:00
1241441,MEP Rough-In | L 0 | 1241441,A1690,MEP Rough-In,L 0,MEP_TakeOff.csv:1241441,2029-12-12T10:40:00,2029-12-12T11:00:00
1241485,MEP Rough-In | L 0 | 1241485,A1690,MEP Rough-In,L 0,MEP_TakeOff.csv:1241485,2029-12-12T10:40:00,2029-12-12T11:00:00
1094979,MEP Rough-In | L 0 | 1094979,A1690,MEP Rough-In,L 0,MEP_TakeOff.csv:1094979,2029-12-12T11:00:00,2029-12-12T11:20:00
1136763,MEP Rough-In | L 0 | 1136763,A1690,MEP Rough-In,L 0,MEP_TakeOff.csv:1136763,2029-12-12T11:00:00,2029-12-12T11:20:00
1293130,MEP Rough-In | L 0 | 1293130,A1690,MEP Rough-In,L 0,MEP_TakeOff.csv:1293130,2029-12-12T11:00:00,2029-12-12T11:20:00
1094978,MEP Rough-In | L 0 | 1094978,A1690,MEP Rough-In,L 0,MEP_TakeOff.csv:1094978,2029-12-12T11:20:00,2029-12-12T11:40:00
1241450,MEP Rough-In | L 0 | 1241450,A1690,MEP Rough-In,L 0,MEP_TakeOff.csv:1241450,2029-12-12T11:20:00,2029-12-12T11:40:00
1241484,MEP Rough-In | L 0 | 1241484,A1690,MEP Rough-In,L 0,MEP_TakeOff.csv:1241484,2029-12-12T11:20:00,2029-12-12T11:40:00
1262015,MEP Rough-In | L 0 | 1262015,A1690,MEP Rough-In,L 0,MEP_TakeOff.csv:1262015,2029-12-12T11:40:00,2029-12-12T12:00:00
1266029,MEP Rough-In | L 0 | 1266029,A1690,MEP Rough-In,L 0,MEP_TakeOff.csv:1266029,2029-12-12T11:40:00,2029-12-12T12:00:00
1293129,MEP Rough-In | L 0 | 1293129,A1690,MEP Rough-In,L 0,MEP_TakeOff.csv:1293129,2029-12-12T11:40:00,2029-12-12T12:00:00
1266094,MEP Rough-In | L 0 | 1266094,A1690,MEP Rough-In,L 0,MEP_TakeOff.csv:1266094,2029-12-12T12:00:00,2029-12-12T12:20:00
1290247,MEP Rough-In | L 0 | 1290247,A1690,MEP Rough-In,L 0,MEP_TakeOff.csv:1290247,2029-12-12T12:00:00,2029-12-12T12:20:00
1290252,MEP Rough-In | L 0 | 1290252,A1690,MEP Rough-In,L 0,MEP_TakeOff.csv:1290252,2029-12-12T12:00:00,2029-12-12T12:20:00
1147671,MEP Rough-In | L 0 | 1147671,A1690,MEP Rough-In,L 0,MEP_TakeOff.csv:1147671,2029-12-12T12:20:00,2029-12-12T12:40:00
1240108,MEP Rough-In | L 0 | 1240108,A1690,MEP Rough-In,L 0,MEP_TakeOff.csv:1240108,2029-12-12T12:20:00,2029-12-12T12:40:00
1261085,MEP Rough-In | L 0 | 1261085,A1690,MEP Rough-In,L 0,MEP_TakeOff.csv:1261085,2029-12-12T12:20:00,2029-12-12T12:40:00
1143057,MEP Rough-In | L 0 | 1143057,A1690,MEP Rough-In,L 0,MEP_TakeOff.csv:1143057,2029-12-12T12:40:00,2029-12-12T13:00:00
1261001,MEP Rough-In | L 0 | 1261001,A1690,MEP Rough-In,L 0,MEP_TakeOff.csv:1261001,2029-12-12T12:40:00,2029-12-12T13:00:00
1378347,MEP Rough-In | L 0 | 1378347,A1690,MEP Rough-In,L 0,MEP_TakeOff.csv:1378347,2029-12-12T12:40:00,2029-12-12T13:00:00
1147489,MEP Rough-In | L 0 | 1147489,A1690,MEP Rough-In,L 0,MEP_TakeOff.csv:1147489,2029-12-12T13:00:00,2029-12-12T13:20:00
1349814,MEP Rough-In | L 0 | 1349814,A1690,MEP Rough-In,L 0,MEP_TakeOff.csv:1349814,2029-12-12T13:00:00,2029-12-12T13:20:00
1378346,MEP Rough-In | L 0 | 1378346,A1690,MEP Rough-In,L 0,MEP_TakeOff.csv:1378346,2029-12-12T13:00:00,2029-12-12T13:20:00
1147501,MEP Rough-In | L 0 | 1147501,A1690,MEP Rough-In,L 0,MEP_TakeOff.csv:1147501,2029-12-12T13:20:00,2029-12-12T13:40:00
1147540,MEP Rough-In | L 0 | 1147540,A1690,MEP Rough-In,L 0,MEP_TakeOff.csv:1147540,2029-12-12T13:20:00,2029-12-12T13:40:00
1147542,MEP Rough-In | L 0 | 1147542,A1690,MEP Rough-In,L 0,MEP_TakeOff.csv:1147542,2029-12-12T13:20:00,2029-12-12T13:40:00
1143056,MEP Rough-In | L 0 | 1143056,A1690,MEP Rough-In,L 0,MEP_TakeOff.csv:1143056,2029-12-12T13:40:00,2029-12-12T14:00:00
1143085,MEP Rough-In | L 0 | 1143085,A1690,MEP Rough-In,L 0,MEP_TakeOff.csv:1143085,2029-12-12T13:40:00,2029-12-12T14:00:00
1240105,MEP Rough-In | L 0 | 1240105,A1690,MEP Rough-In,L 0,MEP_TakeOff.csv:1240105,2029-12-12T13:40:00,2029-12-12T14:00:00
1261084,MEP Rough-In | L 0 | 1261084,A1690,MEP Rough-In,L 0,MEP_TakeOff.csv:1261084,2029-12-12T14:00:00,2029-12-12T14:20:00
1261101,MEP Rough-In | L 0 | 1261101,A1690,MEP Rough-In,L 0,MEP_TakeOff.csv:1261101,2029-12-12T14:00:00,2029-12-12T14:20:00
1349847,MEP Rough-In | L 0 | 1349847,A1690,MEP Rough-In,L 0,MEP_TakeOff.csv:1349847,2029-12-12T14:00:00,2029-12-12T14:20:00
1145842,MEP Rough-In | L 0 | 1145842,A1690,MEP Rough-In,L 0,MEP_TakeOff.csv:1145842,2029-12-12T14:20:00,2029-12-12T14:40:00
1146930,MEP Rough-In | L 0 | 1146930,A1690,MEP Rough-In,L 0,MEP_TakeOff.csv:1146930,2029-12-12T14:20:00,2029-12-12T14:40:00
1261075,MEP Rough-In | L 0 | 1261075,A1690,MEP Rough-In,L 0,MEP_TakeOff.csv:1261075,2029-12-12T14:20:00,2029-12-12T14:40:00
1261129,MEP Rough-In | L 0 | 1261129,A1690,MEP Rough-In,L 0,MEP_TakeOff.csv:1261129,2029-12-12T14:40:00,2029-12-12T15:00:00
1261134,MEP Rough-In | L 0 | 1261134,A1690,MEP Rough-In,L 0,MEP_TakeOff.csv:1261134,2029-12-12T14:40:00,2029-12-12T15:00:00
1982030,MEP Rough-In | L 0 | 1982030,A1690,MEP Rough-In,L 0,MEP_TakeOff.csv:1982030,2029-12-12T14:40:00,2029-12-12T15:00:00
1240853,MEP Rough-In | L 0 | 1240853,A1690,MEP Rough-In,L 0,MEP_TakeOff.csv:1240853,2029-12-12T15:00:00,2029-12-12T15:20:00
1241017,MEP Rough-In | L 0 | 1241017,A1690,MEP Rough-In,L 0,MEP_TakeOff.csv:1241017,2029-12-12T15:00:00,2029-12-12T15:20:00
1967528,MEP Rough-In | L 0 | 1967528,A1690,MEP Rough-In,L 0,MEP_TakeOff.csv:1967528,2029-12-12T15:00:00,2029-12-12T15:20:00
1241095,MEP Rough-In | L 0 | 1241095,A1690,MEP Rough-In,L 0,MEP_TakeOff.csv:1241095,2029-12-12T15:20:00,2029-12-12T15:40:00
1241097,MEP Rough-In | L 0 | 1241097,A1690,MEP Rough-In,L 0,MEP_TakeOff.csv:1241097,2029-12-12T15:20:00,2029-12-12T15:40:00
1241098,MEP Rough-In | L 0 | 1241098,A1690,MEP Rough-In,L 0,MEP_TakeOff.csv:1241098,2029-12-12T15:20:00,2029-12-12T15:40:00
1142969,MEP Rough-In | L 0 | 1142969,A1690,MEP Rough-In,L 0,MEP_TakeOff.csv:1142969,2029-12-12T15:40:00,2029-12-12T16:00:00
1289212,MEP Rough-In | L 0 | 1289212,A1690,MEP Rough-In,L 0,MEP_TakeOff.csv:1289212,2029-12-12T15:40:00,2029-12-12T16:00:00
1289219,MEP Rough-In | L 0 | 1289219,A1690,MEP Rough-In,L 0,MEP_TakeOff.csv:1289219,2029-12-12T15:40:00,2029-12-12T16:00:00
1241189,MEP Rough-In | L 0 | 1241189,A1690,MEP Rough-In,L 0,MEP_TakeOff.csv:1241189,2029-12-12T16:00:00,2029-12-12T16:20:00
1311740,MEP Rough-In | L 0 | 1311740,A1690,MEP Rough-In,L 0,MEP_TakeOff.csv:1311740,2029-12-12T16:00:00,2029-12-12T16:20:00
1311741,MEP Rough-In | L 0 | 1311741,A1690,MEP Rough-In,L 0,MEP_TakeOff.csv:1311741,2029-12-12T16:00:00,2029-12-12T16:20:00
1241233,MEP Rough-In | L 0 | 1241233,A1690,MEP Rough-In,L 0,MEP_TakeOff.csv:1241233,2029-12-12T16:20:00,2029-12-12T16:40:00
1289215,MEP Rough-In | L 0 | 1289215,A1690,MEP Rough-In,L 0,MEP_TakeOff.csv:1289215,2029-12-12T16:20:00,2029-12-12T16:40:00
1289217,MEP Rough-In | L 0 | 1289217,A1690,MEP Rough-In,L 0,MEP_TakeOff.csv:1289217,2029-12-12T16:20:00,2029-12-12T16:40:00
1139544,MEP Rough-In | L 0 | 1139544,A1690,MEP Rough-In,L 0,MEP_TakeOff.csv:1139544,2029-12-12T16:40:00,2029-12-12T17:00:00
1139709,MEP Rough-In | L 0 | 1139709,A1690,MEP Rough-In,L 0,MEP_TakeOff.csv:1139709,2029-12-12T16:40:00,2029-12-12T17:00:00
1148479,MEP Rough-In | L 0 | 1148479,A1690,MEP Rough-In,L 0,MEP_TakeOff.csv:1148479,2029-12-12T16:40:00,2029-12-12T17:00:00
1153616,MEP Rough-In | L 0 | 1153616,A1690,MEP Rough-In,L 0,MEP_TakeOff.csv:1153616,2029-12-13T09:00:00,2029-12-13T09:20:00
1255076,MEP Rough-In | L 0 | 1255076,A1690,MEP Rough-In,L 0,MEP_TakeOff.csv:1255076,2029-12-13T09:00:00,2029-12-13T09:20:00
1288552,MEP Rough-In | L 0 | 1288552,A1690,MEP Rough-In,L 0,MEP_TakeOff.csv:1288552,2029-12-13T09:00:00,2029-12-13T09:20:00
1098430,MEP Rough-In | L 0 | 1098430,A1690,MEP Rough-In,L 0,MEP_TakeOff.csv:1098430,2029-12-13T09:20:00,2029-12-13T09:40:00
1139452,MEP Rough-In | L 0 | 1139452,A1690,MEP Rough-In,L 0,MEP_TakeOff.csv:1139452,2029-12-13T09:20:00,2029-12-13T09:40:00
1139459,MEP Rough-In | L 0 | 1139459,A1690,MEP Rough-In,L 0,MEP_TakeOff.csv:1139459,2029-12-13T09:20:00,2029-12-13T09:40:00
1152723,MEP Rough-In | L 0 | 1152723,A1690,MEP Rough-In,L 0,MEP_TakeOff.csv:1152723,2029-12-13T09:40:00,2029-12-13T10:00:00
1967527,MEP Rough-In | L 0 | 1967527,A1690,MEP Rough-In,L 0,MEP_TakeOff.csv:1967527,2029-12-13T09:40:00,2029-12-13T10:00:00
1982029,MEP Rough-In | L 0 | 1982029,A1690,MEP Rough-In,L 0,MEP_TakeOff.csv:1982029,2029-12-13T09:40:00,2029-12-13T10:00:00
1312475,MEP Rough-In | L 0 | 1312475,A1690,MEP Rough-In,L 0,MEP_TakeOff.csv:1312475,2029-12-13T10:00:00,2029-12-13T10:20:00
1312504,MEP Rough-In | L 0 | 1312504,A1690,MEP Rough-In,L 0,MEP_TakeOff.csv:1312504,2029-12-13T10:00:00,2029-12-13T10:20:00
1312505,MEP Rough-In | L 0 | 1312505,A1690,MEP Rough-In,L 0,MEP_TakeOff.csv:1312505,2029-12-13T10:00:00,2029-12-13T10:20:00
1093091,MEP Rough-In | L 0 | 1093091,A1690,MEP Rough-In,L 0,MEP_TakeOff.csv:1093091,2029-12-13T10:20:00,2029-12-13T10:40:00
1153617,MEP Rough-In | L 0 | 1153617,A1690,MEP Rough-In,L 0,MEP_TakeOff.csv:1153617,2029-12-13T10:20:00,2029-12-13T10:40:00
1288557,MEP Rough-In | L 0 | 1288557,A1690,MEP Rough-In,L 0,MEP_TakeOff.csv:1288557,2029-12-13T10:20:00,2029-12-13T10:40:00
1093279,MEP Rough-In | L 0 | 1093279,A1690,MEP Rough-In,L 0,MEP_TakeOff.csv:1093279,2029-12-13T10:40:00,2029-12-13T11:00:00
1093318,MEP Rough-In | L 0 | 1093318,A1690,MEP Rough-In,L 0,MEP_TakeOff.csv:1093318,2029-12-13T10:40:00,2029-12-13T11:00:00
1093417,MEP Rough-In | L 0 | 1093417,A1690,MEP Rough-In,L 0,MEP_TakeOff.csv:1093417,2029-12-13T10:40:00,2029-12-13T11:00:00
1092924,MEP Rough-In | L 0 | 1092924,A1690,MEP Rough-In,L 0,MEP_TakeOff.csv:1092924,2029-12-13T11:00:00,2029-12-13T11:20:00
1093192,MEP Rough-In | L 0 | 1093192,A1690,MEP Rough-In,L 0,MEP_TakeOff.csv:1093192,2029-12-13T11:00:00,2029-12-13T11:20:00
1982032,MEP Rough-In | L 0 | 1982032,A1690,MEP Rough-In,L 0,MEP_TakeOff.csv:1982032,2029-12-13T11:00:00,2029-12-13T11:20:00
1974655,MEP Rough-In | L 0 | 1974655,A1690,MEP Rough-In,L 0,MEP_TakeOff.csv:1974655,2029-12-13T11:20:00,2029-12-13T11:40:00
1982031,MEP Rough-In | L 0 | 1982031,A1690,MEP Rough-In,L 0,MEP_TakeOff.csv:1982031,2029-12-13T11:20:00,2029-12-13T11:40:00
1982033,MEP Rough-In | L 0 | 1982033,A1690,MEP Rough-In,L 0,MEP_TakeOff.csv:1982033,2029-12-13T11:20:00,2029-12-13T11:40:00
1149335,MEP Rough-In | L 0 | 1149335,A1690,MEP Rough-In,L 0,MEP_TakeOff.csv:1149335,2029-12-13T11:40:00,2029-12-13T12:00:00
1974654,MEP Rough-In | L 0 | 1974654,A1690,MEP Rough-In,L 0,MEP_TakeOff.csv:1974654,2029-12-13T11:40:00,2029-12-13T12:00:00
1974656,MEP Rough-In | L 0 | 1974656,A1690,MEP Rough-In,L 0,MEP_TakeOff.csv:1974656,2029-12-13T11:40:00,2029-12-13T12:00:00
1149337,MEP Rough-In | L 0 | 1149337,A1690,MEP Rough-In,L 0,MEP_TakeOff.csv:1149337,2029-12-13T12:00:00,2029-12-13T12:20:00
1149339,MEP Rough-In | L 0 | 1149339,A1690,MEP Rough-In,L 0,MEP_TakeOff.csv:1149339,2029-12-13T12:00:00,2029-12-13T12:20:00
1149341,MEP Rough-In | L 0 | 1149341,A1690,MEP Rough-In,L 0,MEP_TakeOff.csv:1149341,2029-12-13T12:00:00,2029-12-13T12:20:00
1149074,MEP Rough-In | L 0 | 1149074,A1690,MEP Rough-In,L 0,MEP_TakeOff.csv:1149074,2029-12-13T12:20:00,2029-12-13T12:40:00
1149093,MEP Rough-In | L 0 | 1149093,A1690,MEP Rough-In,L 0,MEP_TakeOff.csv:1149093,2029-12-13T12:20:00,2029-12-13T12:40:00
1149343,MEP Rough-In | L 0 | 1149343,A1690,MEP Rough-In,L 0,MEP_TakeOff.csv:1149343,2029-12-13T12:20:00,2029-12-13T12:40:00
1149020,MEP Rough-In | L 0 | 1149020,A1690,MEP Rough-In,L 0,MEP_TakeOff.csv:1149020,2029-12-13T12:40:00,2029-12-13T13:00:00
1149038,MEP Rough-In | L 0 | 1149038,A1690,MEP Rough-In,L 0,MEP_TakeOff.csv:1149038,2029-12-13T12:40:00,2029-12-13T13:00:00
1149056,MEP Rough-In | L 0 | 1149056,A1690,MEP Rough-In,L 0,MEP_TakeOff.csv:1149056,2029-12-13T12:40:00,2029-12-13T13:00:00
1115782,MEP Rough-In | L 0 | 1115782,A1690,MEP Rough-In,L 0,MEP_TakeOff.csv:1115782,2029-12-13T13:00:00,2029-12-13T13:20:00
1149002,MEP Rough-In | L 0 | 1149002,A1690,MEP Rough-In,L 0,MEP_TakeOff.csv:1149002,2029-12-13T13:00:00,2029-12-13T13:20:00
1149981,MEP Rough-In | L 0 | 1149981,A1690,MEP Rough-In,L 0,MEP_TakeOff.csv:1149981,2029-12-13T13:00:00,2029-12-13T13:20:00
1149980,MEP Rough-In | L 0 | 1149980,A1690,MEP Rough-In,L 0,MEP_TakeOff.csv:1149980,2029-12-13T13:20:00,2029-12-13T13:40:00
1232309,MEP Rough-In | L 0 | 1232309,A1690,MEP Rough-In,L 0,MEP_TakeOff.csv:1232309,2029-12-13T13:20:00,2029-12-13T13:40:00
1232318,MEP Rough-In | L 0 | 1232318,A1690,MEP Rough-In,L 0,MEP_TakeOff.csv:1232318,2029-12-13T13:20:00,2029-12-13T13:40:00
1093629,MEP Rough-In | L 0 | 1093629,A1690,MEP Rough-In,L 0,MEP_TakeOff.csv:1093629,2029-12-13T13:40:00,2029-12-13T14:00:00
1150032,MEP Rough-In | L 0 | 1150032,A1690,MEP Rough-In,L 0,MEP_TakeOff.csv:1150032,2029-12-13T13:40:00,2029-12-13T14:00:00
1232312,MEP Rough-In | L 0 | 1232312,A1690,MEP Rough-In,L 0,MEP_TakeOff.csv:1232312,2029-12-13T13:40:00,2029-12-13T14:00:00
1149930,MEP Rough-In | L 0 | 1149930,A1690,MEP Rough-In,L 0,MEP_TakeOff.csv:1149930,2029-12-13T14:00:00,2029-12-13T14:20:00
1150033,MEP Rough-In | L 0 | 1150033,A1690,MEP Rough-In,L 0,MEP_TakeOff.csv:1150033,2029-12-13T14:00:00,2029-12-13T14:20:00
1232319,MEP Rough-In | L 0 | 1232319,A1690,MEP Rough-In,L 0,MEP_TakeOff.csv:1232319,2029-12-13T14:00:00,2029-12-13T14:20:00
1149003,MEP Rough-In | L 0 | 1149003,A1690,MEP Rough-In,L 0,MEP_TakeOff.csv:1149003,2029-12-13T14:20:00,2029-12-13T14:40:00
1149021,MEP Rough-In | L 0 | 1149021,A1690,MEP Rough-In,L 0,MEP_TakeOff.csv:1149021,2029-12-13T14:20:00,2029-12-13T14:40:00
1149334,MEP Rough-In | L 0 | 1149334,A1690,MEP Rough-In,L 0,MEP_TakeOff.csv:1149334,2029-12-13T14:20:00,2029-12-13T14:40:00
1149039,MEP Rough-In | L 0 | 1149039,A1690,MEP Rough-In,L 0,MEP_TakeOff.csv:1149039,2029-12-13T14:40:00,2029-12-13T15:00:00
1149336,MEP Rough-In | L 0 | 1149336,A1690,MEP Rough-In,L 0,MEP_TakeOff.csv:1149336,2029-12-13T14:40:00,2029-12-13T15:00:00
1149338,MEP Rough-In | L 0 | 1149338,A1690,MEP Rough-In,L 0,MEP_TakeOff.csv:1149338,2029-12-13T14:40:00,2029-12-13T15:00:00
1149057,MEP Rough-In | L 0 | 1149057,A1690,MEP Rough-In,L 0,MEP_TakeOff.csv:1149057,2029-12-13T15:00:00,2029-12-13T15:20:00
1149075,MEP Rough-In | L 0 | 1149075,A1690,MEP Rough-In,L 0,MEP_TakeOff.csv:1149075,2029-12-13T15:00:00,2029-12-13T15:20:00
1149340,MEP Rough-In | L 0 | 1149340,A1690,MEP Rough-In,L 0,MEP_TakeOff.csv:1149340,2029-12-13T15:00:00,2029-12-13T15:20:00
1093833,MEP Rough-In | L 0 | 1093833,A1690,MEP Rough-In,L 0,MEP_TakeOff.csv:1093833,2029-12-13T15:20:00,2029-12-13T15:40:00
1149342,MEP Rough-In | L 0 | 1149342,A1690,MEP Rough-In,L 0,MEP_TakeOff.csv:1149342,2029-12-13T15:20:00,2029-12-13T15:40:00
1149344,MEP Rough-In | L 0 | 1149344,A1690,MEP Rough-In,L 0,MEP_TakeOff.csv:1149344,2029-12-13T15:20:00,2029-12-13T15:40:00
1291723,MEP Rough-In | L 0 | 1291723,A1690,MEP Rough-In,L 0,MEP_TakeOff.csv:1291723,2029-12-13T15:40:00,2029-12-13T16:00:00
1292066,MEP Rough-In | L 0 | 1292066,A1690,MEP Rough-In,L 0,MEP_TakeOff.csv:1292066,2029-12-13T15:40:00,2029-12-13T16:00:00
1292434,MEP Rough-In | L 0 | 1292434,A1690,MEP Rough-In,L 0,MEP_TakeOff.csv:1292434,2029-12-13T15:40:00,2029-12-13T16:00:00
1292062,MEP Rough-In | L 0 | 1292062,A1690,MEP Rough-In,L 0,MEP_TakeOff.csv:1292062,2029-12-13T16:00:00,2029-12-13T16:20:00
1292430,MEP Rough-In | L 0 | 1292430,A1690,MEP Rough-In,L 0,MEP_TakeOff.csv:1292430,2029-12-13T16:00:00,2029-12-13T16:20:00
1292705,MEP Rough-In | L 0 | 1292705,A1690,MEP Rough-In,L 0,MEP_TakeOff.csv:1292705,2029-12-13T16:00:00,2029-12-13T16:20:00
1292754,MEP Rough-In | L 0 | 1292754,A1690,MEP Rough-In,L 0,MEP_TakeOff.csv:1292754,2029-12-13T16:20:00,2029-12-13T16:40:00
1293075,MEP Rough-In | L 0 | 1293075,A1690,MEP Rough-In,L 0,MEP_TakeOff.csv:1293075,2029-12-13T16:20:00,2029-12-13T16:40:00
1291519,MEP Rough-In | L 1 | 1291519,A1690,MEP Rough-In,L 1,MEP_TakeOff.csv:1291519,2029-12-18T09:00:00,2029-12-18T09:20:00
1291526,MEP Rough-In | L 1 | 1291526,A1690,MEP Rough-In,L 1,MEP_TakeOff.csv:1291526,2029-12-18T09:00:00,2029-12-18T09:20:00
1341466,MEP Rough-In | L 1 | 1341466,A1690,MEP Rough-In,L 1,MEP_TakeOff.csv:1341466,2029-12-18T09:00:00,2029-12-18T09:20:00
1290639,MEP Rough-In | L 1 | 1290639,A1690,MEP Rough-In,L 1,MEP_TakeOff.csv:1290639,2029-12-18T09:20:00,2029-12-18T09:40:00
1341465,MEP Rough-In | L 1 | 1341465,A1690,MEP Rough-In,L 1,MEP_TakeOff.csv:1341465,2029-12-18T09:20:00,2029-12-18T09:40:00
1341485,MEP Rough-In | L 1 | 1341485,A1690,MEP Rough-In,L 1,MEP_TakeOff.csv:1341485,2029-12-18T09:20:00,2029-12-18T09:40:00
1290718,MEP Rough-In | L 1 | 1290718,A1690,MEP Rough-In,L 1,MEP_TakeOff.csv:1290718,2029-12-18T09:40:00,2029-12-18T10:00:00
1291207,MEP Rough-In | L 1 | 1291207,A1690,MEP Rough-In,L 1,MEP_TakeOff.csv:1291207,2029-12-18T09:40:00,2029-12-18T10:00:00
1341486,MEP Rough-In | L 1 | 1341486,A1690,MEP Rough-In,L 1,MEP_TakeOff.csv:1341486,2029-12-18T09:40:00,2029-12-18T10:00:00
1290748,MEP Rough-In | L 1 | 1290748,A1690,MEP Rough-In,L 1,MEP_TakeOff.csv:1290748,2029-12-18T10:00:00,2029-12-18T10:20:00
1290765,MEP Rough-In | L 1 | 1290765,A1690,MEP Rough-In,L 1,MEP_TakeOff.csv:1290765,2029-12-18T10:00:00,2029-12-18T10:20:00
1291211,MEP Rough-In | L 1 | 1291211,A1690,MEP Rough-In,L 1,MEP_TakeOff.csv:1291211,2029-12-18T10:00:00,2029-12-18T10:20:00
1290782,MEP Rough-In | L 1 | 1290782,A1690,MEP Rough-In,L 1,MEP_TakeOff.csv:1290782,2029-12-18T10:20:00,2029-12-18T10:40:00
1290799,MEP Rough-In | L 1 | 1290799,A1690,MEP Rough-In,L 1,MEP_TakeOff.csv:1290799,2029-12-18T10:20:00,2029-12-18T10:40:00
1341425,MEP Rough-In | L 1 | 1341425,A1690,MEP Rough-In,L 1,MEP_TakeOff.csv:1341425,2029-12-18T10:20:00,2029-12-18T10:40:00
1290816,MEP Rough-In | L 1 | 1290816,A1690,MEP Rough-In,L 1,MEP_TakeOff.csv:1290816,2029-12-18T10:40:00,2029-12-18T11:00:00
1291221,MEP Rough-In | L 1 | 1291221,A1690,MEP Rough-In,L 1,MEP_TakeOff.csv:1291221,2029-12-18T10:40:00,2029-12-18T11:00:00
1341426,MEP Rough-In | L 1 | 1341426,A1690,MEP Rough-In,L 1,MEP_TakeOff.csv:1341426,2029-12-18T10:40:00,2029-12-18T11:00:00
1290833,MEP Rough-In | L 1 | 1290833,A1690,MEP Rough-In,L 1,MEP_TakeOff.csv:1290833,2029-12-18T11:00:00,2029-12-18T11:20:00
1291225,MEP Rough-In | L 1 | 1291225,A1690,MEP Rough-In,L 1,MEP_TakeOff.csv:1291225,2029-12-18T11:00:00,2029-12-18T11:20:00
1291229,MEP Rough-In | L 1 | 1291229,A1690,MEP Rough-In,L 1,MEP_TakeOff.csv:1291229,2029-12-18T11:00:00,2029-12-18T11:20:00
1290850,MEP Rough-In | L 1 | 1290850,A1690,MEP Rough-In,L 1,MEP_TakeOff.csv:1290850,2029-12-18T11:20:00,2029-12-18T11:40:00
1290867,MEP Rough-In | L 1 | 1290867,A1690,MEP Rough-In,L 1,MEP_TakeOff.csv:1290867,2029-12-18T11:20:00,2029-12-18T11:40:00
1291233,MEP Rough-In | L 1 | 1291233,A1690,MEP Rough-In,L 1,MEP_TakeOff.csv:1291233,2029-12-18T11:20:00,2029-12-18T11:40:00
1290884,MEP Rough-In | L 1 | 1290884,A1690,MEP Rough-In,L 1,MEP_TakeOff.csv:1290884,2029-12-18T11:40:00,2029-12-18T12:00:00
1291237,MEP Rough-In | L 1 | 1291237,A1690,MEP Rough-In,L 1,MEP_TakeOff.csv:1291237,2029-12-18T11:40:00,2029-12-18T12:00:00
1291243,MEP Rough-In | L 1 | 1291243,A1690,MEP Rough-In,L 1,MEP_TakeOff.csv:1291243,2029-12-18T11:40:00,2029-12-18T12:00:00
1290901,MEP Rough-In | L 1 | 1290901,A1690,MEP Rough-In,L 1,MEP_TakeOff.csv:1290901,2029-12-18T12:00:00,2029-12-18T12:20:00
1290918,MEP Rough-In | L 1 | 1290918,A1690,MEP Rough-In,L 1,MEP_TakeOff.csv:1290918,2029-12-18T12:00:00,2029-12-18T12:20:00
1291248,MEP Rough-In | L 1 | 1291248,A1690,MEP Rough-In,L 1,MEP_TakeOff.csv:1291248,2029-12-18T12:00:00,2029-12-18T12:20:00
1290935,MEP Rough-In | L 1 | 1290935,A1690,MEP Rough-In,L 1,MEP_TakeOff.csv:1290935,2029-12-18T12:20:00,2029-12-18T12:40:00
1291005,MEP Rough-In | L 1 | 1291005,A1690,MEP Rough-In,L 1,MEP_TakeOff.csv:1291005,2029-12-18T12:20:00,2029-12-18T12:40:00
1291252,MEP Rough-In | L 1 | 1291252,A1690,MEP Rough-In,L 1,MEP_TakeOff.csv:1291252,2029-12-18T12:20:00,2029-12-18T12:40:00
1290886,MEP Rough-In | L 1 | 1290886,A1690,MEP Rough-In,L 1,MEP_TakeOff.csv:1290886,2029-12-18T12:40:00,2029-12-18T13:00:00
1290903,MEP Rough-In | L 1 | 1290903,A1690,MEP Rough-In,L 1,MEP_TakeOff.csv:1290903,2029-12-18T12:40:00,2029-12-18T13:00:00
1290920,MEP Rough-In | L 1 | 1290920,A1690,MEP Rough-In,L 1,MEP_TakeOff.csv:1290920,2029-12-18T12:40:00,2029-12-18T13:00:00
1290835,MEP Rough-In | L 1 | 1290835,A1690,MEP Rough-In,L 1,MEP_TakeOff.csv:1290835,2029-12-18T13:00:00,2029-12-18T13:20:00
1290852,MEP Rough-In | L 1 | 1290852,A1690,MEP Rough-In,L 1,MEP_TakeOff.csv:1290852,2029-12-18T13:00:00,2029-12-18T13:20:00
1290869,MEP Rough-In | L 1 | 1290869,A1690,MEP Rough-In,L 1,MEP_TakeOff.csv:1290869,2029-12-18T13:00:00,2029-12-18T13:20:00
1290784,MEP Rough-In | L 1 | 1290784,A1690,MEP Rough-In,L 1,MEP_TakeOff.csv:1290784,2029-12-18T13:20:00,2029-12-18T13:40:00
1290801,MEP Rough-In | L 1 | 1290801,A1690,MEP Rough-In,L 1,MEP_TakeOff.csv:1290801,2029-12-18T13:20:00,2029-12-18T13:40:00
1290818,MEP Rough-In | L 1 | 1290818,A1690,MEP Rough-In,L 1,MEP_TakeOff.csv:1290818,2029-12-18T13:20:00,2029-12-18T13:40:00
1290720,MEP Rough-In | L 1 | 1290720,A1690,MEP Rough-In,L 1,MEP_TakeOff.csv:1290720,2029-12-18T13:40:00,2029-12-18T14:00:00
1290750,MEP Rough-In | L 1 | 1290750,A1690,MEP Rough-In,L 1,MEP_TakeOff.csv:1290750,2029-12-18T13:40:00,2029-12-18T14:00:00
1290767,MEP Rough-In | L 1 | 1290767,A1690,MEP Rough-In,L 1,MEP_TakeOff.csv:1290767,2029-12-18T13:40:00,2029-12-18T14:00:00
1290694,MEP Rough-In | L 1 | 1290694,A1690,MEP Rough-In,L 1,MEP_TakeOff.csv:1290694,2029-12-18T14:00:00,2029-12-18T14:20:00
1291253,MEP Rough-In | L 1 | 1291253,A1690,MEP Rough-In,L 1,MEP_TakeOff.csv:1291253,2029-12-18T14:00:00,2029-12-18T14:20:00
1291520,MEP Rough-In | L 1 | 1291520,A1690,MEP Rough-In,L 1,MEP_TakeOff.csv:1291520,2029-12-18T14:00:00,2029-12-18T14:20:00
1291238,MEP Rough-In | L 1 | 1291238,A1690,MEP Rough-In,L 1,MEP_TakeOff.csv:1291238,2029-12-18T14:20:00,2029-12-18T14:40:00
1291244,MEP Rough-In | L 1 | 1291244,A1690,MEP Rough-In,L 1,MEP_TakeOff.csv:1291244,2029-12-18T14:20:00,2029-12-18T14:40:00
1291249,MEP Rough-In | L 1 | 1291249,A1690,MEP Rough-In,L 1,MEP_TakeOff.csv:1291249,2029-12-18T14:20:00,2029-12-18T14:40:00
1291230,MEP Rough-In | L 1 | 1291230,A1690,MEP Rough-In,L 1,MEP_TakeOff.csv:1291230,2029-12-18T14:40:00,2029-12-18T15:00:00
1291234,MEP Rough-In | L 1 | 1291234,A1690,MEP Rough-In,L 1,MEP_TakeOff.csv:1291234,2029-12-18T14:40:00,2029-12-18T15:00:00
1291521,MEP Rough-In | L 1 | 1291521,A1690,MEP Rough-In,L 1,MEP_TakeOff.csv:1291521,2029-12-18T14:40:00,2029-12-18T15:00:00
1291218,MEP Rough-In | L 1 | 1291218,A1690,MEP Rough-In,L 1,MEP_TakeOff.csv:1291218,2029-12-18T15:00:00,2029-12-18T15:20:00
1291222,MEP Rough-In | L 1 | 1291222,A1690,MEP Rough-In,L 1,MEP_TakeOff.csv:1291222,2029-12-18T15:00:00,2029-12-18T15:20:00
1291226,MEP Rough-In | L 1 | 1291226,A1690,MEP Rough-In,L 1,MEP_TakeOff.csv:1291226,2029-12-18T15:00:00,2029-12-18T15:20:00
1291208,MEP Rough-In | L 1 | 1291208,A1690,MEP Rough-In,L 1,MEP_TakeOff.csv:1291208,2029-12-18T15:20:00,2029-12-18T15:40:00
1291212,MEP Rough-In | L 1 | 1291212,A1690,MEP Rough-In,L 1,MEP_TakeOff.csv:1291212,2029-12-18T15:20:00,2029-12-18T15:40:00
1291214,MEP Rough-In | L 1 | 1291214,A1690,MEP Rough-In,L 1,MEP_TakeOff.csv:1291214,2029-12-18T15:20:00,2029-12-18T15:40:00
1290919,MEP Rough-In | L 1 | 1290919,A1690,MEP Rough-In,L 1,MEP_TakeOff.csv:1290919,2029-12-18T15:40:00,2029-12-18T16:00:00
1290936,MEP Rough-In | L 1 | 1290936,A1690,MEP Rough-In,L 1,MEP_TakeOff.csv:1290936,2029-12-18T15:40:00,2029-12-18T16:00:00
1291203,MEP Rough-In | L 1 | 1291203,A1690,MEP Rough-In,L 1,MEP_TakeOff.csv:1291203,2029-12-18T15:40:00,2029-12-18T16:00:00
1290868,MEP Rough-In | L 1 | 1290868,A1690,MEP Rough-In,L 1,MEP_TakeOff.csv:1290868,2029-12-18T16:00:00,2029-12-18T16:20:00
1290885,MEP Rough-In | L 1 | 1290885,A1690,MEP Rough-In,L 1,MEP_TakeOff.csv:1290885,2029-12-18T16:00:00,2029-12-18T16:20:00
1290902,MEP Rough-In | L 1 | 1290902,A1690,MEP Rough-In,L 1,MEP_TakeOff.csv:1290902,2029-12-18T16:00:00,2029-12-18T16:20:00
1290719,MEP Rough-In | L 1 | 1290719,A1690,MEP Rough-In,L 1,MEP_TakeOff.csv:1290719,2029-12-18T16:20:00,2029-12-18T16:40:00
1290766,MEP Rough-In | L 1 | 1290766,A1690,MEP Rough-In,L 1,MEP_TakeOff.csv:1290766,2029-12-18T16:20:00,2029-12-18T16:40:00
1290851,MEP Rough-In | L 1 | 1290851,A1690,MEP Rough-In,L 1,MEP_TakeOff.csv:1290851,2029-12-18T16:20:00,2029-12-18T16:40:00
1290725,MEP Rough-In | L 1 | 1290725,A1690,MEP Rough-In,L 1,MEP_TakeOff.csv:1290725,2029-12-18T16:40:00,2029-12-18T17:00:00
1290817,MEP Rough-In | L 1 | 1290817,A1690,MEP Rough-In,L 1,MEP_TakeOff.csv:1290817,2029-12-18T16:40:00,2029-12-18T17:00:00
1290834,MEP Rough-In | L 1 | 1290834,A1690,MEP Rough-In,L 1,MEP_TakeOff.csv:1290834,2029-12-18T16:40:00,2029-12-18T17:00:00
1290680,MEP Rough-In | L 1 | 1290680,A1690,MEP Rough-In,L 1,MEP_TakeOff.csv:1290680,2029-12-19T09:00:00,2029-12-19T09:20:00
1290749,MEP Rough-In | L 1 | 1290749,A1690,MEP Rough-In,L 1,MEP_TakeOff.csv:1290749,2029-12-19T09:00:00,2029-12-19T09:20:00
1290800,MEP Rough-In | L 1 | 1290800,A1690,MEP Rough-In,L 1,MEP_TakeOff.csv:1290800,2029-12-19T09:00:00,2029-12-19T09:20:00
1290755,MEP Rough-In | L 1 | 1290755,A1690,MEP Rough-In,L 1,MEP_TakeOff.csv:1290755,2029-12-19T09:20:00,2029-12-19T09:40:00
1290772,MEP Rough-In | L 1 | 1290772,A1690,MEP Rough-In,L 1,MEP_TakeOff.csv:1290772,2029-12-19T09:20:00,2029-12-19T09:40:00
1290783,MEP Rough-In | L 1 | 1290783,A1690,MEP Rough-In,L 1,MEP_TakeOff.csv:1290783,2029-12-19T09:20:00,2029-12-19T09:40:00
1290710,MEP Rough-In | L 1 | 1290710,A1690,MEP Rough-In,L 1,MEP_TakeOff.csv:1290710,2029-12-19T09:40:00,2029-12-19T10:00:00
1290789,MEP Rough-In | L 1 | 1290789,A1690,MEP Rough-In,L 1,MEP_TakeOff.csv:1290789,2029-12-19T09:40:00,2029-12-19T10:00:00
1290806,MEP Rough-In | L 1 | 1290806,A1690,MEP Rough-In,L 1,MEP_TakeOff.csv:1290806,2029-12-19T09:40:00,2029-12-19T10:00:00
1290823,MEP Rough-In | L 1 | 1290823,A1690,MEP Rough-In,L 1,MEP_TakeOff.csv:1290823,2029-12-19T10:00:00,2029-12-19T10:20:00
1290840,MEP Rough-In | L 1 | 1290840,A1690,MEP Rough-In,L 1,MEP_TakeOff.csv:1290840,2029-12-19T10:00:00,2029-12-19T10:20:00
1290857,MEP Rough-In | L 1 | 1290857,A1690,MEP Rough-In,L 1,MEP_TakeOff.csv:1290857,2029-12-19T10:00:00,2029-12-19T10:20:00
1290874,MEP Rough-In | L 1 | 1290874,A1690,MEP Rough-In,L 1,MEP_TakeOff.csv:1290874,2029-12-19T10:20:00,2029-12-19T10:40:00
1290891,MEP Rough-In | L 1 | 1290891,A1690,MEP Rough-In,L 1,MEP_TakeOff.csv:1290891,2029-12-19T10:20:00,2029-12-19T10:40:00
1290908,MEP Rough-In | L 1 | 1290908,A1690,MEP Rough-In,L 1,MEP_TakeOff.csv:1290908,2029-12-19T10:20:00,2029-12-19T10:40:00
1290717,MEP Rough-In | L 1 | 1290717,A1690,MEP Rough-In,L 1,MEP_TakeOff.csv:1290717,2029-12-19T10:40:00,2029-12-19T11:00:00
1290925,MEP Rough-In | L 1 | 1290925,A1690,MEP Rough-In,L 1,MEP_TakeOff.csv:1290925,2029-12-19T10:40:00,2029-12-19T11:00:00
1290942,MEP Rough-In | L 1 | 1290942,A1690,MEP Rough-In,L 1,MEP_TakeOff.csv:1290942,2029-12-19T10:40:00,2029-12-19T11:00:00
1290630,MEP Rough-In | L 1 | 1290630,A1690,MEP Rough-In,L 1,MEP_TakeOff.csv:1290630,2029-12-19T11:00:00,2029-12-19T11:20:00
1290747,MEP Rough-In | L 1 | 1290747,A1690,MEP Rough-In,L 1,MEP_TakeOff.csv:1290747,2029-12-19T11:00:00,2029-12-19T11:20:00
1290764,MEP Rough-In | L 1 | 1290764,A1690,MEP Rough-In,L 1,MEP_TakeOff.csv:1290764,2029-12-19T11:00:00,2029-12-19T11:20:00
1290781,MEP Rough-In | L 1 | 1290781,A1690,MEP Rough-In,L 1,MEP_TakeOff.csv:1290781,2029-12-19T11:20:00,2029-12-19T11:40:00
1290798,MEP Rough-In | L 1 | 1290798,A1690,MEP Rough-In,L 1,MEP_TakeOff.csv:1290798,2029-12-19T11:20:00,2029-12-19T11:40:00
1290815,MEP Rough-In | L 1 | 1290815,A1690,MEP Rough-In,L 1,MEP_TakeOff.csv:1290815,2029-12-19T11:20:00,2029-12-19T11:40:00
1290832,MEP Rough-In | L 1 | 1290832,A1690,MEP Rough-In,L 1,MEP_TakeOff.csv:1290832,2029-12-19T11:40:00,2029-12-19T12:00:00
1290849,MEP Rough-In | L 1 | 1290849,A1690,MEP Rough-In,L 1,MEP_TakeOff.csv:1290849,2029-12-19T11:40:00,2029-12-19T12:00:00
1290866,MEP Rough-In | L 1 | 1290866,A1690,MEP Rough-In,L 1,MEP_TakeOff.csv:1290866,2029-12-19T11:40:00,2029-12-19T12:00:00
1290883,MEP Rough-In | L 1 | 1290883,A1690,MEP Rough-In,L 1,MEP_TakeOff.csv:1290883,2029-12-19T12:00:00,2029-12-19T12:20:00
1290900,MEP Rough-In | L 1 | 1290900,A1690,MEP Rough-In,L 1,MEP_TakeOff.csv:1290900,2029-12-19T12:00:00,2029-12-19T12:20:00
1290917,MEP Rough-In | L 1 | 1290917,A1690,MEP Rough-In,L 1,MEP_TakeOff.csv:1290917,2029-12-19T12:00:00,2029-12-19T12:20:00
1271225,MEP Rough-In | L 1 | 1271225,A1690,MEP Rough-In,L 1,MEP_TakeOff.csv:1271225,2029-12-19T12:20:00,2029-12-19T12:40:00
1271237,MEP Rough-In | L 1 | 1271237,A1690,MEP Rough-In,L 1,MEP_TakeOff.csv:1271237,2029-12-19T12:20:00,2029-12-19T12:40:00
1290934,MEP Rough-In | L 1 | 1290934,A1690,MEP Rough-In,L 1,MEP_TakeOff.csv:1290934,2029-12-19T12:20:00,2029-12-19T12:40:00
1271189,MEP Rough-In | L 1 | 1271189,A1690,MEP Rough-In,L 1,MEP_TakeOff.csv:1271189,2029-12-19T12:40:00,2029-12-19T13:00:00
1271201,MEP Rough-In | L 1 | 1271201,A1690,MEP Rough-In,L 1,MEP_TakeOff.csv:1271201,2029-12-19T12:40:00,2029-12-19T13:00:00
1271213,MEP Rough-In | L 1 | 1271213,A1690,MEP Rough-In,L 1,MEP_TakeOff.csv:1271213,2029-12-19T12:40:00,2029-12-19T13:00:00
1271153,MEP Rough-In | L 1 | 1271153,A1690,MEP Rough-In,L 1,MEP_TakeOff.csv:1271153,2029-12-19T13:00:00,2029-12-19T13:20:00
1271165,MEP Rough-In | L 1 | 1271165,A1690,MEP Rough-In,L 1,MEP_TakeOff.csv:1271165,2029-12-19T13:00:00,2029-12-19T13:20:00
1271177,MEP Rough-In | L 1 | 1271177,A1690,MEP Rough-In,L 1,MEP_TakeOff.csv:1271177,2029-12-19T13:00:00,2029-12-19T13:20:00
1271117,MEP Rough-In | L 1 | 1271117,A1690,MEP Rough-In,L 1,MEP_TakeOff.csv:1271117,2029-12-19T13:20:00,2029-12-19T13:40:00
1271129,MEP Rough-In | L 1 | 1271129,A1690,MEP Rough-In,L 1,MEP_TakeOff.csv:1271129,2029-12-19T13:20:00,2029-12-19T13:40:00
1271141,MEP Rough-In | L 1 | 1271141,A1690,MEP Rough-In,L 1,MEP_TakeOff.csv:1271141,2029-12-19T13:20:00,2029-12-19T13:40:00
1270996,MEP Rough-In | L 1 | 1270996,A1690,MEP Rough-In,L 1,MEP_TakeOff.csv:1270996,2029-12-19T13:40:00,2029-12-19T14:00:00
1271092,MEP Rough-In | L 1 | 1271092,A1690,MEP Rough-In,L 1,MEP_TakeOff.csv:1271092,2029-12-19T13:40:00,2029-12-19T14:00:00
1271105,MEP Rough-In | L 1 | 1271105,A1690,MEP Rough-In,L 1,MEP_TakeOff.csv:1271105,2029-12-19T13:40:00,2029-12-19T14:00:00
1085785,MEP Rough-In | L 1 | 1085785,A1690,MEP Rough-In,L 1,MEP_TakeOff.csv:1085785,2029-12-19T14:00:00,2029-12-19T14:20:00
1145495,MEP Rough-In | L 1 | 1145495,A1690,MEP Rough-In,L 1,MEP_TakeOff.csv:1145495,2029-12-19T14:00:00,2029-12-19T14:20:00
1270472,MEP Rough-In | L 1 | 1270472,A1690,MEP Rough-In,L 1,MEP_TakeOff.csv:1270472,2029-12-19T14:00:00,2029-12-19T14:20:00
1145435,MEP Rough-In | L 1 | 1145435,A1690,MEP Rough-In,L 1,MEP_TakeOff.csv:1145435,2029-12-19T14:20:00,2029-12-19T14:40:00
1145499,MEP Rough-In | L 1 | 1145499,A1690,MEP Rough-In,L 1,MEP_TakeOff.csv:1145499,2029-12-19T14:20:00,2029-12-19T14:40:00
1145501,MEP Rough-In | L 1 | 1145501,A1690,MEP Rough-In,L 1,MEP_TakeOff.csv:1145501,2029-12-19T14:20:00,2029-12-19T14:40:00
1145425,MEP Rough-In | L 1 | 1145425,A1690,MEP Rough-In,L 1,MEP_TakeOff.csv:1145425,2029-12-19T14:40:00,2029-12-19T15:00:00
1145440,MEP Rough-In | L 1 | 1145440,A1690,MEP Rough-In,L 1,MEP_TakeOff.csv:1145440,2029-12-19T14:40:00,2029-12-19T15:00:00
1145498,MEP Rough-In | L 1 | 1145498,A1690,MEP Rough-In,L 1,MEP_TakeOff.csv:1145498,2029-12-19T14:40:00,2029-12-19T15:00:00
1082649,MEP Rough-In | L 1 | 1082649,A1690,MEP Rough-In,L 1,MEP_TakeOff.csv:1082649,2029-12-19T15:00:00,2029-12-19T15:20:00
1087184,MEP Rough-In | L 1 | 1087184,A1690,MEP Rough-In,L 1,MEP_TakeOff.csv:1087184,2029-12-19T15:00:00,2029-12-19T15:20:00
1291416,MEP Rough-In | L 1 | 1291416,A1690,MEP Rough-In,L 1,MEP_TakeOff.csv:1291416,2029-12-19T15:00:00,2029-12-19T15:20:00
1145494,MEP Rough-In | L 1 | 1145494,A1690,MEP Rough-In,L 1,MEP_TakeOff.csv:1145494,2029-12-19T15:20:00,2029-12-19T15:40:00
1145500,MEP Rough-In | L 1 | 1145500,A1690,MEP Rough-In,L 1,MEP_TakeOff.csv:1145500,2029-12-19T15:20:00,2029-12-19T15:40:00
1291415,MEP Rough-In | L 1 | 1291415,A1690,MEP Rough-In,L 1,MEP_TakeOff.csv:1291415,2029-12-19T15:20:00,2029-12-19T15:40:00
1087185,MEP Rough-In | L 1 | 1087185,A1690,MEP Rough-In,L 1,MEP_TakeOff.csv:1087185,2029-12-19T15:40:00,2029-12-19T16:00:00
1136698,MEP Rough-In | L 1 | 1136698,A1690,MEP Rough-In,L 1,MEP_TakeOff.csv:1136698,2029-12-19T15:40:00,2029-12-19T16:00:00
1233477,MEP Rough-In | L 1 | 1233477,A1690,MEP Rough-In,L 1,MEP_TakeOff.csv:1233477,2029-12-19T15:40:00,2029-12-19T16:00:00
1130986,MEP Rough-In | L 1 | 1130986,A1690,MEP Rough-In,L 1,MEP_TakeOff.csv:1130986,2029-12-19T16:00:00,2029-12-19T16:20:00
1233473,MEP Rough-In | L 1 | 1233473,A1690,MEP Rough-In,L 1,MEP_TakeOff.csv:1233473,2029-12-19T16:00:00,2029-12-19T16:20:00
1290595,MEP Rough-In | L 1 | 1290595,A1690,MEP Rough-In,L 1,MEP_TakeOff.csv:1290595,2029-12-19T16:00:00,2029-12-19T16:20:00
1131054,MEP Rough-In | L 1 | 1131054,A1690,MEP Rough-In,L 1,MEP_TakeOff.csv:1131054,2029-12-19T16:20:00,2029-12-19T16:40:00
1290484,MEP Rough-In | L 1 | 1290484,A1690,MEP Rough-In,L 1,MEP_TakeOff.csv:1290484,2029-12-19T16:20:00,2029-12-19T16:40:00
1290594,MEP Rough-In | L 1 | 1290594,A1690,MEP Rough-In,L 1,MEP_TakeOff.csv:1290594,2029-12-19T16:20:00,2029-12-19T16:40:00
1087153,MEP Rough-In | L 1 | 1087153,A1690,MEP Rough-In,L 1,MEP_TakeOff.csv:1087153,2029-12-19T16:40:00,2029-12-19T17:00:00
1131042,MEP Rough-In | L 1 | 1131042,A1690,MEP Rough-In,L 1,MEP_TakeOff.csv:1131042,2029-12-19T16:40:00,2029-12-19T17:00:00
1131051,MEP Rough-In | L 1 | 1131051,A1690,MEP Rough-In,L 1,MEP_TakeOff.csv:1131051,2029-12-19T16:40:00,2029-12-19T17:00:00
1087051,MEP Rough-In | L 1 | 1087051,A1690,MEP Rough-In,L 1,MEP_TakeOff.csv:1087051,2029-12-20T09:00:00,2029-12-20T09:20:00
1136699,MEP Rough-In | L 1 | 1136699,A1690,MEP Rough-In,L 1,MEP_TakeOff.csv:1136699,2029-12-20T09:00:00,2029-12-20T09:20:00
1233447,MEP Rough-In | L 1 | 1233447,A1690,MEP Rough-In,L 1,MEP_TakeOff.csv:1233447,2029-12-20T09:00:00,2029-12-20T09:20:00
1087152,MEP Rough-In | L 1 | 1087152,A1690,MEP Rough-In,L 1,MEP_TakeOff.csv:1087152,2029-12-20T09:20:00,2029-12-20T09:40:00
1135855,MEP Rough-In | L 1 | 1135855,A1690,MEP Rough-In,L 1,MEP_TakeOff.csv:1135855,2029-12-20T09:20:00,2029-12-20T09:40:00
1136701,MEP Rough-In | L 1 | 1136701,A1690,MEP Rough-In,L 1,MEP_TakeOff.csv:1136701,2029-12-20T09:20:00,2029-12-20T09:40:00
1126780,MEP Rough-In | L 1 | 1126780,A1690,MEP Rough-In,L 1,MEP_TakeOff.csv:1126780,2029-12-20T09:40:00,2029-12-20T10:00:00
1203607,MEP Rough-In | L 1 | 1203607,A1690,MEP Rough-In,L 1,MEP_TakeOff.csv:1203607,2029-12-20T09:40:00,2029-12-20T10:00:00
1293449,MEP Rough-In | L 1 | 1293449,A1690,MEP Rough-In,L 1,MEP_TakeOff.csv:1293449,2029-12-20T09:40:00,2029-12-20T10:00:00
1083126,MEP Rough-In | L 1 | 1083126,A1690,MEP Rough-In,L 1,MEP_TakeOff.csv:1083126,2029-12-20T10:00:00,2029-12-20T10:20:00
1203611,MEP Rough-In | L 1 | 1203611,A1690,MEP Rough-In,L 1,MEP_TakeOff.csv:1203611,2029-12-20T10:00:00,2029-12-20T10:20:00
1293448,MEP Rough-In | L 1 | 1293448,A1690,MEP Rough-In,L 1,MEP_TakeOff.csv:1293448,2029-12-20T10:00:00,2029-12-20T10:20:00
1087052,MEP Rough-In | L 1 | 1087052,A1690,MEP Rough-In,L 1,MEP_TakeOff.csv:1087052,2029-12-20T10:20:00,2029-12-20T10:40:00
1135714,MEP Rough-In | L 1 | 1135714,A1690,MEP Rough-In,L 1,MEP_TakeOff.csv:1135714,2029-12-20T10:20:00,2029-12-20T10:40:00
1136705,MEP Rough-In | L 1 | 1136705,A1690,MEP Rough-In,L 1,MEP_TakeOff.csv:1136705,2029-12-20T10:20:00,2029-12-20T10:40:00
1082486,MEP Rough-In | L 1 | 1082486,A1690,MEP Rough-In,L 1,MEP_TakeOff.csv:1082486,2029-12-20T10:40:00,2029-12-20T11:00:00
1087207,MEP Rough-In | L 1 | 1087207,A1690,MEP Rough-In,L 1,MEP_TakeOff.csv:1087207,2029-12-20T10:40:00,2029-12-20T11:00:00
1136706,MEP Rough-In | L 1 | 1136706,A1690,MEP Rough-In,L 1,MEP_TakeOff.csv:1136706,2029-12-20T10:40:00,2029-12-20T11:00:00
1135740,MEP Rough-In | L 1 | 1135740,A1690,MEP Rough-In,L 1,MEP_TakeOff.csv:1135740,2029-12-20T11:00:00,2029-12-20T11:20:00
1135947,MEP Rough-In | L 1 | 1135947,A1690,MEP Rough-In,L 1,MEP_TakeOff.csv:1135947,2029-12-20T11:00:00,2029-12-20T11:20:00
1293488,MEP Rough-In | L 1 | 1293488,A1690,MEP Rough-In,L 1,MEP_TakeOff.csv:1293488,2029-12-20T11:00:00,2029-12-20T11:20:00
1145492,MEP Rough-In | L 1 | 1145492,A1690,MEP Rough-In,L 1,MEP_TakeOff.csv:1145492,2029-12-20T11:20:00,2029-12-20T11:40:00
1145496,MEP Rough-In | L 1 | 1145496,A1690,MEP Rough-In,L 1,MEP_TakeOff.csv:1145496,2029-12-20T11:20:00,2029-12-20T11:40:00
1145502,MEP Rough-In | L 1 | 1145502,A1690,MEP Rough-In,L 1,MEP_TakeOff.csv:1145502,2029-12-20T11:20:00,2029-12-20T11:40:00
1135741,MEP Rough-In | L 1 | 1135741,A1690,MEP Rough-In,L 1,MEP_TakeOff.csv:1135741,2029-12-20T11:40:00,2029-12-20T12:00:00
1135748,MEP Rough-In | L 1 | 1135748,A1690,MEP Rough-In,L 1,MEP_TakeOff.csv:1135748,2029-12-20T11:40:00,2029-12-20T12:00:00
1135958,MEP Rough-In | L 1 | 1135958,A1690,MEP Rough-In,L 1,MEP_TakeOff.csv:1135958,2029-12-20T11:40:00,2029-12-20T12:00:00
1087208,MEP Rough-In | L 1 | 1087208,A1690,MEP Rough-In,L 1,MEP_TakeOff.csv:1087208,2029-12-20T12:00:00,2029-12-20T12:20:00
1135931,MEP Rough-In | L 1 | 1135931,A1690,MEP Rough-In,L 1,MEP_TakeOff.csv:1135931,2029-12-20T12:00:00,2029-12-20T12:20:00
1135949,MEP Rough-In | L 1 | 1135949,A1690,MEP Rough-In,L 1,MEP_TakeOff.csv:1135949,2029-12-20T12:00:00,2029-12-20T12:20:00
1293161,MEP Rough-In | L 1 | 1293161,A1690,MEP Rough-In,L 1,MEP_TakeOff.csv:1293161,2029-12-20T12:20:00,2029-12-20T12:40:00
1293166,MEP Rough-In | L 1 | 1293166,A1690,MEP Rough-In,L 1,MEP_TakeOff.csv:1293166,2029-12-20T12:20:00,2029-12-20T12:40:00
1525525,MEP Rough-In | L 1 | 1525525,A1690,MEP Rough-In,L 1,MEP_TakeOff.csv:1525525,2029-12-20T12:20:00,2029-12-20T12:40:00
1293139,MEP Rough-In | L 1 | 1293139,A1690,MEP Rough-In,L 1,MEP_TakeOff.csv:1293139,2029-12-20T12:40:00,2029-12-20T13:00:00
1293149,MEP Rough-In | L 1 | 1293149,A1690,MEP Rough-In,L 1,MEP_TakeOff.csv:1293149,2029-12-20T12:40:00,2029-12-20T13:00:00
1293156,MEP Rough-In | L 1 | 1293156,A1690,MEP Rough-In,L 1,MEP_TakeOff.csv:1293156,2029-12-20T12:40:00,2029-12-20T13:00:00
1145420,MEP Rough-In | L 1 | 1145420,A1690,MEP Rough-In,L 1,MEP_TakeOff.csv:1145420,2029-12-20T13:00:00,2029-12-20T13:20:00
1145430,MEP Rough-In | L 1 | 1145430,A1690,MEP Rough-In,L 1,MEP_TakeOff.csv:1145430,2029-12-20T13:00:00,2029-12-20T13:20:00
1145445,MEP Rough-In | L 1 | 1145445,A1690,MEP Rough-In,L 1,MEP_TakeOff.csv:1145445,2029-12-20T13:00:00,2029-12-20T13:20:00
1126920,MEP Rough-In | L 1 | 1126920,A1690,MEP Rough-In,L 1,MEP_TakeOff.csv:1126920,2029-12-20T13:20:00,2029-12-20T13:40:00
1135959,MEP Rough-In | L 1 | 1135959,A1690,MEP Rough-In,L 1,MEP_TakeOff.csv:1135959,2029-12-20T13:20:00,2029-12-20T13:40:00
1145450,MEP Rough-In | L 1 | 1145450,A1690,MEP Rough-In,L 1,MEP_TakeOff.csv:1145450,2029-12-20T13:20:00,2029-12-20T13:40:00
1126901,MEP Rough-In | L 1 | 1126901,A1690,MEP Rough-In,L 1,MEP_TakeOff.csv:1126901,2029-12-20T13:40:00,2029-12-20T14:00:00
1135926,MEP Rough-In | L 1 | 1135926,A1690,MEP Rough-In,L 1,MEP_TakeOff.csv:1135926,2029-12-20T13:40:00,2029-12-20T14:00:00
1135930,MEP Rough-In | L 1 | 1135930,A1690,MEP Rough-In,L 1,MEP_TakeOff.csv:1135930,2029-12-20T13:40:00,2029-12-20T14:00:00
1135809,MEP Rough-In | L 1 | 1135809,A1690,MEP Rough-In,L 1,MEP_TakeOff.csv:1135809,2029-12-20T14:00:00,2029-12-20T14:20:00
1135950,MEP Rough-In | L 1 | 1135950,A1690,MEP Rough-In,L 1,MEP_TakeOff.csv:1135950,2029-12-20T14:00:00,2029-12-20T14:20:00
1135957,MEP Rough-In | L 1 | 1135957,A1690,MEP Rough-In,L 1,MEP_TakeOff.csv:1135957,2029-12-20T14:00:00,2029-12-20T14:20:00
1135816,MEP Rough-In | L 1 | 1135816,A1690,MEP Rough-In,L 1,MEP_TakeOff.csv:1135816,2029-12-20T14:20:00,2029-12-20T14:40:00
1145493,MEP Rough-In | L 1 | 1145493,A1690,MEP Rough-In,L 1,MEP_TakeOff.csv:1145493,2029-12-20T14:20:00,2029-12-20T14:40:00
1145497,MEP Rough-In | L 1 | 1145497,A1690,MEP Rough-In,L 1,MEP_TakeOff.csv:1145497,2029-12-20T14:20:00,2029-12-20T14:40:00
1145503,MEP Rough-In | L 1 | 1145503,A1690,MEP Rough-In,L 1,MEP_TakeOff.csv:1145503,2029-12-20T14:40:00,2029-12-20T15:00:00
1145505,MEP Rough-In | L 1 | 1145505,A1690,MEP Rough-In,L 1,MEP_TakeOff.csv:1145505,2029-12-20T14:40:00,2029-12-20T15:00:00
1156592,MEP Rough-In | L 1 | 1156592,A1690,MEP Rough-In,L 1,MEP_TakeOff.csv:1156592,2029-12-20T14:40:00,2029-12-20T15:00:00
1082712,MEP Rough-In | L 1 | 1082712,A1690,MEP Rough-In,L 1,MEP_TakeOff.csv:1082712,2029-12-20T15:00:00,2029-12-20T15:20:00
1087222,MEP Rough-In | L 1 | 1087222,A1690,MEP Rough-In,L 1,MEP_TakeOff.csv:1087222,2029-12-20T15:00:00,2029-12-20T15:20:00
1136707,MEP Rough-In | L 1 | 1136707,A1690,MEP Rough-In,L 1,MEP_TakeOff.csv:1136707,2029-12-20T15:00:00,2029-12-20T15:20:00
1135817,MEP Rough-In | L 1 | 1135817,A1690,MEP Rough-In,L 1,MEP_TakeOff.csv:1135817,2029-12-20T15:20:00,2029-12-20T15:40:00
1156610,MEP Rough-In | L 1 | 1156610,A1690,MEP Rough-In,L 1,MEP_TakeOff.csv:1156610,2029-12-20T15:20:00,2029-12-20T15:40:00
1156642,MEP Rough-In | L 1 | 1156642,A1690,MEP Rough-In,L 1,MEP_TakeOff.csv:1156642,2029-12-20T15:20:00,2029-12-20T15:40:00
1156561,MEP Rough-In | L 1 | 1156561,A1690,MEP Rough-In,L 1,MEP_TakeOff.csv:1156561,2029-12-20T15:40:00,2029-12-20T16:00:00
1156626,MEP Rough-In | L 1 | 1156626,A1690,MEP Rough-In,L 1,MEP_TakeOff.csv:1156626,2029-12-20T15:40:00,2029-12-20T16:00:00
1233486,MEP Rough-In | L 1 | 1233486,A1690,MEP Rough-In,L 1,MEP_TakeOff.csv:1233486,2029-12-20T15:40:00,2029-12-20T16:00:00
1293240,MEP Rough-In | L 1 | 1293240,A1690,MEP Rough-In,L 1,MEP_TakeOff.csv:1293240,2029-12-20T16:00:00,2029-12-20T16:20:00
1293316,MEP Rough-In | L 1 | 1293316,A1690,MEP Rough-In,L 1,MEP_TakeOff.csv:1293316,2029-12-20T16:00:00,2029-12-20T16:20:00
1293367,MEP Rough-In | L 1 | 1293367,A1690,MEP Rough-In,L 1,MEP_TakeOff.csv:1293367,2029-12-20T16:00:00,2029-12-20T16:20:00
1156633,MEP Rough-In | L 1 | 1156633,A1690,MEP Rough-In,L 1,MEP_TakeOff.csv:1156633,2029-12-20T16:20:00,2029-12-20T16:40:00
1293359,MEP Rough-In | L 1 | 1293359,A1690,MEP Rough-In,L 1,MEP_TakeOff.csv:1293359,2029-12-20T16:20:00,2029-12-20T16:40:00
1293360,MEP Rough-In | L 1 | 1293360,A1690,MEP Rough-In,L 1,MEP_TakeOff.csv:1293360,2029-12-20T16:20:00,2029-12-20T16:40:00
1156599,MEP Rough-In | L 1 | 1156599,A1690,MEP Rough-In,L 1,MEP_TakeOff.csv:1156599,2029-12-20T16:40:00,2029-12-20T17:00:00
1156617,MEP Rough-In | L 1 | 1156617,A1690,MEP Rough-In,L 1,MEP_TakeOff.csv:1156617,2029-12-20T16:40:00,2029-12-20T17:00:00
1293239,MEP Rough-In | L 1 | 1293239,A1690,MEP Rough-In,L 1,MEP_TakeOff.csv:1293239,2029-12-20T16:40:00,2029-12-20T17:00:00
1156213,MEP Rough-In | L 1 | 1156213,A1690,MEP Rough-In,L 1,MEP_TakeOff.csv:1156213,2029-12-21T09:00:00,2029-12-21T09:20:00
1156253,MEP Rough-In | L 1 | 1156253,A1690,MEP Rough-In,L 1,MEP_TakeOff.csv:1156253,2029-12-21T09:00:00,2029-12-21T09:20:00
1293242,MEP Rough-In | L 1 | 1293242,A1690,MEP Rough-In,L 1,MEP_TakeOff.csv:1293242,2029-12-21T09:00:00,2029-12-21T09:20:00
1155957,MEP Rough-In | L 1 | 1155957,A1690,MEP Rough-In,L 1,MEP_TakeOff.csv:1155957,2029-12-21T09:20:00,2029-12-21T09:40:00
1156220,MEP Rough-In | L 1 | 1156220,A1690,MEP Rough-In,L 1,MEP_TakeOff.csv:1156220,2029-12-21T09:20:00,2029-12-21T09:40:00
1233483,MEP Rough-In | L 1 | 1233483,A1690,MEP Rough-In,L 1,MEP_TakeOff.csv:1233483,2029-12-21T09:20:00,2029-12-21T09:40:00
1156600,MEP Rough-In | L 1 | 1156600,A1690,MEP Rough-In,L 1,MEP_TakeOff.csv:1156600,2029-12-21T09:40:00,2029-12-21T10:00:00
1233482,MEP Rough-In | L 1 | 1233482,A1690,MEP Rough-In,L 1,MEP_TakeOff.csv:1233482,2029-12-21T09:40:00,2029-12-21T10:00:00
1233485,MEP Rough-In | L 1 | 1233485,A1690,MEP Rough-In,L 1,MEP_TakeOff.csv:1233485,2029-12-21T09:40:00,2029-12-21T10:00:00
1156295,MEP Rough-In | L 1 | 1156295,A1690,MEP Rough-In,L 1,MEP_TakeOff.csv:1156295,2029-12-21T10:00:00,2029-12-21T10:20:00
1156303,MEP Rough-In | L 1 | 1156303,A1690,MEP Rough-In,L 1,MEP_TakeOff.csv:1156303,2029-12-21T10:00:00,2029-12-21T10:20:00
1156364,MEP Rough-In | L 1 | 1156364,A1690,MEP Rough-In,L 1,MEP_TakeOff.csv:1156364,2029-12-21T10:00:00,2029-12-21T10:20:00
1156618,MEP Rough-In | L 1 | 1156618,A1690,MEP Rough-In,L 1,MEP_TakeOff.csv:1156618,2029-12-21T10:20:00,2029-12-21T10:40:00
1293281,MEP Rough-In | L 1 | 1293281,A1690,MEP Rough-In,L 1,MEP_TakeOff.csv:1293281,2029-12-21T10:20:00,2029-12-21T10:40:00
1293315,MEP Rough-In | L 1 | 1293315,A1690,MEP Rough-In,L 1,MEP_TakeOff.csv:1293315,2029-12-21T10:20:00,2029-12-21T10:40:00
1155984,MEP Rough-In | L 1 | 1155984,A1690,MEP Rough-In,L 1,MEP_TakeOff.csv:1155984,2029-12-21T10:40:00,2029-12-21T11:00:00
1156634,MEP Rough-In | L 1 | 1156634,A1690,MEP Rough-In,L 1,MEP_TakeOff.csv:1156634,2029-12-21T10:40:00,2029-12-21T11:00:00
1293366,MEP Rough-In | L 1 | 1293366,A1690,MEP Rough-In,L 1,MEP_TakeOff.csv:1293366,2029-12-21T10:40:00,2029-12-21T11:00:00
1135945,MEP Rough-In | L 1 | 1135945,A1690,MEP Rough-In,L 1,MEP_TakeOff.csv:1135945,2029-12-21T11:00:00,2029-12-21T11:20:00
1155983,MEP Rough-In | L 1 | 1155983,A1690,MEP Rough-In,L 1,MEP_TakeOff.csv:1155983,2029-12-21T11:00:00,2029-12-21T11:20:00
1378577,MEP Rough-In | L 1 | 1378577,A1690,MEP Rough-In,L 1,MEP_TakeOff.csv:1378577,2029-12-21T11:00:00,2029-12-21T11:20:00
1126761,MEP Rough-In | L 1 | 1126761,A1690,MEP Rough-In,L 1,MEP_TakeOff.csv:1126761,2029-12-21T11:20:00,2029-12-21T11:40:00
1203600,MEP Rough-In | L 1 | 1203600,A1690,MEP Rough-In,L 1,MEP_TakeOff.csv:1203600,2029-12-21T11:20:00,2029-12-21T11:40:00
1203604,MEP Rough-In | L 1 | 1203604,A1690,MEP Rough-In,L 1,MEP_TakeOff.csv:1203604,2029-12-21T11:20:00,2029-12-21T11:40:00
1136091,MEP Rough-In | L 1 | 1136091,A1690,MEP Rough-In,L 1,MEP_TakeOff.csv:1136091,2029-12-21T11:40:00,2029-12-21T12:00:00
1293529,MEP Rough-In | L 1 | 1293529,A1690,MEP Rough-In,L 1,MEP_TakeOff.csv:1293529,2029-12-21T11:40:00,2029-12-21T12:00:00
1293530,MEP Rough-In | L 1 | 1293530,A1690,MEP Rough-In,L 1,MEP_TakeOff.csv:1293530,2029-12-21T11:40:00,2029-12-21T12:00:00
1087223,MEP Rough-In | L 1 | 1087223,A1690,MEP Rough-In,L 1,MEP_TakeOff.csv:1087223,2029-12-21T12:00:00,2029-12-21T12:20:00
1135673,MEP Rough-In | L 1 | 1135673,A1690,MEP Rough-In,L 1,MEP_TakeOff.csv:1135673,2029-12-21T12:00:00,2029-12-21T12:20:00
1378578,MEP Rough-In | L 1 | 1378578,A1690,MEP Rough-In,L 1,MEP_TakeOff.csv:1378578,2029-12-21T12:00:00,2029-12-21T12:20:00
1271441,MEP Rough-In | L 1 | 1271441,A1690,MEP Rough-In,L 1,MEP_TakeOff.csv:1271441,2029-12-21T12:20:00,2029-12-21T12:40:00
1271454,MEP Rough-In | L 1 | 1271454,A1690,MEP Rough-In,L 1,MEP_TakeOff.csv:1271454,2029-12-21T12:20:00,2029-12-21T12:40:00
1271467,MEP Rough-In | L 1 | 1271467,A1690,MEP Rough-In,L 1,MEP_TakeOff.csv:1271467,2029-12-21T12:20:00,2029-12-21T12:40:00
1235385,MEP Rough-In | L 1 | 1235385,A1690,MEP Rough-In,L 1,MEP_TakeOff.csv:1235385,2029-12-21T12:40:00,2029-12-21T13:00:00
1271366,MEP Rough-In | L 1 | 1271366,A1690,MEP Rough-In,L 1,MEP_TakeOff.csv:1271366,2029-12-21T12:40:00,2029-12-21T13:00:00
1271428,MEP Rough-In | L 1 | 1271428,A1690,MEP Rough-In,L 1,MEP_TakeOff.csv:1271428,2029-12-21T12:40:00,2029-12-21T13:00:00
1087237,MEP Rough-In | L 1 | 1087237,A1690,MEP Rough-In,L 1,MEP_TakeOff.csv:1087237,2029-12-21T13:00:00,2029-12-21T13:20:00
1136708,MEP Rough-In | L 1 | 1136708,A1690,MEP Rough-In,L 1,MEP_TakeOff.csv:1136708,2029-12-21T13:00:00,2029-12-21T13:20:00
1136709,MEP Rough-In | L 1 | 1136709,A1690,MEP Rough-In,L 1,MEP_TakeOff.csv:1136709,2029-12-21T13:00:00,2029-12-21T13:20:00
1082897,MEP Rough-In | L 1 | 1082897,A1690,MEP Rough-In,L 1,MEP_TakeOff.csv:1082897,2029-12-21T13:20:00,2029-12-21T13:40:00
1135674,MEP Rough-In | L 1 | 1135674,A1690,MEP Rough-In,L 1,MEP_TakeOff.csv:1135674,2029-12-21T13:20:00,2029-12-21T13:40:00
1135943,MEP Rough-In | L 1 | 1135943,A1690,MEP Rough-In,L 1,MEP_TakeOff.csv:1135943,2029-12-21T13:20:00,2029-12-21T13:40:00
1087238,MEP Rough-In | L 1 | 1087238,A1690,MEP Rough-In,L 1,MEP_TakeOff.csv:1087238,2029-12-21T13:40:00,2029-12-21T14:00:00
1127081,MEP Rough-In | L 1 | 1127081,A1690,MEP Rough-In,L 1,MEP_TakeOff.csv:1127081,2029-12-21T13:40:00,2029-12-21T14:00:00
1135602,MEP Rough-In | L 1 | 1135602,A1690,MEP Rough-In,L 1,MEP_TakeOff.csv:1135602,2029-12-21T13:40:00,2029-12-21T14:00:00
1128228,MEP Rough-In | L 1 | 1128228,A1690,MEP Rough-In,L 1,MEP_TakeOff.csv:1128228,2029-12-21T14:00:00,2029-12-21T14:20:00
1135637,MEP Rough-In | L 1 | 1135637,A1690,MEP Rough-In,L 1,MEP_TakeOff.csv:1135637,2029-12-21T14:00:00,2029-12-21T14:20:00
1135944,MEP Rough-In | L 1 | 1135944,A1690,MEP Rough-In,L 1,MEP_TakeOff.csv:1135944,2029-12-21T14:00:00,2029-12-21T14:20:00
1126868,MEP Rough-In | L 1 | 1126868,A1690,MEP Rough-In,L 1,MEP_TakeOff.csv:1126868,2029-12-21T14:20:00,2029-12-21T14:40:00
1135659,MEP Rough-In | L 1 | 1135659,A1690,MEP Rough-In,L 1,MEP_TakeOff.csv:1135659,2029-12-21T14:20:00,2029-12-21T14:40:00
1135952,MEP Rough-In | L 1 | 1135952,A1690,MEP Rough-In,L 1,MEP_TakeOff.csv:1135952,2029-12-21T14:20:00,2029-12-21T14:40:00
1135652,MEP Rough-In | L 1 | 1135652,A1690,MEP Rough-In,L 1,MEP_TakeOff.csv:1135652,2029-12-21T14:40:00,2029-12-21T15:00:00
1135878,MEP Rough-In | L 1 | 1135878,A1690,MEP Rough-In,L 1,MEP_TakeOff.csv:1135878,2029-12-21T14:40:00,2029-12-21T15:00:00
1135951,MEP Rough-In | L 1 | 1135951,A1690,MEP Rough-In,L 1,MEP_TakeOff.csv:1135951,2029-12-21T14:40:00,2029-12-21T15:00:00
1087433,MEP Rough-In | L 1 | 1087433,A1690,MEP Rough-In,L 1,MEP_TakeOff.csv:1087433,2029-12-21T15:00:00,2029-12-21T15:20:00
1136718,MEP Rough-In | L 1 | 1136718,A1690,MEP Rough-In,L 1,MEP_TakeOff.csv:1136718,2029-12-21T15:00:00,2029-12-21T15:20:00
1155976,MEP Rough-In | L 1 | 1155976,A1690,MEP Rough-In,L 1,MEP_TakeOff.csv:1155976,2029-12-21T15:00:00,2029-12-21T15:20:00
1130130,MEP Rough-In | L 1 | 1130130,A1690,MEP Rough-In,L 1,MEP_TakeOff.csv:1130130,2029-12-21T15:20:00,2029-12-21T15:40:00
1130140,MEP Rough-In | L 1 | 1130140,A1690,MEP Rough-In,L 1,MEP_TakeOff.csv:1130140,2029-12-21T15:20:00,2029-12-21T15:40:00
1130348,MEP Rough-In | L 1 | 1130348,A1690,MEP Rough-In,L 1,MEP_TakeOff.csv:1130348,2029-12-21T15:20:00,2029-12-21T15:40:00
1130122,MEP Rough-In | L 1 | 1130122,A1690,MEP Rough-In,L 1,MEP_TakeOff.csv:1130122,2029-12-21T15:40:00,2029-12-21T16:00:00
1130127,MEP Rough-In | L 1 | 1130127,A1690,MEP Rough-In,L 1,MEP_TakeOff.csv:1130127,2029-12-21T15:40:00,2029-12-21T16:00:00
1130137,MEP Rough-In | L 1 | 1130137,A1690,MEP Rough-In,L 1,MEP_TakeOff.csv:1130137,2029-12-21T15:40:00,2029-12-21T16:00:00
1087426,MEP Rough-In | L 1 | 1087426,A1690,MEP Rough-In,L 1,MEP_TakeOff.csv:1087426,2029-12-21T16:00:00,2029-12-21T16:20:00
1130108,MEP Rough-In | L 1 | 1130108,A1690,MEP Rough-In,L 1,MEP_TakeOff.csv:1130108,2029-12-21T16:00:00,2029-12-21T16:20:00
1130111,MEP Rough-In | L 1 | 1130111,A1690,MEP Rough-In,L 1,MEP_TakeOff.csv:1130111,2029-12-21T16:00:00,2029-12-21T16:20:00
1084400,MEP Rough-In | L 1 | 1084400,A1690,MEP Rough-In,L 1,MEP_TakeOff.csv:1084400,2029-12-21T16:20:00,2029-12-21T16:40:00
1155156,MEP Rough-In | L 1 | 1155156,A1690,MEP Rough-In,L 1,MEP_TakeOff.csv:1155156,2029-12-21T16:20:00,2029-12-21T16:40:00
1155159,MEP Rough-In | L 1 | 1155159,A1690,MEP Rough-In,L 1,MEP_TakeOff.csv:1155159,2029-12-21T16:20:00,2029-12-21T16:40:00
1155160,MEP Rough-In | L 1 | 1155160,A1690,MEP Rough-In,L 1,MEP_TakeOff.csv:1155160,2029-12-21T16:40:00,2029-12-21T17:00:00
1241491,MEP Rough-In | L 1 | 1241491,A1690,MEP Rough-In,L 1,MEP_TakeOff.csv:1241491,2029-12-21T16:40:00,2029-12-21T17:00:00
1241495,MEP Rough-In | L 1 | 1241495,A1690,MEP Rough-In,L 1,MEP_TakeOff.csv:1241495,2029-12-21T16:40:00,2029-12-21T17:00:00
1087434,MEP Rough-In | L 1 | 1087434,A1690,MEP Rough-In,L 1,MEP_TakeOff.csv:1087434,2029-12-24T09:00:00,2029-12-24T09:20:00
1281312,MEP Rough-In | L 1 | 1281312,A1690,MEP Rough-In,L 1,MEP_TakeOff.csv:1281312,2029-12-24T09:00:00,2029-12-24T09:20:00
1281321,MEP Rough-In | L 1 | 1281321,A1690,MEP Rough-In,L 1,MEP_TakeOff.csv:1281321,2029-12-24T09:00:00,2029-12-24T09:20:00
1268727,MEP Rough-In | L 1 | 1268727,A1690,MEP Rough-In,L 1,MEP_TakeOff.csv:1268727,2029-12-24T09:20:00,2029-12-24T09:40:00
1281282,MEP Rough-In | L 1 | 1281282,A1690,MEP Rough-In,L 1,MEP_TakeOff.csv:1281282,2029-12-24T09:20:00,2029-12-24T09:40:00
1281299,MEP Rough-In | L 1 | 1281299,A1690,MEP Rough-In,L 1,MEP_TakeOff.csv:1281299,2029-12-24T09:20:00,2029-12-24T09:40:00
1270060,MEP Rough-In | L 1 | 1270060,A1690,MEP Rough-In,L 1,MEP_TakeOff.csv:1270060,2029-12-24T09:40:00,2029-12-24T10:00:00
1341931,MEP Rough-In | L 1 | 1341931,A1690,MEP Rough-In,L 1,MEP_TakeOff.csv:1341931,2029-12-24T09:40:00,2029-12-24T10:00:00
1343222,MEP Rough-In | L 1 | 1343222,A1690,MEP Rough-In,L 1,MEP_TakeOff.csv:1343222,2029-12-24T09:40:00,2029-12-24T10:00:00
1136714,MEP Rough-In | L 1 | 1136714,A1690,MEP Rough-In,L 1,MEP_TakeOff.csv:1136714,2029-12-24T10:00:00,2029-12-24T10:20:00
1269604,MEP Rough-In | L 1 | 1269604,A1690,MEP Rough-In,L 1,MEP_TakeOff.csv:1269604,2029-12-24T10:00:00,2029-12-24T10:20:00
1270047,MEP Rough-In | L 1 | 1270047,A1690,MEP Rough-In,L 1,MEP_TakeOff.csv:1270047,2029-12-24T10:00:00,2029-12-24T10:20:00
1087401,MEP Rough-In | L 1 | 1087401,A1690,MEP Rough-In,L 1,MEP_TakeOff.csv:1087401,2029-12-24T10:20:00,2029-12-24T10:40:00
1290218,MEP Rough-In | L 1 | 1290218,A1690,MEP Rough-In,L 1,MEP_TakeOff.csv:1290218,2029-12-24T10:20:00,2029-12-24T10:40:00
1290250,MEP Rough-In | L 1 | 1290250,A1690,MEP Rough-In,L 1,MEP_TakeOff.csv:1290250,2029-12-24T10:20:00,2029-12-24T10:40:00
1087406,MEP Rough-In | L 1 | 1087406,A1690,MEP Rough-In,L 1,MEP_TakeOff.csv:1087406,2029-12-24T10:40:00,2029-12-24T11:00:00
1136715,MEP Rough-In | L 1 | 1136715,A1690,MEP Rough-In,L 1,MEP_TakeOff.csv:1136715,2029-12-24T10:40:00,2029-12-24T11:00:00
1289223,MEP Rough-In | L 1 | 1289223,A1690,MEP Rough-In,L 1,MEP_TakeOff.csv:1289223,2029-12-24T10:40:00,2029-12-24T11:00:00
1349507,MEP Rough-In | L 1 | 1349507,A1690,MEP Rough-In,L 1,MEP_TakeOff.csv:1349507,2029-12-24T11:00:00,2029-12-24T11:20:00
1349543,MEP Rough-In | L 1 | 1349543,A1690,MEP Rough-In,L 1,MEP_TakeOff.csv:1349543,2029-12-24T11:00:00,2029-12-24T11:20:00
1349553,MEP Rough-In | L 1 | 1349553,A1690,MEP Rough-In,L 1,MEP_TakeOff.csv:1349553,2029-12-24T11:00:00,2029-12-24T11:20:00
1233611,MEP Rough-In | L 1 | 1233611,A1690,MEP Rough-In,L 1,MEP_TakeOff.csv:1233611,2029-12-24T11:20:00,2029-12-24T11:40:00
1288014,MEP Rough-In | L 1 | 1288014,A1690,MEP Rough-In,L 1,MEP_TakeOff.csv:1288014,2029-12-24T11:20:00,2029-12-24T11:40:00
1349517,MEP Rough-In | L 1 | 1349517,A1690,MEP Rough-In,L 1,MEP_TakeOff.csv:1349517,2029-12-24T11:20:00,2029-12-24T11:40:00
1155589,MEP Rough-In | L 1 | 1155589,A1690,MEP Rough-In,L 1,MEP_TakeOff.csv:1155589,2029-12-24T11:40:00,2029-12-24T12:00:00
1232735,MEP Rough-In | L 1 | 1232735,A1690,MEP Rough-In,L 1,MEP_TakeOff.csv:1232735,2029-12-24T11:40:00,2029-12-24T12:00:00
1287940,MEP Rough-In | L 1 | 1287940,A1690,MEP Rough-In,L 1,MEP_TakeOff.csv:1287940,2029-12-24T11:40:00,2029-12-24T12:00:00
1155454,MEP Rough-In | L 1 | 1155454,A1690,MEP Rough-In,L 1,MEP_TakeOff.csv:1155454,2029-12-24T12:00:00,2029-12-24T12:20:00
1232640,MEP Rough-In | L 1 | 1232640,A1690,MEP Rough-In,L 1,MEP_TakeOff.csv:1232640,2029-12-24T12:00:00,2029-12-24T12:20:00
1232705,MEP Rough-In | L 1 | 1232705,A1690,MEP Rough-In,L 1,MEP_TakeOff.csv:1232705,2029-12-24T12:00:00,2029-12-24T12:20:00
1155477,MEP Rough-In | L 1 | 1155477,A1690,MEP Rough-In,L 1,MEP_TakeOff.csv:1155477,2029-12-24T12:20:00,2029-12-24T12:40:00
1378637,MEP Rough-In | L 1 | 1378637,A1690,MEP Rough-In,L 1,MEP_TakeOff.csv:1378637,2029-12-24T12:20:00,2029-12-24T12:40:00
1378638,MEP Rough-In | L 1 | 1378638,A1690,MEP Rough-In,L 1,MEP_TakeOff.csv:1378638,2029-12-24T12:20:00,2029-12-24T12:40:00
1155466,MEP Rough-In | L 1 | 1155466,A1690,MEP Rough-In,L 1,MEP_TakeOff.csv:1155466,2029-12-24T12:40:00,2029-12-24T13:00:00
1155469,MEP Rough-In | L 1 | 1155469,A1690,MEP Rough-In,L 1,MEP_TakeOff.csv:1155469,2029-12-24T12:40:00,2029-12-24T13:00:00
1349479,MEP Rough-In | L 1 | 1349479,A1690,MEP Rough-In,L 1,MEP_TakeOff.csv:1349479,2029-12-24T12:40:00,2029-12-24T13:00:00
1155468,MEP Rough-In | L 1 | 1155468,A1690,MEP Rough-In,L 1,MEP_TakeOff.csv:1155468,2029-12-24T13:00:00,2029-12-24T13:20:00
1232551,MEP Rough-In | L 1 | 1232551,A1690,MEP Rough-In,L 1,MEP_TakeOff.csv:1232551,2029-12-24T13:00:00,2029-12-24T13:20:00
1232800,MEP Rough-In | L 1 | 1232800,A1690,MEP Rough-In,L 1,MEP_TakeOff.csv:1232800,2029-12-24T13:00:00,2029-12-24T13:20:00
1155455,MEP Rough-In | L 1 | 1155455,A1690,MEP Rough-In,L 1,MEP_TakeOff.csv:1155455,2029-12-24T13:20:00,2029-12-24T13:40:00
1155457,MEP Rough-In | L 1 | 1155457,A1690,MEP Rough-In,L 1,MEP_TakeOff.csv:1155457,2029-12-24T13:20:00,2029-12-24T13:40:00
1232704,MEP Rough-In | L 1 | 1232704,A1690,MEP Rough-In,L 1,MEP_TakeOff.csv:1232704,2029-12-24T13:20:00,2029-12-24T13:40:00
1232734,MEP Rough-In | L 1 | 1232734,A1690,MEP Rough-In,L 1,MEP_TakeOff.csv:1232734,2029-12-24T13:40:00,2029-12-24T14:00:00
1288015,MEP Rough-In | L 1 | 1288015,A1690,MEP Rough-In,L 1,MEP_TakeOff.csv:1288015,2029-12-24T13:40:00,2029-12-24T14:00:00
1289345,MEP Rough-In | L 1 | 1289345,A1690,MEP Rough-In,L 1,MEP_TakeOff.csv:1289345,2029-12-24T13:40:00,2029-12-24T14:00:00
1232708,MEP Rough-In | L 1 | 1232708,A1690,MEP Rough-In,L 1,MEP_TakeOff.csv:1232708,2029-12-24T14:00:00,2029-12-24T14:20:00
1232738,MEP Rough-In | L 1 | 1232738,A1690,MEP Rough-In,L 1,MEP_TakeOff.csv:1232738,2029-12-24T14:00:00,2029-12-24T14:20:00
1289213,MEP Rough-In | L 1 | 1289213,A1690,MEP Rough-In,L 1,MEP_TakeOff.csv:1289213,2029-12-24T14:00:00,2029-12-24T14:20:00
1232554,MEP Rough-In | L 1 | 1232554,A1690,MEP Rough-In,L 1,MEP_TakeOff.csv:1232554,2029-12-24T14:20:00,2029-12-24T14:40:00
2001823,MEP Rough-In | L 1 | 2001823,A1690,MEP Rough-In,L 1,MEP_TakeOff.csv:2001823,2029-12-24T14:20:00,2029-12-24T14:40:00
2008440,MEP Rough-In | L 1 | 2008440,A1690,MEP Rough-In,L 1,MEP_TakeOff.csv:2008440,2029-12-24T14:20:00,2029-12-24T14:40:00
1232552,MEP Rough-In | L 1 | 1232552,A1690,MEP Rough-In,L 1,MEP_TakeOff.csv:1232552,2029-12-24T14:40:00,2029-12-24T15:00:00
1232760,MEP Rough-In | L 1 | 1232760,A1690,MEP Rough-In,L 1,MEP_TakeOff.csv:1232760,2029-12-24T14:40:00,2029-12-24T15:00:00
1232765,MEP Rough-In | L 1 | 1232765,A1690,MEP Rough-In,L 1,MEP_TakeOff.csv:1232765,2029-12-24T14:40:00,2029-12-24T15:00:00
1239940,MEP Rough-In | L 1 | 1239940,A1690,MEP Rough-In,L 1,MEP_TakeOff.csv:1239940,2029-12-24T15:00:00,2029-12-24T15:20:00
1240854,MEP Rough-In | L 1 | 1240854,A1690,MEP Rough-In,L 1,MEP_TakeOff.csv:1240854,2029-12-24T15:00:00,2029-12-24T15:20:00
1289320,MEP Rough-In | L 1 | 1289320,A1690,MEP Rough-In,L 1,MEP_TakeOff.csv:1289320,2029-12-24T15:00:00,2029-12-24T15:20:00
1288324,MEP Rough-In | L 1 | 1288324,A1690,MEP Rough-In,L 1,MEP_TakeOff.csv:1288324,2029-12-24T15:20:00,2029-12-24T15:40:00
1288338,MEP Rough-In | L 1 | 1288338,A1690,MEP Rough-In,L 1,MEP_TakeOff.csv:1288338,2029-12-24T15:20:00,2029-12-24T15:40:00
1288496,MEP Rough-In | L 1 | 1288496,A1690,MEP Rough-In,L 1,MEP_TakeOff.csv:1288496,2029-12-24T15:20:00,2029-12-24T15:40:00
1288317,MEP Rough-In | L 1 | 1288317,A1690,MEP Rough-In,L 1,MEP_TakeOff.csv:1288317,2029-12-24T15:40:00,2029-12-24T16:00:00
1288335,MEP Rough-In | L 1 | 1288335,A1690,MEP Rough-In,L 1,MEP_TakeOff.csv:1288335,2029-12-24T15:40:00,2029-12-24T16:00:00
1289344,MEP Rough-In | L 1 | 1289344,A1690,MEP Rough-In,L 1,MEP_TakeOff.csv:1289344,2029-12-24T15:40:00,2029-12-24T16:00:00
1240109,MEP Rough-In | L 1 | 1240109,A1690,MEP Rough-In,L 1,MEP_TakeOff.csv:1240109,2029-12-24T16:00:00,2029-12-24T16:20:00
1288498,MEP Rough-In | L 1 | 1288498,A1690,MEP Rough-In,L 1,MEP_TakeOff.csv:1288498,2029-12-24T16:00:00,2029-12-24T16:20:00
1289262,MEP Rough-In | L 1 | 1289262,A1690,MEP Rough-In,L 1,MEP_TakeOff.csv:1289262,2029-12-24T16:00:00,2029-12-24T16:20:00
1232757,MEP Rough-In | L 1 | 1232757,A1690,MEP Rough-In,L 1,MEP_TakeOff.csv:1232757,2029-12-24T16:20:00,2029-12-24T16:40:00
1232762,MEP Rough-In | L 1 | 1232762,A1690,MEP Rough-In,L 1,MEP_TakeOff.csv:1232762,2029-12-24T16:20:00,2029-12-24T16:40:00
1288499,MEP Rough-In | L 1 | 1288499,A1690,MEP Rough-In,L 1,MEP_TakeOff.csv:1288499,2029-12-24T16:20:00,2029-12-24T16:40:00
1155452,MEP Rough-In | L 1 | 1155452,A1690,MEP Rough-In,L 1,MEP_TakeOff.csv:1155452,2029-12-24T16:40:00,2029-12-24T17:00:00
1155486,MEP Rough-In | L 1 | 1155486,A1690,MEP Rough-In,L 1,MEP_TakeOff.csv:1155486,2029-12-24T16:40:00,2029-12-24T17:00:00
1158976,MEP Rough-In | L 1 | 1158976,A1690,MEP Rough-In,L 1,MEP_TakeOff.csv:1158976,2029-12-24T16:40:00,2029-12-24T17:00:00
1155453,MEP Rough-In | L 1 | 1155453,A1690,MEP Rough-In,L 1,MEP_TakeOff.csv:1155453,2029-12-25T09:00:00,2029-12-25T09:20:00
1232761,MEP Rough-In | L 1 | 1232761,A1690,MEP Rough-In,L 1,MEP_TakeOff.csv:1232761,2029-12-25T09:00:00,2029-12-25T09:20:00
1232766,MEP Rough-In | L 1 | 1232766,A1690,MEP Rough-In,L 1,MEP_TakeOff.csv:1232766,2029-12-25T09:00:00,2029-12-25T09:20:00
1143116,MEP Rough-In | L 1 | 1143116,A1690,MEP Rough-In,L 1,MEP_TakeOff.csv:1143116,2029-12-25T09:20:00,2029-12-25T09:40:00
1239525,MEP Rough-In | L 1 | 1239525,A1690,MEP Rough-In,L 1,MEP_TakeOff.csv:1239525,2029-12-25T09:20:00,2029-12-25T09:40:00
1288555,MEP Rough-In | L 1 | 1288555,A1690,MEP Rough-In,L 1,MEP_TakeOff.csv:1288555,2029-12-25T09:20:00,2029-12-25T09:40:00
1236760,MEP Rough-In | L 1 | 1236760,A1690,MEP Rough-In,L 1,MEP_TakeOff.csv:1236760,2029-12-25T09:40:00,2029-12-25T10:00:00
1239486,MEP Rough-In | L 1 | 1239486,A1690,MEP Rough-In,L 1,MEP_TakeOff.csv:1239486,2029-12-25T09:40:00,2029-12-25T10:00:00
1349575,MEP Rough-In | L 1 | 1349575,A1690,MEP Rough-In,L 1,MEP_TakeOff.csv:1349575,2029-12-25T09:40:00,2029-12-25T10:00:00
1155450,MEP Rough-In | L 1 | 1155450,A1690,MEP Rough-In,L 1,MEP_TakeOff.csv:1155450,2029-12-25T10:00:00,2029-12-25T10:20:00
1165543,MEP Rough-In | L 1 | 1165543,A1690,MEP Rough-In,L 1,MEP_TakeOff.csv:1165543,2029-12-25T10:00:00,2029-12-25T10:20:00
1236750,MEP Rough-In | L 1 | 1236750,A1690,MEP Rough-In,L 1,MEP_TakeOff.csv:1236750,2029-12-25T10:00:00,2029-12-25T10:20:00
1154383,MEP Rough-In | L 1 | 1154383,A1690,MEP Rough-In,L 1,MEP_TakeOff.csv:1154383,2029-12-25T10:20:00,2029-12-25T10:40:00
1236761,MEP Rough-In | L 1 | 1236761,A1690,MEP Rough-In,L 1,MEP_TakeOff.csv:1236761,2029-12-25T10:20:00,2029-12-25T10:40:00
1239526,MEP Rough-In | L 1 | 1239526,A1690,MEP Rough-In,L 1,MEP_TakeOff.csv:1239526,2029-12-25T10:20:00,2029-12-25T10:40:00
1155451,MEP Rough-In | L 1 | 1155451,A1690,MEP Rough-In,L 1,MEP_TakeOff.csv:1155451,2029-12-25T10:40:00,2029-12-25T11:00:00
1349578,MEP Rough-In | L 1 | 1349578,A1690,MEP Rough-In,L 1,MEP_TakeOff.csv:1349578,2029-12-25T10:40:00,2029-12-25T11:00:00
2001822,MEP Rough-In | L 1 | 2001822,A1690,MEP Rough-In,L 1,MEP_TakeOff.csv:2001822,2029-12-25T10:40:00,2029-12-25T11:00:00
1288531,MEP Rough-In | L 1 | 1288531,A1690,MEP Rough-In,L 1,MEP_TakeOff.csv:1288531,2029-12-25T11:00:00,2029-12-25T11:20:00
1359635,MEP Rough-In | L 1 | 1359635,A1690,MEP Rough-In,L 1,MEP_TakeOff.csv:1359635,2029-12-25T11:00:00,2029-12-25T11:20:00
2008439,MEP Rough-In | L 1 | 2008439,A1690,MEP Rough-In,L 1,MEP_TakeOff.csv:2008439,2029-12-25T11:00:00,2029-12-25T11:20:00
1164675,MEP Rough-In | L 1 | 1164675,A1690,MEP Rough-In,L 1,MEP_TakeOff.csv:1164675,2029-12-25T11:20:00,2029-12-25T11:40:00
1380013,MEP Rough-In | L 1 | 1380013,A1690,MEP Rough-In,L 1,MEP_TakeOff.csv:1380013,2029-12-25T11:20:00,2029-12-25T11:40:00
1380014,MEP Rough-In | L 1 | 1380014,A1690,MEP Rough-In,L 1,MEP_TakeOff.csv:1380014,2029-12-25T11:20:00,2029-12-25T11:40:00
1164571,MEP Rough-In | L 1 | 1164571,A1690,MEP Rough-In,L 1,MEP_TakeOff.csv:1164571,2029-12-25T11:40:00,2029-12-25T12:00:00
1164682,MEP Rough-In | L 1 | 1164682,A1690,MEP Rough-In,L 1,MEP_TakeOff.csv:1164682,2029-12-25T11:40:00,2029-12-25T12:00:00
1296539,MEP Rough-In | L 1 | 1296539,A1690,MEP Rough-In,L 1,MEP_TakeOff.csv:1296539,2029-12-25T11:40:00,2029-12-25T12:00:00
1233124,MEP Rough-In | L 1 | 1233124,A1690,MEP Rough-In,L 1,MEP_TakeOff.csv:1233124,2029-12-25T12:00:00,2029-12-25T12:20:00
1296687,MEP Rough-In | L 1 | 1296687,A1690,MEP Rough-In,L 1,MEP_TakeOff.csv:1296687,2029-12-25T12:00:00,2029-12-25T12:20:00
1296688,MEP Rough-In | L 1 | 1296688,A1690,MEP Rough-In,L 1,MEP_TakeOff.csv:1296688,2029-12-25T12:00:00,2029-12-25T12:20:00
1296675,MEP Rough-In | L 1 | 1296675,A1690,MEP Rough-In,L 1,MEP_TakeOff.csv:1296675,2029-12-25T12:20:00,2029-12-25T12:40:00
1296890,MEP Rough-In | L 1 | 1296890,A1690,MEP Rough-In,L 1,MEP_TakeOff.csv:1296890,2029-12-25T12:20:00,2029-12-25T12:40:00
1379468,MEP Rough-In | L 1 | 1379468,A1690,MEP Rough-In,L 1,MEP_TakeOff.csv:1379468,2029-12-25T12:20:00,2029-12-25T12:40:00
1296581,MEP Rough-In | L 1 | 1296581,A1690,MEP Rough-In,L 1,MEP_TakeOff.csv:1296581,2029-12-25T12:40:00,2029-12-25T13:00:00
1296959,MEP Rough-In | L 1 | 1296959,A1690,MEP Rough-In,L 1,MEP_TakeOff.csv:1296959,2029-12-25T12:40:00,2029-12-25T13:00:00
1379469,MEP Rough-In | L 1 | 1379469,A1690,MEP Rough-In,L 1,MEP_TakeOff.csv:1379469,2029-12-25T12:40:00,2029-12-25T13:00:00
1164429,MEP Rough-In | L 1 | 1164429,A1690,MEP Rough-In,L 1,MEP_TakeOff.csv:1164429,2029-12-25T13:00:00,2029-12-25T13:20:00
1359632,MEP Rough-In | L 1 | 1359632,A1690,MEP Rough-In,L 1,MEP_TakeOff.csv:1359632,2029-12-25T13:00:00,2029-12-25T13:20:00
1378488,MEP Rough-In | L 1 | 1378488,A1690,MEP Rough-In,L 1,MEP_TakeOff.csv:1378488,2029-12-25T13:00:00,2029-12-25T13:20:00
1094072,MEP Rough-In | L 1 | 1094072,A1690,MEP Rough-In,L 1,MEP_TakeOff.csv:1094072,2029-12-25T13:20:00,2029-12-25T13:40:00
1359587,MEP Rough-In | L 1 | 1359587,A1690,MEP Rough-In,L 1,MEP_TakeOff.csv:1359587,2029-12-25T13:20:00,2029-12-25T13:40:00
1359636,MEP Rough-In | L 1 | 1359636,A1690,MEP Rough-In,L 1,MEP_TakeOff.csv:1359636,2029-12-25T13:20:00,2029-12-25T13:40:00
1094079,MEP Rough-In | L 1 | 1094079,A1690,MEP Rough-In,L 1,MEP_TakeOff.csv:1094079,2029-12-25T13:40:00,2029-12-25T14:00:00
1094090,MEP Rough-In | L 1 | 1094090,A1690,MEP Rough-In,L 1,MEP_TakeOff.csv:1094090,2029-12-25T13:40:00,2029-12-25T14:00:00
1094104,MEP Rough-In | L 1 | 1094104,A1690,MEP Rough-In,L 1,MEP_TakeOff.csv:1094104,2029-12-25T13:40:00,2029-12-25T14:00:00
1087407,MEP Rough-In | L 1 | 1087407,A1690,MEP Rough-In,L 1,MEP_TakeOff.csv:1087407,2029-12-25T14:00:00,2029-12-25T14:20:00
1094097,MEP Rough-In | L 1 | 1094097,A1690,MEP Rough-In,L 1,MEP_TakeOff.csv:1094097,2029-12-25T14:00:00,2029-12-25T14:20:00
1094124,MEP Rough-In | L 1 | 1094124,A1690,MEP Rough-In,L 1,MEP_TakeOff.csv:1094124,2029-12-25T14:00:00,2029-12-25T14:20:00
1149345,MEP Rough-In | L 1 | 1149345,A1690,MEP Rough-In,L 1,MEP_TakeOff.csv:1149345,2029-12-25T14:20:00,2029-12-25T14:40:00
1149346,MEP Rough-In | L 1 | 1149346,A1690,MEP Rough-In,L 1,MEP_TakeOff.csv:1149346,2029-12-25T14:20:00,2029-12-25T14:40:00
1149347,MEP Rough-In | L 1 | 1149347,A1690,MEP Rough-In,L 1,MEP_TakeOff.csv:1149347,2029-12-25T14:20:00,2029-12-25T14:40:00
1149348,MEP Rough-In | L 1 | 1149348,A1690,MEP Rough-In,L 1,MEP_TakeOff.csv:1149348,2029-12-25T14:40:00,2029-12-25T15:00:00
1149349,MEP Rough-In | L 1 | 1149349,A1690,MEP Rough-In,L 1,MEP_TakeOff.csv:1149349,2029-12-25T14:40:00,2029-12-25T15:00:00
1149351,MEP Rough-In | L 1 | 1149351,A1690,MEP Rough-In,L 1,MEP_TakeOff.csv:1149351,2029-12-25T14:40:00,2029-12-25T15:00:00
1149853,MEP Rough-In | L 1 | 1149853,A1690,MEP Rough-In,L 1,MEP_TakeOff.csv:1149853,2029-12-25T15:00:00,2029-12-25T15:20:00
1149858,MEP Rough-In | L 1 | 1149858,A1690,MEP Rough-In,L 1,MEP_TakeOff.csv:1149858,2029-12-25T15:00:00,2029-12-25T15:20:00
1149863,MEP Rough-In | L 1 | 1149863,A1690,MEP Rough-In,L 1,MEP_TakeOff.csv:1149863,2029-12-25T15:00:00,2029-12-25T15:20:00
1149838,MEP Rough-In | L 1 | 1149838,A1690,MEP Rough-In,L 1,MEP_TakeOff.csv:1149838,2029-12-25T15:20:00,2029-12-25T15:40:00
1149843,MEP Rough-In | L 1 | 1149843,A1690,MEP Rough-In,L 1,MEP_TakeOff.csv:1149843,2029-12-25T15:20:00,2029-12-25T15:40:00
1149848,MEP Rough-In | L 1 | 1149848,A1690,MEP Rough-In,L 1,MEP_TakeOff.csv:1149848,2029-12-25T15:20:00,2029-12-25T15:40:00
1295832,MEP Rough-In | L 1 | 1295832,A1690,MEP Rough-In,L 1,MEP_TakeOff.csv:1295832,2029-12-25T15:40:00,2029-12-25T16:00:00
1380287,MEP Rough-In | L 1 | 1380287,A1690,MEP Rough-In,L 1,MEP_TakeOff.csv:1380287,2029-12-25T15:40:00,2029-12-25T16:00:00
1380288,MEP Rough-In | L 1 | 1380288,A1690,MEP Rough-In,L 1,MEP_TakeOff.csv:1380288,2029-12-25T15:40:00,2029-12-25T16:00:00
1295637,MEP Rough-In | L 1 | 1295637,A1690,MEP Rough-In,L 1,MEP_TakeOff.csv:1295637,2029-12-25T16:00:00,2029-12-25T16:20:00
1295824,MEP Rough-In | L 1 | 1295824,A1690,MEP Rough-In,L 1,MEP_TakeOff.csv:1295824,2029-12-25T16:00:00,2029-12-25T16:20:00
1295874,MEP Rough-In | L 1 | 1295874,A1690,MEP Rough-In,L 1,MEP_TakeOff.csv:1295874,2029-12-25T16:00:00,2029-12-25T16:20:00
1295839,MEP Rough-In | L 1 | 1295839,A1690,MEP Rough-In,L 1,MEP_TakeOff.csv:1295839,2029-12-25T16:20:00,2029-12-25T16:40:00
1295940,MEP Rough-In | L 1 | 1295940,A1690,MEP Rough-In,L 1,MEP_TakeOff.csv:1295940,2029-12-25T16:20:00,2029-12-25T16:40:00
1295957,MEP Rough-In | L 1 | 1295957,A1690,MEP Rough-In,L 1,MEP_TakeOff.csv:1295957,2029-12-25T16:20:00,2029-12-25T16:40:00
1149854,MEP Rough-In | L 1 | 1149854,A1690,MEP Rough-In,L 1,MEP_TakeOff.csv:1149854,2029-12-25T16:40:00,2029-12-25T17:00:00
1149859,MEP Rough-In | L 1 | 1149859,A1690,MEP Rough-In,L 1,MEP_TakeOff.csv:1149859,2029-12-25T16:40:00,2029-12-25T17:00:00
1296347,MEP Rough-In | L 1 | 1296347,A1690,MEP Rough-In,L 1,MEP_TakeOff.csv:1296347,2029-12-25T16:40:00,2029-12-25T17:00:00
1149839,MEP Rough-In | L 1 | 1149839,A1690,MEP Rough-In,L 1,MEP_TakeOff.csv:1149839,2029-12-26T09:00:00,2029-12-26T09:20:00
1149844,MEP Rough-In | L 1 | 1149844,A1690,MEP Rough-In,L 1,MEP_TakeOff.csv:1149844,2029-12-26T09:00:00,2029-12-26T09:20:00
1149849,MEP Rough-In | L 1 | 1149849,A1690,MEP Rough-In,L 1,MEP_TakeOff.csv:1149849,2029-12-26T09:00:00,2029-12-26T09:20:00
1149110,MEP Rough-In | L 1 | 1149110,A1690,MEP Rough-In,L 1,MEP_TakeOff.csv:1149110,2029-12-26T09:20:00,2029-12-26T09:40:00
1149115,MEP Rough-In | L 1 | 1149115,A1690,MEP Rough-In,L 1,MEP_TakeOff.csv:1149115,2029-12-26T09:20:00,2029-12-26T09:40:00
1231724,MEP Rough-In | L 1 | 1231724,A1690,MEP Rough-In,L 1,MEP_TakeOff.csv:1231724,2029-12-26T09:20:00,2029-12-26T09:40:00
1149120,MEP Rough-In | L 1 | 1149120,A1690,MEP Rough-In,L 1,MEP_TakeOff.csv:1149120,2029-12-26T09:40:00,2029-12-26T10:00:00
1149125,MEP Rough-In | L 1 | 1149125,A1690,MEP Rough-In,L 1,MEP_TakeOff.csv:1149125,2029-12-26T09:40:00,2029-12-26T10:00:00
1149130,MEP Rough-In | L 1 | 1149130,A1690,MEP Rough-In,L 1,MEP_TakeOff.csv:1149130,2029-12-26T09:40:00,2029-12-26T10:00:00
1149135,MEP Rough-In | L 1 | 1149135,A1690,MEP Rough-In,L 1,MEP_TakeOff.csv:1149135,2029-12-26T10:00:00,2029-12-26T10:20:00
1149834,MEP Rough-In | L 1 | 1149834,A1690,MEP Rough-In,L 1,MEP_TakeOff.csv:1149834,2029-12-26T10:00:00,2029-12-26T10:20:00
1149884,MEP Rough-In | L 1 | 1149884,A1690,MEP Rough-In,L 1,MEP_TakeOff.csv:1149884,2029-12-26T10:00:00,2029-12-26T10:20:00
1149885,MEP Rough-In | L 1 | 1149885,A1690,MEP Rough-In,L 1,MEP_TakeOff.csv:1149885,2029-12-26T10:20:00,2029-12-26T10:40:00
1149886,MEP Rough-In | L 1 | 1149886,A1690,MEP Rough-In,L 1,MEP_TakeOff.csv:1149886,2029-12-26T10:20:00,2029-12-26T10:40:00
1149887,MEP Rough-In | L 1 | 1149887,A1690,MEP Rough-In,L 1,MEP_TakeOff.csv:1149887,2029-12-26T10:20:00,2029-12-26T10:40:00
1149888,MEP Rough-In | L 1 | 1149888,A1690,MEP Rough-In,L 1,MEP_TakeOff.csv:1149888,2029-12-26T10:40:00,2029-12-26T11:00:00
2008441,MEP Rough-In | L 1 | 2008441,A1690,MEP Rough-In,L 1,MEP_TakeOff.csv:2008441,2029-12-26T10:40:00,2029-12-26T11:00:00
2008442,MEP Rough-In | L 1 | 2008442,A1690,MEP Rough-In,L 1,MEP_TakeOff.csv:2008442,2029-12-26T10:40:00,2029-12-26T11:00:00
2001824,MEP Rough-In | L 1 | 2001824,A1690,MEP Rough-In,L 1,MEP_TakeOff.csv:2001824,2029-12-26T11:00:00,2029-12-26T11:20:00
2001826,MEP Rough-In | L 1 | 2001826,A1690,MEP Rough-In,L 1,MEP_TakeOff.csv:2001826,2029-12-26T11:00:00,2029-12-26T11:20:00
2008443,MEP Rough-In | L 1 | 2008443,A1690,MEP Rough-In,L 1,MEP_TakeOff.csv:2008443,2029-12-26T11:00:00,2029-12-26T11:20:00
1129281,MEP Rough-In | L 1 | 1129281,A1690,MEP Rough-In,L 1,MEP_TakeOff.csv:1129281,2029-12-26T11:20:00,2029-12-26T11:40:00
1129303,MEP Rough-In | L 1 | 1129303,A1690,MEP Rough-In,L 1,MEP_TakeOff.csv:1129303,2029-12-26T11:20:00,2029-12-26T11:40:00
2001825,MEP Rough-In | L 1 | 2001825,A1690,MEP Rough-In,L 1,MEP_TakeOff.csv:2001825,2029-12-26T11:20:00,2029-12-26T11:40:00
1129258,MEP Rough-In | L 1 | 1129258,A1690,MEP Rough-In,L 1,MEP_TakeOff.csv:1129258,2029-12-26T11:40:00,2029-12-26T12:00:00
1129321,MEP Rough-In | L 1 | 1129321,A1690,MEP Rough-In,L 1,MEP_TakeOff.csv:1129321,2029-12-26T11:40:00,2029-12-26T12:00:00
1129339,MEP Rough-In | L 1 | 1129339,A1690,MEP Rough-In,L 1,MEP_TakeOff.csv:1129339,2029-12-26T11:40:00,2029-12-26T12:00:00
1129359,MEP Rough-In | L 1 | 1129359,A1690,MEP Rough-In,L 1,MEP_TakeOff.csv:1129359,2029-12-26T12:00:00,2029-12-26T12:20:00
1129421,MEP Rough-In | L 1 | 1129421,A1690,MEP Rough-In,L 1,MEP_TakeOff.csv:1129421,2029-12-26T12:00:00,2029-12-26T12:20:00
1149883,MEP Rough-In | L 1 | 1149883,A1690,MEP Rough-In,L 1,MEP_TakeOff.csv:1149883,2029-12-26T12:00:00,2029-12-26T12:20:00
1129423,MEP Rough-In | L 1 | 1129423,A1690,MEP Rough-In,L 1,MEP_TakeOff.csv:1129423,2029-12-26T12:20:00,2029-12-26T12:40:00
1129425,MEP Rough-In | L 1 | 1129425,A1690,MEP Rough-In,L 1,MEP_TakeOff.csv:1129425,2029-12-26T12:20:00,2029-12-26T12:40:00
1129427,MEP Rough-In | L 1 | 1129427,A1690,MEP Rough-In,L 1,MEP_TakeOff.csv:1129427,2029-12-26T12:20:00,2029-12-26T12:40:00
1129368,MEP Rough-In | L 1 | 1129368,A1690,MEP Rough-In,L 1,MEP_TakeOff.csv:1129368,2029-12-26T12:40:00,2029-12-26T13:00:00
1129429,MEP Rough-In | L 1 | 1129429,A1690,MEP Rough-In,L 1,MEP_TakeOff.csv:1129429,2029-12-26T12:40:00,2029-12-26T13:00:00
1149350,MEP Rough-In | L 1 | 1149350,A1690,MEP Rough-In,L 1,MEP_TakeOff.csv:1149350,2029-12-26T12:40:00,2029-12-26T13:00:00
1129310,MEP Rough-In | L 1 | 1129310,A1690,MEP Rough-In,L 1,MEP_TakeOff.csv:1129310,2029-12-26T13:00:00,2029-12-26T13:20:00
1129328,MEP Rough-In | L 1 | 1129328,A1690,MEP Rough-In,L 1,MEP_TakeOff.csv:1129328,2029-12-26T13:00:00,2029-12-26T13:20:00
1129346,MEP Rough-In | L 1 | 1129346,A1690,MEP Rough-In,L 1,MEP_TakeOff.csv:1129346,2029-12-26T13:00:00,2029-12-26T13:20:00
1129265,MEP Rough-In | L 1 | 1129265,A1690,MEP Rough-In,L 1,MEP_TakeOff.csv:1129265,2029-12-26T13:20:00,2029-12-26T13:40:00
1129290,MEP Rough-In | L 1 | 1129290,A1690,MEP Rough-In,L 1,MEP_TakeOff.csv:1129290,2029-12-26T13:20:00,2029-12-26T13:40:00
1232337,MEP Rough-In | L 1 | 1232337,A1690,MEP Rough-In,L 1,MEP_TakeOff.csv:1232337,2029-12-26T13:20:00,2029-12-26T13:40:00
1129266,MEP Rough-In | L 1 | 1129266,A1690,MEP Rough-In,L 1,MEP_TakeOff.csv:1129266,2029-12-26T13:40:00,2029-12-26T14:00:00
1129420,MEP Rough-In | L 1 | 1129420,A1690,MEP Rough-In,L 1,MEP_TakeOff.csv:1129420,2029-12-26T13:40:00,2029-12-26T14:00:00
1232345,MEP Rough-In | L 1 | 1232345,A1690,MEP Rough-In,L 1,MEP_TakeOff.csv:1232345,2029-12-26T13:40:00,2029-12-26T14:00:00
1129291,MEP Rough-In | L 1 | 1129291,A1690,MEP Rough-In,L 1,MEP_TakeOff.csv:1129291,2029-12-26T14:00:00,2029-12-26T14:20:00
1129311,MEP Rough-In | L 1 | 1129311,A1690,MEP Rough-In,L 1,MEP_TakeOff.csv:1129311,2029-12-26T14:00:00,2029-12-26T14:20:00
1129422,MEP Rough-In | L 1 | 1129422,A1690,MEP Rough-In,L 1,MEP_TakeOff.csv:1129422,2029-12-26T14:00:00,2029-12-26T14:20:00
1129329,MEP Rough-In | L 1 | 1129329,A1690,MEP Rough-In,L 1,MEP_TakeOff.csv:1129329,2029-12-26T14:20:00,2029-12-26T14:40:00
1129424,MEP Rough-In | L 1 | 1129424,A1690,MEP Rough-In,L 1,MEP_TakeOff.csv:1129424,2029-12-26T14:20:00,2029-12-26T14:40:00
1129426,MEP Rough-In | L 1 | 1129426,A1690,MEP Rough-In,L 1,MEP_TakeOff.csv:1129426,2029-12-26T14:20:00,2029-12-26T14:40:00
1093963,MEP Rough-In | L 1 | 1093963,A1690,MEP Rough-In,L 1,MEP_TakeOff.csv:1093963,2029-12-26T14:40:00,2029-12-26T15:00:00
1129347,MEP Rough-In | L 1 | 1129347,A1690,MEP Rough-In,L 1,MEP_TakeOff.csv:1129347,2029-12-26T14:40:00,2029-12-26T15:00:00
1129428,MEP Rough-In | L 1 | 1129428,A1690,MEP Rough-In,L 1,MEP_TakeOff.csv:1129428,2029-12-26T14:40:00,2029-12-26T15:00:00
1276396,MEP Rough-In | L 1 | 1276396,A1690,MEP Rough-In,L 1,MEP_TakeOff.csv:1276396,2029-12-26T15:00:00,2029-12-26T15:20:00
1277033,MEP Rough-In | L 1 | 1277033,A1690,MEP Rough-In,L 1,MEP_TakeOff.csv:1277033,2029-12-26T15:00:00,2029-12-26T15:20:00
1351839,MEP Rough-In | L 1 | 1351839,A1690,MEP Rough-In,L 1,MEP_TakeOff.csv:1351839,2029-12-26T15:00:00,2029-12-26T15:20:00
1276997,MEP Rough-In | L 1 | 1276997,A1690,MEP Rough-In,L 1,MEP_TakeOff.csv:1276997,2029-12-26T15:20:00,2029-12-26T15:40:00
1277009,MEP Rough-In | L 1 | 1277009,A1690,MEP Rough-In,L 1,MEP_TakeOff.csv:1277009,2029-12-26T15:20:00,2029-12-26T15:40:00
1277021,MEP Rough-In | L 1 | 1277021,A1690,MEP Rough-In,L 1,MEP_TakeOff.csv:1277021,2029-12-26T15:20:00,2029-12-26T15:40:00
1276908,MEP Rough-In | L 1 | 1276908,A1690,MEP Rough-In,L 1,MEP_TakeOff.csv:1276908,2029-12-26T15:40:00,2029-12-26T16:00:00
1276972,MEP Rough-In | L 1 | 1276972,A1690,MEP Rough-In,L 1,MEP_TakeOff.csv:1276972,2029-12-26T15:40:00,2029-12-26T16:00:00
1276985,MEP Rough-In | L 1 | 1276985,A1690,MEP Rough-In,L 1,MEP_TakeOff.csv:1276985,2029-12-26T15:40:00,2029-12-26T16:00:00
1231725,MEP Rough-In | L 1 | 1231725,A1690,MEP Rough-In,L 1,MEP_TakeOff.csv:1231725,2029-12-26T16:00:00,2029-12-26T16:20:00
1231726,MEP Rough-In | L 1 | 1231726,A1690,MEP Rough-In,L 1,MEP_TakeOff.csv:1231726,2029-12-26T16:00:00,2029-12-26T16:20:00
1378489,MEP Rough-In | L 1 | 1378489,A1690,MEP Rough-In,L 1,MEP_TakeOff.csv:1378489,2029-12-26T16:00:00,2029-12-26T16:20:00
1350592,MEP Rough-In | L 1 | 1350592,A1690,MEP Rough-In,L 1,MEP_TakeOff.csv:1350592,2029-12-26T16:20:00,2029-12-26T16:40:00
1352005,MEP Rough-In | L 1 | 1352005,A1690,MEP Rough-In,L 1,MEP_TakeOff.csv:1352005,2029-12-26T16:20:00,2029-12-26T16:40:00
1352091,MEP Rough-In | L 1 | 1352091,A1690,MEP Rough-In,L 1,MEP_TakeOff.csv:1352091,2029-12-26T16:20:00,2029-12-26T16:40:00
1351844,MEP Rough-In | L 1 | 1351844,A1690,MEP Rough-In,L 1,MEP_TakeOff.csv:1351844,2029-12-26T16:40:00,2029-12-26T17:00:00
1352343,MEP Rough-In | L 1 | 1352343,A1690,MEP Rough-In,L 1,MEP_TakeOff.csv:1352343,2029-12-26T16:40:00,2029-12-26T17:00:00
1352344,MEP Rough-In | L 1 | 1352344,A1690,MEP Rough-In,L 1,MEP_TakeOff.csv:1352344,2029-12-26T16:40:00,2029-12-26T17:00:00
1350538,MEP Rough-In | L 1 | 1350538,A1690,MEP Rough-In,L 1,MEP_TakeOff.csv:1350538,2029-12-27T09:00:00,2029-12-27T09:20:00
1352464,MEP Rough-In | L 1 | 1352464,A1690,MEP Rough-In,L 1,MEP_TakeOff.csv:1352464,2029-12-27T09:00:00,2029-12-27T09:20:00
1353661,MEP Rough-In | L 1 | 1353661,A1690,MEP Rough-In,L 1,MEP_TakeOff.csv:1353661,2029-12-27T09:00:00,2029-12-27T09:20:00
1087453,MEP Rough-In | L 1 | 1087453,A1690,MEP Rough-In,L 1,MEP_TakeOff.csv:1087453,2029-12-27T09:20:00,2029-12-27T09:40:00
1352465,MEP Rough-In | L 1 | 1352465,A1690,MEP Rough-In,L 1,MEP_TakeOff.csv:1352465,2029-12-27T09:20:00,2029-12-27T09:40:00
1353364,MEP Rough-In | L 1 | 1353364,A1690,MEP Rough-In,L 1,MEP_TakeOff.csv:1353364,2029-12-27T09:20:00,2029-12-27T09:40:00
1230314,MEP Rough-In | L 1 | 1230314,A1690,MEP Rough-In,L 1,MEP_TakeOff.csv:1230314,2029-12-27T09:40:00,2029-12-27T10:00:00
1280782,MEP Rough-In | L 1 | 1280782,A1690,MEP Rough-In,L 1,MEP_TakeOff.csv:1280782,2029-12-27T09:40:00,2029-12-27T10:00:00
1292999,MEP Rough-In | L 1 | 1292999,A1690,MEP Rough-In,L 1,MEP_TakeOff.csv:1292999,2029-12-27T09:40:00,2029-12-27T10:00:00
1230322,MEP Rough-In | L 1 | 1230322,A1690,MEP Rough-In,L 1,MEP_TakeOff.csv:1230322,2029-12-27T10:00:00,2029-12-27T10:20:00
1280813,MEP Rough-In | L 1 | 1280813,A1690,MEP Rough-In,L 1,MEP_TakeOff.csv:1280813,2029-12-27T10:00:00,2029-12-27T10:20:00
1292989,MEP Rough-In | L 1 | 1292989,A1690,MEP Rough-In,L 1,MEP_TakeOff.csv:1292989,2029-12-27T10:00:00,2029-12-27T10:20:00
1231081,MEP Rough-In | L 1 | 1231081,A1690,MEP Rough-In,L 1,MEP_TakeOff.csv:1231081,2029-12-27T10:20:00,2029-12-27T10:40:00
1231108,MEP Rough-In | L 1 | 1231108,A1690,MEP Rough-In,L 1,MEP_TakeOff.csv:1231108,2029-12-27T10:20:00,2029-12-27T10:40:00
1231147,MEP Rough-In | L 1 | 1231147,A1690,MEP Rough-In,L 1,MEP_TakeOff.csv:1231147,2029-12-27T10:20:00,2029-12-27T10:40:00
1230354,MEP Rough-In | L 1 | 1230354,A1690,MEP Rough-In,L 1,MEP_TakeOff.csv:1230354,2029-12-27T10:40:00,2029-12-27T11:00:00
1230361,MEP Rough-In | L 1 | 1230361,A1690,MEP Rough-In,L 1,MEP_TakeOff.csv:1230361,2029-12-27T10:40:00,2029-12-27T11:00:00
1231060,MEP Rough-In | L 1 | 1231060,A1690,MEP Rough-In,L 1,MEP_TakeOff.csv:1231060,2029-12-27T10:40:00,2029-12-27T11:00:00
1230329,MEP Rough-In | L 1 | 1230329,A1690,MEP Rough-In,L 1,MEP_TakeOff.csv:1230329,2029-12-27T11:00:00,2029-12-27T11:20:00
1230340,MEP Rough-In | L 1 | 1230340,A1690,MEP Rough-In,L 1,MEP_TakeOff.csv:1230340,2029-12-27T11:00:00,2029-12-27T11:20:00
1230347,MEP Rough-In | L 1 | 1230347,A1690,MEP Rough-In,L 1,MEP_TakeOff.csv:1230347,2029-12-27T11:00:00,2029-12-27T11:20:00
1231104,MEP Rough-In | L 1 | 1231104,A1690,MEP Rough-In,L 1,MEP_TakeOff.csv:1231104,2029-12-27T11:20:00,2029-12-27T11:40:00
1231143,MEP Rough-In | L 1 | 1231143,A1690,MEP Rough-In,L 1,MEP_TakeOff.csv:1231143,2029-12-27T11:20:00,2029-12-27T11:40:00
1292993,MEP Rough-In | L 1 | 1292993,A1690,MEP Rough-In,L 1,MEP_TakeOff.csv:1292993,2029-12-27T11:20:00,2029-12-27T11:40:00
1231056,MEP Rough-In | L 1 | 1231056,A1690,MEP Rough-In,L 1,MEP_TakeOff.csv:1231056,2029-12-27T11:40:00,2029-12-27T12:00:00
1231077,MEP Rough-In | L 1 | 1231077,A1690,MEP Rough-In,L 1,MEP_TakeOff.csv:1231077,2029-12-27T11:40:00,2029-12-27T12:00:00
1292065,MEP Rough-In | L 1 | 1292065,A1690,MEP Rough-In,L 1,MEP_TakeOff.csv:1292065,2029-12-27T11:40:00,2029-12-27T12:00:00
1292037,MEP Rough-In | L 1 | 1292037,A1690,MEP Rough-In,L 1,MEP_TakeOff.csv:1292037,2029-12-27T12:00:00,2029-12-27T12:20:00
1292433,MEP Rough-In | L 1 | 1292433,A1690,MEP Rough-In,L 1,MEP_TakeOff.csv:1292433,2029-12-27T12:00:00,2029-12-27T12:20:00
1292988,MEP Rough-In | L 1 | 1292988,A1690,MEP Rough-In,L 1,MEP_TakeOff.csv:1292988,2029-12-27T12:00:00,2029-12-27T12:20:00
1286179,MEP Rough-In | L 1 | 1286179,A1690,MEP Rough-In,L 1,MEP_TakeOff.csv:1286179,2029-12-27T12:20:00,2029-12-27T12:40:00
1291922,MEP Rough-In | L 1 | 1291922,A1690,MEP Rough-In,L 1,MEP_TakeOff.csv:1291922,2029-12-27T12:20:00,2029-12-27T12:40:00
1292355,MEP Rough-In | L 1 | 1292355,A1690,MEP Rough-In,L 1,MEP_TakeOff.csv:1292355,2029-12-27T12:20:00,2029-12-27T12:40:00
1231146,MEP Rough-In | L 1 | 1231146,A1690,MEP Rough-In,L 1,MEP_TakeOff.csv:1231146,2029-12-27T12:40:00,2029-12-27T13:00:00
1286194,MEP Rough-In | L 1 | 1286194,A1690,MEP Rough-In,L 1,MEP_TakeOff.csv:1286194,2029-12-27T12:40:00,2029-12-27T13:00:00
1286230,MEP Rough-In | L 1 | 1286230,A1690,MEP Rough-In,L 1,MEP_TakeOff.csv:1286230,2029-12-27T12:40:00,2029-12-27T13:00:00
1231013,MEP Rough-In | L 1 | 1231013,A1690,MEP Rough-In,L 1,MEP_TakeOff.csv:1231013,2029-12-27T13:00:00,2029-12-27T13:20:00
1231107,MEP Rough-In | L 1 | 1231107,A1690,MEP Rough-In,L 1,MEP_TakeOff.csv:1231107,2029-12-27T13:00:00,2029-12-27T13:20:00
1353013,MEP Rough-In | L 1 | 1353013,A1690,MEP Rough-In,L 1,MEP_TakeOff.csv:1353013,2029-12-27T13:00:00,2029-12-27T13:20:00
1353442,MEP Rough-In | L 1 | 1353442,A1690,MEP Rough-In,L 1,MEP_TakeOff.csv:1353442,2029-12-27T13:20:00,2029-12-27T13:40:00
1353464,MEP Rough-In | L 1 | 1353464,A1690,MEP Rough-In,L 1,MEP_TakeOff.csv:1353464,2029-12-27T13:20:00,2029-12-27T13:40:00
1353465,MEP Rough-In | L 1 | 1353465,A1690,MEP Rough-In,L 1,MEP_TakeOff.csv:1353465,2029-12-27T13:20:00,2029-12-27T13:40:00
1353321,MEP Rough-In | L 1 | 1353321,A1690,MEP Rough-In,L 1,MEP_TakeOff.csv:1353321,2029-12-27T13:40:00,2029-12-27T14:00:00
1353361,MEP Rough-In | L 1 | 1353361,A1690,MEP Rough-In,L 1,MEP_TakeOff.csv:1353361,2029-12-27T13:40:00,2029-12-27T14:00:00
1353457,MEP Rough-In | L 1 | 1353457,A1690,MEP Rough-In,L 1,MEP_TakeOff.csv:1353457,2029-12-27T13:40:00,2029-12-27T14:00:00
1231032,MEP Rough-In | L 1 | 1231032,A1690,MEP Rough-In,L 1,MEP_TakeOff.csv:1231032,2029-12-27T14:00:00,2029-12-27T14:20:00
1231059,MEP Rough-In | L 1 | 1231059,A1690,MEP Rough-In,L 1,MEP_TakeOff.csv:1231059,2029-12-27T14:00:00,2029-12-27T14:20:00
1231080,MEP Rough-In | L 1 | 1231080,A1690,MEP Rough-In,L 1,MEP_TakeOff.csv:1231080,2029-12-27T14:00:00,2029-12-27T14:20:00
1223895,MEP Rough-In | L 1 | 1223895,A1690,MEP Rough-In,L 1,MEP_TakeOff.csv:1223895,2029-12-27T14:20:00,2029-12-27T14:40:00
1231046,MEP Rough-In | L 1 | 1231046,A1690,MEP Rough-In,L 1,MEP_TakeOff.csv:1231046,2029-12-27T14:20:00,2029-12-27T14:40:00
1352416,MEP Rough-In | L 1 | 1352416,A1690,MEP Rough-In,L 1,MEP_TakeOff.csv:1352416,2029-12-27T14:20:00,2029-12-27T14:40:00
1231009,MEP Rough-In | L 1 | 1231009,A1690,MEP Rough-In,L 1,MEP_TakeOff.csv:1231009,2029-12-27T14:40:00,2029-12-27T15:00:00
1231028,MEP Rough-In | L 1 | 1231028,A1690,MEP Rough-In,L 1,MEP_TakeOff.csv:1231028,2029-12-27T14:40:00,2029-12-27T15:00:00
1293123,MEP Rough-In | L 1 | 1293123,A1690,MEP Rough-In,L 1,MEP_TakeOff.csv:1293123,2029-12-27T14:40:00,2029-12-27T15:00:00
1230950,MEP Rough-In | L 1 | 1230950,A1690,MEP Rough-In,L 1,MEP_TakeOff.csv:1230950,2029-12-27T15:00:00,2029-12-27T15:20:00
1292033,MEP Rough-In | L 1 | 1292033,A1690,MEP Rough-In,L 1,MEP_TakeOff.csv:1292033,2029-12-27T15:00:00,2029-12-27T15:20:00
1292351,MEP Rough-In | L 1 | 1292351,A1690,MEP Rough-In,L 1,MEP_TakeOff.csv:1292351,2029-12-27T15:00:00,2029-12-27T15:20:00
1212417,MEP Rough-In | L 1 | 1212417,A1690,MEP Rough-In,L 1,MEP_TakeOff.csv:1212417,2029-12-27T15:20:00,2029-12-27T15:40:00
1292990,MEP Rough-In | L 1 | 1292990,A1690,MEP Rough-In,L 1,MEP_TakeOff.csv:1292990,2029-12-27T15:20:00,2029-12-27T15:40:00
1292991,MEP Rough-In | L 1 | 1292991,A1690,MEP Rough-In,L 1,MEP_TakeOff.csv:1292991,2029-12-27T15:20:00,2029-12-27T15:40:00
1292034,MEP Rough-In | L 1 | 1292034,A1690,MEP Rough-In,L 1,MEP_TakeOff.csv:1292034,2029-12-27T15:40:00,2029-12-27T16:00:00
1292440,MEP Rough-In | L 1 | 1292440,A1690,MEP Rough-In,L 1,MEP_TakeOff.csv:1292440,2029-12-27T15:40:00,2029-12-27T16:00:00
1292441,MEP Rough-In | L 1 | 1292441,A1690,MEP Rough-In,L 1,MEP_TakeOff.csv:1292441,2029-12-27T15:40:00,2029-12-27T16:00:00
1223699,MEP Rough-In | L 1 | 1223699,A1690,MEP Rough-In,L 1,MEP_TakeOff.csv:1223699,2029-12-27T16:00:00,2029-12-27T16:20:00
1292321,MEP Rough-In | L 1 | 1292321,A1690,MEP Rough-In,L 1,MEP_TakeOff.csv:1292321,2029-12-27T16:00:00,2029-12-27T16:20:00
1292352,MEP Rough-In | L 1 | 1292352,A1690,MEP Rough-In,L 1,MEP_TakeOff.csv:1292352,2029-12-27T16:00:00,2029-12-27T16:20:00
1212711,MEP Rough-In | L 1 | 1212711,A1690,MEP Rough-In,L 1,MEP_TakeOff.csv:1212711,2029-12-27T16:20:00,2029-12-27T16:40:00
1230970,MEP Rough-In | L 1 | 1230970,A1690,MEP Rough-In,L 1,MEP_TakeOff.csv:1230970,2029-12-27T16:20:00,2029-12-27T16:40:00
1292322,MEP Rough-In | L 1 | 1292322,A1690,MEP Rough-In,L 1,MEP_TakeOff.csv:1292322,2029-12-27T16:20:00,2029-12-27T16:40:00
1292726,MEP Rough-In | L 1 | 1292726,A1690,MEP Rough-In,L 1,MEP_TakeOff.csv:1292726,2029-12-27T16:40:00,2029-12-27T17:00:00
1293124,MEP Rough-In | L 1 | 1293124,A1690,MEP Rough-In,L 1,MEP_TakeOff.csv:1293124,2029-12-27T16:40:00,2029-12-27T17:00:00
1293125,MEP Rough-In | L 1 | 1293125,A1690,MEP Rough-In,L 1,MEP_TakeOff.csv:1293125,2029-12-27T16:40:00,2029-12-27T17:00:00
1292719,MEP Rough-In | L 1 | 1292719,A1690,MEP Rough-In,L 1,MEP_TakeOff.csv:1292719,2029-12-28T09:00:00,2029-12-28T09:20:00
1293077,MEP Rough-In | L 1 | 1293077,A1690,MEP Rough-In,L 1,MEP_TakeOff.csv:1293077,2029-12-28T09:00:00,2029-12-28T09:20:00
1293127,MEP Rough-In | L 1 | 1293127,A1690,MEP Rough-In,L 1,MEP_TakeOff.csv:1293127,2029-12-28T09:00:00,2029-12-28T09:20:00
1212473,MEP Rough-In | L 1 | 1212473,A1690,MEP Rough-In,L 1,MEP_TakeOff.csv:1212473,2029-12-28T09:20:00,2029-12-28T09:40:00
1292131,MEP Rough-In | L 1 | 1292131,A1690,MEP Rough-In,L 1,MEP_TakeOff.csv:1292131,2029-12-28T09:20:00,2029-12-28T09:40:00
1292954,MEP Rough-In | L 1 | 1292954,A1690,MEP Rough-In,L 1,MEP_TakeOff.csv:1292954,2029-12-28T09:20:00,2029-12-28T09:40:00
1212495,MEP Rough-In | L 1 | 1212495,A1690,MEP Rough-In,L 1,MEP_TakeOff.csv:1212495,2029-12-28T09:40:00,2029-12-28T10:00:00
1231010,MEP Rough-In | L 1 | 1231010,A1690,MEP Rough-In,L 1,MEP_TakeOff.csv:1231010,2029-12-28T09:40:00,2029-12-28T10:00:00
1292130,MEP Rough-In | L 1 | 1292130,A1690,MEP Rough-In,L 1,MEP_TakeOff.csv:1292130,2029-12-28T09:40:00,2029-12-28T10:00:00
1223160,MEP Rough-In | L 1 | 1223160,A1690,MEP Rough-In,L 1,MEP_TakeOff.csv:1223160,2029-12-28T10:00:00,2029-12-28T10:20:00
1223820,MEP Rough-In | L 1 | 1223820,A1690,MEP Rough-In,L 1,MEP_TakeOff.csv:1223820,2029-12-28T10:00:00,2029-12-28T10:20:00
1231029,MEP Rough-In | L 1 | 1231029,A1690,MEP Rough-In,L 1,MEP_TakeOff.csv:1231029,2029-12-28T10:00:00,2029-12-28T10:20:00
1223859,MEP Rough-In | L 1 | 1223859,A1690,MEP Rough-In,L 1,MEP_TakeOff.csv:1223859,2029-12-28T10:20:00,2029-12-28T10:40:00
1230927,MEP Rough-In | L 1 | 1230927,A1690,MEP Rough-In,L 1,MEP_TakeOff.csv:1230927,2029-12-28T10:20:00,2029-12-28T10:40:00
1231047,MEP Rough-In | L 1 | 1231047,A1690,MEP Rough-In,L 1,MEP_TakeOff.csv:1231047,2029-12-28T10:20:00,2029-12-28T10:40:00
1352760,MEP Rough-In | L 1 | 1352760,A1690,MEP Rough-In,L 1,MEP_TakeOff.csv:1352760,2029-12-28T10:40:00,2029-12-28T11:00:00
1352959,MEP Rough-In | L 1 | 1352959,A1690,MEP Rough-In,L 1,MEP_TakeOff.csv:1352959,2029-12-28T10:40:00,2029-12-28T11:00:00
1353456,MEP Rough-In | L 1 | 1353456,A1690,MEP Rough-In,L 1,MEP_TakeOff.csv:1353456,2029-12-28T10:40:00,2029-12-28T11:00:00
1352955,MEP Rough-In | L 1 | 1352955,A1690,MEP Rough-In,L 1,MEP_TakeOff.csv:1352955,2029-12-28T11:00:00,2029-12-28T11:20:00
1352962,MEP Rough-In | L 1 | 1352962,A1690,MEP Rough-In,L 1,MEP_TakeOff.csv:1352962,2029-12-28T11:00:00,2029-12-28T11:20:00
1352966,MEP Rough-In | L 1 | 1352966,A1690,MEP Rough-In,L 1,MEP_TakeOff.csv:1352966,2029-12-28T11:00:00,2029-12-28T11:20:00
1352756,MEP Rough-In | L 1 | 1352756,A1690,MEP Rough-In,L 1,MEP_TakeOff.csv:1352756,2029-12-28T11:20:00,2029-12-28T11:40:00
1352958,MEP Rough-In | L 1 | 1352958,A1690,MEP Rough-In,L 1,MEP_TakeOff.csv:1352958,2029-12-28T11:20:00,2029-12-28T11:40:00
1352965,MEP Rough-In | L 1 | 1352965,A1690,MEP Rough-In,L 1,MEP_TakeOff.csv:1352965,2029-12-28T11:20:00,2029-12-28T11:40:00
1352759,MEP Rough-In | L 1 | 1352759,A1690,MEP Rough-In,L 1,MEP_TakeOff.csv:1352759,2029-12-28T11:40:00,2029-12-28T12:00:00
1352763,MEP Rough-In | L 1 | 1352763,A1690,MEP Rough-In,L 1,MEP_TakeOff.csv:1352763,2029-12-28T11:40:00,2029-12-28T12:00:00
1352803,MEP Rough-In | L 1 | 1352803,A1690,MEP Rough-In,L 1,MEP_TakeOff.csv:1352803,2029-12-28T11:40:00,2029-12-28T12:00:00
1352460,MEP Rough-In | L 1 | 1352460,A1690,MEP Rough-In,L 1,MEP_TakeOff.csv:1352460,2029-12-28T12:00:00,2029-12-28T12:20:00
1352466,MEP Rough-In | L 1 | 1352466,A1690,MEP Rough-In,L 1,MEP_TakeOff.csv:1352466,2029-12-28T12:00:00,2029-12-28T12:20:00
1352636,MEP Rough-In | L 1 | 1352636,A1690,MEP Rough-In,L 1,MEP_TakeOff.csv:1352636,2029-12-28T12:00:00,2029-12-28T12:20:00
1352770,MEP Rough-In | L 1 | 1352770,A1690,MEP Rough-In,L 1,MEP_TakeOff.csv:1352770,2029-12-28T12:20:00,2029-12-28T12:40:00
1352813,MEP Rough-In | L 1 | 1352813,A1690,MEP Rough-In,L 1,MEP_TakeOff.csv:1352813,2029-12-28T12:20:00,2029-12-28T12:40:00
1352953,MEP Rough-In | L 1 | 1352953,A1690,MEP Rough-In,L 1,MEP_TakeOff.csv:1352953,2029-12-28T12:20:00,2029-12-28T12:40:00
1352222,MEP Rough-In | L 1 | 1352222,A1690,MEP Rough-In,L 1,MEP_TakeOff.csv:1352222,2029-12-28T12:40:00,2029-12-28T13:00:00
1352229,MEP Rough-In | L 1 | 1352229,A1690,MEP Rough-In,L 1,MEP_TakeOff.csv:1352229,2029-12-28T12:40:00,2029-12-28T13:00:00
1352549,MEP Rough-In | L 1 | 1352549,A1690,MEP Rough-In,L 1,MEP_TakeOff.csv:1352549,2029-12-28T12:40:00,2029-12-28T13:00:00
1287191,MEP Rough-In | L 1 | 1287191,A1690,MEP Rough-In,L 1,MEP_TakeOff.csv:1287191,2029-12-28T13:00:00,2029-12-28T13:20:00
1352228,MEP Rough-In | L 1 | 1352228,A1690,MEP Rough-In,L 1,MEP_TakeOff.csv:1352228,2029-12-28T13:00:00,2029-12-28T13:20:00
1352550,MEP Rough-In | L 1 | 1352550,A1690,MEP Rough-In,L 1,MEP_TakeOff.csv:1352550,2029-12-28T13:00:00,2029-12-28T13:20:00
1287241,MEP Rough-In | L 1 | 1287241,A1690,MEP Rough-In,L 1,MEP_TakeOff.csv:1287241,2029-12-28T13:20:00,2029-12-28T13:40:00
1351648,MEP Rough-In | L 1 | 1351648,A1690,MEP Rough-In,L 1,MEP_TakeOff.csv:1351648,2029-12-28T13:20:00,2029-12-28T13:40:00
1352814,MEP Rough-In | L 1 | 1352814,A1690,MEP Rough-In,L 1,MEP_TakeOff.csv:1352814,2029-12-28T13:20:00,2029-12-28T13:40:00
1286571,MEP Rough-In | L 1 | 1286571,A1690,MEP Rough-In,L 1,MEP_TakeOff.csv:1286571,2029-12-28T13:40:00,2029-12-28T14:00:00
1286584,MEP Rough-In | L 1 | 1286584,A1690,MEP Rough-In,L 1,MEP_TakeOff.csv:1286584,2029-12-28T13:40:00,2029-12-28T14:00:00
1353109,MEP Rough-In | L 1 | 1353109,A1690,MEP Rough-In,L 1,MEP_TakeOff.csv:1353109,2029-12-28T13:40:00,2029-12-28T14:00:00
1286559,MEP Rough-In | L 1 | 1286559,A1690,MEP Rough-In,L 1,MEP_TakeOff.csv:1286559,2029-12-28T14:00:00,2029-12-28T14:20:00
1287067,MEP Rough-In | L 1 | 1287067,A1690,MEP Rough-In,L 1,MEP_TakeOff.csv:1287067,2029-12-28T14:00:00,2029-12-28T14:20:00
1287494,MEP Rough-In | L 1 | 1287494,A1690,MEP Rough-In,L 1,MEP_TakeOff.csv:1287494,2029-12-28T14:00:00,2029-12-28T14:20:00
1287033,MEP Rough-In | L 1 | 1287033,A1690,MEP Rough-In,L 1,MEP_TakeOff.csv:1287033,2029-12-28T14:20:00,2029-12-28T14:40:00
1287489,MEP Rough-In | L 1 | 1287489,A1690,MEP Rough-In,L 1,MEP_TakeOff.csv:1287489,2029-12-28T14:20:00,2029-12-28T14:40:00
1287492,MEP Rough-In | L 1 | 1287492,A1690,MEP Rough-In,L 1,MEP_TakeOff.csv:1287492,2029-12-28T14:20:00,2029-12-28T14:40:00
1286570,MEP Rough-In | L 1 | 1286570,A1690,MEP Rough-In,L 1,MEP_TakeOff.csv:1286570,2029-12-28T14:40:00,2029-12-28T15:00:00
1287032,MEP Rough-In | L 1 | 1287032,A1690,MEP Rough-In,L 1,MEP_TakeOff.csv:1287032,2029-12-28T14:40:00,2029-12-28T15:00:00
1287066,MEP Rough-In | L 1 | 1287066,A1690,MEP Rough-In,L 1,MEP_TakeOff.csv:1287066,2029-12-28T14:40:00,2029-12-28T15:00:00
1287079,MEP Rough-In | L 1 | 1287079,A1690,MEP Rough-In,L 1,MEP_TakeOff.csv:1287079,2029-12-28T15:00:00,2029-12-28T15:20:00
1287495,MEP Rough-In | L 1 | 1287495,A1690,MEP Rough-In,L 1,MEP_TakeOff.csv:1287495,2029-12-28T15:00:00,2029-12-28T15:20:00
1350374,MEP Rough-In | L 1 | 1350374,A1690,MEP Rough-In,L 1,MEP_TakeOff.csv:1350374,2029-12-28T15:00:00,2029-12-28T15:20:00
1287488,MEP Rough-In | L 1 | 1287488,A1690,MEP Rough-In,L 1,MEP_TakeOff.csv:1287488,2029-12-28T15:20:00,2029-12-28T15:40:00
1287493,MEP Rough-In | L 1 | 1287493,A1690,MEP Rough-In,L 1,MEP_TakeOff.csv:1287493,2029-12-28T15:20:00,2029-12-28T15:40:00
1350368,MEP Rough-In | L 1 | 1350368,A1690,MEP Rough-In,L 1,MEP_TakeOff.csv:1350368,2029-12-28T15:20:00,2029-12-28T15:40:00
1350362,MEP Rough-In | L 1 | 1350362,A1690,MEP Rough-In,L 1,MEP_TakeOff.csv:1350362,2029-12-28T15:40:00,2029-12-28T16:00:00
1350365,MEP Rough-In | L 1 | 1350365,A1690,MEP Rough-In,L 1,MEP_TakeOff.csv:1350365,2029-12-28T15:40:00,2029-12-28T16:00:00
1350371,MEP Rough-In | L 1 | 1350371,A1690,MEP Rough-In,L 1,MEP_TakeOff.csv:1350371,2029-12-28T15:40:00,2029-12-28T16:00:00
1350359,MEP Rough-In | L 1 | 1350359,A1690,MEP Rough-In,L 1,MEP_TakeOff.csv:1350359,2029-12-28T16:00:00,2029-12-28T16:20:00
1350363,MEP Rough-In | L 1 | 1350363,A1690,MEP Rough-In,L 1,MEP_TakeOff.csv:1350363,2029-12-28T16:00:00,2029-12-28T16:20:00
1350369,MEP Rough-In | L 1 | 1350369,A1690,MEP Rough-In,L 1,MEP_TakeOff.csv:1350369,2029-12-28T16:00:00,2029-12-28T16:20:00
1350375,MEP Rough-In | L 1 | 1350375,A1690,MEP Rough-In,L 1,MEP_TakeOff.csv:1350375,2029-12-28T16:20:00,2029-12-28T16:40:00
1353061,MEP Rough-In | L 1 | 1353061,A1690,MEP Rough-In,L 1,MEP_TakeOff.csv:1353061,2029-12-28T16:20:00,2029-12-28T16:40:00
1353463,MEP Rough-In | L 1 | 1353463,A1690,MEP Rough-In,L 1,MEP_TakeOff.csv:1353463,2029-12-28T16:20:00,2029-12-28T16:40:00
1353294,MEP Rough-In | L 1 | 1353294,A1690,MEP Rough-In,L 1,MEP_TakeOff.csv:1353294,2029-12-28T16:40:00,2029-12-28T17:00:00
1353436,MEP Rough-In | L 1 | 1353436,A1690,MEP Rough-In,L 1,MEP_TakeOff.csv:1353436,2029-12-28T16:40:00,2029-12-28T17:00:00
1353462,MEP Rough-In | L 1 | 1353462,A1690,MEP Rough-In,L 1,MEP_TakeOff.csv:1353462,2029-12-28T16:40:00,2029-12-28T17:00:00
1353303,MEP Rough-In | L 1 | 1353303,A1690,MEP Rough-In,L 1,MEP_TakeOff.csv:1353303,2029-12-31T09:00:00,2029-12-31T09:20:00
1353454,MEP Rough-In | L 1 | 1353454,A1690,MEP Rough-In,L 1,MEP_TakeOff.csv:1353454,2029-12-31T09:00:00,2029-12-31T09:20:00
1353455,MEP Rough-In | L 1 | 1353455,A1690,MEP Rough-In,L 1,MEP_TakeOff.csv:1353455,2029-12-31T09:00:00,2029-12-31T09:20:00
1286225,MEP Rough-In | L 1 | 1286225,A1690,MEP Rough-In,L 1,MEP_TakeOff.csv:1286225,2029-12-31T09:20:00,2029-12-31T09:40:00
1286396,MEP Rough-In | L 1 | 1286396,A1690,MEP Rough-In,L 1,MEP_TakeOff.csv:1286396,2029-12-31T09:20:00,2029-12-31T09:40:00
1286460,MEP Rough-In | L 1 | 1286460,A1690,MEP Rough-In,L 1,MEP_TakeOff.csv:1286460,2029-12-31T09:20:00,2029-12-31T09:40:00
1232400,MEP Rough-In | L 1 | 1232400,A1690,MEP Rough-In,L 1,MEP_TakeOff.csv:1232400,2029-12-31T09:40:00,2029-12-31T10:00:00
1353263,MEP Rough-In | L 1 | 1353263,A1690,MEP Rough-In,L 1,MEP_TakeOff.csv:1353263,2029-12-31T09:40:00,2029-12-31T10:00:00
1353304,MEP Rough-In | L 1 | 1353304,A1690,MEP Rough-In,L 1,MEP_TakeOff.csv:1353304,2029-12-31T09:40:00,2029-12-31T10:00:00
1353252,MEP Rough-In | L 1 | 1353252,A1690,MEP Rough-In,L 1,MEP_TakeOff.csv:1353252,2029-12-31T10:00:00,2029-12-31T10:20:00
1353453,MEP Rough-In | L 1 | 1353453,A1690,MEP Rough-In,L 1,MEP_TakeOff.csv:1353453,2029-12-31T10:00:00,2029-12-31T10:20:00
1353460,MEP Rough-In | L 1 | 1353460,A1690,MEP Rough-In,L 1,MEP_TakeOff.csv:1353460,2029-12-31T10:00:00,2029-12-31T10:20:00
1353018,MEP Rough-In | L 1 | 1353018,A1690,MEP Rough-In,L 1,MEP_TakeOff.csv:1353018,2029-12-31T10:20:00,2029-12-31T10:40:00
1353430,MEP Rough-In | L 1 | 1353430,A1690,MEP Rough-In,L 1,MEP_TakeOff.csv:1353430,2029-12-31T10:20:00,2029-12-31T10:40:00
1353461,MEP Rough-In | L 1 | 1353461,A1690,MEP Rough-In,L 1,MEP_TakeOff.csv:1353461,2029-12-31T10:20:00,2029-12-31T10:40:00
1286534,MEP Rough-In | L 1 | 1286534,A1690,MEP Rough-In,L 1,MEP_TakeOff.csv:1286534,2029-12-31T10:40:00,2029-12-31T11:00:00
1286546,MEP Rough-In | L 1 | 1286546,A1690,MEP Rough-In,L 1,MEP_TakeOff.csv:1286546,2029-12-31T10:40:00,2029-12-31T11:00:00
1353452,MEP Rough-In | L 1 | 1353452,A1690,MEP Rough-In,L 1,MEP_TakeOff.csv:1353452,2029-12-31T10:40:00,2029-12-31T11:00:00
1287105,MEP Rough-In | L 1 | 1287105,A1690,MEP Rough-In,L 1,MEP_TakeOff.csv:1287105,2029-12-31T11:00:00,2029-12-31T11:20:00
1287496,MEP Rough-In | L 1 | 1287496,A1690,MEP Rough-In,L 1,MEP_TakeOff.csv:1287496,2029-12-31T11:00:00,2029-12-31T11:20:00
1287498,MEP Rough-In | L 1 | 1287498,A1690,MEP Rough-In,L 1,MEP_TakeOff.csv:1287498,2029-12-31T11:00:00,2029-12-31T11:20:00
1287091,MEP Rough-In | L 1 | 1287091,A1690,MEP Rough-In,L 1,MEP_TakeOff.csv:1287091,2029-12-31T11:20:00,2029-12-31T11:40:00
1287092,MEP Rough-In | L 1 | 1287092,A1690,MEP Rough-In,L 1,MEP_TakeOff.csv:1287092,2029-12-31T11:20:00,2029-12-31T11:40:00
1287104,MEP Rough-In | L 1 | 1287104,A1690,MEP Rough-In,L 1,MEP_TakeOff.csv:1287104,2029-12-31T11:20:00,2029-12-31T11:40:00
1287117,MEP Rough-In | L 1 | 1287117,A1690,MEP Rough-In,L 1,MEP_TakeOff.csv:1287117,2029-12-31T11:40:00,2029-12-31T12:00:00
1287499,MEP Rough-In | L 1 | 1287499,A1690,MEP Rough-In,L 1,MEP_TakeOff.csv:1287499,2029-12-31T11:40:00,2029-12-31T12:00:00
1350411,MEP Rough-In | L 1 | 1350411,A1690,MEP Rough-In,L 1,MEP_TakeOff.csv:1350411,2029-12-31T11:40:00,2029-12-31T12:00:00
1287497,MEP Rough-In | L 1 | 1287497,A1690,MEP Rough-In,L 1,MEP_TakeOff.csv:1287497,2029-12-31T12:00:00,2029-12-31T12:20:00
1350399,MEP Rough-In | L 1 | 1350399,A1690,MEP Rough-In,L 1,MEP_TakeOff.csv:1350399,2029-12-31T12:00:00,2029-12-31T12:20:00
1350405,MEP Rough-In | L 1 | 1350405,A1690,MEP Rough-In,L 1,MEP_TakeOff.csv:1350405,2029-12-31T12:00:00,2029-12-31T12:20:00
1350402,MEP Rough-In | L 1 | 1350402,A1690,MEP Rough-In,L 1,MEP_TakeOff.csv:1350402,2029-12-31T12:20:00,2029-12-31T12:40:00
1350408,MEP Rough-In | L 1 | 1350408,A1690,MEP Rough-In,L 1,MEP_TakeOff.csv:1350408,2029-12-31T12:20:00,2029-12-31T12:40:00
1353264,MEP Rough-In | L 1 | 1353264,A1690,MEP Rough-In,L 1,MEP_TakeOff.csv:1353264,2029-12-31T12:20:00,2029-12-31T12:40:00
1350396,MEP Rough-In | L 1 | 1350396,A1690,MEP Rough-In,L 1,MEP_TakeOff.csv:1350396,2029-12-31T12:40:00,2029-12-31T13:00:00
1350400,MEP Rough-In | L 1 | 1350400,A1690,MEP Rough-In,L 1,MEP_TakeOff.csv:1350400,2029-12-31T12:40:00,2029-12-31T13:00:00
1350406,MEP Rough-In | L 1 | 1350406,A1690,MEP Rough-In,L 1,MEP_TakeOff.csv:1350406,2029-12-31T12:40:00,2029-12-31T13:00:00
1286437,MEP Rough-In | L 1 | 1286437,A1690,MEP Rough-In,L 1,MEP_TakeOff.csv:1286437,2029-12-31T13:00:00,2029-12-31T13:20:00
1286438,MEP Rough-In | L 1 | 1286438,A1690,MEP Rough-In,L 1,MEP_TakeOff.csv:1286438,2029-12-31T13:00:00,2029-12-31T13:20:00
1350412,MEP Rough-In | L 1 | 1350412,A1690,MEP Rough-In,L 1,MEP_TakeOff.csv:1350412,2029-12-31T13:00:00,2029-12-31T13:20:00
1286220,MEP Rough-In | L 1 | 1286220,A1690,MEP Rough-In,L 1,MEP_TakeOff.csv:1286220,2029-12-31T13:20:00,2029-12-31T13:40:00
1353025,MEP Rough-In | L 1 | 1353025,A1690,MEP Rough-In,L 1,MEP_TakeOff.csv:1353025,2029-12-31T13:20:00,2029-12-31T13:40:00
1353224,MEP Rough-In | L 1 | 1353224,A1690,MEP Rough-In,L 1,MEP_TakeOff.csv:1353224,2029-12-31T13:20:00,2029-12-31T13:40:00
1353421,MEP Rough-In | L 1 | 1353421,A1690,MEP Rough-In,L 1,MEP_TakeOff.csv:1353421,2029-12-31T13:40:00,2029-12-31T14:00:00
1353458,MEP Rough-In | L 1 | 1353458,A1690,MEP Rough-In,L 1,MEP_TakeOff.csv:1353458,2029-12-31T13:40:00,2029-12-31T14:00:00
1353459,MEP Rough-In | L 1 | 1353459,A1690,MEP Rough-In,L 1,MEP_TakeOff.csv:1353459,2029-12-31T13:40:00,2029-12-31T14:00:00
1353207,MEP Rough-In | L 1 | 1353207,A1690,MEP Rough-In,L 1,MEP_TakeOff.csv:1353207,2029-12-31T14:00:00,2029-12-31T14:20:00
1407928,Interior Walls | L -1 | 1407928,A1740,Interior Walls,L -1,Architecture_TakeOff.csv:1407928,2029-12-03T09:00:00,2029-12-03T09:30:00
1516723,Interior Walls | L -1 | 1516723,A1740,Interior Walls,L -1,Architecture_TakeOff.csv:1516723,2029-12-03T09:30:00,2029-12-03T10:00:00
1710678,Interior Walls | L -1 | 1710678,A1740,Interior Walls,L -1,Architecture_TakeOff.csv:1710678,2029-12-03T10:00:00,2029-12-03T10:30:00
1516683,Interior Walls | L -1 | 1516683,A1740,Interior Walls,L -1,Architecture_TakeOff.csv:1516683,2029-12-03T10:30:00,2029-12-03T11:00:00
1695664,Interior Walls | L -1 | 1695664,A1740,Interior Walls,L -1,Architecture_TakeOff.csv:1695664,2029-12-03T11:00:00,2029-12-03T11:30:00
1634227,Interior Walls | L -1 | 1634227,A1740,Interior Walls,L -1,Architecture_TakeOff.csv:1634227,2029-12-03T11:30:00,2029-12-03T12:00:00
1631433,Interior Walls | L -1 | 1631433,A1740,Interior Walls,L -1,Architecture_TakeOff.csv:1631433,2029-12-03T12:00:00,2029-12-03T12:30:00
1634397,Interior Walls | L -1 | 1634397,A1740,Interior Walls,L -1,Architecture_TakeOff.csv:1634397,2029-12-03T12:30:00,2029-12-03T13:00:00
1777575,Interior Walls | L -1 | 1777575,A1740,Interior Walls,L -1,Architecture_TakeOff.csv:1777575,2029-12-03T13:00:00,2029-12-03T13:30:00
1992635,Interior Walls | L -1 | 1992635,A1740,Interior Walls,L -1,Architecture_TakeOff.csv:1992635,2029-12-03T13:30:00,2029-12-03T14:00:00
1407241,Interior Walls | L -1 | 1407241,A1740,Interior Walls,L -1,Architecture_TakeOff.csv:1407241,2029-12-03T14:00:00,2029-12-03T14:30:00
1943544,Interior Walls | L -1 | 1943544,A1740,Interior Walls,L -1,Architecture_TakeOff.csv:1943544,2029-12-03T14:30:00,2029-12-03T15:00:00
1943499,Interior Walls | L -1 | 1943499,A1740,Interior Walls,L -1,Architecture_TakeOff.csv:1943499,2029-12-03T15:00:00,2029-12-03T15:30:00
1943574,Interior Walls | L -1 | 1943574,A1740,Interior Walls,L -1,Architecture_TakeOff.csv:1943574,2029-12-03T15:30:00,2029-12-03T16:00:00
1943630,Interior Walls | L -1 | 1943630,A1740,Interior Walls,L -1,Architecture_TakeOff.csv:1943630,2029-12-03T16:00:00,2029-12-03T16:30:00
1943683,Interior Walls | L -1 | 1943683,A1740,Interior Walls,L -1,Architecture_TakeOff.csv:1943683,2029-12-03T16:30:00,2029-12-03T17:00:00
1943723,Interior Walls | L -1 | 1943723,A1740,Interior Walls,L -1,Architecture_TakeOff.csv:1943723,2029-12-04T09:00:00,2029-12-04T09:30:00
1943755,Interior Walls | L -1 | 1943755,A1740,Interior Walls,L -1,Architecture_TakeOff.csv:1943755,2029-12-04T09:30:00,2029-12-04T10:00:00
1943797,Interior Walls | L -1 | 1943797,A1740,Interior Walls,L -1,Architecture_TakeOff.csv:1943797,2029-12-04T10:00:00,2029-12-04T10:30:00
1675286,Interior Walls | L -1 | 1675286,A1740,Interior Walls,L -1,Architecture_TakeOff.csv:1675286,2029-12-04T10:30:00,2029-12-04T11:00:00
1630868,Interior Walls | L -1 | 1630868,A1740,Interior Walls,L -1,Architecture_TakeOff.csv:1630868,2029-12-04T11:00:00,2029-12-04T11:30:00
1515334,Interior Walls | L -1 | 1515334,A1740,Interior Walls,L -1,Architecture_TakeOff.csv:1515334,2029-12-04T11:30:00,2029-12-04T12:00:00
1515329,Interior Walls | L -1 | 1515329,A1740,Interior Walls,L -1,Architecture_TakeOff.csv:1515329,2029-12-04T12:00:00,2029-12-04T12:30:00
1633116,Interior Walls | L -1 | 1633116,A1740,Interior Walls,L -1,Architecture_TakeOff.csv:1633116,2029-12-04T12:30:00,2029-12-04T13:00:00
1515333,Interior Walls | L -1 | 1515333,A1740,Interior Walls,L -1,Architecture_TakeOff.csv:1515333,2029-12-04T13:00:00,2029-12-04T13:30:00
2179040,Interior Walls | L -1 | 2179040,A1740,Interior Walls,L -1,Architecture_TakeOff.csv:2179040,2029-12-04T13:30:00,2029-12-04T14:00:00
1516005,Interior Walls | L -1 | 1516005,A1740,Interior Walls,L -1,Architecture_TakeOff.csv:1516005,2029-12-04T14:00:00,2029-12-04T14:30:00
1993388,Interior Walls | L -1 | 1993388,A1740,Interior Walls,L -1,Architecture_TakeOff.csv:1993388,2029-12-04T14:30:00,2029-12-04T15:00:00
1537901,Interior Walls | L -1 | 1537901,A1740,Interior Walls,L -1,Architecture_TakeOff.csv:1537901,2029-12-04T15:00:00,2029-12-04T15:30:00
1537528,Interior Walls | L -1 | 1537528,A1740,Interior Walls,L -1,Architecture_TakeOff.csv:1537528,2029-12-04T15:30:00,2029-12-04T16:00:00
1537404,Interior Walls | L -1 | 1537404,A1740,Interior Walls,L -1,Architecture_TakeOff.csv:1537404,2029-12-04T16:00:00,2029-12-04T16:30:00
1775440,Interior Walls | L -1 | 1775440,A1740,Interior Walls,L -1,Architecture_TakeOff.csv:1775440,2029-12-04T16:30:00,2029-12-04T17:00:00
1971369,Interior Walls | L -1 | 1971369,A1740,Interior Walls,L -1,Architecture_TakeOff.csv:1971369,2029-12-05T09:00:00,2029-12-05T09:30:00
1967723,Interior Walls | L -1 | 1967723,A1740,Interior Walls,L -1,Architecture_TakeOff.csv:1967723,2029-12-05T09:30:00,2029-12-05T10:00:00
1992218,Interior Walls | L -1 | 1992218,A1740,Interior Walls,L -1,Architecture_TakeOff.csv:1992218,2029-12-05T10:00:00,2029-12-05T10:30:00
1610794,Interior Walls | L -1 | 1610794,A1740,Interior Walls,L -1,Architecture_TakeOff.csv:1610794,2029-12-05T10:30:00,2029-12-05T11:00:00
1779421,Interior Walls | L -1 | 1779421,A1740,Interior Walls,L -1,Architecture_TakeOff.csv:1779421,2029-12-05T11:00:00,2029-12-05T11:30:00
1774763,Interior Walls | L -1 | 1774763,A1740,Interior Walls,L -1,Architecture_TakeOff.csv:1774763,2029-12-05T11:30:00,2029-12-05T12:00:00
1779997,Interior Walls | L -1 | 1779997,A1740,Interior Walls,L -1,Architecture_TakeOff.csv:1779997,2029-12-05T12:00:00,2029-12-05T12:30:00
1779738,Interior Walls | L -1 | 1779738,A1740,Interior Walls,L -1,Architecture_TakeOff.csv:1779738,2029-12-05T12:30:00,2029-12-05T13:00:00
1773993,Interior Walls | L -1 | 1773993,A1740,Interior Walls,L -1,Architecture_TakeOff.csv:1773993,2029-12-05T13:00:00,2029-12-05T13:30:00
1773818,Interior Walls | L -1 | 1773818,A1740,Interior Walls,L -1,Architecture_TakeOff.csv:1773818,2029-12-05T13:30:00,2029-12-05T14:00:00
1403682,Interior Walls | L 0 | 1403682,A1740,Interior Walls,L 0,Architecture_TakeOff.csv:1403682,2029-12-10T09:00:00,2029-12-10T09:30:00
1992761,Interior Walls | L 0 | 1992761,A1740,Interior Walls,L 0,Architecture_TakeOff.csv:1992761,2029-12-10T09:30:00,2029-12-10T10:00:00
1352336,Interior Walls | L 0 | 1352336,A1740,Interior Walls,L 0,Architecture_TakeOff.csv:1352336,2029-12-10T10:00:00,2029-12-10T10:30:00
2173036,Interior Walls | L 0 | 2173036,A1740,Interior Walls,L 0,Architecture_TakeOff.csv:2173036,2029-12-10T10:30:00,2029-12-10T11:00:00
2173303,Interior Walls | L 0 | 2173303,A1740,Interior Walls,L 0,Architecture_TakeOff.csv:2173303,2029-12-10T11:00:00,2029-12-10T11:30:00
2175569,Interior Walls | L 0 | 2175569,A1740,Interior Walls,L 0,Architecture_TakeOff.csv:2175569,2029-12-10T11:30:00,2029-12-10T12:00:00
2175005,Interior Walls | L 0 | 2175005,A1740,Interior Walls,L 0,Architecture_TakeOff.csv:2175005,2029-12-10T12:00:00,2029-12-10T12:30:00
2175262,Interior Walls | L 0 | 2175262,A1740,Interior Walls,L 0,Architecture_TakeOff.csv:2175262,2029-12-10T12:30:00,2029-12-10T13:00:00
1776011,Interior Walls | L 0 | 1776011,A1740,Interior Walls,L 0,Architecture_TakeOff.csv:1776011,2029-12-10T13:00:00,2029-12-10T13:30:00
1776132,Interior Walls | L 0 | 1776132,A1740,Interior Walls,L 0,Architecture_TakeOff.csv:1776132,2029-12-10T13:30:00,2029-12-10T14:00:00
1776203,Interior Walls | L 0 | 1776203,A1740,Interior Walls,L 0,Architecture_TakeOff.csv:1776203,2029-12-10T14:00:00,2029-12-10T14:30:00
1776411,Interior Walls | L 0 | 1776411,A1740,Interior Walls,L 0,Architecture_TakeOff.csv:1776411,2029-12-10T14:30:00,2029-12-10T15:00:00
1776493,Interior Walls | L 0 | 1776493,A1740,Interior Walls,L 0,Architecture_TakeOff.csv:1776493,2029-12-10T15:00:00,2029-12-10T15:30:00
1776593,Interior Walls | L 0 | 1776593,A1740,Interior Walls,L 0,Architecture_TakeOff.csv:1776593,2029-12-10T15:30:00,2029-12-10T16:00:00
1775693,Interior Walls | L 0 | 1775693,A1740,Interior Walls,L 0,Architecture_TakeOff.csv:1775693,2029-12-10T16:00:00,2029-12-10T16:30:00
1403081,Interior Walls | L 0 | 1403081,A1740,Interior Walls,L 0,Architecture_TakeOff.csv:1403081,2029-12-10T16:30:00,2029-12-10T17:00:00
2187593,Interior Walls | L 0 | 2187593,A1740,Interior Walls,L 0,Architecture_TakeOff.csv:2187593,2029-12-11T09:00:00,2029-12-11T09:30:00
2186904,Interior Walls | L 0 | 2186904,A1740,Interior Walls,L 0,Architecture_TakeOff.csv:2186904,2029-12-11T09:30:00,2029-12-11T10:00:00
2177543,Interior Walls | L 0 | 2177543,A1740,Interior Walls,L 0,Architecture_TakeOff.csv:2177543,2029-12-11T10:00:00,2029-12-11T10:30:00
2187665,Interior Walls | L 0 | 2187665,A1740,Interior Walls,L 0,Architecture_TakeOff.csv:2187665,2029-12-11T10:30:00,2029-12-11T11:00:00
2178159,Interior Walls | L 0 | 2178159,A1740,Interior Walls,L 0,Architecture_TakeOff.csv:2178159,2029-12-11T11:00:00,2029-12-11T11:30:00
1720735,Interior Walls | L 0 | 1720735,A1740,Interior Walls,L 0,Architecture_TakeOff.csv:1720735,2029-12-11T11:30:00,2029-12-11T12:00:00
2178442,Interior Walls | L 0 | 2178442,A1740,Interior Walls,L 0,Architecture_TakeOff.csv:2178442,2029-12-11T12:00:00,2029-12-11T12:30:00
2180086,Interior Walls | L 0 | 2180086,A1740,Interior Walls,L 0,Architecture_TakeOff.csv:2180086,2029-12-11T12:30:00,2029-12-11T13:00:00
1720779,Interior Walls | L 0 | 1720779,A1740,Interior Walls,L 0,Architecture_TakeOff.csv:1720779,2029-12-11T13:00:00,2029-12-11T13:30:00
2181573,Interior Walls | L 0 | 2181573,A1740,Interior Walls,L 0,Architecture_TakeOff.csv:2181573,2029-12-11T13:30:00,2029-12-11T14:00:00
2181649,Interior Walls | L 0 | 2181649,A1740,Interior Walls,L 0,Architecture_TakeOff.csv:2181649,2029-12-11T14:00:00,2029-12-11T14:30:00
2181841,Interior Walls | L 0 | 2181841,A1740,Interior Walls,L 0,Architecture_TakeOff.csv:2181841,2029-12-11T14:30:00,2029-12-11T15:00:00
2182380,Interior Walls | L 0 | 2182380,A1740,Interior Walls,L 0,Architecture_TakeOff.csv:2182380,2029-12-11T15:00:00,2029-12-11T15:30:00
2182304,Interior Walls | L 0 | 2182304,A1740,Interior Walls,L 0,Architecture_TakeOff.csv:2182304,2029-12-11T15:30:00,2029-12-11T16:00:00
2182224,Interior Walls | L 0 | 2182224,A1740,Interior Walls,L 0,Architecture_TakeOff.csv:2182224,2029-12-11T16:00:00,2029-12-11T16:30:00
2181464,Interior Walls | L 0 | 2181464,A1740,Interior Walls,L 0,Architecture_TakeOff.csv:2181464,2029-12-11T16:30:00,2029-12-11T17:00:00
2181278,Interior Walls | L 0 | 2181278,A1740,Interior Walls,L 0,Architecture_TakeOff.csv:2181278,2029-12-12T09:00:00,2029-12-12T09:30:00
2181371,Interior Walls | L 0 | 2181371,A1740,Interior Walls,L 0,Architecture_TakeOff.csv:2181371,2029-12-12T09:30:00,2029-12-12T10:00:00
2182796,Interior Walls | L 0 | 2182796,A1740,Interior Walls,L 0,Architecture_TakeOff.csv:2182796,2029-12-12T10:00:00,2029-12-12T10:30:00
2182888,Interior Walls | L 0 | 2182888,A1740,Interior Walls,L 0,Architecture_TakeOff.csv:2182888,2029-12-12T10:30:00,2029-12-12T11:00:00
2182948,Interior Walls | L 0 | 2182948,A1740,Interior Walls,L 0,Architecture_TakeOff.csv:2182948,2029-12-12T11:00:00,2029-12-12T11:30:00
2182947,Interior Walls | L 0 | 2182947,A1740,Interior Walls,L 0,Architecture_TakeOff.csv:2182947,2029-12-12T11:30:00,2029-12-12T12:00:00
2183054,Interior Walls | L 0 | 2183054,A1740,Interior Walls,L 0,Architecture_TakeOff.csv:2183054,2029-12-12T12:00:00,2029-12-12T12:30:00
2183137,Interior Walls | L 0 | 2183137,A1740,Interior Walls,L 0,Architecture_TakeOff.csv:2183137,2029-12-12T12:30:00,2029-12-12T13:00:00
1387392,Interior Walls | L 0 | 1387392,A1740,Interior Walls,L 0,Architecture_TakeOff.csv:1387392,2029-12-12T13:00:00,2029-12-12T13:30:00
1502824,Interior Walls | L 0 | 1502824,A1740,Interior Walls,L 0,Architecture_TakeOff.csv:1502824,2029-12-12T13:30:00,2029-12-12T14:00:00
1249262,Interior Walls | L 1 | 1249262,A1740,Interior Walls,L 1,Architecture_TakeOff.csv:1249262,2029-12-18T09:00:00,2029-12-18T09:30:00
1249295,Interior Walls | L 1 | 1249295,A1740,Interior Walls,L 1,Architecture_TakeOff.csv:1249295,2029-12-18T09:30:00,2029-12-18T10:00:00
1249332,Interior Walls | L 1 | 1249332,A1740,Interior Walls,L 1,Architecture_TakeOff.csv:1249332,2029-12-18T10:00:00,2029-12-18T10:30:00
1249438,Interior Walls | L 1 | 1249438,A1740,Interior Walls,L 1,Architecture_TakeOff.csv:1249438,2029-12-18T10:30:00,2029-12-18T11:00:00
1249463,Interior Walls | L 1 | 1249463,A1740,Interior Walls,L 1,Architecture_TakeOff.csv:1249463,2029-12-18T11:00:00,2029-12-18T11:30:00
1249493,Interior Walls | L 1 | 1249493,A1740,Interior Walls,L 1,Architecture_TakeOff.csv:1249493,2029-12-18T11:30:00,2029-12-18T12:00:00
1249530,Interior Walls | L 1 | 1249530,A1740,Interior Walls,L 1,Architecture_TakeOff.csv:1249530,2029-12-18T12:00:00,2029-12-18T12:30:00
1249558,Interior Walls | L 1 | 1249558,A1740,Interior Walls,L 1,Architecture_TakeOff.csv:1249558,2029-12-18T12:30:00,2029-12-18T13:00:00
1249706,Interior Walls | L 1 | 1249706,A1740,Interior Walls,L 1,Architecture_TakeOff.csv:1249706,2029-12-18T13:00:00,2029-12-18T13:30:00
1249741,Interior Walls | L 1 | 1249741,A1740,Interior Walls,L 1,Architecture_TakeOff.csv:1249741,2029-12-18T13:30:00,2029-12-18T14:00:00
1250299,Interior Walls | L 1 | 1250299,A1740,Interior Walls,L 1,Architecture_TakeOff.csv:1250299,2029-12-18T14:00:00,2029-12-18T14:30:00
1249405,Interior Walls | L 1 | 1249405,A1740,Interior Walls,L 1,Architecture_TakeOff.csv:1249405,2029-12-18T14:30:00,2029-12-18T15:00:00
1249372,Interior Walls | L 1 | 1249372,A1740,Interior Walls,L 1,Architecture_TakeOff.csv:1249372,2029-12-18T15:00:00,2029-12-18T15:30:00
2168964,Interior Walls | L 1 | 2168964,A1740,Interior Walls,L 1,Architecture_TakeOff.csv:2168964,2029-12-18T15:30:00,2029-12-18T16:00:00
2168568,Interior Walls | L 1 | 2168568,A1740,Interior Walls,L 1,Architecture_TakeOff.csv:2168568,2029-12-18T16:00:00,2029-12-18T16:30:00
2169090,Interior Walls | L 1 | 2169090,A1740,Interior Walls,L 1,Architecture_TakeOff.csv:2169090,2029-12-18T16:30:00,2029-12-18T17:00:00
2169589,Interior Walls | L 1 | 2169589,A1740,Interior Walls,L 1,Architecture_TakeOff.csv:2169589,2029-12-19T09:00:00,2029-12-19T09:30:00
2169746,Interior Walls | L 1 | 2169746,A1740,Interior Walls,L 1,Architecture_TakeOff.csv:2169746,2029-12-19T09:30:00,2029-12-19T10:00:00
2169836,Interior Walls | L 1 | 2169836,A1740,Interior Walls,L 1,Architecture_TakeOff.csv:2169836,2029-12-19T10:00:00,2029-12-19T10:30:00
2170012,Interior Walls | L 1 | 2170012,A1740,Interior Walls,L 1,Architecture_TakeOff.csv:2170012,2029-12-19T10:30:00,2029-12-19T11:00:00
2170228,Interior Walls | L 1 | 2170228,A1740,Interior Walls,L 1,Architecture_TakeOff.csv:2170228,2029-12-19T11:00:00,2029-12-19T11:30:00
2169420,Interior Walls | L 1 | 2169420,A1740,Interior Walls,L 1,Architecture_TakeOff.csv:2169420,2029-12-19T11:30:00,2029-12-19T12:00:00
1525073,Interior Walls | L 1 | 1525073,A1740,Interior Walls,L 1,Architecture_TakeOff.csv:1525073,2029-12-19T12:00:00,2029-12-19T12:30:00
2012235,Interior Walls | L 1 | 2012235,A1740,Interior Walls,L 1,Architecture_TakeOff.csv:2012235,2029-12-19T12:30:00,2029-12-19T13:00:00
1286681,Interior Walls | L 1 | 1286681,A1740,Interior Walls,L 1,Architecture_TakeOff.csv:1286681,2029-12-19T13:00:00,2029-12-19T13:30:00
1324711,Interior Walls | L 1 | 1324711,A1740,Interior Walls,L 1,Architecture_TakeOff.csv:1324711,2029-12-19T13:30:00,2029-12-19T14:00:00
1722264,Interior Walls | L 1 | 1722264,A1740,Interior Walls,L 1,Architecture_TakeOff.csv:1722264,2029-12-19T14:00:00,2029-12-19T14:30:00
1952046,Interior Walls | L 1 | 1952046,A1740,Interior Walls,L 1,Architecture_TakeOff.csv:1952046,2029-12-19T14:30:00,2029-12-19T15:00:00
1525831,Interior Walls | L 1 | 1525831,A1740,Interior Walls,L 1,Architecture_TakeOff.csv:1525831,2029-12-19T15:00:00,2029-12-19T15:30:00
2173306,Interior Walls | L 1 | 2173306,A1740,Interior Walls,L 1,Architecture_TakeOff.csv:2173306,2029-12-19T15:30:00,2029-12-19T16:00:00
2173074,Interior Walls | L 1 | 2173074,A1740,Interior Walls,L 1,Architecture_TakeOff.csv:2173074,2029-12-19T16:00:00,2029-12-19T16:30:00
1379208,Interior Walls | L 1 | 1379208,A1740,Interior Walls,L 1,Architecture_TakeOff.csv:1379208,2029-12-19T16:30:00,2029-12-19T17:00:00
1379178,Interior Walls | L 1 | 1379178,A1740,Interior Walls,L 1,Architecture_TakeOff.csv:1379178,2029-12-20T09:00:00,2029-12-20T09:30:00
1379153,Interior Walls | L 1 | 1379153,A1740,Interior Walls,L 1,Architecture_TakeOff.csv:1379153,2029-12-20T09:30:00,2029-12-20T10:00:00
1379108,Interior Walls | L 1 | 1379108,A1740,Interior Walls,L 1,Architecture_TakeOff.csv:1379108,2029-12-20T10:00:00,2029-12-20T10:30:00
1355120,Interior Walls | L 1 | 1355120,A1740,Interior Walls,L 1,Architecture_TakeOff.csv:1355120,2029-12-20T10:30:00,2029-12-20T11:00:00
2175573,Interior Walls | L 1 | 2175573,A1740,Interior Walls,L 1,Architecture_TakeOff.csv:2175573,2029-12-20T11:00:00,2029-12-20T11:30:00
2175265,Interior Walls | L 1 | 2175265,A1740,Interior Walls,L 1,Architecture_TakeOff.csv:2175265,2029-12-20T11:30:00,2029-12-20T12:00:00
1885961,Interior Walls | L 1 | 1885961,A1740,Interior Walls,L 1,Architecture_TakeOff.csv:1885961,2029-12-20T12:00:00,2029-12-20T12:30:00
1887184,Interior Walls | L 1 | 1887184,A1740,Interior Walls,L 1,Architecture_TakeOff.csv:1887184,2029-12-20T12:30:00,2029-12-20T13:00:00
1886283,Interior Walls | L 1 | 1886283,A1740,Interior Walls,L 1,Architecture_TakeOff.csv:1886283,2029-12-20T13:00:00,2029-12-20T13:30:00
1887145,Interior Walls | L 1 | 1887145,A1740,Interior Walls,L 1,Architecture_TakeOff.csv:1887145,2029-12-20T13:30:00,2029-12-20T14:00:00
1378909,Interior Walls | L 1 | 1378909,A1740,Interior Walls,L 1,Architecture_TakeOff.csv:1378909,2029-12-20T14:00:00,2029-12-20T14:30:00
1887103,Interior Walls | L 1 | 1887103,A1740,Interior Walls,L 1,Architecture_TakeOff.csv:1887103,2029-12-20T14:30:00,2029-12-20T15:00:00
1886661,Interior Walls | L 1 | 1886661,A1740,Interior Walls,L 1,Architecture_TakeOff.csv:1886661,2029-12-20T15:00:00,2029-12-20T15:30:00
1887063,Interior Walls | L 1 | 1887063,A1740,Interior Walls,L 1,Architecture_TakeOff.csv:1887063,2029-12-20T15:30:00,2029-12-20T16:00:00
1886856,Interior Walls | L 1 | 1886856,A1740,Interior Walls,L 1,Architecture_TakeOff.csv:1886856,2029-12-20T16:00:00,2029-12-20T16:30:00
1952186,Interior Walls | L 1 | 1952186,A1740,Interior Walls,L 1,Architecture_TakeOff.csv:1952186,2029-12-20T16:30:00,2029-12-20T17:00:00
1620862,Interior Walls | L 1 | 1620862,A1740,Interior Walls,L 1,Architecture_TakeOff.csv:1620862,2029-12-21T09:00:00,2029-12-21T09:30:00
2187596,Interior Walls | L 1 | 2187596,A1740,Interior Walls,L 1,Architecture_TakeOff.csv:2187596,2029-12-21T09:30:00,2029-12-21T10:00:00
2186907,Interior Walls | L 1 | 2186907,A1740,Interior Walls,L 1,Architecture_TakeOff.csv:2186907,2029-12-21T10:00:00,2029-12-21T10:30:00
1620235,Interior Walls | L 1 | 1620235,A1740,Interior Walls,L 1,Architecture_TakeOff.csv:1620235,2029-12-21T10:30:00,2029-12-21T11:00:00
2177547,Interior Walls | L 1 | 2177547,A1740,Interior Walls,L 1,Architecture_TakeOff.csv:2177547,2029-12-21T11:00:00,2029-12-21T11:30:00
2180533,Interior Walls | L 1 | 2180533,A1740,Interior Walls,L 1,Architecture_TakeOff.csv:2180533,2029-12-21T11:30:00,2029-12-21T12:00:00
2187668,Interior Walls | L 1 | 2187668,A1740,Interior Walls,L 1,Architecture_TakeOff.csv:2187668,2029-12-21T12:00:00,2029-12-21T12:30:00
2178162,Interior Walls | L 1 | 2178162,A1740,Interior Walls,L 1,Architecture_TakeOff.csv:2178162,2029-12-21T12:30:00,2029-12-21T13:00:00
2180110,Interior Walls | L 1 | 2180110,A1740,Interior Walls,L 1,Architecture_TakeOff.csv:2180110,2029-12-21T13:00:00,2029-12-21T13:30:00
2180442,Interior Walls | L 1 | 2180442,A1740,Interior Walls,L 1,Architecture_TakeOff.csv:2180442,2029-12-21T13:30:00,2029-12-21T14:00:00
2008766,Interior Walls | L 1 | 2008766,A1740,Interior Walls,L 1,Architecture_TakeOff.csv:2008766,2029-12-21T14:00:00,2029-12-21T14:30:00
2009682,Interior Walls | L 1 | 2009682,A1740,Interior Walls,L 1,Architecture_TakeOff.csv:2009682,2029-12-21T14:30:00,2029-12-21T15:00:00
2179179,Interior Walls | L 1 | 2179179,A1740,Interior Walls,L 1,Architecture_TakeOff.csv:2179179,2029-12-21T15:00:00,2029-12-21T15:30:00
2181576,Interior Walls | L 1 | 2181576,A1740,Interior Walls,L 1,Architecture_TakeOff.csv:2181576,2029-12-21T15:30:00,2029-12-21T16:00:00
2181652,Interior Walls | L 1 | 2181652,A1740,Interior Walls,L 1,Architecture_TakeOff.csv:2181652,2029-12-21T16:00:00,2029-12-21T16:30:00
2181844,Interior Walls | L 1 | 2181844,A1740,Interior Walls,L 1,Architecture_TakeOff.csv:2181844,2029-12-21T16:30:00,2029-12-21T17:00:00
1368267,Interior Walls | L 1 | 1368267,A1740,Interior Walls,L 1,Architecture_TakeOff.csv:1368267,2029-12-24T09:00:00,2029-12-24T09:30:00
2182383,Interior Walls | L 1 | 2182383,A1740,Interior Walls,L 1,Architecture_TakeOff.csv:2182383,2029-12-24T09:30:00,2029-12-24T10:00:00
2182307,Interior Walls | L 1 | 2182307,A1740,Interior Walls,L 1,Architecture_TakeOff.csv:2182307,2029-12-24T10:00:00,2029-12-24T10:30:00
2182227,Interior Walls | L 1 | 2182227,A1740,Interior Walls,L 1,Architecture_TakeOff.csv:2182227,2029-12-24T10:30:00,2029-12-24T11:00:00
1286603,Interior Walls | L 1 | 1286603,A1740,Interior Walls,L 1,Architecture_TakeOff.csv:1286603,2029-12-24T11:00:00,2029-12-24T11:30:00
2009644,Interior Walls | L 1 | 2009644,A1740,Interior Walls,L 1,Architecture_TakeOff.csv:2009644,2029-12-24T11:30:00,2029-12-24T12:00:00
2181467,Interior Walls | L 1 | 2181467,A1740,Interior Walls,L 1,Architecture_TakeOff.csv:2181467,2029-12-24T12:00:00,2029-12-24T12:30:00
2181281,Interior Walls | L 1 | 2181281,A1740,Interior Walls,L 1,Architecture_TakeOff.csv:2181281,2029-12-24T12:30:00,2029-12-24T13:00:00
2181374,Interior Walls | L 1 | 2181374,A1740,Interior Walls,L 1,Architecture_TakeOff.csv:2181374,2029-12-24T13:00:00,2029-12-24T13:30:00
1523748,Interior Walls | L 1 | 1523748,A1740,Interior Walls,L 1,Architecture_TakeOff.csv:1523748,2029-12-24T13:30:00,2029-12-24T14:00:00
2183250,Interior Walls | L 1 | 2183250,A1740,Interior Walls,L 1,Architecture_TakeOff.csv:2183250,2029-12-24T14:00:00,2029-12-24T14:30:00
2183140,Interior Walls | L 1 | 2183140,A1740,Interior Walls,L 1,Architecture_TakeOff.csv:2183140,2029-12-24T14:30:00,2029-12-24T15:00:00
2183057,Interior Walls | L 1 | 2183057,A1740,Interior Walls,L 1,Architecture_TakeOff.csv:2183057,2029-12-24T15:00:00,2029-12-24T15:30:00
2182951,Interior Walls | L 1 | 2182951,A1740,Interior Walls,L 1,Architecture_TakeOff.csv:2182951,2029-12-24T15:30:00,2029-12-24T16:00:00
2182952,Interior Walls | L 1 | 2182952,A1740,Interior Walls,L 1,Architecture_TakeOff.csv:2182952,2029-12-24T16:00:00,2029-12-24T16:30:00
2182891,Interior Walls | L 1 | 2182891,A1740,Interior Walls,L 1,Architecture_TakeOff.csv:2182891,2029-12-24T16:30:00,2029-12-24T17:00:00
2182799,Interior Walls | L 1 | 2182799,A1740,Interior Walls,L 1,Architecture_TakeOff.csv:2182799,2029-12-25T09:00:00,2029-12-25T09:30:00
1249986,Interior Walls | L 1 | 1249986,A1740,Interior Walls,L 1,Architecture_TakeOff.csv:1249986,2029-12-25T09:30:00,2029-12-25T10:00:00
1250022,Interior Walls | L 1 | 1250022,A1740,Interior Walls,L 1,Architecture_TakeOff.csv:1250022,2029-12-25T10:00:00,2029-12-25T10:30:00
1250048,Interior Walls | L 1 | 1250048,A1740,Interior Walls,L 1,Architecture_TakeOff.csv:1250048,2029-12-25T10:30:00,2029-12-25T11:00:00
1250076,Interior Walls | L 1 | 1250076,A1740,Interior Walls,L 1,Architecture_TakeOff.csv:1250076,2029-12-25T11:00:00,2029-12-25T11:30:00
1250100,Interior Walls | L 1 | 1250100,A1740,Interior Walls,L 1,Architecture_TakeOff.csv:1250100,2029-12-25T11:30:00,2029-12-25T12:00:00
1250193,Interior Walls | L 1 | 1250193,A1740,Interior Walls,L 1,Architecture_TakeOff.csv:1250193,2029-12-25T12:00:00,2029-12-25T12:30:00
1995789,Interior Walls | L 1 | 1995789,A1740,Interior Walls,L 1,Architecture_TakeOff.csv:1995789,2029-12-25T12:30:00,2029-12-25T13:00:00
1626925,Interior Walls | L 1 | 1626925,A1740,Interior Walls,L 1,Architecture_TakeOff.csv:1626925,2029-12-25T13:00:00,2029-12-25T13:30:00
2190702,Interior Walls | L 1 | 2190702,A1740,Interior Walls,L 1,Architecture_TakeOff.csv:2190702,2029-12-25T13:30:00,2029-12-25T14:00:00
2191628,Interior Walls | L 1 | 2191628,A1740,Interior Walls,L 1,Architecture_TakeOff.csv:2191628,2029-12-25T14:00:00,2029-12-25T14:30:00
1951580,Ceiling Installation | L -1 | 1951580,A1760,Ceiling Installation,L -1,Architecture_TakeOff.csv:1951580,2029-12-05T14:00:00,2029-12-05T14:30:00
1928172,Ceiling Installation | L 1 | 1928172,A1760,Ceiling Installation,L 1,Architecture_TakeOff.csv:1928172,2029-12-25T14:30:00,2029-12-25T15:00:00
2009903,Ceiling Installation | L 1 | 2009903,A1760,Ceiling Installation,L 1,Architecture_TakeOff.csv:2009903,2029-12-25T15:00:00,2029-12-25T15:30:00
1900934,Ceiling Installation | L 1 | 1900934,A1760,Ceiling Installation,L 1,Architecture_TakeOff.csv:1900934,2029-12-25T15:30:00,2029-12-25T16:00:00
